time,pair,tf,dir,entry,stop,target,stop_pips,R
2022-01-03 17:00:00,EURUSD,H1,sell,1.12945,1.13013,1.12809,6.8,-1.155
2022-01-04 03:00:00,EURUSD,H1,sell,1.12895,1.13081,1.12523,18.6,-1.063
2022-01-05 10:00:00,EURUSD,H1,buy,1.13369,1.13020,1.14067,34.9,-1.035
2022-01-05 23:00:00,EURUSD,H1,sell,1.13122,1.13215,1.12936,9.3,1.882
2022-01-07 04:00:00,EURUSD,H1,buy,1.13146,1.12970,1.13498,17.6,-1.066
2022-01-10 14:00:00,EURUSD,H1,sell,1.13232,1.13357,1.12982,12.5,-1.091
2022-01-11 19:00:00,EURUSD,H1,buy,1.13708,1.13608,1.13908,10.0,-1.111
2022-01-18 20:00:00,EURUSD,H1,sell,1.13221,1.13314,1.13035,9.3,-1.118
2022-02-03 21:00:00,EURUSD,H1,buy,1.14631,1.14308,1.15277,32.3,-1.037
2022-02-13 23:00:00,EURUSD,H1,buy,1.13450,1.13395,1.13560,5.5,-1.185
2022-02-14 18:00:00,EURUSD,H1,sell,1.13056,1.13087,1.12994,3.1,-1.287
2022-02-15 11:00:00,EURUSD,H1,buy,1.13624,1.13192,1.14488,43.2,-1.028
2022-02-16 16:00:00,EURUSD,H1,buy,1.13718,1.13691,1.13772,2.7,-1.316
2022-02-17 23:00:00,EURUSD,H1,sell,1.13636,1.13722,1.13464,8.6,-1.127
2022-02-18 16:00:00,EURUSD,H1,sell,1.13203,1.13366,1.12877,16.3,-1.071
2022-02-21 14:00:00,EURUSD,H1,sell,1.13182,1.13500,1.12546,31.8,-1.038
2022-02-22 13:00:00,EURUSD,H1,sell,1.13288,1.13549,1.12766,26.1,-1.046
2022-02-24 05:00:00,EURUSD,H1,sell,1.11781,1.12634,1.10075,85.3,-1.014
2022-02-24 17:00:00,EURUSD,H1,sell,1.11968,1.12222,1.11460,25.4,-1.047
2022-02-27 21:00:00,EURUSD,H1,sell,1.11570,1.11954,1.10802,38.4,-1.032
2022-02-28 04:00:00,EURUSD,H1,sell,1.11779,1.12010,1.11317,23.1,-1.051
2022-02-28 14:00:00,EURUSD,H1,buy,1.12222,1.11964,1.12738,25.8,-1.046
2022-03-01 18:00:00,EURUSD,H1,sell,1.11322,1.11389,1.11188,6.7,1.843
2022-03-03 03:00:00,EURUSD,H1,sell,1.10911,1.11072,1.10589,16.1,1.928
2022-03-03 20:00:00,EURUSD,H1,sell,1.10489,1.10687,1.10093,19.8,1.941
2022-03-09 16:00:00,EURUSD,H1,buy,1.10740,1.10606,1.11008,13.4,-1.085
2022-03-13 20:00:00,EURUSD,H1,sell,1.09170,1.09397,1.08716,22.7,-1.052
2022-03-15 01:00:00,EURUSD,H1,sell,1.09708,1.09863,1.09398,15.5,-1.075
2022-03-16 04:00:00,EURUSD,H1,buy,1.09868,1.09547,1.10510,32.1,-1.037
2022-03-16 19:00:00,EURUSD,H1,buy,1.10513,1.10066,1.11407,44.7,-1.027
2022-03-17 03:00:00,EURUSD,H1,buy,1.10528,1.10209,1.11166,31.9,1.962
2022-03-17 17:00:00,EURUSD,H1,buy,1.10935,1.10883,1.11039,5.2,1.806
2022-03-18 03:00:00,EURUSD,H1,sell,1.10676,1.10952,1.10124,27.6,1.957
2022-03-30 04:00:00,EURUSD,H1,buy,1.11561,1.11044,1.12595,51.7,-1.024
2022-03-30 16:00:00,EURUSD,H1,buy,1.11582,1.11467,1.11812,11.5,-1.098
2022-03-31 12:00:00,EURUSD,H1,sell,1.10816,1.11337,1.09774,52.1,1.977
2022-04-01 04:00:00,EURUSD,H1,sell,1.10605,1.10767,1.10281,16.2,1.928
2022-04-04 22:00:00,EURUSD,H1,sell,1.09691,1.09807,1.09459,11.6,-1.097
2022-04-06 16:00:00,EURUSD,H1,sell,1.08945,1.09298,1.08239,35.3,-1.034
2022-04-10 23:00:00,EURUSD,H1,sell,1.08831,1.08956,1.08581,12.5,-1.091
2022-04-11 16:00:00,EURUSD,H1,sell,1.08829,1.08955,1.08577,12.6,1.910
2022-04-12 20:00:00,EURUSD,H1,sell,1.08156,1.08323,1.07822,16.7,-1.070
2022-04-13 19:00:00,EURUSD,H1,buy,1.08950,1.08753,1.09344,19.7,-1.060
2022-04-20 21:00:00,EURUSD,H1,sell,1.08376,1.08554,1.08020,17.8,-1.066
2022-04-21 14:00:00,EURUSD,H1,buy,1.08384,1.08320,1.08512,6.4,-1.163
2022-04-22 11:00:00,EURUSD,H1,sell,1.07888,1.08458,1.06748,57.0,1.979
2022-04-25 10:00:00,EURUSD,H1,sell,1.07072,1.07591,1.06034,51.9,1.976
2022-04-26 08:00:00,EURUSD,H1,sell,1.06790,1.06981,1.06408,19.1,1.939
2022-04-26 21:00:00,EURUSD,H1,sell,1.06465,1.06488,1.06419,2.3,-1.352
2022-04-27 16:00:00,EURUSD,H1,sell,1.05575,1.05732,1.05261,15.7,1.926
2022-05-04 23:00:00,EURUSD,H1,sell,1.06176,1.06427,1.05674,25.1,1.953
2022-05-09 10:00:00,EURUSD,H1,sell,1.05275,1.05743,1.04339,46.8,-1.026
2022-05-09 16:00:00,EURUSD,H1,buy,1.05588,1.05496,1.05772,9.2,1.880
2022-05-12 00:00:00,EURUSD,H1,sell,1.05178,1.05302,1.04930,12.4,1.908
2022-05-13 05:00:00,EURUSD,H1,sell,1.03743,1.04205,1.02819,46.2,-1.026
2022-05-17 16:00:00,EURUSD,H1,buy,1.05466,1.05201,1.05996,26.5,-1.045
2022-05-18 06:00:00,EURUSD,H1,buy,1.05182,1.04931,1.05684,25.1,-1.047
2022-05-19 02:00:00,EURUSD,H1,sell,1.04788,1.05076,1.04212,28.8,-1.042
2022-05-19 19:00:00,EURUSD,H1,buy,1.05795,1.05770,1.05845,2.5,-1.333
2022-05-23 11:00:00,EURUSD,H1,buy,1.06694,1.06433,1.07216,26.1,1.954
2022-05-24 10:00:00,EURUSD,H1,buy,1.07266,1.06945,1.07908,32.1,-1.037
2022-05-26 02:00:00,EURUSD,H1,sell,1.06754,1.07035,1.06192,28.1,-1.043
2022-05-26 10:00:00,EURUSD,H1,buy,1.07172,1.06880,1.07756,29.2,1.959
2022-05-27 12:00:00,EURUSD,H1,sell,1.07103,1.07513,1.06283,41.0,-1.030
2022-05-29 21:00:00,EURUSD,H1,buy,1.07483,1.07251,1.07947,23.2,-1.051
2022-05-30 06:00:00,EURUSD,H1,buy,1.07748,1.07391,1.08462,35.7,-1.034
2022-05-31 03:00:00,EURUSD,H1,sell,1.07366,1.07561,1.06976,19.5,1.940
2022-06-01 11:00:00,EURUSD,H1,sell,1.06446,1.07315,1.04708,86.9,-1.014
2022-06-02 17:00:00,EURUSD,H1,buy,1.07471,1.07367,1.07679,10.4,-1.107
2022-06-07 00:00:00,EURUSD,H1,buy,1.06826,1.06695,1.07088,13.1,-1.087
2022-06-08 20:00:00,EURUSD,H1,sell,1.07121,1.07217,1.06929,9.6,-1.115
2022-06-27 23:00:00,EURUSD,H1,sell,1.05811,1.05874,1.05685,6.3,-1.166
2022-06-30 04:00:00,EURUSD,H1,sell,1.04412,1.04696,1.03844,28.4,-1.042
2022-06-30 17:00:00,EURUSD,H1,buy,1.04792,1.04665,1.05046,12.7,-1.090
2022-07-01 05:00:00,EURUSD,H1,buy,1.04559,1.04316,1.05045,24.3,-1.049
2022-07-01 13:00:00,EURUSD,H1,sell,1.04106,1.04207,1.03904,10.1,-1.110
2022-07-04 01:00:00,EURUSD,H1,buy,1.04328,1.04234,1.04516,9.4,-1.117
2022-07-04 23:00:00,EURUSD,H1,sell,1.04346,1.04391,1.04256,4.5,-1.217
2022-07-05 17:00:00,EURUSD,H1,sell,1.02646,1.02720,1.02498,7.4,1.855
2022-07-06 16:00:00,EURUSD,H1,sell,1.01797,1.01996,1.01399,19.9,-1.059
2022-07-19 22:00:00,EURUSD,H1,sell,1.02418,1.02494,1.02266,7.6,-1.141
2022-07-22 16:00:00,EURUSD,H1,buy,1.02119,1.01889,1.02579,23.0,-1.052
2022-07-25 15:00:00,EURUSD,H1,sell,1.02254,1.02299,1.02164,4.5,-1.217
2022-07-26 11:00:00,EURUSD,H1,sell,1.01156,1.01538,1.00392,38.2,-1.032
2022-07-27 04:00:00,EURUSD,H1,buy,1.01414,1.01264,1.01714,15.0,-1.077
2022-07-28 21:00:00,EURUSD,H1,buy,1.01971,1.01878,1.02157,9.3,1.882
2022-07-31 21:00:00,EURUSD,H1,buy,1.02326,1.02043,1.02892,28.3,1.958
2022-08-01 16:00:00,EURUSD,H1,buy,1.02607,1.02442,1.02937,16.5,-1.070
2022-08-10 17:00:00,EURUSD,H1,buy,1.02993,1.02935,1.03109,5.8,-1.177
2022-08-11 09:00:00,EURUSD,H1,buy,1.03588,1.03209,1.04346,37.9,-1.032
2022-08-11 23:00:00,EURUSD,H1,buy,1.03171,1.03038,1.03437,13.3,-1.086
2022-08-12 15:00:00,EURUSD,H1,sell,1.02603,1.02687,1.02435,8.4,1.870
2022-08-15 11:00:00,EURUSD,H1,sell,1.01848,1.02240,1.01064,39.2,1.969
2022-08-16 16:00:00,EURUSD,H1,sell,1.01702,1.01816,1.01474,11.4,-1.099
2022-08-18 17:00:00,EURUSD,H1,sell,1.00867,1.01000,1.00601,13.3,1.914
2022-08-19 01:00:00,EURUSD,H1,sell,1.00828,1.00877,1.00730,4.9,-1.203
2022-08-29 10:00:00,EURUSD,H1,sell,0.99824,1.00301,0.98870,47.7,-1.026
2022-08-29 22:00:00,EURUSD,H1,sell,0.99905,1.00142,0.99431,23.7,-1.050
2022-09-02 07:00:00,EURUSD,H1,buy,0.99909,0.99668,1.00391,24.1,-1.049
2022-09-05 05:00:00,EURUSD,H1,sell,0.99234,0.99381,0.98940,14.7,-1.078
2022-09-06 05:00:00,EURUSD,H1,sell,0.99525,0.99872,0.98831,34.7,1.965
2022-09-07 22:00:00,EURUSD,H1,buy,0.99873,0.99817,0.99985,5.6,-1.182
2022-09-09 04:00:00,EURUSD,H1,buy,1.01065,1.00572,1.02051,49.3,-1.025
2022-09-09 13:00:00,EURUSD,H1,buy,1.00431,1.00310,1.00673,12.1,1.906
2022-09-12 08:00:00,EURUSD,H1,buy,1.01413,1.01280,1.01679,13.3,-1.086
2022-09-14 03:00:00,EURUSD,H1,sell,0.99878,1.00031,0.99572,15.3,-1.076
2022-09-20 05:00:00,EURUSD,H1,sell,1.00072,1.00430,0.99356,35.8,1.966
2022-09-20 18:00:00,EURUSD,H1,sell,0.99707,0.99797,0.99527,9.0,1.878
2022-10-05 01:00:00,EURUSD,H1,buy,0.99634,0.99583,0.99736,5.1,1.803
2022-10-10 09:00:00,EURUSD,H1,buy,0.96999,0.96859,0.97279,14.0,1.918
2022-10-11 20:00:00,EURUSD,H1,sell,0.97029,0.97188,0.96711,15.9,-1.073
2022-10-12 05:00:00,EURUSD,H1,buy,0.97085,0.96949,0.97357,13.6,-1.084
2022-10-13 22:00:00,EURUSD,H1,buy,0.97900,0.97606,0.98488,29.4,-1.041
2022-10-14 12:00:00,EURUSD,H1,buy,0.97175,0.97060,0.97405,11.5,1.902
2022-10-17 10:00:00,EURUSD,H1,buy,0.98149,0.97284,0.99879,86.5,-1.014
2022-10-19 15:00:00,EURUSD,H1,buy,0.97729,0.97561,0.98065,16.8,-1.069
2022-10-20 11:00:00,EURUSD,H1,buy,0.98224,0.97787,0.99098,43.7,-1.028
2022-10-21 01:00:00,EURUSD,H1,sell,0.97755,0.97842,0.97581,8.7,-1.126
2022-10-23 21:00:00,EURUSD,H1,buy,0.98352,0.98298,0.98460,5.4,-1.188
2022-10-24 23:00:00,EURUSD,H1,buy,0.98846,0.98763,0.99012,8.3,-1.131
2022-10-25 22:00:00,EURUSD,H1,buy,0.99521,0.99424,0.99715,9.7,1.886
2022-10-31 18:00:00,EURUSD,H1,buy,0.98856,0.98707,0.99154,14.9,1.923
2022-11-02 00:00:00,EURUSD,H1,sell,0.98874,0.99006,0.98610,13.2,-1.087
2022-11-02 19:00:00,EURUSD,H1,sell,0.98208,0.98327,0.97970,11.9,-1.095
2022-11-03 11:00:00,EURUSD,H1,sell,0.97479,0.97956,0.96525,47.7,-1.026
2022-11-06 19:00:00,EURUSD,H1,buy,0.99325,0.98991,0.99993,33.4,1.964
2022-11-07 09:00:00,EURUSD,H1,buy,0.99864,0.99647,1.00298,21.7,1.946
2022-11-07 19:00:00,EURUSD,H1,buy,1.00271,1.00134,1.00545,13.7,-1.084
2022-11-08 08:00:00,EURUSD,H1,sell,0.99993,1.00106,0.99767,11.3,-1.100
2022-11-09 23:00:00,EURUSD,H1,buy,1.00286,1.00091,1.00676,19.5,-1.060
2022-11-10 14:00:00,EURUSD,H1,buy,1.01811,1.01273,1.02887,53.8,1.977
2022-11-10 22:00:00,EURUSD,H1,buy,1.01839,1.01620,1.02277,21.9,1.946
2022-11-11 11:00:00,EURUSD,H1,buy,1.03328,1.02647,1.04690,68.1,1.982
2022-11-14 09:00:00,EURUSD,H1,sell,1.03133,1.03369,1.02661,23.6,-1.050
2022-11-15 22:00:00,EURUSD,H1,buy,1.03534,1.03297,1.04008,23.7,1.950
2022-11-16 11:00:00,EURUSD,H1,buy,1.03943,1.03713,1.04403,23.0,-1.052
2022-11-17 00:00:00,EURUSD,H1,buy,1.03801,1.03586,1.04231,21.5,-1.055
2022-11-17 15:00:00,EURUSD,H1,sell,1.03686,1.03704,1.03650,1.8,1.590
2022-11-18 13:00:00,EURUSD,H1,sell,1.03309,1.03726,1.02475,41.7,1.971
2022-11-21 12:00:00,EURUSD,H1,sell,1.02323,1.02635,1.01699,31.2,-1.039
2022-11-22 11:00:00,EURUSD,H1,buy,1.02748,1.02528,1.03188,22.0,1.946
2022-11-24 08:00:00,EURUSD,H1,buy,1.04226,1.03806,1.05066,42.0,-1.029
2022-11-28 02:00:00,EURUSD,H1,buy,1.03737,1.03455,1.04301,28.2,1.958
2022-11-29 01:00:00,EURUSD,H1,sell,1.03588,1.03952,1.02860,36.4,-1.033
2022-11-30 23:00:00,EURUSD,H1,buy,1.04390,1.04177,1.04816,21.3,-1.055
2022-12-01 14:00:00,EURUSD,H1,buy,1.05184,1.04684,1.06184,50.0,-1.024
2022-12-05 04:00:00,EURUSD,H1,buy,1.05590,1.05293,1.06184,29.7,-1.040
2022-12-05 22:00:00,EURUSD,H1,sell,1.04924,1.05196,1.04380,27.2,-1.044
2022-12-07 15:00:00,EURUSD,H1,sell,1.05095,1.05294,1.04697,19.9,-1.059
2022-12-07 21:00:00,EURUSD,H1,sell,1.04957,1.05160,1.04551,20.3,-1.058
2022-12-08 21:00:00,EURUSD,H1,buy,1.05740,1.05507,1.06206,23.3,-1.051
2022-12-09 15:00:00,EURUSD,H1,sell,1.05302,1.05567,1.04772,26.5,-1.045
2022-12-13 01:00:00,EURUSD,H1,buy,1.05466,1.05301,1.05796,16.5,-1.070
2022-12-13 15:00:00,EURUSD,H1,buy,1.06269,1.06092,1.06623,17.7,1.934
2022-12-15 17:00:00,EURUSD,H1,sell,1.06288,1.06391,1.06082,10.3,-1.108
2022-12-18 23:00:00,EURUSD,H1,sell,1.06063,1.06140,1.05909,7.7,-1.140
2022-12-19 17:00:00,EURUSD,H1,buy,1.06074,1.05995,1.06232,7.9,-1.137
2022-12-21 01:00:00,EURUSD,H1,buy,1.06137,1.06056,1.06299,8.1,1.866
2022-12-21 16:00:00,EURUSD,H1,sell,1.06035,1.06209,1.05687,17.4,-1.067
2022-12-22 05:00:00,EURUSD,H1,buy,1.06280,1.06249,1.06342,3.1,-1.287
2022-12-22 17:00:00,EURUSD,H1,sell,1.05961,1.06040,1.05803,7.9,-1.137
2022-12-23 16:00:00,EURUSD,H1,buy,1.06172,1.06048,1.06420,12.4,-1.092
2022-12-27 00:00:00,EURUSD,H1,buy,1.06553,1.06344,1.06971,20.9,-1.056
2022-12-28 15:00:00,EURUSD,H1,sell,1.06077,1.06365,1.05501,28.8,-1.042
2022-12-29 12:00:00,EURUSD,H1,buy,1.06818,1.06352,1.07750,46.6,0.441
2022-12-29 22:00:00,EURUSD,H1,sell,1.06588,1.06702,1.06360,11.4,-1.099
2023-01-03 11:00:00,EURUSD,H1,sell,1.05579,1.05983,1.04771,40.4,-1.030
2023-01-09 06:00:00,EURUSD,H1,buy,1.06843,1.06590,1.07349,25.3,1.953
2023-01-10 22:00:00,EURUSD,H1,buy,1.07334,1.07245,1.07512,8.9,1.877
2023-01-11 19:00:00,EURUSD,H1,buy,1.07610,1.07475,1.07880,13.5,-1.085
2023-01-12 23:00:00,EURUSD,H1,buy,1.08398,1.08305,1.08584,9.3,1.882
2023-01-15 20:00:00,EURUSD,H1,buy,1.08678,1.08191,1.09652,48.7,-1.025
2023-01-16 08:00:00,EURUSD,H1,sell,1.08156,1.08374,1.07720,21.8,-1.054
2023-01-17 16:00:00,EURUSD,H1,sell,1.07872,1.08045,1.07526,17.3,-1.067
2023-01-18 08:00:00,EURUSD,H1,buy,1.08582,1.08105,1.09536,47.7,-1.026
2023-01-18 15:00:00,EURUSD,H1,buy,1.07889,1.07856,1.07955,3.3,-1.275
2023-01-19 17:00:00,EURUSD,H1,sell,1.08299,1.08408,1.08081,10.9,-1.103
2023-01-23 03:00:00,EURUSD,H1,buy,1.08997,1.08861,1.09269,13.6,-1.084
2023-01-31 17:00:00,EURUSD,H1,buy,1.08613,1.08587,1.08665,2.6,-1.325
2023-02-01 16:00:00,EURUSD,H1,buy,1.09886,1.08875,1.11908,101.1,-1.012
2023-02-06 01:00:00,EURUSD,H1,sell,1.07871,1.07997,1.07619,12.6,1.910
2023-02-14 15:00:00,EURUSD,H1,sell,1.07377,1.07464,1.07203,8.7,1.874
2023-02-15 07:00:00,EURUSD,H1,sell,1.06974,1.07337,1.06248,36.3,1.967
2023-02-16 10:00:00,EURUSD,H1,sell,1.06729,1.07096,1.05995,36.7,1.967
2023-02-17 06:00:00,EURUSD,H1,sell,1.06256,1.06621,1.05526,36.5,-1.033
2023-02-19 21:00:00,EURUSD,H1,buy,1.06836,1.06718,1.07072,11.8,-1.096
2023-02-20 13:00:00,EURUSD,H1,sell,1.06832,1.06923,1.06650,9.1,1.879
2023-02-21 22:00:00,EURUSD,H1,sell,1.06596,1.06648,1.06492,5.2,1.806
2023-02-23 00:00:00,EURUSD,H1,sell,1.06221,1.06257,1.06149,3.6,-1.258
2023-02-23 11:00:00,EURUSD,H1,sell,1.05822,1.06200,1.05066,37.8,-1.032
2023-02-26 23:00:00,EURUSD,H1,sell,1.05488,1.05608,1.05248,12.0,-1.094
2023-02-27 23:00:00,EURUSD,H1,buy,1.05900,1.05845,1.06010,5.5,-1.185
2023-03-01 14:00:00,EURUSD,H1,buy,1.06570,1.06424,1.06862,14.6,-1.079
2023-03-03 09:00:00,EURUSD,H1,buy,1.06135,1.05993,1.06419,14.2,-1.081
2023-03-06 22:00:00,EURUSD,H1,buy,1.06909,1.06753,1.07221,15.6,-1.074
2023-03-08 14:00:00,EURUSD,H1,sell,1.05456,1.05624,1.05120,16.8,-1.069
2023-03-09 21:00:00,EURUSD,H1,sell,1.05892,1.06003,1.05670,11.1,-1.101
2023-03-17 11:00:00,EURUSD,H1,buy,1.06672,1.06112,1.07792,56.0,1.978
2023-03-21 17:00:00,EURUSD,H1,buy,1.07697,1.07551,1.07989,14.6,1.921
2023-03-26 23:00:00,EURUSD,H1,buy,1.07715,1.07565,1.08015,15.0,-1.077
2023-03-27 23:00:00,EURUSD,H1,sell,1.08150,1.08204,1.08042,5.4,-1.188
2023-03-28 21:00:00,EURUSD,H1,buy,1.08449,1.08354,1.08639,9.5,-1.116
2023-03-30 17:00:00,EURUSD,H1,buy,1.09046,1.08910,1.09318,13.6,-1.084
2023-04-04 03:00:00,EURUSD,H1,buy,1.09250,1.08818,1.10114,43.2,-1.028
2023-04-05 06:00:00,EURUSD,H1,buy,1.09457,1.09398,1.09575,5.9,-1.175
2023-04-05 20:00:00,EURUSD,H1,sell,1.08939,1.09113,1.08591,17.4,-1.067
2023-04-09 22:00:00,EURUSD,H1,sell,1.08984,1.09155,1.08642,17.1,-1.068
2023-04-11 14:00:00,EURUSD,H1,sell,1.09074,1.09289,1.08644,21.5,-1.055
2023-04-12 01:00:00,EURUSD,H1,buy,1.09354,1.09154,1.09754,20.0,1.941
2023-04-13 19:00:00,EURUSD,H1,buy,1.10516,1.10433,1.10682,8.3,1.869
2023-04-17 07:00:00,EURUSD,H1,sell,1.09767,1.10007,1.09287,24.0,1.950
2023-04-24 17:00:00,EURUSD,H1,sell,1.10455,1.10493,1.10379,3.8,-1.248
2023-04-25 21:00:00,EURUSD,H1,sell,1.09755,1.09814,1.09637,5.9,-1.175
2023-04-26 18:00:00,EURUSD,H1,buy,1.10396,1.10313,1.10562,8.3,1.869
2023-05-01 00:00:00,EURUSD,H1,buy,1.10062,1.09997,1.10192,6.5,-1.161
2023-05-01 23:00:00,EURUSD,H1,sell,1.09839,1.09953,1.09611,11.4,-1.099
2023-05-03 04:00:00,EURUSD,H1,buy,1.10395,1.10132,1.10921,26.3,-1.045
2023-05-08 08:00:00,EURUSD,H1,buy,1.10369,1.10217,1.10673,15.2,-1.076
2023-05-09 04:00:00,EURUSD,H1,sell,1.09787,1.10017,1.09327,23.0,-1.052
2023-05-10 14:00:00,EURUSD,H1,sell,1.09767,1.10078,1.09145,31.1,1.961
2023-05-11 10:00:00,EURUSD,H1,sell,1.09175,1.09392,1.08741,21.7,1.946
2023-05-14 20:00:00,EURUSD,H1,sell,1.08530,1.08628,1.08334,9.8,-1.113
2023-05-17 00:00:00,EURUSD,H1,sell,1.08646,1.08746,1.08446,10.0,1.889
2023-05-18 22:00:00,EURUSD,H1,sell,1.07720,1.07810,1.07540,9.0,-1.122
2023-05-19 14:00:00,EURUSD,H1,buy,1.08083,1.07832,1.08585,25.1,-1.047
2023-05-22 15:00:00,EURUSD,H1,buy,1.08112,1.07951,1.08434,16.1,-1.072
2023-05-23 14:00:00,EURUSD,H1,sell,1.07761,1.07964,1.07355,20.3,-1.058
2023-05-25 04:00:00,EURUSD,H1,sell,1.07228,1.07448,1.06788,22.0,-1.054
2023-05-28 22:00:00,EURUSD,H1,buy,1.07312,1.07162,1.07612,15.0,-1.077
2023-05-29 23:00:00,EURUSD,H1,sell,1.07065,1.07272,1.06651,20.7,-1.057
2023-05-30 22:00:00,EURUSD,H1,sell,1.07046,1.07366,1.06406,32.0,1.962
2023-06-01 21:00:00,EURUSD,H1,buy,1.07614,1.07568,1.07706,4.6,1.786
2023-06-05 00:00:00,EURUSD,H1,sell,1.06999,1.07055,1.06887,5.6,1.818
2023-06-06 04:00:00,EURUSD,H1,sell,1.06991,1.07338,1.06297,34.7,-1.035
2023-06-07 00:00:00,EURUSD,H1,buy,1.06904,1.06877,1.06958,2.7,-1.316
2023-06-08 02:00:00,EURUSD,H1,buy,1.07111,1.07045,1.07243,6.6,-1.159
2023-06-09 08:00:00,EURUSD,H1,buy,1.07668,1.07570,1.07864,9.8,-1.113
2023-06-12 13:00:00,EURUSD,H1,buy,1.07534,1.07420,1.07762,11.4,1.901
2023-06-13 14:00:00,EURUSD,H1,buy,1.07901,1.07771,1.08161,13.0,-1.088
2023-06-14 18:00:00,EURUSD,H1,buy,1.08322,1.08003,1.08960,31.9,1.962
2023-06-15 12:00:00,EURUSD,H1,buy,1.09436,1.08134,1.12040,130.2,1.990
2023-06-26 07:00:00,EURUSD,H1,buy,1.09177,1.08863,1.09805,31.4,-1.038
2023-07-11 03:00:00,EURUSD,H1,buy,1.10080,1.10051,1.10138,2.9,-1.301
2023-07-30 19:00:00,EURUSD,H1,buy,1.10238,1.10085,1.10544,15.3,-1.076
2023-07-31 20:00:00,EURUSD,H1,sell,1.09888,1.10038,1.09588,15.0,1.923
2023-08-02 01:00:00,EURUSD,H1,buy,1.09942,1.09792,1.10242,15.0,-1.077
2023-08-02 10:00:00,EURUSD,H1,sell,1.09272,1.09881,1.08054,60.9,-1.020
2023-08-07 04:00:00,EURUSD,H1,buy,1.09746,1.09698,1.09842,4.8,-1.207
2023-08-07 18:00:00,EURUSD,H1,buy,1.10017,1.09980,1.10091,3.7,-1.253
2023-08-08 17:00:00,EURUSD,H1,sell,1.09540,1.09629,1.09362,8.9,-1.123
2023-08-09 15:00:00,EURUSD,H1,sell,1.09735,1.09926,1.09353,19.1,-1.061
2023-08-10 18:00:00,EURUSD,H1,buy,1.09826,1.09767,1.09944,5.9,1.825
2023-08-11 06:00:00,EURUSD,H1,sell,1.09931,1.10041,1.09711,11.0,-1.102
2023-08-13 19:00:00,EURUSD,H1,sell,1.09432,1.09527,1.09242,9.5,-1.116
2023-08-14 14:00:00,EURUSD,H1,sell,1.09045,1.09369,1.08397,32.4,-1.037
2023-08-15 23:00:00,EURUSD,H1,sell,1.09064,1.09127,1.08938,6.3,-1.166
2023-08-16 20:00:00,EURUSD,H1,sell,1.08694,1.08842,1.08398,14.8,-1.078
2023-08-18 00:00:00,EURUSD,H1,sell,1.08824,1.08948,1.08576,12.4,1.908
2023-08-21 12:00:00,EURUSD,H1,buy,1.09016,1.08743,1.09562,27.3,-1.044
2023-08-22 03:00:00,EURUSD,H1,buy,1.09255,1.09036,1.09693,21.9,-1.054
2023-08-22 16:00:00,EURUSD,H1,sell,1.08443,1.08563,1.08203,12.0,-1.094
2023-08-30 16:00:00,EURUSD,H1,buy,1.09227,1.09158,1.09365,6.9,-1.153
2023-09-03 19:00:00,EURUSD,H1,sell,1.07756,1.07825,1.07618,6.9,-1.153
2023-09-04 14:00:00,EURUSD,H1,sell,1.07953,1.08010,1.07839,5.7,1.820
2023-09-05 02:00:00,EURUSD,H1,sell,1.07666,1.07948,1.07102,28.2,1.958
2023-09-05 21:00:00,EURUSD,H1,sell,1.07143,1.07290,1.06849,14.7,-1.078
2023-09-06 06:00:00,EURUSD,H1,buy,1.07385,1.07221,1.07713,16.4,-1.071
2023-09-06 16:00:00,EURUSD,H1,sell,1.07268,1.07305,1.07194,3.7,-1.253
2023-09-08 00:00:00,EURUSD,H1,sell,1.07134,1.07242,1.06918,10.8,-1.104
2023-09-11 06:00:00,EURUSD,H1,buy,1.07320,1.07212,1.07536,10.8,-1.104
2023-09-13 10:00:00,EURUSD,H1,buy,1.07362,1.07100,1.07886,26.2,-1.046
2023-09-14 10:00:00,EURUSD,H1,sell,1.06675,1.07486,1.05053,81.1,1.985
2023-09-18 22:00:00,EURUSD,H1,sell,1.06845,1.06975,1.06585,13.0,-1.088
2023-09-20 10:00:00,EURUSD,H1,buy,1.07196,1.06911,1.07766,28.5,-1.042
2023-09-20 20:00:00,EURUSD,H1,sell,1.06312,1.06653,1.05630,34.1,-1.035
2023-09-21 19:00:00,EURUSD,H1,buy,1.06603,1.06548,1.06713,5.5,-1.185
2023-09-24 22:00:00,EURUSD,H1,sell,1.06489,1.06565,1.06337,7.6,1.859
2023-10-11 22:00:00,EURUSD,H1,sell,1.06238,1.06289,1.06136,5.1,-1.197
2023-10-13 06:00:00,EURUSD,H1,sell,1.05179,1.05594,1.04349,41.5,-1.029
2023-10-17 14:00:00,EURUSD,H1,sell,1.05689,1.05958,1.05151,26.9,-1.044
2023-10-18 15:00:00,EURUSD,H1,sell,1.05354,1.05546,1.04970,19.2,-1.061
2023-10-19 14:00:00,EURUSD,H1,buy,1.05807,1.05551,1.06319,25.6,1.953
2023-10-26 06:00:00,EURUSD,H1,sell,1.05372,1.05535,1.05046,16.3,-1.071
2023-10-31 16:00:00,EURUSD,H1,sell,1.05749,1.05866,1.05515,11.7,1.903
2023-11-02 15:00:00,EURUSD,H1,sell,1.06211,1.06333,1.05967,12.2,-1.093
2023-11-05 19:00:00,EURUSD,H1,buy,1.07242,1.07197,1.07332,4.5,1.783
2023-11-06 20:00:00,EURUSD,H1,sell,1.07103,1.07231,1.06847,12.8,1.911
2023-11-09 22:00:00,EURUSD,H1,sell,1.06699,1.06760,1.06577,6.1,-1.170
2023-11-13 22:00:00,EURUSD,H1,buy,1.06965,1.06935,1.07025,3.0,-1.294
2023-11-14 10:00:00,EURUSD,H1,buy,1.08376,1.07039,1.11050,133.7,1.991
2023-11-15 16:00:00,EURUSD,H1,buy,1.08461,1.08400,1.08583,6.1,-1.170
2023-11-16 09:00:00,EURUSD,H1,buy,1.08760,1.08380,1.09520,38.0,-1.032
2023-11-17 03:00:00,EURUSD,H1,sell,1.08482,1.08573,1.08300,9.1,-1.121
2023-11-19 21:00:00,EURUSD,H1,buy,1.09223,1.08964,1.09741,25.9,-1.046
2023-11-21 19:00:00,EURUSD,H1,buy,1.09196,1.09088,1.09412,10.8,-1.104
2023-11-23 12:00:00,EURUSD,H1,sell,1.09057,1.09114,1.08943,5.7,-1.180
2023-11-23 22:00:00,EURUSD,H1,sell,1.08990,1.09112,1.08746,12.2,-1.093
2023-11-24 06:00:00,EURUSD,H1,buy,1.09141,1.09004,1.09415,13.7,1.916
2023-11-24 14:00:00,EURUSD,H1,buy,1.09459,1.09272,1.09833,18.7,-1.063
2023-11-27 19:00:00,EURUSD,H1,buy,1.09580,1.09490,1.09760,9.0,-1.122
2023-11-28 10:00:00,EURUSD,H1,buy,1.09809,1.09444,1.10539,36.5,-1.033
2023-11-29 19:00:00,EURUSD,H1,buy,1.09825,1.09668,1.10139,15.7,-1.074
2023-11-30 10:00:00,EURUSD,H1,sell,1.09110,1.09506,1.08318,39.6,1.969
2023-12-14 16:00:00,EURUSD,H1,buy,1.09915,1.09785,1.10175,13.0,-1.088
2023-12-18 04:00:00,EURUSD,H1,sell,1.09196,1.09309,1.08970,11.3,-1.100
2023-12-18 08:00:00,EURUSD,H1,buy,1.09211,1.09061,1.09511,15.0,1.923
2023-12-18 23:00:00,EURUSD,H1,buy,1.09230,1.09138,1.09414,9.2,1.880
2023-12-20 13:00:00,EURUSD,H1,sell,1.09597,1.09766,1.09259,16.9,-1.069
2023-12-21 23:00:00,EURUSD,H1,buy,1.10004,1.09944,1.10124,6.0,-1.172
2023-12-27 09:00:00,EURUSD,H1,buy,1.11045,1.10475,1.12185,57.0,-1.021
2023-12-29 02:00:00,EURUSD,H1,buy,1.10658,1.10598,1.10778,6.0,-1.172
2024-01-02 05:00:00,EURUSD,H1,sell,1.10075,1.10397,1.09431,32.2,1.963
2024-01-04 12:00:00,EURUSD,H1,sell,1.09504,1.09662,1.09188,15.8,1.927
2024-01-04 18:00:00,EURUSD,H1,sell,1.09462,1.09510,1.09366,4.8,-1.207
2024-01-05 15:00:00,EURUSD,H1,buy,1.09392,1.09342,1.09492,5.0,1.800
2024-01-09 22:00:00,EURUSD,H1,buy,1.09292,1.09251,1.09374,4.1,-1.234
2024-01-11 07:00:00,EURUSD,H1,buy,1.09837,1.09575,1.10361,26.2,-1.046
2024-01-12 04:00:00,EURUSD,H1,buy,1.09624,1.09598,1.09676,2.6,-1.325
2024-01-15 16:00:00,EURUSD,H1,sell,1.09494,1.09538,1.09406,4.4,1.779
2024-01-24 14:00:00,EURUSD,H1,sell,1.08883,1.09096,1.08457,21.3,1.945
2024-01-25 21:00:00,EURUSD,H1,buy,1.08441,1.08363,1.08597,7.8,-1.138
2024-01-29 01:00:00,EURUSD,H1,sell,1.08465,1.08486,1.08423,2.1,-1.373
2024-01-29 09:00:00,EURUSD,H1,sell,1.08070,1.08378,1.07454,30.8,-1.039
2024-01-30 04:00:00,EURUSD,H1,buy,1.08269,1.08109,1.08589,16.0,-1.072
2024-01-30 12:00:00,EURUSD,H1,buy,1.08388,1.08271,1.08622,11.7,-1.097
2024-02-01 19:00:00,EURUSD,H1,buy,1.08727,1.08658,1.08865,6.9,1.847
2024-02-04 17:00:00,EURUSD,H1,sell,1.07803,1.07984,1.07441,18.1,1.935
2024-02-21 01:00:00,EURUSD,H1,sell,1.08114,1.08201,1.07940,8.7,1.874
2024-02-21 23:00:00,EURUSD,H1,buy,1.08303,1.08180,1.08549,12.3,1.908
2024-02-22 15:00:00,EURUSD,H1,sell,1.08217,1.08271,1.08109,5.4,-1.188
2024-02-27 16:00:00,EURUSD,H1,buy,1.08437,1.08398,1.08515,3.9,-1.243
2024-02-29 16:00:00,EURUSD,H1,sell,1.08046,1.08122,1.07894,7.6,-1.141
2024-03-03 18:00:00,EURUSD,H1,buy,1.08416,1.08323,1.08602,9.3,1.882
2024-03-06 09:00:00,EURUSD,H1,buy,1.08869,1.08665,1.09277,20.4,1.942
2024-03-06 19:00:00,EURUSD,H1,buy,1.09030,1.08918,1.09254,11.2,-1.100
2024-03-12 10:00:00,EURUSD,H1,buy,1.09176,1.09013,1.09502,16.3,1.929
2024-03-13 11:00:00,EURUSD,H1,buy,1.09490,1.09303,1.09864,18.7,-1.063
2024-03-14 17:00:00,EURUSD,H1,sell,1.08839,1.08928,1.08661,8.9,-1.123
2024-03-21 21:00:00,EURUSD,H1,sell,1.08390,1.08689,1.07792,29.9,1.960
2024-03-22 02:00:00,EURUSD,H1,sell,1.08246,1.08429,1.07880,18.3,-1.064
2024-03-26 19:00:00,EURUSD,H1,sell,1.08295,1.08341,1.08203,4.6,-1.214
2024-03-27 13:00:00,EURUSD,H1,sell,1.08223,1.08267,1.08135,4.4,-1.221
2024-03-27 23:00:00,EURUSD,H1,sell,1.08234,1.08270,1.08162,3.6,1.742
2024-03-28 11:00:00,EURUSD,H1,sell,1.07993,1.08198,1.07583,20.5,1.943
2024-03-28 19:00:00,EURUSD,H1,sell,1.07838,1.07945,1.07624,10.7,-1.105
2024-03-29 13:00:00,EURUSD,H1,buy,1.07893,1.07857,1.07965,3.6,-1.258
2024-04-01 05:00:00,EURUSD,H1,sell,1.07860,1.07931,1.07718,7.1,1.850
2024-04-02 19:00:00,EURUSD,H1,sell,1.07679,1.07744,1.07549,6.5,-1.161
2024-04-11 01:00:00,EURUSD,H1,sell,1.07428,1.07499,1.07286,7.1,1.850
2024-04-11 16:00:00,EURUSD,H1,sell,1.07254,1.07355,1.07052,10.1,1.890
2024-04-24 12:00:00,EURUSD,H1,sell,1.06904,1.07035,1.06642,13.1,-1.087
2024-04-26 00:00:00,EURUSD,H1,buy,1.07224,1.07175,1.07322,4.9,1.797
2024-04-28 17:00:00,EURUSD,H1,sell,1.06944,1.07082,1.06668,13.8,-1.083
2024-04-29 07:00:00,EURUSD,H1,buy,1.07144,1.06963,1.07506,18.1,-1.065
2024-04-29 17:00:00,EURUSD,H1,buy,1.07205,1.07141,1.07333,6.4,-1.163
2024-05-01 12:00:00,EURUSD,H1,sell,1.06715,1.06923,1.06299,20.8,-1.057
2024-05-01 23:00:00,EURUSD,H1,buy,1.07146,1.07059,1.07320,8.7,-1.126
2024-05-02 19:00:00,EURUSD,H1,buy,1.07298,1.07217,1.07460,8.1,1.866
2024-05-03 15:00:00,EURUSD,H1,buy,1.07641,1.07582,1.07759,5.9,-1.175
2024-05-06 14:00:00,EURUSD,H1,buy,1.07745,1.07702,1.07831,4.3,-1.225
2024-05-08 04:00:00,EURUSD,H1,sell,1.07441,1.07500,1.07323,5.9,-1.175
2024-05-09 19:00:00,EURUSD,H1,buy,1.07817,1.07790,1.07871,2.7,-1.316
2024-05-12 19:00:00,EURUSD,H1,buy,1.07702,1.07653,1.07800,4.9,1.797
2024-05-13 19:00:00,EURUSD,H1,buy,1.07920,1.07849,1.08062,7.1,-1.150
2024-05-14 22:00:00,EURUSD,H1,buy,1.08252,1.08120,1.08516,13.2,1.913
2024-05-23 00:00:00,EURUSD,H1,buy,1.08266,1.08209,1.08380,5.7,-1.180
2024-05-28 23:00:00,EURUSD,H1,sell,1.08471,1.08579,1.08255,10.8,-1.104
2024-05-29 23:00:00,EURUSD,H1,sell,1.07979,1.08054,1.07829,7.5,-1.143
2024-06-02 23:00:00,EURUSD,H1,sell,1.08497,1.08597,1.08297,10.0,-1.111
2024-06-03 08:00:00,EURUSD,H1,buy,1.08442,1.08268,1.08790,17.4,1.933
2024-06-04 00:00:00,EURUSD,H1,buy,1.09093,1.09041,1.09197,5.2,-1.194
2024-06-09 17:00:00,EURUSD,H1,sell,1.07715,1.08081,1.06983,36.6,-1.033
2024-06-12 23:00:00,EURUSD,H1,sell,1.08068,1.08167,1.07870,9.9,1.888
2024-06-14 09:00:00,EURUSD,H1,sell,1.06692,1.07068,1.05940,37.6,-1.032
2024-07-01 12:00:00,EURUSD,H1,sell,1.07315,1.07707,1.06531,39.2,-1.031
2024-07-02 19:00:00,EURUSD,H1,buy,1.07480,1.07398,1.07644,8.2,-1.132
2024-07-03 08:00:00,EURUSD,H1,buy,1.07745,1.07515,1.08205,23.0,1.948
2024-07-04 01:00:00,EURUSD,H1,buy,1.07899,1.07826,1.08045,7.3,1.854
2024-07-04 08:00:00,EURUSD,H1,buy,1.07970,1.07929,1.08052,4.1,1.766
2024-07-08 04:00:00,EURUSD,H1,buy,1.08383,1.08136,1.08877,24.7,-1.048
2024-07-08 22:00:00,EURUSD,H1,sell,1.08264,1.08343,1.08106,7.9,1.863
2024-07-09 18:00:00,EURUSD,H1,sell,1.08144,1.08175,1.08082,3.1,-1.287
2024-07-10 12:00:00,EURUSD,H1,buy,1.08269,1.08189,1.08429,8.0,-1.135
2024-07-11 04:00:00,EURUSD,H1,buy,1.08473,1.08312,1.08795,16.1,1.928
2024-07-24 17:00:00,EURUSD,H1,buy,1.08394,1.08349,1.08484,4.5,-1.217
2024-08-05 08:00:00,EURUSD,H1,buy,1.09910,1.09320,1.11090,59.0,-1.021
2024-08-08 19:00:00,EURUSD,H1,buy,1.09149,1.09090,1.09267,5.9,-1.175
2024-08-13 19:00:00,EURUSD,H1,buy,1.09959,1.09744,1.10389,21.5,1.945
2024-08-15 15:00:00,EURUSD,H1,buy,1.09741,1.09705,1.09813,3.6,-1.258
2024-08-19 08:00:00,EURUSD,H1,buy,1.10389,1.10298,1.10571,9.1,1.879
2024-09-03 19:00:00,EURUSD,H1,buy,1.10485,1.10353,1.10749,13.2,1.913
2024-09-06 13:00:00,EURUSD,H1,sell,1.10846,1.11360,1.09818,51.4,-1.024
2024-09-09 11:00:00,EURUSD,H1,sell,1.10415,1.10530,1.10185,11.5,-1.098
2024-09-13 10:00:00,EURUSD,H1,buy,1.10889,1.10781,1.11105,10.8,-1.104
2024-09-19 12:00:00,EURUSD,H1,buy,1.11554,1.11154,1.12354,40.0,-1.030
2024-09-23 18:00:00,EURUSD,H1,buy,1.11109,1.11087,1.11153,2.2,-1.362
2024-09-25 07:00:00,EURUSD,H1,buy,1.11959,1.11772,1.12333,18.7,-1.063
2024-09-27 10:00:00,EURUSD,H1,buy,1.11784,1.11531,1.12290,25.3,-1.047
2024-09-29 17:00:00,EURUSD,H1,sell,1.11594,1.11688,1.11406,9.4,-1.117
2024-10-01 03:00:00,EURUSD,H1,sell,1.11150,1.11449,1.10552,29.9,1.960
2024-10-01 17:00:00,EURUSD,H1,sell,1.10684,1.10783,1.10486,9.9,-1.112
2024-10-03 15:00:00,EURUSD,H1,sell,1.10284,1.10371,1.10110,8.7,-1.126
2024-10-04 02:00:00,EURUSD,H1,buy,1.10320,1.10241,1.10478,7.9,-1.137
2024-10-06 23:00:00,EURUSD,H1,sell,1.09719,1.09785,1.09587,6.6,-1.159
2024-10-08 00:00:00,EURUSD,H1,buy,1.09854,1.09717,1.10128,13.7,-1.084
2024-10-09 12:00:00,EURUSD,H1,sell,1.09413,1.09608,1.09023,19.5,1.940
2024-10-09 23:00:00,EURUSD,H1,sell,1.09435,1.09469,1.09367,3.4,1.731
2024-10-11 05:00:00,EURUSD,H1,buy,1.09389,1.09311,1.09545,7.8,-1.138
2024-10-14 11:00:00,EURUSD,H1,sell,1.09068,1.09282,1.08640,21.4,1.945
2024-10-15 09:00:00,EURUSD,H1,buy,1.09098,1.08963,1.09368,13.5,-1.085
2024-10-15 19:00:00,EURUSD,H1,sell,1.08832,1.08937,1.08622,10.5,-1.106
2024-10-16 19:00:00,EURUSD,H1,sell,1.08587,1.08715,1.08331,12.8,-1.089
2024-10-17 20:00:00,EURUSD,H1,sell,1.08289,1.08341,1.08185,5.2,-1.194
2024-10-18 14:00:00,EURUSD,H1,buy,1.08653,1.08518,1.08923,13.5,-1.085
2024-10-21 07:00:00,EURUSD,H1,sell,1.08557,1.08592,1.08487,3.5,1.737
2024-10-22 00:00:00,EURUSD,H1,sell,1.08201,1.08223,1.08157,2.2,-1.362
2024-10-23 04:00:00,EURUSD,H1,sell,1.07882,1.08076,1.07494,19.4,-1.061
2024-10-24 10:00:00,EURUSD,H1,buy,1.07978,1.07871,1.08192,10.7,1.895
2024-10-27 20:00:00,EURUSD,H1,sell,1.07910,1.08025,1.07680,11.5,-1.098
2024-10-29 06:00:00,EURUSD,H1,sell,1.07992,1.08273,1.07430,28.1,-1.043
2024-10-30 01:00:00,EURUSD,H1,buy,1.08234,1.08120,1.08462,11.4,1.901
2024-10-30 22:00:00,EURUSD,H1,buy,1.08498,1.08431,1.08632,6.7,1.843
2024-11-06 02:00:00,EURUSD,H1,sell,1.07342,1.07954,1.06118,61.2,-1.020
2024-11-06 21:00:00,EURUSD,H1,sell,1.07366,1.07382,1.07334,1.6,-1.439
2024-11-07 16:00:00,EURUSD,H1,buy,1.08038,1.07659,1.08796,37.9,-1.032
2024-11-10 18:00:00,EURUSD,H1,sell,1.07132,1.07224,1.06948,9.2,-1.120
2024-11-12 18:00:00,EURUSD,H1,sell,1.06166,1.06276,1.05946,11.0,-1.102
2024-11-13 21:00:00,EURUSD,H1,sell,1.05493,1.05696,1.05087,20.3,1.942
2024-11-19 12:00:00,EURUSD,H1,sell,1.05803,1.06020,1.05369,21.7,-1.054
2024-11-20 09:00:00,EURUSD,H1,sell,1.05249,1.05689,1.04369,44.0,1.972
2024-11-27 19:00:00,EURUSD,H1,sell,1.05517,1.05702,1.05147,18.5,-1.063
2024-11-28 02:00:00,EURUSD,H1,sell,1.05415,1.05590,1.05065,17.5,-1.067
2024-11-29 10:00:00,EURUSD,H1,sell,1.05612,1.05694,1.05448,8.2,-1.132
2024-12-02 04:00:00,EURUSD,H1,sell,1.05135,1.05380,1.04645,24.5,-1.049
2024-12-06 04:00:00,EURUSD,H1,buy,1.05772,1.05664,1.05988,10.8,1.896
2024-12-09 20:00:00,EURUSD,H1,sell,1.05529,1.05581,1.05425,5.2,-1.194
2024-12-10 16:00:00,EURUSD,H1,sell,1.05268,1.05322,1.05160,5.4,-1.188
2024-12-11 04:00:00,EURUSD,H1,sell,1.05005,1.05294,1.04427,28.9,-1.041
2024-12-11 22:00:00,EURUSD,H1,sell,1.05053,1.05097,1.04965,4.4,-1.221
2024-12-12 22:00:00,EURUSD,H1,sell,1.04602,1.04818,1.04170,21.6,-1.055
2024-12-17 17:00:00,EURUSD,H1,buy,1.04918,1.04841,1.05072,7.7,1.860
2024-12-19 00:00:00,EURUSD,H1,sell,1.03820,1.03919,1.03622,9.9,-1.112
2024-12-20 11:00:00,EURUSD,H1,buy,1.04281,1.03850,1.05143,43.1,-1.028
2024-12-30 21:00:00,EURUSD,H1,buy,1.04125,1.03959,1.04457,16.6,-1.070
2024-12-31 06:00:00,EURUSD,H1,sell,1.04103,1.04253,1.03803,15.0,1.923
2024-12-31 16:00:00,EURUSD,H1,sell,1.03531,1.03656,1.03281,12.5,-0.182
2025-01-02 18:00:00,EURUSD,H1,sell,1.02678,1.02697,1.02640,1.9,-1.397
2025-01-05 19:00:00,EURUSD,H1,buy,1.03031,1.02922,1.03249,10.9,1.897
2025-01-06 08:00:00,EURUSD,H1,buy,1.04167,1.03277,1.05947,89.0,-1.014
2025-01-08 16:00:00,EURUSD,H1,sell,1.03178,1.03252,1.03030,7.4,1.855
2025-01-15 17:00:00,EURUSD,H1,sell,1.02921,1.02998,1.02767,7.7,-1.140
2025-01-16 14:00:00,EURUSD,H1,sell,1.03019,1.03159,1.02739,14.0,1.918
2025-01-20 03:00:00,EURUSD,H1,buy,1.03098,1.02984,1.03326,11.4,1.901
2025-01-20 21:00:00,EURUSD,H1,buy,1.03876,1.03518,1.04592,35.8,-1.034
2025-01-21 17:00:00,EURUSD,H1,buy,1.04261,1.04147,1.04489,11.4,-1.099
2025-01-23 18:00:00,EURUSD,H1,buy,1.04156,1.04116,1.04236,4.0,-1.238
2025-01-27 23:00:00,EURUSD,H1,buy,1.04335,1.04234,1.04537,10.1,-1.110
2025-01-30 17:00:00,EURUSD,H1,sell,1.03867,1.04332,1.02937,46.5,-1.026
2025-02-02 18:00:00,EURUSD,H1,sell,1.02467,1.03880,0.99641,141.3,-1.009
2025-02-03 12:00:00,EURUSD,H1,sell,1.02792,1.03361,1.01654,56.9,-1.021
2025-02-04 09:00:00,EURUSD,H1,buy,1.03594,1.03191,1.04400,40.3,-1.030
2025-02-06 09:00:00,EURUSD,H1,buy,1.03620,1.03513,1.03834,10.7,1.895
2025-02-09 17:00:00,EURUSD,H1,sell,1.02904,1.03391,1.01930,48.7,-1.025
2025-02-10 11:00:00,EURUSD,H1,buy,1.03112,1.03031,1.03274,8.1,-1.134
2025-02-11 16:00:00,EURUSD,H1,buy,1.03609,1.03408,1.04011,20.1,-1.059
2025-02-12 18:00:00,EURUSD,H1,buy,1.03920,1.03794,1.04172,12.6,1.910
2025-02-13 05:00:00,EURUSD,H1,buy,1.04158,1.04091,1.04292,6.7,-1.157
2025-02-13 20:00:00,EURUSD,H1,buy,1.04591,1.04549,1.04675,4.2,-1.229
2025-02-18 22:00:00,EURUSD,H1,buy,1.04510,1.04399,1.04732,11.1,-1.101
2025-02-19 12:00:00,EURUSD,H1,sell,1.04096,1.04422,1.03444,32.6,-1.037
2025-02-19 19:00:00,EURUSD,H1,buy,1.04290,1.04153,1.04564,13.7,1.916
2025-02-21 11:00:00,EURUSD,H1,sell,1.04544,1.04933,1.03766,38.9,-1.031
2025-02-24 21:00:00,EURUSD,H1,buy,1.04743,1.04586,1.05057,15.7,-1.074
2025-02-25 14:00:00,EURUSD,H1,buy,1.05104,1.04827,1.05658,27.7,-1.043
2025-02-26 05:00:00,EURUSD,H1,sell,1.04976,1.05123,1.04682,14.7,-1.078
2025-02-26 20:00:00,EURUSD,H1,sell,1.04780,1.04932,1.04476,15.2,1.924
2025-03-03 22:00:00,EURUSD,H1,sell,1.04771,1.04969,1.04375,19.8,-1.059
2025-03-05 00:00:00,EURUSD,H1,buy,1.06312,1.06008,1.06920,30.4,1.961
2025-03-05 08:00:00,EURUSD,H1,buy,1.07157,1.06754,1.07963,40.3,1.970
2025-03-06 20:00:00,EURUSD,H1,sell,1.07898,1.07971,1.07752,7.3,-1.146
2025-03-24 01:00:00,EURUSD,H1,buy,1.08396,1.08159,1.08870,23.7,-1.050
2025-04-03 00:00:00,EURUSD,H1,sell,1.09066,1.09254,1.08690,18.8,-1.062
2025-04-07 00:00:00,EURUSD,H1,buy,1.09847,1.09188,1.11165,65.9,-1.019
2025-04-07 09:00:00,EURUSD,H1,buy,1.09412,1.09339,1.09558,7.3,-1.146
2025-04-09 06:00:00,EURUSD,H1,buy,1.10330,1.09966,1.11058,36.4,-1.033
2025-04-09 21:00:00,EURUSD,H1,buy,1.09716,1.09417,1.10314,29.9,1.960
2025-04-10 04:00:00,EURUSD,H1,buy,1.10373,1.09614,1.11891,75.9,1.984
2025-04-11 08:00:00,EURUSD,H1,buy,1.13952,1.13189,1.15478,76.3,-1.016
2025-04-14 03:00:00,EURUSD,H1,buy,1.13897,1.13516,1.14659,38.1,-1.032
2025-04-14 15:00:00,EURUSD,H1,buy,1.13546,1.13272,1.14094,27.4,-1.044
2025-04-16 06:00:00,EURUSD,H1,buy,1.13579,1.13369,1.13999,21.0,1.944
2025-04-23 02:00:00,EURUSD,H1,buy,1.13848,1.13695,1.14154,15.3,1.924
2025-04-23 20:00:00,EURUSD,H1,sell,1.13436,1.13478,1.13352,4.2,-1.229
2025-04-24 10:00:00,EURUSD,H1,buy,1.13726,1.13567,1.14044,15.9,-1.073
2025-04-27 23:00:00,EURUSD,H1,sell,1.13561,1.13674,1.13335,11.3,-1.100
2025-04-29 05:00:00,EURUSD,H1,sell,1.13802,1.14130,1.13146,32.8,-1.037
2025-04-30 10:00:00,EURUSD,H1,sell,1.13668,1.13894,1.13216,22.6,1.948
2025-05-02 01:00:00,EURUSD,H1,sell,1.13075,1.13163,1.12899,8.8,-1.124
2025-05-05 00:00:00,EURUSD,H1,sell,1.13371,1.13476,1.13161,10.5,1.894
2025-05-06 06:00:00,EURUSD,H1,sell,1.13256,1.13504,1.12760,24.8,-1.048
2025-05-06 23:00:00,EURUSD,H1,sell,1.13455,1.13524,1.13317,6.9,-1.153
2025-05-08 01:00:00,EURUSD,H1,sell,1.13035,1.13371,1.12363,33.6,1.964
2025-05-08 22:00:00,EURUSD,H1,sell,1.12180,1.12342,1.11856,16.2,-1.072
2025-05-11 23:00:00,EURUSD,H1,sell,1.12328,1.12436,1.12112,10.8,1.896
2025-05-12 11:00:00,EURUSD,H1,sell,1.11049,1.11356,1.10435,30.7,-1.039
2025-05-13 20:00:00,EURUSD,H1,sell,1.11921,1.11981,1.11801,6.0,-1.172
2025-05-14 22:00:00,EURUSD,H1,buy,1.11945,1.11748,1.12339,19.7,-1.060
2025-05-16 02:00:00,EURUSD,H1,buy,1.12121,1.11951,1.12461,17.0,-1.068
2025-05-19 00:00:00,EURUSD,H1,buy,1.11836,1.11711,1.12086,12.5,1.909
2025-05-19 15:00:00,EURUSD,H1,buy,1.12400,1.12229,1.12742,17.1,-1.068
2025-05-20 14:00:00,EURUSD,H1,buy,1.12723,1.12440,1.13289,28.3,1.958
2025-05-22 19:00:00,EURUSD,H1,buy,1.12819,1.12758,1.12941,6.1,1.830
2025-05-29 00:00:00,EURUSD,H1,sell,1.12475,1.12578,1.12269,10.3,-1.108
2025-05-29 09:00:00,EURUSD,H1,buy,1.13511,1.12669,1.15195,84.2,1.985
2025-05-30 06:00:00,EURUSD,H1,buy,1.13273,1.13221,1.13377,5.2,1.806
2025-06-02 11:00:00,EURUSD,H1,buy,1.14304,1.14032,1.14848,27.2,-1.044
2025-06-03 17:00:00,EURUSD,H1,buy,1.13741,1.13665,1.13893,7.6,1.859
2025-06-04 18:00:00,EURUSD,H1,buy,1.14196,1.14091,1.14406,10.5,-1.106
2025-06-08 19:00:00,EURUSD,H1,buy,1.14061,1.13893,1.14397,16.8,-1.069
2025-06-09 02:00:00,EURUSD,H1,buy,1.14271,1.14098,1.14617,17.3,-1.067
2025-06-10 04:00:00,EURUSD,H1,sell,1.14081,1.14156,1.13931,7.5,-1.143
2025-06-11 09:00:00,EURUSD,H1,buy,1.14701,1.14254,1.15595,44.7,1.973
2025-06-19 00:00:00,EURUSD,H1,buy,1.14690,1.14492,1.15086,19.8,-1.059
2025-06-24 00:00:00,EURUSD,H1,buy,1.16063,1.15855,1.16479,20.8,-1.057
2025-06-24 11:00:00,EURUSD,H1,buy,1.16071,1.15810,1.16593,26.1,1.954
2025-06-24 20:00:00,EURUSD,H1,buy,1.16250,1.16032,1.16686,21.8,-1.054
2025-06-26 04:00:00,EURUSD,H1,buy,1.17275,1.16706,1.18413,56.9,-1.021
2025-07-14 15:00:00,EURUSD,H1,buy,1.16678,1.16580,1.16874,9.8,1.887
2025-07-17 03:00:00,EURUSD,H1,sell,1.15905,1.16281,1.15153,37.6,-1.032
2025-07-17 13:00:00,EURUSD,H1,sell,1.15849,1.16034,1.15479,18.5,-1.063
2025-07-18 04:00:00,EURUSD,H1,buy,1.16355,1.16109,1.16847,24.6,1.952
2025-07-20 22:00:00,EURUSD,H1,sell,1.16215,1.16372,1.15901,15.7,-1.074
2025-07-21 15:00:00,EURUSD,H1,buy,1.16894,1.16848,1.16986,4.6,-1.214
2025-07-22 16:00:00,EURUSD,H1,buy,1.17538,1.17407,1.17800,13.1,-1.087
2025-07-23 22:00:00,EURUSD,H1,buy,1.17765,1.17611,1.18073,15.4,-1.075
2025-07-24 22:00:00,EURUSD,H1,sell,1.17391,1.17595,1.16983,20.4,-1.058
2025-07-28 02:00:00,EURUSD,H1,sell,1.17211,1.17589,1.16455,37.8,1.968
2025-07-29 00:00:00,EURUSD,H1,sell,1.15885,1.15999,1.15657,11.4,1.901
2025-08-13 12:00:00,EURUSD,H1,sell,1.17066,1.17244,1.16710,17.8,1.934
2025-08-24 23:00:00,EURUSD,H1,buy,1.17066,1.16925,1.17348,14.1,-1.081
2025-08-25 11:00:00,EURUSD,H1,sell,1.16692,1.17099,1.15878,40.7,1.970
2025-08-28 22:00:00,EURUSD,H1,sell,1.16617,1.16831,1.16189,21.4,-1.055
2025-09-03 11:00:00,EURUSD,H1,buy,1.16750,1.16374,1.17502,37.6,-1.032
2025-09-08 08:00:00,EURUSD,H1,buy,1.17377,1.17188,1.17755,18.9,1.938
2025-09-11 19:00:00,EURUSD,H1,buy,1.17329,1.17296,1.17395,3.3,-1.275
2025-09-12 10:00:00,EURUSD,H1,buy,1.17250,1.17003,1.17744,24.7,1.952
2025-09-14 22:00:00,EURUSD,H1,buy,1.17274,1.17208,1.17406,6.6,-1.159
2025-09-15 12:00:00,EURUSD,H1,buy,1.17581,1.17498,1.17747,8.3,1.869
2025-09-16 03:00:00,EURUSD,H1,buy,1.17944,1.17725,1.18382,21.9,1.946
2025-09-18 18:00:00,EURUSD,H1,buy,1.17866,1.17801,1.17996,6.5,-1.161
2025-09-23 07:00:00,EURUSD,H1,sell,1.17916,1.18134,1.17480,21.8,-1.054
2025-09-24 23:00:00,EURUSD,H1,buy,1.17524,1.17395,1.17782,12.9,-1.088
2025-10-01 05:00:00,EURUSD,H1,sell,1.17326,1.17795,1.16388,46.9,1.974
2025-10-01 16:00:00,EURUSD,H1,sell,1.17294,1.17429,1.17024,13.5,-1.085
2025-10-02 17:00:00,EURUSD,H1,sell,1.17169,1.17275,1.16957,10.6,-1.105
2025-10-05 18:00:00,EURUSD,H1,sell,1.17160,1.17453,1.16574,29.3,1.959
2025-10-06 13:00:00,EURUSD,H1,sell,1.17103,1.17221,1.16867,11.8,1.904
2025-10-16 17:00:00,EURUSD,H1,sell,1.16876,1.16951,1.16726,7.5,-1.143
2025-10-22 17:00:00,EURUSD,H1,buy,1.16114,1.16037,1.16268,7.7,-1.140
2025-10-28 21:00:00,EURUSD,H1,sell,1.16464,1.16616,1.16160,15.2,-1.076
2025-10-29 21:00:00,EURUSD,H1,buy,1.16173,1.15957,1.16605,21.6,-1.055
2025-11-14 03:00:00,EURUSD,H1,sell,1.16293,1.16495,1.15889,20.2,-1.058
2025-11-23 21:00:00,EURUSD,H1,buy,1.15158,1.15008,1.15458,15.0,1.923
2025-11-24 14:00:00,EURUSD,H1,buy,1.15274,1.15104,1.15614,17.0,1.932
2025-11-26 19:00:00,EURUSD,H1,buy,1.16020,1.15872,1.16316,14.8,-1.078
2025-11-28 02:00:00,EURUSD,H1,sell,1.15787,1.15941,1.15479,15.4,-1.075
2025-12-01 00:00:00,EURUSD,H1,buy,1.15978,1.15883,1.16168,9.5,1.884
2025-12-01 17:00:00,EURUSD,H1,buy,1.16079,1.16053,1.16131,2.6,-1.325
2025-12-02 03:00:00,EURUSD,H1,buy,1.16104,1.16037,1.16238,6.7,-1.157
2025-12-08 13:00:00,EURUSD,H1,buy,1.16371,1.16153,1.16807,21.8,-1.054
2025-12-08 19:00:00,EURUSD,H1,buy,1.16386,1.16305,1.16548,8.1,-1.134
2025-12-11 03:00:00,EURUSD,H1,buy,1.16972,1.16811,1.17294,16.1,1.928
2025-12-11 19:00:00,EURUSD,H1,buy,1.17403,1.17350,1.17509,5.3,-1.191
2025-12-17 08:00:00,EURUSD,H1,buy,1.17316,1.17067,1.17814,24.9,-1.048
2025-12-17 17:00:00,EURUSD,H1,buy,1.17387,1.17373,1.17415,1.4,1.528
2025-12-17 22:00:00,EURUSD,H1,buy,1.17392,1.17340,1.17496,5.2,-1.194
2025-12-18 17:00:00,EURUSD,H1,sell,1.17231,1.17287,1.17119,5.6,1.818
2025-12-31 12:00:00,EURUSD,H1,buy,1.17358,1.17192,1.17690,16.6,0.403
2022-01-04 04:00:00,EURUSD,H4,sell,1.12730,1.13104,1.11982,37.4,-1.032
2022-01-12 12:00:00,EURUSD,H4,buy,1.14496,1.13537,1.16414,95.9,-1.013
2022-01-26 04:00:00,EURUSD,H4,sell,1.12762,1.13117,1.12052,35.5,1.966
2022-02-07 12:00:00,EURUSD,H4,sell,1.14382,1.14597,1.13952,21.5,-1.055
2022-02-11 16:00:00,EURUSD,H4,sell,1.13463,1.14190,1.12009,72.7,1.983
2022-02-15 16:00:00,EURUSD,H4,sell,1.13570,1.13691,1.13328,12.1,-1.094
2022-02-27 20:00:00,EURUSD,H4,sell,1.11458,1.12749,1.08876,129.1,1.990
2022-03-01 08:00:00,EURUSD,H4,sell,1.11031,1.12339,1.08415,130.8,1.991
2022-03-31 04:00:00,EURUSD,H4,sell,1.11027,1.11858,1.09365,83.1,1.985
2022-04-04 04:00:00,EURUSD,H4,sell,1.09966,1.10554,1.08790,58.8,1.979
2022-04-06 16:00:00,EURUSD,H4,sell,1.08975,1.09389,1.08147,41.4,1.971
2022-04-08 12:00:00,EURUSD,H4,sell,1.08780,1.08927,1.08486,14.7,-1.078
2022-04-15 12:00:00,EURUSD,H4,sell,1.08080,1.08246,1.07748,16.6,1.930
2022-04-22 08:00:00,EURUSD,H4,sell,1.07888,1.08525,1.06614,63.7,1.981
2022-05-31 20:00:00,EURUSD,H4,sell,1.07181,1.07476,1.06591,29.5,1.959
2022-06-14 12:00:00,EURUSD,H4,sell,1.04108,1.04856,1.02612,74.8,-1.016
2022-06-20 12:00:00,EURUSD,H4,sell,1.05111,1.05468,1.04397,35.7,-1.034
2022-06-30 20:00:00,EURUSD,H4,sell,1.04543,1.04897,1.03835,35.4,1.966
2022-07-04 12:00:00,EURUSD,H4,sell,1.04235,1.04637,1.03431,40.2,1.970
2022-08-11 16:00:00,EURUSD,H4,sell,1.03203,1.03652,1.02305,44.9,1.973
2022-08-23 04:00:00,EURUSD,H4,sell,0.99245,0.99510,0.98715,26.5,-1.045
2022-09-14 12:00:00,EURUSD,H4,sell,0.99795,1.00244,0.98897,44.9,-1.027
2022-10-05 08:00:00,EURUSD,H4,sell,0.98654,0.99957,0.96048,130.3,-1.010
2022-10-27 20:00:00,EURUSD,H4,buy,0.99922,0.99565,1.00636,35.7,-1.034
2022-11-01 16:00:00,EURUSD,H4,sell,0.98872,0.99549,0.97518,67.7,-1.018
2022-11-08 12:00:00,EURUSD,H4,buy,1.00714,0.99705,1.02732,100.9,-1.012
2022-11-14 12:00:00,EURUSD,H4,buy,1.03284,1.02703,1.04446,58.1,1.979
2022-11-23 12:00:00,EURUSD,H4,buy,1.04024,1.02953,1.06166,107.1,-1.012
2022-11-28 04:00:00,EURUSD,H4,buy,1.04727,1.03400,1.07381,132.7,-1.009
2022-11-29 04:00:00,EURUSD,H4,sell,1.03751,1.03952,1.03349,20.1,1.941
2022-12-01 08:00:00,EURUSD,H4,buy,1.04971,1.03919,1.07075,105.2,1.988
2022-12-05 20:00:00,EURUSD,H4,buy,1.04906,1.04790,1.05138,11.6,-1.097
2022-12-13 12:00:00,EURUSD,H4,buy,1.06269,1.05268,1.08271,100.1,0.750
2022-12-15 20:00:00,EURUSD,H4,buy,1.06461,1.05911,1.07561,55.0,-1.022
2022-12-21 16:00:00,EURUSD,H4,sell,1.06179,1.06465,1.05607,28.6,-1.042
2023-01-04 08:00:00,EURUSD,H4,sell,1.06187,1.06364,1.05833,17.7,1.934
2023-01-10 16:00:00,EURUSD,H4,buy,1.07449,1.07109,1.08129,34.0,1.965
2023-02-20 00:00:00,EURUSD,H4,buy,1.06925,1.06718,1.07339,20.7,-1.057
2023-02-22 04:00:00,EURUSD,H4,sell,1.06300,1.06648,1.05604,34.8,1.965
2023-02-23 08:00:00,EURUSD,H4,sell,1.05822,1.06285,1.04896,46.3,-1.026
2023-03-02 20:00:00,EURUSD,H4,buy,1.06085,1.05754,1.06747,33.1,1.964
2023-03-06 12:00:00,EURUSD,H4,buy,1.06754,1.06209,1.07844,54.5,-1.022
2023-03-08 16:00:00,EURUSD,H4,sell,1.05466,1.05624,1.05150,15.8,-1.073
2023-03-13 12:00:00,EURUSD,H4,buy,1.07305,1.06490,1.08935,81.5,-1.015
2023-03-17 12:00:00,EURUSD,H4,buy,1.06647,1.06112,1.07717,53.5,1.977
2023-03-22 08:00:00,EURUSD,H4,buy,1.07912,1.07580,1.08576,33.2,1.964
2023-03-27 08:00:00,EURUSD,H4,buy,1.07815,1.07439,1.08567,37.6,1.968
2023-05-22 08:00:00,EURUSD,H4,buy,1.08051,1.07945,1.08263,10.6,-1.105
2023-06-19 04:00:00,EURUSD,H4,sell,1.09211,1.09472,1.08689,26.1,-1.046
2023-06-26 16:00:00,EURUSD,H4,sell,1.09099,1.09209,1.08879,11.0,-1.102
2023-06-28 12:00:00,EURUSD,H4,sell,1.09224,1.09631,1.08410,40.7,1.970
2023-07-02 16:00:00,EURUSD,H4,sell,1.09092,1.09234,1.08808,14.2,1.919
2023-07-05 08:00:00,EURUSD,H4,sell,1.08737,1.09088,1.08035,35.1,-1.034
2023-07-11 16:00:00,EURUSD,H4,buy,1.10136,1.09773,1.10862,36.3,1.967
2023-07-12 16:00:00,EURUSD,H4,buy,1.11405,1.10138,1.13939,126.7,-1.010
2023-07-23 16:00:00,EURUSD,H4,buy,1.11243,1.11069,1.11591,17.4,-1.067
2023-07-25 08:00:00,EURUSD,H4,sell,1.10490,1.10878,1.09714,38.8,-1.031
2023-08-02 00:00:00,EURUSD,H4,sell,1.09899,1.10202,1.09293,30.3,1.960
2023-08-09 16:00:00,EURUSD,H4,sell,1.09771,1.09963,1.09387,19.2,-1.061
2023-08-10 20:00:00,EURUSD,H4,buy,1.09872,1.09751,1.10114,12.1,-1.094
2023-08-14 12:00:00,EURUSD,H4,sell,1.09028,1.09610,1.07864,58.2,1.979
2023-08-16 12:00:00,EURUSD,H4,sell,1.08743,1.09355,1.07519,61.2,-1.020
2023-08-18 04:00:00,EURUSD,H4,sell,1.08629,1.08948,1.07991,31.9,-1.038
2023-08-23 08:00:00,EURUSD,H4,sell,1.08613,1.08723,1.08393,11.0,-1.102
2023-08-30 12:00:00,EURUSD,H4,buy,1.09216,1.08541,1.10566,67.5,-1.018
2023-09-04 12:00:00,EURUSD,H4,sell,1.07938,1.08097,1.07620,15.9,1.927
2023-09-06 12:00:00,EURUSD,H4,sell,1.07261,1.07498,1.06787,23.7,-1.050
2023-09-12 04:00:00,EURUSD,H4,sell,1.07181,1.07702,1.06139,52.1,1.977
2023-09-15 16:00:00,EURUSD,H4,sell,1.06576,1.06887,1.05954,31.1,-1.039
2023-09-21 16:00:00,EURUSD,H4,sell,1.06603,1.06744,1.06321,14.1,1.919
2023-09-28 16:00:00,EURUSD,H4,sell,1.05621,1.05798,1.05267,17.7,-1.066
2023-10-03 12:00:00,EURUSD,H4,sell,1.04714,1.04943,1.04256,22.9,-1.052
2023-10-05 04:00:00,EURUSD,H4,sell,1.05236,1.05298,1.05112,6.2,-1.168
2023-10-11 16:00:00,EURUSD,H4,buy,1.06234,1.05796,1.07110,43.8,-1.028
2023-10-13 12:00:00,EURUSD,H4,sell,1.05138,1.05594,1.04226,45.6,-1.027
2023-10-17 20:00:00,EURUSD,H4,sell,1.05754,1.05958,1.05346,20.4,1.942
2023-10-25 08:00:00,EURUSD,H4,sell,1.05829,1.06077,1.05333,24.8,1.952
2023-11-07 16:00:00,EURUSD,H4,buy,1.06902,1.06630,1.07446,27.2,-1.044
2023-11-10 16:00:00,EURUSD,H4,sell,1.06848,1.06937,1.06670,8.9,-1.123
2023-11-14 08:00:00,EURUSD,H4,buy,1.08603,1.06918,1.11973,168.5,1.021
2023-11-15 16:00:00,EURUSD,H4,buy,1.08551,1.08305,1.09043,24.6,-1.048
2023-11-23 16:00:00,EURUSD,H4,buy,1.09067,1.08860,1.09481,20.7,1.943
2023-12-01 04:00:00,EURUSD,H4,sell,1.08766,1.09137,1.08024,37.1,1.967
2023-12-05 08:00:00,EURUSD,H4,sell,1.07859,1.08484,1.06609,62.5,-1.020
2023-12-06 16:00:00,EURUSD,H4,sell,1.07687,1.08057,1.06947,37.0,-1.033
2023-12-13 12:00:00,EURUSD,H4,buy,1.08812,1.07721,1.10994,109.1,1.989
2023-12-20 16:00:00,EURUSD,H4,sell,1.09497,1.09766,1.08959,26.9,-1.044
2023-12-28 20:00:00,EURUSD,H4,buy,1.10666,1.10542,1.10914,12.4,-1.092
2024-01-05 16:00:00,EURUSD,H4,sell,1.09392,1.09994,1.08188,60.2,-1.020
2024-01-12 16:00:00,EURUSD,H4,buy,1.09483,1.09349,1.09751,13.4,-1.085
2024-01-25 16:00:00,EURUSD,H4,sell,1.08398,1.09028,1.07138,63.0,1.981
2024-01-29 08:00:00,EURUSD,H4,sell,1.08059,1.08510,1.07157,45.1,-1.027
2024-02-05 08:00:00,EURUSD,H4,sell,1.07352,1.07871,1.06314,51.9,-1.024
2024-02-12 20:00:00,EURUSD,H4,sell,1.07637,1.07870,1.07171,23.3,-1.051
2024-02-16 16:00:00,EURUSD,H4,buy,1.07749,1.07309,1.08629,44.0,1.972
2024-02-22 16:00:00,EURUSD,H4,buy,1.08218,1.08016,1.08622,20.2,-1.058
2024-03-05 16:00:00,EURUSD,H4,buy,1.08498,1.08393,1.08708,10.5,1.894
2024-03-08 16:00:00,EURUSD,H4,buy,1.09348,1.09173,1.09698,17.5,-1.067
2024-03-15 12:00:00,EURUSD,H4,sell,1.08869,1.09006,1.08595,13.7,-1.084
2024-03-20 08:00:00,EURUSD,H4,sell,1.08606,1.08730,1.08358,12.4,-1.092
2024-03-26 12:00:00,EURUSD,H4,sell,1.08308,1.08653,1.07618,34.5,1.965
2024-03-29 12:00:00,EURUSD,H4,sell,1.07898,1.08061,1.07572,16.3,1.929
2024-04-02 16:00:00,EURUSD,H4,sell,1.07679,1.07800,1.07437,12.1,-1.094
2024-04-15 12:00:00,EURUSD,H4,sell,1.06264,1.06661,1.05470,39.7,-1.031
2024-04-19 16:00:00,EURUSD,H4,sell,1.06526,1.06785,1.06008,25.9,-1.046
2024-04-24 16:00:00,EURUSD,H4,buy,1.06999,1.06769,1.07459,23.0,1.948
2024-05-02 16:00:00,EURUSD,H4,buy,1.07298,1.06732,1.08430,56.6,1.978
2024-06-13 20:00:00,EURUSD,H4,buy,1.07401,1.07318,1.07567,8.3,-1.131
2024-06-19 12:00:00,EURUSD,H4,sell,1.07448,1.07543,1.07258,9.5,1.884
2024-06-26 04:00:00,EURUSD,H4,sell,1.06940,1.07189,1.06442,24.9,-1.048
2024-06-28 04:00:00,EURUSD,H4,buy,1.06971,1.06842,1.07229,12.9,1.912
2024-07-03 08:00:00,EURUSD,H4,buy,1.07987,1.07353,1.09255,63.4,1.981
2024-08-05 08:00:00,EURUSD,H4,buy,1.09561,1.08913,1.10857,64.8,-1.019
2024-08-09 16:00:00,EURUSD,H4,sell,1.09167,1.09323,1.08855,15.6,-1.074
2024-08-19 16:00:00,EURUSD,H4,buy,1.10854,1.10291,1.11980,56.3,-1.022
2024-10-10 16:00:00,EURUSD,H4,sell,1.09334,1.09558,1.08886,22.4,1.947
2024-10-15 16:00:00,EURUSD,H4,sell,1.08832,1.09177,1.08142,34.5,1.965
2024-10-17 16:00:00,EURUSD,H4,sell,1.08291,1.08747,1.07379,45.6,-1.027
2024-10-22 08:00:00,EURUSD,H4,sell,1.08045,1.08390,1.07355,34.5,-1.035
2024-10-30 12:00:00,EURUSD,H4,buy,1.08555,1.08069,1.09527,48.6,-1.025
2024-11-07 16:00:00,EURUSD,H4,sell,1.07904,1.08257,1.07198,35.3,1.966
2024-11-11 04:00:00,EURUSD,H4,sell,1.06522,1.07287,1.04992,76.5,1.984
2024-11-13 16:00:00,EURUSD,H4,sell,1.05652,1.06550,1.03856,89.8,1.986
2024-11-15 16:00:00,EURUSD,H4,sell,1.05394,1.05940,1.04302,54.6,-1.022
2024-12-01 16:00:00,EURUSD,H4,sell,1.05362,1.05853,1.04380,49.1,-1.025
2024-12-03 20:00:00,EURUSD,H4,sell,1.05107,1.05360,1.04601,25.3,-1.047
2024-12-08 16:00:00,EURUSD,H4,buy,1.05592,1.05413,1.05950,17.9,-1.065
2024-12-11 04:00:00,EURUSD,H4,sell,1.05030,1.05403,1.04284,37.3,1.968
2024-12-17 20:00:00,EURUSD,H4,sell,1.05030,1.05169,1.04752,13.9,1.917
2024-12-19 12:00:00,EURUSD,H4,sell,1.03681,1.04232,1.02579,55.1,-1.022
2024-12-23 16:00:00,EURUSD,H4,buy,1.04003,1.03832,1.04345,17.1,1.932
2024-12-31 12:00:00,EURUSD,H4,sell,1.03583,1.04253,1.02243,67.0,0.040
2025-01-07 04:00:00,EURUSD,H4,buy,1.03892,1.03751,1.04174,14.1,-1.081
2025-01-09 16:00:00,EURUSD,H4,sell,1.02954,1.03200,1.02462,24.6,1.952
2025-01-16 20:00:00,EURUSD,H4,sell,1.02936,1.03159,1.02490,22.3,-1.053
2025-02-04 08:00:00,EURUSD,H4,buy,1.03781,1.02711,1.05921,107.0,1.988
2025-02-06 12:00:00,EURUSD,H4,buy,1.03888,1.03513,1.04638,37.5,-1.032
2025-02-12 16:00:00,EURUSD,H4,buy,1.03895,1.03158,1.05369,73.7,1.983
2025-02-14 08:00:00,EURUSD,H4,buy,1.04974,1.04460,1.06002,51.4,-1.024
2025-02-19 08:00:00,EURUSD,H4,sell,1.04044,1.04623,1.02886,57.9,-1.021
2025-02-21 16:00:00,EURUSD,H4,buy,1.04570,1.04482,1.04746,8.8,1.876
2025-02-26 12:00:00,EURUSD,H4,buy,1.04860,1.04737,1.05106,12.3,-1.092
2025-03-04 08:00:00,EURUSD,H4,buy,1.05335,1.04698,1.06609,63.7,1.981
2025-03-06 20:00:00,EURUSD,H4,buy,1.08128,1.07645,1.09094,48.3,1.975
2025-03-28 12:00:00,EURUSD,H4,buy,1.08237,1.07634,1.09443,60.3,1.980
2025-04-07 00:00:00,EURUSD,H4,buy,1.10003,1.08782,1.12445,122.1,1.990
2025-04-13 16:00:00,EURUSD,H4,buy,1.13420,1.12753,1.14754,66.7,-1.018
2025-05-14 08:00:00,EURUSD,H4,buy,1.12048,1.11788,1.12568,26.0,-1.046
2025-06-06 04:00:00,EURUSD,H4,sell,1.14178,1.14582,1.13370,40.4,-1.030
2025-06-11 08:00:00,EURUSD,H4,buy,1.14892,1.14042,1.16592,85.0,1.986
2025-06-18 00:00:00,EURUSD,H4,buy,1.15132,1.14733,1.15930,39.9,-1.030
2025-06-25 08:00:00,EURUSD,H4,buy,1.16198,1.15888,1.16818,31.0,1.961
2025-07-31 08:00:00,EURUSD,H4,sell,1.14301,1.14616,1.13671,31.5,-1.038
2025-08-07 12:00:00,EURUSD,H4,sell,1.16543,1.16996,1.15637,45.3,-1.027
2025-08-12 12:00:00,EURUSD,H4,buy,1.16745,1.15976,1.18283,76.9,-1.016
2025-08-19 04:00:00,EURUSD,H4,buy,1.16855,1.16380,1.17805,47.5,-1.026
2025-08-21 12:00:00,EURUSD,H4,sell,1.16048,1.16636,1.14872,58.8,-1.021
2025-08-25 20:00:00,EURUSD,H4,buy,1.16256,1.16018,1.16732,23.8,-1.050
2025-08-28 20:00:00,EURUSD,H4,sell,1.16624,1.16982,1.15908,35.8,-1.034
2025-09-04 16:00:00,EURUSD,H4,buy,1.16567,1.16288,1.17125,27.9,1.957
2025-09-30 04:00:00,EURUSD,H4,buy,1.17420,1.17109,1.18042,31.1,-1.039
2025-10-08 16:00:00,EURUSD,H4,sell,1.16290,1.16457,1.15956,16.7,-1.070
2025-10-15 16:00:00,EURUSD,H4,buy,1.16456,1.16093,1.17182,36.3,1.967
2025-12-12 12:00:00,EURUSD,H4,buy,1.17390,1.17185,1.17800,20.5,1.943
2025-12-18 12:00:00,EURUSD,H4,buy,1.17219,1.17113,1.17431,10.6,-1.105
2025-12-25 20:00:00,EURUSD,H4,buy,1.17831,1.17653,1.18187,17.8,-1.066
2022-01-03 16:00:00,GBPUSD,H1,sell,1.34770,1.34867,1.34576,9.7,-1.114
2022-01-04 09:00:00,GBPUSD,H1,buy,1.35161,1.34776,1.35931,38.5,1.969
2022-01-06 12:00:00,GBPUSD,H1,buy,1.35301,1.35148,1.35607,15.3,1.924
2022-01-09 19:00:00,GBPUSD,H1,buy,1.35940,1.35724,1.36372,21.6,-1.055
2022-01-11 03:00:00,GBPUSD,H1,buy,1.36103,1.35784,1.36741,31.9,-1.038
2022-01-11 22:00:00,GBPUSD,H1,buy,1.36440,1.36269,1.36782,17.1,-1.068
2022-01-19 10:00:00,GBPUSD,H1,buy,1.36276,1.36194,1.36440,8.2,-1.132
2022-01-20 02:00:00,GBPUSD,H1,buy,1.36263,1.36185,1.36419,7.8,-1.138
2022-01-20 21:00:00,GBPUSD,H1,sell,1.36002,1.36029,1.35948,2.7,1.684
2022-02-03 13:00:00,GBPUSD,H1,sell,1.36052,1.36204,1.35748,15.2,1.924
2022-02-06 18:00:00,GBPUSD,H1,buy,1.35324,1.35201,1.35570,12.3,-1.092
2022-02-07 14:00:00,GBPUSD,H1,buy,1.35376,1.35138,1.35852,23.8,-1.050
2022-02-08 15:00:00,GBPUSD,H1,buy,1.35500,1.35361,1.35778,13.9,1.917
2022-02-10 18:00:00,GBPUSD,H1,buy,1.35490,1.35396,1.35678,9.4,-1.117
2022-02-16 21:00:00,GBPUSD,H1,sell,1.35897,1.35941,1.35809,4.4,-1.221
2022-02-18 16:00:00,GBPUSD,H1,sell,1.35839,1.36067,1.35383,22.8,-1.052
2022-02-21 10:00:00,GBPUSD,H1,buy,1.36068,1.35926,1.36352,14.2,-1.081
2022-02-22 16:00:00,GBPUSD,H1,buy,1.35830,1.35746,1.35998,8.4,1.870
2022-02-24 16:00:00,GBPUSD,H1,sell,1.33758,1.34057,1.33160,29.9,-1.040
2022-02-25 09:00:00,GBPUSD,H1,sell,1.33715,1.34132,1.32881,41.7,-1.029
2022-02-28 01:00:00,GBPUSD,H1,buy,1.33697,1.33402,1.34287,29.5,1.959
2022-02-28 10:00:00,GBPUSD,H1,buy,1.34197,1.33858,1.34875,33.9,-1.036
2022-03-01 16:00:00,GBPUSD,H1,sell,1.33226,1.33349,1.32980,12.3,-1.092
2022-03-02 12:00:00,GBPUSD,H1,buy,1.33592,1.33087,1.34602,50.5,-1.024
2022-03-03 19:00:00,GBPUSD,H1,sell,1.33230,1.33555,1.32580,32.5,1.963
2022-03-07 04:00:00,GBPUSD,H1,sell,1.31682,1.32291,1.30464,60.9,1.980
2022-03-07 23:00:00,GBPUSD,H1,sell,1.31232,1.31314,1.31068,8.2,1.868
2022-03-08 15:00:00,GBPUSD,H1,sell,1.30988,1.31449,1.30066,46.1,-1.026
2022-03-09 10:00:00,GBPUSD,H1,buy,1.31574,1.31359,1.32004,21.5,-1.055
2022-03-13 20:00:00,GBPUSD,H1,sell,1.30295,1.30533,1.29819,23.8,-1.050
2022-03-15 04:00:00,GBPUSD,H1,sell,1.30412,1.30519,1.30198,10.7,-1.105
2022-03-15 22:00:00,GBPUSD,H1,buy,1.30522,1.30346,1.30874,17.6,1.934
2022-03-16 11:00:00,GBPUSD,H1,buy,1.31123,1.30732,1.31905,39.1,-1.031
2022-03-17 03:00:00,GBPUSD,H1,buy,1.31810,1.31468,1.32494,34.2,-1.035
2022-03-20 21:00:00,GBPUSD,H1,buy,1.31647,1.31535,1.31871,11.2,-1.100
2022-03-21 16:00:00,GBPUSD,H1,buy,1.31644,1.31539,1.31854,10.5,-1.106
2022-03-23 10:00:00,GBPUSD,H1,buy,1.32113,1.31739,1.32861,37.4,-1.032
2022-03-24 11:00:00,GBPUSD,H1,buy,1.31787,1.31658,1.32045,12.9,1.912
2022-03-28 06:00:00,GBPUSD,H1,sell,1.31551,1.31682,1.31289,13.1,1.913
2022-03-28 15:00:00,GBPUSD,H1,sell,1.30937,1.31002,1.30807,6.5,-1.161
2022-03-29 17:00:00,GBPUSD,H1,sell,1.30965,1.31061,1.30773,9.6,-1.115
2022-03-30 15:00:00,GBPUSD,H1,buy,1.31334,1.31255,1.31492,7.9,-1.137
2022-03-31 20:00:00,GBPUSD,H1,sell,1.31368,1.31524,1.31056,15.6,1.926
2022-04-01 14:00:00,GBPUSD,H1,sell,1.31059,1.31151,1.30875,9.2,-1.120
2022-04-04 12:00:00,GBPUSD,H1,sell,1.31035,1.31297,1.30511,26.2,-1.046
2022-04-04 19:00:00,GBPUSD,H1,buy,1.31123,1.31100,1.31169,2.3,-1.352
2022-04-14 16:00:00,GBPUSD,H1,sell,1.30710,1.30832,1.30466,12.2,1.907
2022-04-17 18:00:00,GBPUSD,H1,sell,1.30636,1.30684,1.30540,4.8,1.793
2022-04-18 10:00:00,GBPUSD,H1,sell,1.30178,1.30455,1.29624,27.7,-1.043
2022-04-18 22:00:00,GBPUSD,H1,sell,1.29964,1.30195,1.29502,23.1,-1.051
2022-04-20 19:00:00,GBPUSD,H1,buy,1.30678,1.30494,1.31046,18.4,-1.064
2022-04-21 21:00:00,GBPUSD,H1,sell,1.30243,1.30359,1.30011,11.6,1.903
2022-04-25 10:00:00,GBPUSD,H1,sell,1.27126,1.27556,1.26266,43.0,-1.028
2022-04-26 21:00:00,GBPUSD,H1,sell,1.25839,1.25881,1.25755,4.2,-1.229
2022-05-04 23:00:00,GBPUSD,H1,sell,1.25797,1.26337,1.24717,54.0,1.977
2022-05-05 05:00:00,GBPUSD,H1,buy,1.25686,1.25159,1.26740,52.7,-1.023
2022-05-23 09:00:00,GBPUSD,H1,sell,1.25841,1.26017,1.25489,17.6,1.934
2022-05-25 00:00:00,GBPUSD,H1,buy,1.25375,1.25129,1.25867,24.6,-1.048
2022-05-25 15:00:00,GBPUSD,H1,buy,1.25765,1.25233,1.26829,53.2,-1.023
2022-06-01 16:00:00,GBPUSD,H1,sell,1.24838,1.25031,1.24452,19.3,-1.061
2022-06-02 17:00:00,GBPUSD,H1,buy,1.25740,1.25631,1.25958,10.9,-1.103
2022-06-06 13:00:00,GBPUSD,H1,buy,1.25383,1.25238,1.25673,14.5,-1.079
2022-06-07 11:00:00,GBPUSD,H1,buy,1.25937,1.24808,1.28195,112.9,-1.011
2022-06-08 10:00:00,GBPUSD,H1,buy,1.25500,1.25203,1.26094,29.7,-1.040
2022-06-09 22:00:00,GBPUSD,H1,sell,1.24961,1.25005,1.24873,4.4,-1.221
2022-06-13 03:00:00,GBPUSD,H1,sell,1.22392,1.23012,1.21152,62.0,1.980
2022-06-17 06:00:00,GBPUSD,H1,sell,1.22979,1.23437,1.22063,45.8,1.973
2022-06-19 20:00:00,GBPUSD,H1,buy,1.22225,1.22059,1.22557,16.6,-1.070
2022-06-21 04:00:00,GBPUSD,H1,buy,1.23090,1.22436,1.24398,65.4,-1.019
2022-06-21 17:00:00,GBPUSD,H1,sell,1.22782,1.22825,1.22696,4.3,1.775
2022-06-22 15:00:00,GBPUSD,H1,buy,1.22639,1.22558,1.22801,8.1,-1.134
2022-06-28 23:00:00,GBPUSD,H1,sell,1.22039,1.22137,1.21843,9.8,1.887
2022-06-29 19:00:00,GBPUSD,H1,sell,1.21285,1.21329,1.21197,4.4,1.779
2022-07-04 23:00:00,GBPUSD,H1,sell,1.21120,1.21234,1.20892,11.4,-1.099
2022-07-10 20:00:00,GBPUSD,H1,sell,1.20084,1.20379,1.19494,29.5,1.959
2022-07-18 20:00:00,GBPUSD,H1,sell,1.19349,1.19590,1.18867,24.1,-1.049
2022-07-19 10:00:00,GBPUSD,H1,buy,1.20268,1.19985,1.20834,28.3,-1.042
2022-07-20 12:00:00,GBPUSD,H1,sell,1.19713,1.20071,1.18997,35.8,1.966
2022-07-25 12:00:00,GBPUSD,H1,buy,1.20507,1.20235,1.21051,27.2,-1.044
2022-07-26 19:00:00,GBPUSD,H1,buy,1.20350,1.20166,1.20718,18.4,1.936
2022-07-27 19:00:00,GBPUSD,H1,buy,1.21616,1.21449,1.21950,16.7,-1.070
2022-07-28 11:00:00,GBPUSD,H1,sell,1.21263,1.21667,1.20455,40.4,-1.030
2022-07-28 20:00:00,GBPUSD,H1,buy,1.21734,1.21608,1.21986,12.6,1.910
2022-07-29 13:00:00,GBPUSD,H1,sell,1.21622,1.21874,1.21118,25.2,-1.047
2022-08-01 16:00:00,GBPUSD,H1,buy,1.22467,1.22397,1.22607,7.0,1.848
2022-08-02 11:00:00,GBPUSD,H1,sell,1.22194,1.22417,1.21748,22.3,1.947
2022-08-02 20:00:00,GBPUSD,H1,sell,1.21465,1.21738,1.20919,27.3,-1.044
2022-08-03 06:00:00,GBPUSD,H1,sell,1.21817,1.22085,1.21281,26.8,1.955
2022-08-03 16:00:00,GBPUSD,H1,sell,1.21430,1.21562,1.21166,13.2,-1.087
2022-08-04 16:00:00,GBPUSD,H1,sell,1.21570,1.21765,1.21180,19.5,1.940
2022-08-04 23:00:00,GBPUSD,H1,buy,1.21430,1.21287,1.21716,14.3,-1.080
2022-08-05 10:00:00,GBPUSD,H1,sell,1.20619,1.21492,1.18873,87.3,-1.014
2022-08-10 19:00:00,GBPUSD,H1,buy,1.22106,1.22016,1.22286,9.0,-1.122
2022-08-11 00:00:00,GBPUSD,H1,buy,1.21901,1.21808,1.22087,9.3,1.882
2022-08-11 18:00:00,GBPUSD,H1,sell,1.21990,1.22109,1.21752,11.9,-1.095
2022-08-12 10:00:00,GBPUSD,H1,sell,1.21170,1.21493,1.20524,32.3,1.963
2022-08-15 20:00:00,GBPUSD,H1,sell,1.20393,1.20597,1.19985,20.4,-1.058
2022-08-16 14:00:00,GBPUSD,H1,buy,1.20887,1.20730,1.21201,15.7,1.926
2022-08-17 14:00:00,GBPUSD,H1,buy,1.20635,1.20267,1.21371,36.8,-1.033
2022-08-18 21:00:00,GBPUSD,H1,sell,1.19108,1.19367,1.18590,25.9,1.954
2022-08-19 05:00:00,GBPUSD,H1,sell,1.18703,1.19264,1.17581,56.1,1.978
2022-08-29 12:00:00,GBPUSD,H1,sell,1.17216,1.17448,1.16752,23.2,-1.051
2022-08-29 23:00:00,GBPUSD,H1,sell,1.17008,1.17275,1.16474,26.7,-1.045
2022-08-31 13:00:00,GBPUSD,H1,sell,1.16168,1.16541,1.15422,37.3,1.968
2022-09-01 16:00:00,GBPUSD,H1,sell,1.15427,1.15559,1.15163,13.2,-1.087
2022-09-04 18:00:00,GBPUSD,H1,sell,1.14798,1.15277,1.13840,47.9,-1.025
2022-09-05 17:00:00,GBPUSD,H1,buy,1.15205,1.15116,1.15383,8.9,1.877
2022-09-07 06:00:00,GBPUSD,H1,sell,1.14436,1.15238,1.12832,80.2,-1.015
2022-09-07 22:00:00,GBPUSD,H1,buy,1.15075,1.14996,1.15233,7.9,-1.137
2022-09-08 15:00:00,GBPUSD,H1,sell,1.15017,1.15174,1.14703,15.7,-1.074
2022-09-09 04:00:00,GBPUSD,H1,buy,1.16291,1.15769,1.17335,52.2,-1.023
2022-09-09 16:00:00,GBPUSD,H1,buy,1.15876,1.15792,1.16044,8.4,1.870
2022-09-12 08:00:00,GBPUSD,H1,buy,1.16920,1.16615,1.17530,30.5,-1.039
2022-09-13 22:00:00,GBPUSD,H1,sell,1.15068,1.15134,1.14936,6.6,-1.159
2022-09-14 20:00:00,GBPUSD,H1,sell,1.15332,1.15493,1.15010,16.1,1.928
2022-09-15 23:00:00,GBPUSD,H1,sell,1.14623,1.14809,1.14251,18.6,1.937
2022-09-20 01:00:00,GBPUSD,H1,sell,1.14245,1.14372,1.13991,12.7,-1.090
2022-09-20 22:00:00,GBPUSD,H1,sell,1.13765,1.13852,1.13591,8.7,1.874
2022-09-22 22:00:00,GBPUSD,H1,sell,1.12331,1.12749,1.11495,41.8,1.971
2022-09-23 04:00:00,GBPUSD,H1,sell,1.11747,1.12452,1.10337,70.5,1.983
2022-09-30 12:00:00,GBPUSD,H1,sell,1.11288,1.11772,1.10320,48.4,-1.025
2022-10-12 00:00:00,GBPUSD,H1,buy,1.09953,1.09217,1.11425,73.6,1.983
2022-10-12 11:00:00,GBPUSD,H1,buy,1.10929,1.10210,1.12367,71.9,1.983
2022-10-13 05:00:00,GBPUSD,H1,buy,1.11461,1.10555,1.13273,90.6,1.986
2022-10-23 21:00:00,GBPUSD,H1,buy,1.13198,1.13060,1.13474,13.8,-1.083
2022-10-24 11:00:00,GBPUSD,H1,sell,1.12916,1.13445,1.11858,52.9,-1.023
2022-10-24 23:00:00,GBPUSD,H1,buy,1.13013,1.12912,1.13215,10.1,-1.110
2022-10-25 16:00:00,GBPUSD,H1,buy,1.14685,1.14586,1.14883,9.9,-1.112
2022-11-03 09:00:00,GBPUSD,H1,sell,1.12224,1.12785,1.11102,56.1,-1.022
2022-11-08 20:00:00,GBPUSD,H1,sell,1.15296,1.15583,1.14722,28.7,-1.042
2022-11-09 12:00:00,GBPUSD,H1,buy,1.13787,1.13545,1.14271,24.2,-1.049
2022-11-10 14:00:00,GBPUSD,H1,buy,1.16962,1.16257,1.18372,70.5,1.983
2022-11-11 11:00:00,GBPUSD,H1,buy,1.17935,1.17076,1.19653,85.9,1.986
2022-11-14 05:00:00,GBPUSD,H1,sell,1.17615,1.18293,1.16259,67.8,-1.018
2022-11-15 16:00:00,GBPUSD,H1,buy,1.18613,1.17891,1.20057,72.2,-1.017
2022-11-17 15:00:00,GBPUSD,H1,sell,1.18622,1.18653,1.18560,3.1,-1.287
2022-11-20 17:00:00,GBPUSD,H1,sell,1.18860,1.19012,1.18556,15.2,1.924
2022-11-21 11:00:00,GBPUSD,H1,sell,1.17829,1.18278,1.16931,44.9,-1.027
2022-11-22 04:00:00,GBPUSD,H1,buy,1.18593,1.18231,1.19317,36.2,1.967
2022-11-23 01:00:00,GBPUSD,H1,buy,1.18887,1.18710,1.19241,17.7,1.934
2022-11-23 16:00:00,GBPUSD,H1,buy,1.20515,1.20177,1.21191,33.8,1.964
2022-12-01 04:00:00,GBPUSD,H1,buy,1.21494,1.20683,1.23116,81.1,1.985
2022-12-02 16:00:00,GBPUSD,H1,buy,1.22772,1.22576,1.23164,19.6,1.940
2022-12-05 18:00:00,GBPUSD,H1,sell,1.21915,1.21992,1.21761,7.7,-1.140
2022-12-13 15:00:00,GBPUSD,H1,buy,1.23585,1.23440,1.23875,14.5,-1.079
2022-12-14 16:00:00,GBPUSD,H1,buy,1.24234,1.23432,1.25838,80.2,-1.015
2022-12-15 11:00:00,GBPUSD,H1,sell,1.22041,1.23574,1.18975,153.3,0.681
2022-12-19 13:00:00,GBPUSD,H1,sell,1.21586,1.21939,1.20880,35.3,-1.034
2022-12-20 05:00:00,GBPUSD,H1,sell,1.21750,1.21978,1.21294,22.8,1.948
2022-12-21 16:00:00,GBPUSD,H1,sell,1.20788,1.20977,1.20410,18.9,-1.062
2022-12-22 13:00:00,GBPUSD,H1,sell,1.20112,1.20448,1.19440,33.6,-1.036
2022-12-23 03:00:00,GBPUSD,H1,buy,1.20535,1.20275,1.21055,26.0,-1.046
2022-12-26 15:00:00,GBPUSD,H1,buy,1.20565,1.20506,1.20683,5.9,1.825
2022-12-27 12:00:00,GBPUSD,H1,sell,1.20133,1.20485,1.19429,35.2,-1.034
2022-12-28 15:00:00,GBPUSD,H1,sell,1.20161,1.20547,1.19389,38.6,-1.031
2022-12-29 19:00:00,GBPUSD,H1,buy,1.20653,1.20464,1.21031,18.9,-1.062
2023-01-02 20:00:00,GBPUSD,H1,sell,1.20506,1.20759,1.20000,25.3,-1.047
2023-01-03 11:00:00,GBPUSD,H1,sell,1.19683,1.20582,1.17885,89.9,-1.014
2023-01-05 15:00:00,GBPUSD,H1,sell,1.19093,1.19359,1.18561,26.6,1.955
2023-01-08 19:00:00,GBPUSD,H1,buy,1.21083,1.20782,1.21685,30.1,1.960
2023-01-10 02:00:00,GBPUSD,H1,sell,1.21492,1.21782,1.20912,29.0,-1.041
2023-01-10 21:00:00,GBPUSD,H1,sell,1.21470,1.21645,1.21120,17.5,-1.067
2023-01-11 12:00:00,GBPUSD,H1,sell,1.21204,1.21542,1.20528,33.8,-1.036
2023-01-12 04:00:00,GBPUSD,H1,buy,1.21766,1.21320,1.22658,44.6,-1.027
2023-01-15 19:00:00,GBPUSD,H1,buy,1.22451,1.22094,1.23165,35.7,-1.034
2023-01-16 11:00:00,GBPUSD,H1,sell,1.22072,1.22118,1.21980,4.6,1.786
2023-01-17 14:00:00,GBPUSD,H1,buy,1.22740,1.22448,1.23324,29.2,1.959
2023-01-18 16:00:00,GBPUSD,H1,buy,1.23424,1.23258,1.23756,16.6,-1.070
2023-01-24 21:00:00,GBPUSD,H1,buy,1.23243,1.23099,1.23531,14.4,-1.080
2023-01-25 19:00:00,GBPUSD,H1,buy,1.24068,1.23860,1.24484,20.8,-1.057
2023-01-30 01:00:00,GBPUSD,H1,sell,1.23920,1.24063,1.23634,14.3,-1.080
2023-01-31 04:00:00,GBPUSD,H1,sell,1.23249,1.23632,1.22483,38.3,-1.032
2023-01-31 16:00:00,GBPUSD,H1,sell,1.23137,1.23380,1.22651,24.3,-1.049
2023-02-01 22:00:00,GBPUSD,H1,buy,1.23845,1.23692,1.24151,15.3,-1.076
2023-02-03 03:00:00,GBPUSD,H1,sell,1.21958,1.22244,1.21386,28.6,-1.042
2023-02-05 20:00:00,GBPUSD,H1,sell,1.20415,1.20575,1.20095,16.0,-1.072
2023-02-10 05:00:00,GBPUSD,H1,sell,1.21124,1.21400,1.20572,27.6,1.957
2023-02-13 19:00:00,GBPUSD,H1,buy,1.21475,1.21214,1.21997,26.1,1.954
2023-02-15 13:00:00,GBPUSD,H1,sell,1.20150,1.20352,1.19746,20.2,-1.058
2023-02-21 22:00:00,GBPUSD,H1,sell,1.21194,1.21360,1.20862,16.6,1.930
2023-02-26 21:00:00,GBPUSD,H1,buy,1.19546,1.19410,1.19818,13.6,-1.084
2023-02-28 06:00:00,GBPUSD,H1,buy,1.20951,1.20257,1.22339,69.4,-1.018
2023-03-01 06:00:00,GBPUSD,H1,sell,1.20493,1.20894,1.19691,40.1,1.970
2023-03-01 21:00:00,GBPUSD,H1,sell,1.20112,1.20372,1.19592,26.0,1.954
2023-03-02 23:00:00,GBPUSD,H1,sell,1.19667,1.19777,1.19447,11.0,-1.102
2023-03-06 03:00:00,GBPUSD,H1,buy,1.20316,1.20221,1.20506,9.5,-1.116
2023-03-08 14:00:00,GBPUSD,H1,sell,1.18420,1.18596,1.18068,17.6,-1.066
2023-03-12 22:00:00,GBPUSD,H1,buy,1.21230,1.20529,1.22632,70.1,-1.018
2023-03-16 21:00:00,GBPUSD,H1,buy,1.21351,1.21005,1.22043,34.6,1.965
2023-03-19 22:00:00,GBPUSD,H1,buy,1.21727,1.21673,1.21835,5.4,1.812
2023-03-21 09:00:00,GBPUSD,H1,sell,1.22180,1.22597,1.21346,41.7,-1.029
2023-03-22 03:00:00,GBPUSD,H1,buy,1.22744,1.22225,1.23782,51.9,-1.024
2023-03-23 11:00:00,GBPUSD,H1,buy,1.23213,1.22636,1.24367,57.7,-1.021
2023-03-23 22:00:00,GBPUSD,H1,buy,1.22821,1.22601,1.23261,22.0,-1.054
2023-03-26 21:00:00,GBPUSD,H1,sell,1.22360,1.22459,1.22162,9.9,-1.112
2023-03-27 12:00:00,GBPUSD,H1,buy,1.22826,1.22399,1.23680,42.7,1.972
2023-03-28 08:00:00,GBPUSD,H1,buy,1.23130,1.22797,1.23796,33.3,1.964
2023-03-31 07:00:00,GBPUSD,H1,buy,1.23734,1.23523,1.24156,21.1,-1.056
2023-04-03 23:00:00,GBPUSD,H1,buy,1.24042,1.23972,1.24182,7.0,-1.152
2023-04-11 10:00:00,GBPUSD,H1,buy,1.24305,1.24166,1.24583,13.9,-1.083
2023-04-17 05:00:00,GBPUSD,H1,sell,1.24010,1.24289,1.23452,27.9,-1.043
2023-04-30 22:00:00,GBPUSD,H1,buy,1.25616,1.25493,1.25862,12.3,-1.092
2023-05-02 20:00:00,GBPUSD,H1,buy,1.24815,1.24640,1.25165,17.5,1.933
2023-05-05 04:00:00,GBPUSD,H1,buy,1.26073,1.25958,1.26303,11.5,-1.098
2023-05-14 23:00:00,GBPUSD,H1,sell,1.24573,1.24670,1.24379,9.7,-1.114
2023-05-15 20:00:00,GBPUSD,H1,buy,1.25300,1.25168,1.25564,13.2,-1.087
2023-05-16 17:00:00,GBPUSD,H1,buy,1.24814,1.24752,1.24938,6.2,-1.168
2023-05-18 00:00:00,GBPUSD,H1,sell,1.24737,1.24936,1.24339,19.9,1.941
2023-06-01 22:00:00,GBPUSD,H1,buy,1.25397,1.25214,1.25763,18.3,-1.064
2023-06-05 15:00:00,GBPUSD,H1,sell,1.24311,1.24392,1.24149,8.1,-1.134
2023-06-08 03:00:00,GBPUSD,H1,sell,1.24564,1.24621,1.24450,5.7,-1.180
2023-06-09 02:00:00,GBPUSD,H1,buy,1.25576,1.25434,1.25860,14.2,-1.081
2023-06-13 18:00:00,GBPUSD,H1,buy,1.26094,1.25916,1.26450,17.8,1.934
2023-06-14 18:00:00,GBPUSD,H1,buy,1.26602,1.26253,1.27300,34.9,1.965
2023-06-28 22:00:00,GBPUSD,H1,buy,1.26262,1.26239,1.26308,2.3,-1.352
2023-07-06 21:00:00,GBPUSD,H1,sell,1.27323,1.27457,1.27055,13.4,-1.085
2023-07-10 04:00:00,GBPUSD,H1,buy,1.28178,1.27970,1.28594,20.8,-1.057
2023-07-24 14:00:00,GBPUSD,H1,buy,1.28237,1.27966,1.28779,27.1,1.956
2023-07-27 06:00:00,GBPUSD,H1,sell,1.29575,1.29963,1.28799,38.8,1.969
2023-07-28 01:00:00,GBPUSD,H1,sell,1.27935,1.28088,1.27629,15.3,-1.076
2023-07-30 22:00:00,GBPUSD,H1,sell,1.28541,1.28605,1.28413,6.4,-1.163
2023-08-01 12:00:00,GBPUSD,H1,sell,1.27605,1.27961,1.26893,35.6,-1.034
2023-08-02 06:00:00,GBPUSD,H1,sell,1.27822,1.27996,1.27474,17.4,1.933
2023-08-02 15:00:00,GBPUSD,H1,sell,1.27136,1.27395,1.26618,25.9,1.954
2023-08-02 19:00:00,GBPUSD,H1,buy,1.27185,1.27033,1.27489,15.2,-1.076
2023-08-06 19:00:00,GBPUSD,H1,buy,1.27483,1.27372,1.27705,11.1,-1.101
2023-08-07 19:00:00,GBPUSD,H1,buy,1.27809,1.27750,1.27927,5.9,-1.175
2023-08-09 12:00:00,GBPUSD,H1,sell,1.27228,1.27520,1.26644,29.2,-1.041
2023-08-10 00:00:00,GBPUSD,H1,sell,1.27118,1.27244,1.26866,12.6,-1.090
2023-08-13 19:00:00,GBPUSD,H1,sell,1.26936,1.27041,1.26726,10.5,1.894
2023-08-14 23:00:00,GBPUSD,H1,sell,1.26883,1.26942,1.26765,5.9,-1.175
2023-08-17 13:00:00,GBPUSD,H1,buy,1.27375,1.27361,1.27403,1.4,-1.472
2023-08-18 08:00:00,GBPUSD,H1,sell,1.27106,1.27429,1.26460,32.3,-1.037
2023-08-20 18:00:00,GBPUSD,H1,buy,1.27356,1.27262,1.27544,9.4,-1.117
2023-08-21 19:00:00,GBPUSD,H1,buy,1.27593,1.27512,1.27755,8.1,1.866
2023-08-23 05:00:00,GBPUSD,H1,sell,1.26433,1.27654,1.23991,122.1,1.990
2023-08-30 23:00:00,GBPUSD,H1,sell,1.27200,1.27350,1.26900,15.0,1.923
2023-09-03 18:00:00,GBPUSD,H1,buy,1.25876,1.25821,1.25986,5.5,1.815
2023-09-04 08:00:00,GBPUSD,H1,sell,1.26252,1.26433,1.25890,18.1,1.935
2023-09-05 11:00:00,GBPUSD,H1,sell,1.25805,1.25834,1.25747,2.9,-1.301
2023-09-05 17:00:00,GBPUSD,H1,buy,1.25656,1.25573,1.25822,8.3,-1.131
2023-09-11 07:00:00,GBPUSD,H1,sell,1.25145,1.25380,1.24675,23.5,-1.051
2023-09-12 10:00:00,GBPUSD,H1,buy,1.24642,1.24582,1.24762,6.0,1.828
2023-09-13 00:00:00,GBPUSD,H1,buy,1.24943,1.24797,1.25235,14.6,-1.079
2023-09-13 17:00:00,GBPUSD,H1,buy,1.24893,1.24797,1.25085,9.6,-1.115
2023-09-14 10:00:00,GBPUSD,H1,sell,1.24214,1.24811,1.23020,59.7,1.979
2023-09-17 23:00:00,GBPUSD,H1,sell,1.23873,1.24046,1.23527,17.3,-1.067
2023-09-18 19:00:00,GBPUSD,H1,sell,1.23827,1.23887,1.23707,6.0,-1.172
2023-09-21 04:00:00,GBPUSD,H1,sell,1.23037,1.23321,1.22469,28.4,1.958
2023-09-22 12:00:00,GBPUSD,H1,sell,1.22513,1.22854,1.21831,34.1,1.965
2023-10-01 20:00:00,GBPUSD,H1,sell,1.21876,1.22065,1.21498,18.9,-1.062
2023-10-02 10:00:00,GBPUSD,H1,sell,1.21203,1.21681,1.20247,47.8,-1.025
2023-10-04 12:00:00,GBPUSD,H1,buy,1.21513,1.21050,1.22439,46.3,1.974
2023-10-05 19:00:00,GBPUSD,H1,buy,1.21868,1.21851,1.21902,1.7,-1.424
2023-10-08 19:00:00,GBPUSD,H1,buy,1.22191,1.21978,1.22617,21.3,-1.055
2023-10-09 14:00:00,GBPUSD,H1,buy,1.22338,1.21950,1.23114,38.8,1.969
2023-10-10 09:00:00,GBPUSD,H1,buy,1.22516,1.22341,1.22866,17.5,1.933
2023-10-11 06:00:00,GBPUSD,H1,buy,1.22914,1.22684,1.23374,23.0,-1.052
2023-10-13 01:00:00,GBPUSD,H1,sell,1.22051,1.22086,1.21981,3.5,1.737
2023-10-24 05:00:00,GBPUSD,H1,sell,1.22403,1.22895,1.21419,49.2,1.975
2023-10-24 18:00:00,GBPUSD,H1,sell,1.21602,1.21665,1.21476,6.3,-1.166
2023-11-05 19:00:00,GBPUSD,H1,buy,1.23672,1.23609,1.23798,6.3,1.834
2023-11-13 00:00:00,GBPUSD,H1,buy,1.22297,1.22219,1.22453,7.8,1.862
2023-11-14 21:00:00,GBPUSD,H1,buy,1.24896,1.24778,1.25132,11.8,-1.096
2023-11-15 23:00:00,GBPUSD,H1,buy,1.23930,1.23788,1.24214,14.2,-1.081
2023-11-16 17:00:00,GBPUSD,H1,buy,1.24144,1.24044,1.24344,10.0,-1.111
2023-11-17 11:00:00,GBPUSD,H1,buy,1.24276,1.24036,1.24756,24.0,1.950
2023-11-20 04:00:00,GBPUSD,H1,buy,1.25096,1.24698,1.25892,39.8,-1.030
2023-11-20 11:00:00,GBPUSD,H1,buy,1.25041,1.24607,1.25909,43.4,-1.028
2023-11-21 05:00:00,GBPUSD,H1,buy,1.25424,1.25185,1.25902,23.9,-1.050
2023-11-21 12:00:00,GBPUSD,H1,buy,1.25466,1.25253,1.25892,21.3,-1.055
2023-11-22 18:00:00,GBPUSD,H1,sell,1.24887,1.24976,1.24709,8.9,-1.123
2023-11-23 11:00:00,GBPUSD,H1,buy,1.25344,1.25238,1.25556,10.6,1.895
2023-11-23 16:00:00,GBPUSD,H1,sell,1.25316,1.25387,1.25174,7.1,-1.150
2023-11-24 14:00:00,GBPUSD,H1,buy,1.26084,1.25950,1.26352,13.4,-1.085
2023-12-07 12:00:00,GBPUSD,H1,buy,1.26025,1.25442,1.27191,58.3,-1.021
2023-12-14 16:00:00,GBPUSD,H1,buy,1.27655,1.27468,1.28029,18.7,-1.063
2023-12-19 19:00:00,GBPUSD,H1,sell,1.27240,1.27337,1.27046,9.7,1.886
2023-12-20 07:00:00,GBPUSD,H1,sell,1.26379,1.26801,1.25535,42.2,-1.029
2023-12-20 22:00:00,GBPUSD,H1,sell,1.26338,1.26511,1.25992,17.3,-1.067
2023-12-21 13:00:00,GBPUSD,H1,buy,1.26739,1.26417,1.27383,32.2,1.963
2023-12-22 10:00:00,GBPUSD,H1,buy,1.27155,1.26913,1.27639,24.2,-1.049
2023-12-26 14:00:00,GBPUSD,H1,buy,1.27225,1.27005,1.27665,22.0,-1.054
2023-12-27 16:00:00,GBPUSD,H1,buy,1.27971,1.27821,1.28271,15.0,-1.077
2023-12-29 09:00:00,GBPUSD,H1,sell,1.27327,1.27503,1.26975,17.6,-1.066
2024-01-04 12:00:00,GBPUSD,H1,sell,1.26832,1.27115,1.26266,28.3,1.958
2024-01-08 01:00:00,GBPUSD,H1,buy,1.27150,1.26967,1.27516,18.3,-1.064
2024-01-08 15:00:00,GBPUSD,H1,buy,1.27516,1.27385,1.27778,13.1,-1.087
2024-01-09 10:00:00,GBPUSD,H1,sell,1.27033,1.27363,1.26373,33.0,-1.036
2024-01-12 09:00:00,GBPUSD,H1,buy,1.27680,1.27182,1.28676,49.8,-1.024
2024-01-15 09:00:00,GBPUSD,H1,sell,1.27171,1.27400,1.26713,22.9,1.948
2024-01-19 00:00:00,GBPUSD,H1,sell,1.26987,1.27153,1.26655,16.6,1.930
2024-01-19 08:00:00,GBPUSD,H1,sell,1.26740,1.26914,1.26392,17.4,-1.067
2024-01-22 05:00:00,GBPUSD,H1,buy,1.27072,1.26855,1.27506,21.7,-1.054
2024-01-23 10:00:00,GBPUSD,H1,sell,1.26653,1.27191,1.25577,53.8,-1.023
2024-01-24 12:00:00,GBPUSD,H1,buy,1.27476,1.27325,1.27778,15.1,-1.076
2024-01-29 22:00:00,GBPUSD,H1,buy,1.27074,1.27043,1.27136,3.1,-1.287
2024-01-30 11:00:00,GBPUSD,H1,sell,1.26823,1.26885,1.26699,6.2,-1.168
2024-01-31 22:00:00,GBPUSD,H1,buy,1.26844,1.26729,1.27074,11.5,-1.098
2024-02-01 19:00:00,GBPUSD,H1,buy,1.27446,1.27387,1.27564,5.9,1.825
2024-02-02 16:00:00,GBPUSD,H1,sell,1.26284,1.26443,1.25966,15.9,1.927
2024-02-13 10:00:00,GBPUSD,H1,sell,1.26008,1.26885,1.24254,87.7,-1.014
2024-02-14 03:00:00,GBPUSD,H1,sell,1.25561,1.26119,1.24445,55.8,-1.022
2024-02-14 15:00:00,GBPUSD,H1,sell,1.25629,1.25712,1.25463,8.3,-1.131
2024-02-15 07:00:00,GBPUSD,H1,sell,1.25499,1.25613,1.25271,11.4,-1.099
2024-02-18 18:00:00,GBPUSD,H1,buy,1.26104,1.25959,1.26394,14.5,-1.079
2024-02-19 01:00:00,GBPUSD,H1,buy,1.26239,1.26101,1.26515,13.8,-1.083
2024-02-20 01:00:00,GBPUSD,H1,sell,1.25866,1.25896,1.25806,3.0,-1.294
2024-02-20 16:00:00,GBPUSD,H1,buy,1.26218,1.26151,1.26352,6.7,-1.157
2024-02-21 23:00:00,GBPUSD,H1,buy,1.26398,1.26299,1.26596,9.9,1.888
2024-02-23 06:00:00,GBPUSD,H1,buy,1.26801,1.26478,1.27447,32.3,-1.037
2024-02-28 16:00:00,GBPUSD,H1,buy,1.26605,1.26497,1.26821,10.8,-1.104
2024-02-29 23:00:00,GBPUSD,H1,sell,1.26280,1.26362,1.26116,8.2,-1.132
2024-03-01 05:00:00,GBPUSD,H1,sell,1.26294,1.26422,1.26038,12.8,-1.089
2024-03-04 10:00:00,GBPUSD,H1,buy,1.26976,1.26646,1.27636,33.0,1.964
2024-03-04 19:00:00,GBPUSD,H1,buy,1.26925,1.26827,1.27121,9.8,-1.113
2024-03-06 09:00:00,GBPUSD,H1,buy,1.27227,1.27040,1.27601,18.7,1.937
2024-03-07 03:00:00,GBPUSD,H1,buy,1.27368,1.27303,1.27498,6.5,-1.161
2024-03-07 10:00:00,GBPUSD,H1,buy,1.27890,1.27435,1.28800,45.5,1.973
2024-03-12 18:00:00,GBPUSD,H1,buy,1.27947,1.27844,1.28153,10.3,-1.108
2024-03-14 17:00:00,GBPUSD,H1,sell,1.27495,1.27583,1.27319,8.8,-1.124
2024-03-21 04:00:00,GBPUSD,H1,sell,1.27713,1.28040,1.27059,32.7,1.963
2024-03-21 22:00:00,GBPUSD,H1,sell,1.26425,1.26761,1.25753,33.6,1.964
2024-03-27 08:00:00,GBPUSD,H1,sell,1.26174,1.26393,1.25736,21.9,-1.054
2024-03-28 18:00:00,GBPUSD,H1,sell,1.26211,1.26353,1.25927,14.2,-1.081
2024-04-01 05:00:00,GBPUSD,H1,sell,1.26197,1.26322,1.25947,12.5,1.909
2024-04-03 22:00:00,GBPUSD,H1,buy,1.26499,1.26431,1.26635,6.8,1.845
2024-04-07 22:00:00,GBPUSD,H1,buy,1.26375,1.26132,1.26861,24.3,-1.049
2024-04-09 17:00:00,GBPUSD,H1,buy,1.26757,1.26616,1.27039,14.1,-1.081
2024-04-11 01:00:00,GBPUSD,H1,sell,1.25430,1.25503,1.25284,7.3,-1.146
2024-04-11 19:00:00,GBPUSD,H1,buy,1.25544,1.25494,1.25644,5.0,-1.200
2024-04-29 06:00:00,GBPUSD,H1,sell,1.25298,1.25410,1.25074,11.2,-1.100
2024-04-29 17:00:00,GBPUSD,H1,buy,1.25607,1.25508,1.25805,9.9,-1.112
2024-05-01 06:00:00,GBPUSD,H1,sell,1.24852,1.24990,1.24576,13.8,-1.083
2024-05-01 23:00:00,GBPUSD,H1,buy,1.25300,1.25193,1.25514,10.7,-1.105
2024-05-02 19:00:00,GBPUSD,H1,buy,1.25392,1.25283,1.25610,10.9,1.897
2024-05-08 04:00:00,GBPUSD,H1,sell,1.24749,1.24936,1.24375,18.7,-1.063
2024-05-14 22:00:00,GBPUSD,H1,buy,1.25948,1.25821,1.26202,12.7,1.910
2024-05-15 09:00:00,GBPUSD,H1,buy,1.26189,1.26018,1.26531,17.1,1.932
2024-05-16 16:00:00,GBPUSD,H1,buy,1.26686,1.26659,1.26740,2.7,-1.316
2024-05-20 05:00:00,GBPUSD,H1,buy,1.27037,1.26879,1.27353,15.8,-1.073
2024-05-22 03:00:00,GBPUSD,H1,buy,1.27471,1.27067,1.28279,40.4,-1.030
2024-05-23 00:00:00,GBPUSD,H1,buy,1.27257,1.27157,1.27457,10.0,-1.111
2024-05-24 15:00:00,GBPUSD,H1,buy,1.27396,1.27309,1.27570,8.7,-1.126
2024-05-27 15:00:00,GBPUSD,H1,buy,1.27705,1.27660,1.27795,4.5,-1.217
2024-05-29 05:00:00,GBPUSD,H1,sell,1.27606,1.27725,1.27368,11.9,1.905
2024-05-29 19:00:00,GBPUSD,H1,sell,1.26972,1.27069,1.26778,9.7,-1.114
2024-05-30 22:00:00,GBPUSD,H1,sell,1.27167,1.27349,1.26803,18.2,-1.064
2024-06-04 00:00:00,GBPUSD,H1,buy,1.28093,1.28025,1.28229,6.8,-1.155
2024-06-09 19:00:00,GBPUSD,H1,sell,1.27279,1.27320,1.27197,4.1,1.766
2024-06-10 12:00:00,GBPUSD,H1,buy,1.27285,1.27029,1.27797,25.6,1.953
2024-06-10 22:00:00,GBPUSD,H1,buy,1.27318,1.27233,1.27488,8.5,-1.128
2024-06-11 19:00:00,GBPUSD,H1,buy,1.27393,1.27322,1.27535,7.1,1.850
2024-06-12 04:00:00,GBPUSD,H1,buy,1.27574,1.27355,1.28012,21.9,1.946
2024-06-12 17:00:00,GBPUSD,H1,buy,1.27984,1.27899,1.28154,8.5,-1.128
2024-06-13 17:00:00,GBPUSD,H1,sell,1.27601,1.27681,1.27441,8.0,1.865
2024-06-19 08:00:00,GBPUSD,H1,sell,1.27193,1.27407,1.26765,21.4,1.945
2024-06-19 19:00:00,GBPUSD,H1,buy,1.27198,1.27134,1.27326,6.4,-1.163
2024-06-20 02:00:00,GBPUSD,H1,sell,1.27067,1.27188,1.26825,12.1,1.906
2024-06-20 13:00:00,GBPUSD,H1,sell,1.26647,1.26884,1.26173,23.7,-1.050
2024-06-24 16:00:00,GBPUSD,H1,sell,1.26817,1.26943,1.26565,12.6,-1.090
2024-06-26 15:00:00,GBPUSD,H1,sell,1.26248,1.26390,1.25964,14.2,-1.081
2024-07-01 19:00:00,GBPUSD,H1,sell,1.26449,1.26546,1.26255,9.7,1.886
2024-07-02 19:00:00,GBPUSD,H1,buy,1.26873,1.26755,1.27109,11.8,1.904
2024-07-04 10:00:00,GBPUSD,H1,buy,1.27621,1.27459,1.27945,16.2,1.928
2024-07-05 05:00:00,GBPUSD,H1,buy,1.27873,1.27620,1.28379,25.3,-1.047
2024-07-07 19:00:00,GBPUSD,H1,buy,1.28057,1.27845,1.28481,21.2,-1.056
2024-07-08 22:00:00,GBPUSD,H1,sell,1.28038,1.28173,1.27768,13.5,-1.085
2024-07-10 23:00:00,GBPUSD,H1,buy,1.28604,1.28480,1.28852,12.4,1.908
2024-07-29 08:00:00,GBPUSD,H1,sell,1.28381,1.28472,1.28199,9.1,-1.121
2024-08-13 23:00:00,GBPUSD,H1,sell,1.28559,1.28691,1.28295,13.2,1.913
2024-08-15 15:00:00,GBPUSD,H1,buy,1.28545,1.28467,1.28701,7.8,1.862
2024-08-16 05:00:00,GBPUSD,H1,buy,1.29050,1.28689,1.29772,36.1,1.967
2024-08-18 19:00:00,GBPUSD,H1,buy,1.29460,1.29303,1.29774,15.7,1.926
2024-08-19 19:00:00,GBPUSD,H1,buy,1.29890,1.29841,1.29988,4.9,-1.203
2024-08-21 05:00:00,GBPUSD,H1,sell,1.30268,1.30320,1.30164,5.2,-1.194
2024-08-21 18:00:00,GBPUSD,H1,buy,1.30926,1.30833,1.31112,9.3,-1.118
2024-08-23 08:00:00,GBPUSD,H1,buy,1.31191,1.31093,1.31387,9.8,-1.113
2024-08-26 09:00:00,GBPUSD,H1,buy,1.31866,1.31784,1.32030,8.2,1.868
2024-08-28 04:00:00,GBPUSD,H1,buy,1.32296,1.32158,1.32572,13.8,-1.083
2024-08-28 12:00:00,GBPUSD,H1,sell,1.31853,1.32314,1.30931,46.1,1.974
2024-08-29 14:00:00,GBPUSD,H1,sell,1.31707,1.31912,1.31297,20.5,-1.057
2024-09-08 23:00:00,GBPUSD,H1,sell,1.31300,1.31438,1.31024,13.8,1.917
2024-09-13 05:00:00,GBPUSD,H1,buy,1.31351,1.31231,1.31591,12.0,-1.094
2024-09-15 19:00:00,GBPUSD,H1,buy,1.31349,1.31156,1.31735,19.3,1.939
2024-09-16 10:00:00,GBPUSD,H1,buy,1.31988,1.31862,1.32240,12.6,1.910
2024-09-18 10:00:00,GBPUSD,H1,buy,1.32113,1.32042,1.32255,7.1,-1.150
2024-09-19 11:00:00,GBPUSD,H1,buy,1.32787,1.32186,1.33989,60.1,1.980
2024-10-03 11:00:00,GBPUSD,H1,sell,1.31113,1.31274,1.30791,16.1,-1.072
2024-10-06 18:00:00,GBPUSD,H1,sell,1.31167,1.31302,1.30897,13.5,-1.085
2024-10-07 11:00:00,GBPUSD,H1,sell,1.30795,1.30948,1.30489,15.3,-1.076
2024-10-09 09:00:00,GBPUSD,H1,sell,1.30747,1.30962,1.30317,21.5,1.945
2024-10-11 14:00:00,GBPUSD,H1,buy,1.30718,1.30645,1.30864,7.3,-1.146
2024-10-14 13:00:00,GBPUSD,H1,sell,1.30567,1.30609,1.30483,4.2,1.771
2024-10-15 22:00:00,GBPUSD,H1,buy,1.30736,1.30586,1.31036,15.0,-1.077
2024-10-16 19:00:00,GBPUSD,H1,sell,1.29908,1.29940,1.29844,3.2,-1.281
2024-10-17 19:00:00,GBPUSD,H1,buy,1.30143,1.30008,1.30413,13.5,1.915
2024-10-20 19:00:00,GBPUSD,H1,buy,1.30516,1.30341,1.30866,17.5,-1.067
2024-10-21 07:00:00,GBPUSD,H1,sell,1.30186,1.30343,1.29872,15.7,1.926
2024-11-06 02:00:00,GBPUSD,H1,sell,1.28659,1.29284,1.27409,62.5,-1.020
2024-11-08 04:00:00,GBPUSD,H1,sell,1.29598,1.29750,1.29294,15.2,-1.076
2024-11-12 08:00:00,GBPUSD,H1,sell,1.28097,1.28322,1.27647,22.5,1.947
2024-11-14 03:00:00,GBPUSD,H1,sell,1.26692,1.26961,1.26154,26.9,-1.044
2024-11-17 22:00:00,GBPUSD,H1,sell,1.26246,1.26431,1.25876,18.5,-1.063
2024-11-18 19:00:00,GBPUSD,H1,buy,1.26681,1.26623,1.26797,5.8,1.823
2024-11-19 15:00:00,GBPUSD,H1,buy,1.26772,1.26603,1.27110,16.9,-1.069
2024-11-21 17:00:00,GBPUSD,H1,sell,1.25908,1.26061,1.25602,15.3,1.924
2024-11-22 05:00:00,GBPUSD,H1,sell,1.25339,1.25826,1.24365,48.7,-1.025
2024-11-25 09:00:00,GBPUSD,H1,buy,1.25855,1.25502,1.26561,35.3,-1.034
2024-11-25 17:00:00,GBPUSD,H1,sell,1.25695,1.25792,1.25501,9.7,1.886
2024-11-26 01:00:00,GBPUSD,H1,sell,1.25457,1.25633,1.25105,17.6,-1.066
2024-11-27 02:00:00,GBPUSD,H1,buy,1.25919,1.25654,1.26449,26.5,1.955
2024-12-02 23:00:00,GBPUSD,H1,buy,1.26442,1.26369,1.26588,7.3,1.854
2024-12-03 17:00:00,GBPUSD,H1,buy,1.26716,1.26643,1.26862,7.3,-1.146
2024-12-04 16:00:00,GBPUSD,H1,buy,1.27018,1.26853,1.27348,16.5,1.930
2024-12-05 06:00:00,GBPUSD,H1,buy,1.27314,1.27125,1.27692,18.9,1.938
2024-12-05 15:00:00,GBPUSD,H1,buy,1.27510,1.27306,1.27918,20.4,1.942
2024-12-06 07:00:00,GBPUSD,H1,buy,1.27685,1.27483,1.28089,20.2,-1.058
2024-12-08 19:00:00,GBPUSD,H1,sell,1.27409,1.27518,1.27191,10.9,-1.103
2024-12-09 09:00:00,GBPUSD,H1,buy,1.27772,1.27501,1.28314,27.1,-1.044
2024-12-10 19:00:00,GBPUSD,H1,buy,1.27749,1.27657,1.27933,9.2,-1.120
2024-12-11 04:00:00,GBPUSD,H1,sell,1.27295,1.27724,1.26437,42.9,-1.028
2024-12-11 12:00:00,GBPUSD,H1,buy,1.27431,1.27326,1.27641,10.5,-1.106
2024-12-12 21:00:00,GBPUSD,H1,sell,1.26624,1.26800,1.26272,17.6,1.934
2024-12-19 00:00:00,GBPUSD,H1,sell,1.25848,1.25975,1.25594,12.7,-1.090
2024-12-19 20:00:00,GBPUSD,H1,sell,1.24895,1.25087,1.24511,19.2,-1.061
2024-12-22 19:00:00,GBPUSD,H1,buy,1.25721,1.25564,1.26035,15.7,-1.074
2024-12-23 11:00:00,GBPUSD,H1,sell,1.25276,1.25392,1.25044,11.6,-1.097
2024-12-24 18:00:00,GBPUSD,H1,sell,1.25184,1.25502,1.24548,31.8,-1.038
2024-12-26 01:00:00,GBPUSD,H1,buy,1.25393,1.25364,1.25451,2.9,-1.301
2024-12-26 07:00:00,GBPUSD,H1,sell,1.25198,1.25354,1.24886,15.6,-1.074
2024-12-30 00:00:00,GBPUSD,H1,buy,1.25812,1.25738,1.25960,7.4,-1.145
2024-12-30 15:00:00,GBPUSD,H1,sell,1.25458,1.25595,1.25184,13.7,-1.084
2024-12-31 12:00:00,GBPUSD,H1,sell,1.25185,1.25549,1.24457,36.4,0.117
2025-01-06 21:00:00,GBPUSD,H1,buy,1.25197,1.25025,1.25541,17.2,1.932
2025-01-08 13:00:00,GBPUSD,H1,sell,1.23557,1.23693,1.23285,13.6,-1.084
2025-01-08 23:00:00,GBPUSD,H1,sell,1.23340,1.23659,1.22702,31.9,1.962
2025-01-21 00:00:00,GBPUSD,H1,sell,1.22758,1.23124,1.22026,36.6,-1.033
2025-01-21 16:00:00,GBPUSD,H1,buy,1.23550,1.23219,1.24212,33.1,-1.036
2025-01-23 09:00:00,GBPUSD,H1,buy,1.23290,1.22987,1.23896,30.3,1.960
2025-01-23 18:00:00,GBPUSD,H1,buy,1.23538,1.23454,1.23706,8.4,1.870
2025-02-03 12:00:00,GBPUSD,H1,buy,1.23937,1.23344,1.25123,59.3,1.979
2025-02-03 22:00:00,GBPUSD,H1,buy,1.24136,1.24078,1.24252,5.8,-1.177
2025-02-04 23:00:00,GBPUSD,H1,buy,1.24719,1.24672,1.24813,4.7,-1.210
2025-02-06 21:00:00,GBPUSD,H1,sell,1.24390,1.24437,1.24296,4.7,1.790
2025-02-09 21:00:00,GBPUSD,H1,sell,1.23811,1.24011,1.23411,20.0,-1.059
2025-02-11 19:00:00,GBPUSD,H1,buy,1.24455,1.24281,1.24803,17.4,-1.067
2025-02-12 19:00:00,GBPUSD,H1,buy,1.24448,1.24317,1.24710,13.1,1.913
2025-02-13 05:00:00,GBPUSD,H1,buy,1.24932,1.24708,1.25380,22.4,-1.053
2025-02-13 15:00:00,GBPUSD,H1,buy,1.25601,1.24755,1.27293,84.6,1.985
2025-02-14 02:00:00,GBPUSD,H1,buy,1.25628,1.25483,1.25918,14.5,1.921
2025-02-16 20:00:00,GBPUSD,H1,buy,1.25992,1.25768,1.26440,22.4,-1.053
2025-02-17 22:00:00,GBPUSD,H1,buy,1.26028,1.25986,1.26112,4.2,-1.229
2025-02-19 12:00:00,GBPUSD,H1,sell,1.25724,1.26073,1.25026,34.9,-1.035
2025-02-20 04:00:00,GBPUSD,H1,buy,1.26137,1.25878,1.26655,25.9,1.954
2025-02-20 22:00:00,GBPUSD,H1,buy,1.26696,1.26525,1.27038,17.1,-1.068
2025-02-21 15:00:00,GBPUSD,H1,buy,1.26301,1.26236,1.26431,6.5,1.839
2025-02-24 10:00:00,GBPUSD,H1,sell,1.26200,1.26513,1.25574,31.3,-1.038
2025-02-25 14:00:00,GBPUSD,H1,buy,1.26692,1.26392,1.27292,30.0,-1.040
2025-02-26 05:00:00,GBPUSD,H1,sell,1.26450,1.26652,1.26046,20.2,-1.058
2025-02-27 16:00:00,GBPUSD,H1,sell,1.25985,1.26304,1.25347,31.9,-1.038
2025-03-03 17:00:00,GBPUSD,H1,buy,1.27010,1.26784,1.27462,22.6,-1.052
2025-03-05 00:00:00,GBPUSD,H1,buy,1.27953,1.27661,1.28537,29.2,1.959
2025-03-05 19:00:00,GBPUSD,H1,buy,1.28920,1.28832,1.29096,8.8,-1.124
2025-03-09 18:00:00,GBPUSD,H1,buy,1.29315,1.28989,1.29967,32.6,-1.037
2025-03-10 03:00:00,GBPUSD,H1,sell,1.28776,1.29234,1.27860,45.8,-1.027
2025-03-11 18:00:00,GBPUSD,H1,buy,1.29433,1.29288,1.29723,14.5,-1.079
2025-03-12 18:00:00,GBPUSD,H1,buy,1.29640,1.29523,1.29874,11.7,-1.097
2025-03-13 09:00:00,GBPUSD,H1,sell,1.29564,1.29662,1.29368,9.8,1.887
2025-03-16 17:00:00,GBPUSD,H1,sell,1.29301,1.29396,1.29111,9.5,-1.116
2025-03-18 00:00:00,GBPUSD,H1,buy,1.29741,1.29696,1.29831,4.5,-1.217
2025-03-20 18:00:00,GBPUSD,H1,buy,1.29648,1.29543,1.29858,10.5,-1.106
2025-04-03 09:00:00,GBPUSD,H1,buy,1.31459,1.31366,1.31645,9.3,1.882
2025-04-06 21:00:00,GBPUSD,H1,sell,1.28853,1.29337,1.27885,48.4,-1.025
2025-04-11 07:00:00,GBPUSD,H1,sell,1.30879,1.31458,1.29721,57.9,-1.021
2025-04-13 20:00:00,GBPUSD,H1,buy,1.30970,1.30617,1.31676,35.3,1.966
2025-04-14 11:00:00,GBPUSD,H1,buy,1.31733,1.31215,1.32769,51.8,1.976
2025-04-14 22:00:00,GBPUSD,H1,buy,1.31955,1.31628,1.32609,32.7,1.963
2025-04-15 04:00:00,GBPUSD,H1,buy,1.32295,1.31828,1.33229,46.7,1.974
2025-04-16 19:00:00,GBPUSD,H1,buy,1.32323,1.32257,1.32455,6.6,-1.159
2025-04-17 19:00:00,GBPUSD,H1,buy,1.32675,1.32444,1.33137,23.1,1.949
2025-04-21 09:00:00,GBPUSD,H1,buy,1.34011,1.33779,1.34475,23.2,-1.051
2025-04-21 17:00:00,GBPUSD,H1,sell,1.33764,1.33851,1.33590,8.7,-1.126
2025-04-24 01:00:00,GBPUSD,H1,sell,1.32678,1.32877,1.32280,19.9,-1.059
2025-04-25 08:00:00,GBPUSD,H1,buy,1.33228,1.32857,1.33970,37.1,-1.033
2025-04-28 03:00:00,GBPUSD,H1,sell,1.33054,1.33282,1.32598,22.8,-1.052
2025-04-29 02:00:00,GBPUSD,H1,buy,1.34099,1.33926,1.34445,17.3,-1.067
2025-04-30 19:00:00,GBPUSD,H1,buy,1.33207,1.33171,1.33279,3.6,-1.258
2025-05-01 16:00:00,GBPUSD,H1,sell,1.32766,1.32874,1.32550,10.8,-1.104
2025-05-05 00:00:00,GBPUSD,H1,sell,1.32949,1.33013,1.32821,6.4,-1.163
2025-05-05 19:00:00,GBPUSD,H1,buy,1.32903,1.32835,1.33039,6.8,-1.155
2025-05-06 14:00:00,GBPUSD,H1,buy,1.33758,1.33505,1.34264,25.3,-1.047
2025-05-06 22:00:00,GBPUSD,H1,buy,1.33451,1.33319,1.33715,13.2,-1.087
2025-05-08 20:00:00,GBPUSD,H1,sell,1.32393,1.32522,1.32135,12.9,-1.088
2025-05-09 14:00:00,GBPUSD,H1,sell,1.33147,1.33233,1.32975,8.6,1.873
2025-05-12 13:00:00,GBPUSD,H1,sell,1.31750,1.32159,1.30932,40.9,-1.030
2025-05-15 03:00:00,GBPUSD,H1,buy,1.32674,1.32612,1.32798,6.2,1.832
2025-05-15 19:00:00,GBPUSD,H1,buy,1.33028,1.32904,1.33276,12.4,1.908
2025-05-19 16:00:00,GBPUSD,H1,buy,1.33593,1.33436,1.33907,15.7,1.926
2025-05-20 12:00:00,GBPUSD,H1,sell,1.33714,1.33749,1.33644,3.5,-1.263
2025-05-21 07:00:00,GBPUSD,H1,buy,1.34141,1.33873,1.34677,26.8,1.955
2025-05-22 06:00:00,GBPUSD,H1,sell,1.33977,1.34411,1.33109,43.4,-1.028
2025-05-23 04:00:00,GBPUSD,H1,buy,1.34880,1.34424,1.35792,45.6,1.973
2025-05-29 03:00:00,GBPUSD,H1,buy,1.34644,1.34250,1.35432,39.4,1.969
2025-05-29 14:00:00,GBPUSD,H1,sell,1.34981,1.35060,1.34823,7.9,-1.137
2025-06-01 17:00:00,GBPUSD,H1,sell,1.34518,1.34773,1.34008,25.5,-1.047
2025-06-02 01:00:00,GBPUSD,H1,buy,1.35009,1.34715,1.35597,29.4,1.959
2025-06-10 16:00:00,GBPUSD,H1,buy,1.34953,1.34890,1.35079,6.3,-1.166
2025-06-11 03:00:00,GBPUSD,H1,sell,1.34830,1.34922,1.34646,9.2,-1.120
2025-06-11 17:00:00,GBPUSD,H1,buy,1.35473,1.35348,1.35723,12.5,1.909
2025-06-12 14:00:00,GBPUSD,H1,buy,1.35960,1.35809,1.36262,15.1,1.924
2025-06-13 05:00:00,GBPUSD,H1,sell,1.35439,1.35711,1.34895,27.2,-1.044
2025-06-15 23:00:00,GBPUSD,H1,sell,1.35359,1.35591,1.34895,23.2,-1.051
2025-06-24 00:00:00,GBPUSD,H1,buy,1.35647,1.35340,1.36261,30.7,1.961
2025-07-08 19:00:00,GBPUSD,H1,buy,1.35843,1.35648,1.36233,19.5,-1.060
2025-07-09 17:00:00,GBPUSD,H1,sell,1.35846,1.36015,1.35508,16.9,-1.069
2025-07-10 21:00:00,GBPUSD,H1,sell,1.35584,1.35862,1.35028,27.8,1.957
2025-07-23 23:00:00,GBPUSD,H1,sell,1.35782,1.35893,1.35560,11.1,1.899
2025-07-27 19:00:00,GBPUSD,H1,buy,1.34376,1.34218,1.34692,15.8,-1.073
2025-08-11 07:00:00,GBPUSD,H1,sell,1.34299,1.34699,1.33499,40.0,-1.030
2025-08-11 19:00:00,GBPUSD,H1,buy,1.34334,1.34221,1.34560,11.3,-1.100
2025-08-12 17:00:00,GBPUSD,H1,buy,1.34981,1.34870,1.35203,11.1,1.899
2025-08-13 11:00:00,GBPUSD,H1,buy,1.35708,1.35527,1.36070,18.1,-1.065
2025-08-15 04:00:00,GBPUSD,H1,buy,1.35463,1.35413,1.35563,5.0,1.800
2025-08-18 20:00:00,GBPUSD,H1,sell,1.35025,1.35145,1.34785,12.0,-1.094
2025-08-19 08:00:00,GBPUSD,H1,sell,1.35093,1.35320,1.34639,22.7,1.948
2025-08-19 18:00:00,GBPUSD,H1,sell,1.34906,1.34937,1.34844,3.1,1.713
2025-08-20 21:00:00,GBPUSD,H1,sell,1.34585,1.34676,1.34403,9.1,1.879
2025-08-21 23:00:00,GBPUSD,H1,sell,1.34013,1.34242,1.33555,22.9,-1.052
2025-08-24 23:00:00,GBPUSD,H1,buy,1.35108,1.34882,1.35560,22.6,-1.052
2025-09-02 18:00:00,GBPUSD,H1,sell,1.33864,1.33983,1.33626,11.9,1.905
2025-09-08 01:00:00,GBPUSD,H1,sell,1.34965,1.35064,1.34767,9.9,-1.112
2025-09-08 08:00:00,GBPUSD,H1,buy,1.35426,1.35010,1.36258,41.6,-1.029
2025-09-09 19:00:00,GBPUSD,H1,buy,1.35202,1.35141,1.35324,6.1,1.830
2025-09-10 21:00:00,GBPUSD,H1,sell,1.35295,1.35408,1.35069,11.3,1.900
2025-09-12 10:00:00,GBPUSD,H1,buy,1.35586,1.35227,1.36304,35.9,1.966
2025-09-15 12:00:00,GBPUSD,H1,buy,1.35985,1.35835,1.36285,15.0,1.923
2025-09-16 09:00:00,GBPUSD,H1,buy,1.36575,1.36230,1.37265,34.5,-1.035
2025-09-17 04:00:00,GBPUSD,H1,sell,1.36399,1.36541,1.36115,14.2,-1.081
2025-09-18 15:00:00,GBPUSD,H1,sell,1.35483,1.35641,1.35167,15.8,1.927
2025-09-19 12:00:00,GBPUSD,H1,sell,1.34825,1.34988,1.34499,16.3,-1.071
2025-09-22 14:00:00,GBPUSD,H1,sell,1.35164,1.35213,1.35066,4.9,1.797
2025-09-25 04:00:00,GBPUSD,H1,sell,1.34522,1.34679,1.34208,15.7,1.926
2025-09-30 19:00:00,GBPUSD,H1,buy,1.34424,1.34368,1.34536,5.6,-1.182
2025-10-08 16:00:00,GBPUSD,H1,buy,1.34023,1.33697,1.34675,32.6,-1.037
2025-10-17 04:00:00,GBPUSD,H1,sell,1.34235,1.34724,1.33257,48.9,1.975
2025-10-29 12:00:00,GBPUSD,H1,sell,1.32245,1.32480,1.31775,23.5,1.949
2025-10-30 02:00:00,GBPUSD,H1,sell,1.31976,1.32195,1.31538,21.9,1.946
2025-10-30 22:00:00,GBPUSD,H1,sell,1.31515,1.31656,1.31233,14.1,1.919
2025-11-04 00:00:00,GBPUSD,H1,sell,1.31209,1.31345,1.30937,13.6,-1.084
2025-11-06 19:00:00,GBPUSD,H1,buy,1.31293,1.31205,1.31469,8.8,-1.124
2025-11-07 05:00:00,GBPUSD,H1,sell,1.31091,1.31282,1.30709,19.1,-1.061
2025-11-09 19:00:00,GBPUSD,H1,buy,1.31445,1.31343,1.31649,10.2,1.891
2025-11-10 03:00:00,GBPUSD,H1,buy,1.31734,1.31377,1.32448,35.7,-1.034
2025-11-12 05:00:00,GBPUSD,H1,sell,1.31253,1.31561,1.30637,30.8,-1.039
2025-11-12 22:00:00,GBPUSD,H1,buy,1.31260,1.31093,1.31594,16.7,-1.070
2025-11-14 12:00:00,GBPUSD,H1,buy,1.31610,1.31237,1.32356,37.3,-1.032
2025-11-17 12:00:00,GBPUSD,H1,buy,1.31697,1.31600,1.31891,9.7,-1.114
2025-11-18 16:00:00,GBPUSD,H1,sell,1.31427,1.31578,1.31125,15.1,1.924
2025-11-19 09:00:00,GBPUSD,H1,sell,1.31089,1.31307,1.30653,21.8,1.946
2025-11-20 16:00:00,GBPUSD,H1,sell,1.30721,1.30886,1.30391,16.5,-1.070
2025-11-23 21:00:00,GBPUSD,H1,buy,1.30956,1.30845,1.31178,11.1,-1.101
2025-11-24 19:00:00,GBPUSD,H1,buy,1.31075,1.31000,1.31225,7.5,-1.143
2025-11-25 09:00:00,GBPUSD,H1,buy,1.31777,1.31078,1.33175,69.9,1.982
2025-11-27 00:00:00,GBPUSD,H1,buy,1.32587,1.32466,1.32829,12.1,-1.094
2025-11-27 13:00:00,GBPUSD,H1,sell,1.32341,1.32558,1.31907,21.7,-1.054
2025-11-28 06:00:00,GBPUSD,H1,sell,1.32017,1.32286,1.31479,26.9,-1.044
2025-12-01 04:00:00,GBPUSD,H1,sell,1.32327,1.32372,1.32237,4.5,1.783
2025-12-01 19:00:00,GBPUSD,H1,sell,1.32064,1.32169,1.31854,10.5,-1.106
2025-12-03 11:00:00,GBPUSD,H1,buy,1.33315,1.32910,1.34125,40.5,-1.030
2025-12-04 00:00:00,GBPUSD,H1,buy,1.33376,1.33263,1.33602,11.3,-1.100
2025-12-07 18:00:00,GBPUSD,H1,sell,1.33257,1.33377,1.33017,12.0,-1.094
2025-12-08 15:00:00,GBPUSD,H1,sell,1.33247,1.33315,1.33111,6.8,-1.155
2025-12-09 04:00:00,GBPUSD,H1,buy,1.33465,1.33222,1.33951,24.3,-1.049
2025-12-09 14:00:00,GBPUSD,H1,sell,1.33016,1.33202,1.32644,18.6,-1.063
2025-12-11 03:00:00,GBPUSD,H1,buy,1.33665,1.33581,1.33833,8.4,-1.130
2025-12-11 22:00:00,GBPUSD,H1,sell,1.33907,1.34005,1.33711,9.8,1.887
2025-12-15 19:00:00,GBPUSD,H1,buy,1.33693,1.33598,1.33883,9.5,-1.116
2025-12-17 22:00:00,GBPUSD,H1,sell,1.33645,1.33798,1.33339,15.3,-1.076
2025-12-18 16:00:00,GBPUSD,H1,sell,1.33794,1.33915,1.33552,12.1,-1.094
2025-12-22 16:00:00,GBPUSD,H1,buy,1.34597,1.34527,1.34737,7.0,-1.152
2025-12-24 01:00:00,GBPUSD,H1,buy,1.35206,1.35081,1.35456,12.5,-1.091
2025-12-25 20:00:00,GBPUSD,H1,buy,1.35126,1.34992,1.35394,13.4,-1.085
2025-12-26 06:00:00,GBPUSD,H1,sell,1.34943,1.34990,1.34849,4.7,-1.210
2025-12-28 17:00:00,GBPUSD,H1,sell,1.34965,1.35069,1.34757,10.4,-1.107
2025-12-29 22:00:00,GBPUSD,H1,buy,1.35047,1.34965,1.35211,8.2,1.868
2025-12-31 05:00:00,GBPUSD,H1,sell,1.34380,1.34662,1.33816,28.2,-1.042
2022-01-05 08:00:00,GBPUSD,H4,buy,1.35717,1.35211,1.36729,50.6,-1.024
2022-01-07 08:00:00,GBPUSD,H4,buy,1.35818,1.35260,1.36934,55.8,1.978
2022-01-11 16:00:00,GBPUSD,H4,buy,1.36372,1.35602,1.37912,77.0,-1.016
2022-01-13 20:00:00,GBPUSD,H4,buy,1.37270,1.36994,1.37822,27.6,-1.043
2022-01-19 16:00:00,GBPUSD,H4,sell,1.36233,1.36496,1.35707,26.3,-1.045
2022-02-07 08:00:00,GBPUSD,H4,sell,1.35324,1.35514,1.34944,19.0,-1.062
2022-02-25 04:00:00,GBPUSD,H4,sell,1.34012,1.34396,1.33244,38.4,1.968
2022-03-08 16:00:00,GBPUSD,H4,sell,1.31109,1.31454,1.30419,34.5,-1.035
2022-03-24 12:00:00,GBPUSD,H4,sell,1.31855,1.32149,1.31267,29.4,-1.041
2022-03-29 16:00:00,GBPUSD,H4,sell,1.30924,1.31602,1.29568,67.8,-1.018
2022-03-31 16:00:00,GBPUSD,H4,sell,1.31451,1.31764,1.30825,31.3,1.962
2022-04-04 08:00:00,GBPUSD,H4,sell,1.31151,1.31377,1.30699,22.6,-1.052
2022-04-07 08:00:00,GBPUSD,H4,sell,1.30591,1.31073,1.29627,48.2,-1.025
2022-04-12 16:00:00,GBPUSD,H4,sell,1.30014,1.30545,1.28952,53.1,-1.023
2022-04-19 12:00:00,GBPUSD,H4,sell,1.30025,1.30415,1.29245,39.0,-1.031
2022-04-21 12:00:00,GBPUSD,H4,sell,1.30286,1.30909,1.29040,62.3,1.980
2022-04-27 12:00:00,GBPUSD,H4,sell,1.25455,1.26025,1.24315,57.0,1.979
2022-05-06 04:00:00,GBPUSD,H4,sell,1.23358,1.23810,1.22454,45.2,-1.027
2022-05-24 08:00:00,GBPUSD,H4,sell,1.25420,1.25991,1.24278,57.1,-1.021
2022-06-14 08:00:00,GBPUSD,H4,sell,1.20150,1.22087,1.16276,193.7,-1.006
2022-06-20 12:00:00,GBPUSD,H4,sell,1.22587,1.22810,1.22141,22.3,-1.053
2022-06-30 20:00:00,GBPUSD,H4,sell,1.21230,1.21890,1.19910,66.0,1.981
2022-07-05 08:00:00,GBPUSD,H4,sell,1.19338,1.21261,1.15492,192.3,-1.006
2022-07-26 04:00:00,GBPUSD,H4,sell,1.19809,1.20908,1.17611,109.9,-1.011
2022-08-22 04:00:00,GBPUSD,H4,sell,1.18046,1.18373,1.17392,32.7,1.963
2022-08-25 08:00:00,GBPUSD,H4,sell,1.18014,1.18651,1.16740,63.7,-1.019
2022-08-31 08:00:00,GBPUSD,H4,sell,1.16417,1.16943,1.15365,52.6,1.977
2022-09-02 16:00:00,GBPUSD,H4,sell,1.15005,1.15894,1.13227,88.9,-1.014
2022-09-06 16:00:00,GBPUSD,H4,buy,1.15103,1.14923,1.15463,18.0,-1.065
2022-09-09 16:00:00,GBPUSD,H4,buy,1.15876,1.15494,1.16640,38.2,1.968
2022-09-14 16:00:00,GBPUSD,H4,sell,1.15439,1.15903,1.14511,46.4,1.974
2022-09-19 04:00:00,GBPUSD,H4,sell,1.13715,1.14424,1.12297,70.9,-1.017
2022-09-21 20:00:00,GBPUSD,H4,sell,1.12312,1.13582,1.09772,127.0,-1.010
2022-09-26 16:00:00,GBPUSD,H4,sell,1.07658,1.09308,1.04358,165.0,-1.008
2022-09-30 12:00:00,GBPUSD,H4,buy,1.11667,1.10236,1.14529,143.1,1.991
2022-10-10 04:00:00,GBPUSD,H4,sell,1.10654,1.11116,1.09730,46.2,-1.026
2022-10-12 20:00:00,GBPUSD,H4,sell,1.10796,1.11346,1.09696,55.0,-1.022
2022-10-18 12:00:00,GBPUSD,H4,buy,1.13254,1.12541,1.14680,71.3,-1.017
2022-10-24 20:00:00,GBPUSD,H4,buy,1.13013,1.12564,1.13911,44.9,1.973
2022-11-07 08:00:00,GBPUSD,H4,buy,1.14605,1.12889,1.18037,171.6,1.993
2022-11-09 08:00:00,GBPUSD,H4,sell,1.13939,1.15674,1.10469,173.5,-1.007
2022-11-14 16:00:00,GBPUSD,H4,buy,1.17450,1.17088,1.18174,36.2,1.967
2022-11-21 16:00:00,GBPUSD,H4,buy,1.18432,1.17769,1.19758,66.3,1.981
2022-11-25 16:00:00,GBPUSD,H4,buy,1.20867,1.20567,1.21467,30.0,-1.040
2022-12-02 16:00:00,GBPUSD,H4,buy,1.22772,1.21328,1.25660,144.4,-1.009
2022-12-08 12:00:00,GBPUSD,H4,buy,1.22390,1.21532,1.24106,85.8,1.986
2022-12-12 08:00:00,GBPUSD,H4,buy,1.22822,1.22044,1.24378,77.8,1.984
2022-12-14 20:00:00,GBPUSD,H4,buy,1.23795,1.23432,1.24521,36.3,-1.033
2022-12-16 04:00:00,GBPUSD,H4,sell,1.21729,1.22235,1.20717,50.6,-1.024
2022-12-22 08:00:00,GBPUSD,H4,sell,1.20305,1.21483,1.17949,117.8,-0.574
2022-12-23 12:00:00,GBPUSD,H4,sell,1.20466,1.20909,1.19580,44.3,-1.027
2023-01-06 04:00:00,GBPUSD,H4,sell,1.18589,1.19365,1.17037,77.6,-1.016
2023-01-10 16:00:00,GBPUSD,H4,buy,1.21585,1.21086,1.22583,49.9,-1.024
2023-02-06 16:00:00,GBPUSD,H4,buy,1.20355,1.20041,1.20983,31.4,-1.038
2023-03-23 08:00:00,GBPUSD,H4,sell,1.23213,1.23442,1.22755,22.9,1.948
2023-03-29 16:00:00,GBPUSD,H4,buy,1.23097,1.23013,1.23265,8.4,-1.130
2023-04-04 08:00:00,GBPUSD,H4,buy,1.25145,1.23937,1.27561,120.8,-1.010
2023-05-28 16:00:00,GBPUSD,H4,buy,1.23447,1.23209,1.23923,23.8,1.950
2023-05-31 12:00:00,GBPUSD,H4,buy,1.24184,1.23466,1.25620,71.8,1.983
2023-06-06 16:00:00,GBPUSD,H4,buy,1.24288,1.23905,1.25054,38.3,1.968
2023-06-08 00:00:00,GBPUSD,H4,buy,1.24564,1.24289,1.25114,27.5,1.957
2023-06-09 12:00:00,GBPUSD,H4,buy,1.25767,1.25328,1.26645,43.9,-1.028
2023-06-14 08:00:00,GBPUSD,H4,buy,1.26954,1.25995,1.28872,95.9,-1.013
2023-06-19 20:00:00,GBPUSD,H4,buy,1.27908,1.27692,1.28340,21.6,-1.055
2023-06-20 16:00:00,GBPUSD,H4,buy,1.27631,1.27122,1.28649,50.9,-1.024
2023-06-29 16:00:00,GBPUSD,H4,sell,1.26108,1.26676,1.24972,56.8,-1.022
2023-07-03 08:00:00,GBPUSD,H4,buy,1.26879,1.26572,1.27493,30.7,1.961
2023-07-06 16:00:00,GBPUSD,H4,buy,1.27413,1.26874,1.28491,53.9,1.977
2023-08-04 16:00:00,GBPUSD,H4,buy,1.27426,1.26847,1.28584,57.9,-1.021
2023-08-11 16:00:00,GBPUSD,H4,sell,1.26900,1.27392,1.25916,49.2,-1.025
2023-08-17 12:00:00,GBPUSD,H4,buy,1.27446,1.27013,1.28312,43.3,-1.028
2023-08-23 08:00:00,GBPUSD,H4,sell,1.27127,1.27654,1.26073,52.7,1.977
2023-08-28 08:00:00,GBPUSD,H4,sell,1.25897,1.26115,1.25461,21.8,-1.054
2023-08-30 08:00:00,GBPUSD,H4,buy,1.27237,1.26174,1.29363,106.3,-1.012
2023-09-04 12:00:00,GBPUSD,H4,sell,1.26283,1.26433,1.25983,15.0,1.923
2023-09-05 20:00:00,GBPUSD,H4,sell,1.25706,1.25878,1.25362,17.2,1.932
2023-09-08 16:00:00,GBPUSD,H4,sell,1.24652,1.25150,1.23656,49.8,-1.024
2023-09-15 12:00:00,GBPUSD,H4,sell,1.23839,1.24465,1.22587,62.6,1.980
2023-09-27 12:00:00,GBPUSD,H4,sell,1.21387,1.21652,1.20857,26.5,-1.045
2023-10-03 16:00:00,GBPUSD,H4,sell,1.20771,1.21025,1.20263,25.4,-1.047
2023-10-09 16:00:00,GBPUSD,H4,buy,1.22491,1.21618,1.24237,87.3,-1.014
2023-10-11 16:00:00,GBPUSD,H4,buy,1.23148,1.22670,1.24104,47.8,-1.025
2023-10-13 08:00:00,GBPUSD,H4,sell,1.21358,1.22260,1.19554,90.2,-1.014
2023-10-18 04:00:00,GBPUSD,H4,buy,1.21885,1.21571,1.22513,31.4,-1.038
2023-10-23 12:00:00,GBPUSD,H4,buy,1.22442,1.21420,1.24486,102.2,-1.012
2023-10-25 08:00:00,GBPUSD,H4,sell,1.21374,1.21766,1.20590,39.2,-1.031
2023-10-31 04:00:00,GBPUSD,H4,buy,1.21587,1.21355,1.22051,23.2,-1.051
2023-11-07 20:00:00,GBPUSD,H4,buy,1.22826,1.22611,1.23256,21.5,-1.055
2023-11-15 16:00:00,GBPUSD,H4,buy,1.24182,1.24024,1.24498,15.8,-1.073
2023-11-21 20:00:00,GBPUSD,H4,buy,1.25347,1.25161,1.25719,18.6,-1.063
2023-11-24 04:00:00,GBPUSD,H4,buy,1.25741,1.25230,1.26763,51.1,1.976
2023-11-27 04:00:00,GBPUSD,H4,buy,1.26371,1.25896,1.27321,47.5,-1.026
2023-12-04 12:00:00,GBPUSD,H4,sell,1.26311,1.26881,1.25171,57.0,1.979
2023-12-05 16:00:00,GBPUSD,H4,sell,1.26006,1.26526,1.24966,52.0,-1.023
2023-12-07 20:00:00,GBPUSD,H4,sell,1.25894,1.26133,1.25416,23.9,1.950
2023-12-21 16:00:00,GBPUSD,H4,sell,1.26891,1.26968,1.26737,7.7,-1.140
2023-12-28 20:00:00,GBPUSD,H4,buy,1.27460,1.27111,1.28158,34.9,-1.035
2024-01-03 20:00:00,GBPUSD,H4,sell,1.26698,1.26771,1.26552,7.3,-1.146
2024-01-08 12:00:00,GBPUSD,H4,buy,1.27516,1.26719,1.29110,79.7,-1.015
2024-01-29 08:00:00,GBPUSD,H4,sell,1.26798,1.27194,1.26006,39.6,-1.031
2024-01-31 00:00:00,GBPUSD,H4,sell,1.26913,1.27011,1.26717,9.8,1.887
2024-02-07 16:00:00,GBPUSD,H4,sell,1.26320,1.26426,1.26108,10.6,1.895
2024-02-12 08:00:00,GBPUSD,H4,sell,1.26281,1.26554,1.25735,27.3,-1.044
2024-02-14 08:00:00,GBPUSD,H4,sell,1.25591,1.26119,1.24535,52.8,-1.023
2024-02-20 08:00:00,GBPUSD,H4,buy,1.26412,1.25780,1.27676,63.2,1.981
2024-03-26 00:00:00,GBPUSD,H4,buy,1.26490,1.26329,1.26812,16.1,-1.072
2024-05-29 08:00:00,GBPUSD,H4,sell,1.27116,1.27725,1.25898,60.9,-1.020
2024-06-04 12:00:00,GBPUSD,H4,buy,1.27711,1.27415,1.28303,29.6,-1.041
2024-06-06 16:00:00,GBPUSD,H4,buy,1.27923,1.27612,1.28545,31.1,-1.039
2024-06-10 20:00:00,GBPUSD,H4,sell,1.27357,1.27380,1.27311,2.3,-1.352
2024-06-18 04:00:00,GBPUSD,H4,sell,1.26738,1.27158,1.25898,42.0,-1.029
2024-06-19 12:00:00,GBPUSD,H4,sell,1.27178,1.27407,1.26720,22.9,1.948
2024-06-21 08:00:00,GBPUSD,H4,sell,1.26422,1.26752,1.25762,33.0,-1.036
2024-06-25 12:00:00,GBPUSD,H4,sell,1.26890,1.27032,1.26606,14.2,1.919
2024-06-28 16:00:00,GBPUSD,H4,sell,1.26427,1.26642,1.25997,21.5,-1.055
2024-07-05 16:00:00,GBPUSD,H4,buy,1.28114,1.27602,1.29138,51.2,1.976
2024-08-05 08:00:00,GBPUSD,H4,buy,1.27636,1.27088,1.28732,54.8,-1.022
2024-08-21 08:00:00,GBPUSD,H4,buy,1.30759,1.30094,1.32089,66.5,1.982
2024-09-13 16:00:00,GBPUSD,H4,buy,1.31191,1.31134,1.31305,5.7,1.820
2024-10-07 00:00:00,GBPUSD,H4,buy,1.31120,1.30778,1.31804,34.2,-1.035
2024-10-17 16:00:00,GBPUSD,H4,sell,1.30143,1.30238,1.29953,9.5,-1.116
2024-10-22 08:00:00,GBPUSD,H4,sell,1.29679,1.30159,1.28719,48.0,-1.025
2024-10-31 12:00:00,GBPUSD,H4,sell,1.28986,1.30006,1.26946,102.0,-1.012
2024-11-04 20:00:00,GBPUSD,H4,buy,1.29558,1.29329,1.30016,22.9,1.948
2024-11-07 16:00:00,GBPUSD,H4,sell,1.29773,1.30099,1.29121,32.6,1.963
2024-11-11 04:00:00,GBPUSD,H4,sell,1.28810,1.29266,1.27898,45.6,1.973
2024-11-13 16:00:00,GBPUSD,H4,sell,1.27050,1.27701,1.25748,65.1,1.981
2024-12-02 12:00:00,GBPUSD,H4,sell,1.26538,1.27233,1.25148,69.5,-1.018
2024-12-18 08:00:00,GBPUSD,H4,sell,1.26927,1.27268,1.26245,34.1,1.965
2024-12-22 16:00:00,GBPUSD,H4,sell,1.25721,1.26150,1.24863,42.9,1.314
2024-12-24 16:00:00,GBPUSD,H4,sell,1.25298,1.25755,1.24384,45.7,-1.027
2025-01-06 00:00:00,GBPUSD,H4,buy,1.24801,1.24100,1.26203,70.1,-1.018
2025-01-10 16:00:00,GBPUSD,H4,sell,1.22044,1.23224,1.19684,118.0,-1.010
2025-01-29 08:00:00,GBPUSD,H4,sell,1.24312,1.24641,1.23654,32.9,-1.037
2025-02-04 08:00:00,GBPUSD,H4,buy,1.24832,1.23775,1.26946,105.7,-1.012
2025-02-12 16:00:00,GBPUSD,H4,buy,1.24448,1.23724,1.25896,72.4,1.983
2025-02-17 00:00:00,GBPUSD,H4,buy,1.25908,1.25768,1.26188,14.0,1.918
2025-02-23 16:00:00,GBPUSD,H4,buy,1.26664,1.26236,1.27520,42.8,-1.028
2025-02-27 04:00:00,GBPUSD,H4,buy,1.26665,1.26489,1.27017,17.6,-1.066
2025-02-28 16:00:00,GBPUSD,H4,sell,1.25744,1.26224,1.24784,48.0,-1.025
2025-03-04 04:00:00,GBPUSD,H4,buy,1.27463,1.26773,1.28843,69.0,1.982
2025-03-06 12:00:00,GBPUSD,H4,buy,1.28776,1.28645,1.29038,13.1,1.913
2025-03-09 16:00:00,GBPUSD,H4,buy,1.29378,1.28934,1.30266,44.4,-1.027
2025-03-12 08:00:00,GBPUSD,H4,buy,1.29723,1.29122,1.30925,60.1,-1.020
2025-03-19 16:00:00,GBPUSD,H4,buy,1.30089,1.29538,1.31191,55.1,-1.022
2025-03-24 12:00:00,GBPUSD,H4,sell,1.29210,1.29750,1.28130,54.0,-1.023
2025-03-28 08:00:00,GBPUSD,H4,sell,1.29433,1.29690,1.28919,25.7,-1.046
2025-04-02 08:00:00,GBPUSD,H4,buy,1.29729,1.28992,1.31203,73.7,1.983
2025-04-08 08:00:00,GBPUSD,H4,sell,1.27677,1.27971,1.27089,29.4,-1.041
2025-04-15 04:00:00,GBPUSD,H4,buy,1.32312,1.31628,1.33680,68.4,1.982
2025-04-17 04:00:00,GBPUSD,H4,buy,1.32271,1.32011,1.32791,26.0,1.954
2025-04-18 12:00:00,GBPUSD,H4,buy,1.32889,1.32557,1.33553,33.2,1.964
2025-04-22 04:00:00,GBPUSD,H4,buy,1.33773,1.33604,1.34111,16.9,-1.069
2025-04-25 00:00:00,GBPUSD,H4,sell,1.32978,1.33496,1.31942,51.8,-1.024
2025-05-01 12:00:00,GBPUSD,H4,sell,1.32784,1.33462,1.31428,67.8,-1.018
2025-05-07 16:00:00,GBPUSD,H4,sell,1.32899,1.33780,1.31137,88.1,-1.014
2025-05-11 16:00:00,GBPUSD,H4,sell,1.32844,1.33233,1.32066,38.9,1.969
2025-05-18 16:00:00,GBPUSD,H4,buy,1.33046,1.32493,1.34152,55.3,1.978
2025-05-20 04:00:00,GBPUSD,H4,buy,1.33616,1.33432,1.33984,18.4,-1.064
2025-05-26 16:00:00,GBPUSD,H4,buy,1.35649,1.35498,1.35951,15.1,-1.076
2025-05-30 16:00:00,GBPUSD,H4,buy,1.34532,1.34468,1.34660,6.4,1.837
2025-06-12 08:00:00,GBPUSD,H4,buy,1.35860,1.35216,1.37148,64.4,-1.019
2025-06-18 08:00:00,GBPUSD,H4,sell,1.34687,1.34773,1.34515,8.6,1.873
2025-06-25 16:00:00,GBPUSD,H4,buy,1.36891,1.35893,1.38887,99.8,-1.012
2025-07-14 04:00:00,GBPUSD,H4,sell,1.34824,1.35051,1.34370,22.7,1.948
2025-07-24 04:00:00,GBPUSD,H4,sell,1.35512,1.35893,1.34750,38.1,1.968
2025-07-28 04:00:00,GBPUSD,H4,sell,1.34265,1.34532,1.33731,26.7,1.955
2025-08-08 16:00:00,GBPUSD,H4,buy,1.34447,1.34167,1.35007,28.0,-1.043
2025-09-03 08:00:00,GBPUSD,H4,buy,1.34475,1.33321,1.36783,115.4,1.989
2025-09-04 12:00:00,GBPUSD,H4,sell,1.34357,1.34600,1.33871,24.3,-1.049
2025-09-08 00:00:00,GBPUSD,H4,buy,1.35158,1.34809,1.35856,34.9,1.965
2025-09-10 08:00:00,GBPUSD,H4,buy,1.35462,1.35116,1.36154,34.6,-1.035
2025-09-17 08:00:00,GBPUSD,H4,buy,1.36585,1.36286,1.37183,29.9,-1.040
2025-09-19 08:00:00,GBPUSD,H4,sell,1.34821,1.35604,1.33255,78.3,1.984
2025-09-25 08:00:00,GBPUSD,H4,sell,1.33481,1.34679,1.31085,119.8,-1.010
2025-10-02 12:00:00,GBPUSD,H4,sell,1.34429,1.35111,1.33065,68.2,1.982
2025-10-08 16:00:00,GBPUSD,H4,sell,1.34000,1.34393,1.33214,39.3,1.969
2025-10-10 16:00:00,GBPUSD,H4,sell,1.33533,1.33718,1.33163,18.5,1.937
2025-10-13 12:00:00,GBPUSD,H4,buy,1.33305,1.33138,1.33639,16.7,-1.070
2025-10-15 16:00:00,GBPUSD,H4,buy,1.34028,1.33336,1.35412,69.2,-1.018
2025-10-23 20:00:00,GBPUSD,H4,buy,1.33250,1.33065,1.33620,18.5,-1.063
2025-10-30 08:00:00,GBPUSD,H4,sell,1.31553,1.32195,1.30269,64.2,1.981
2025-12-04 04:00:00,GBPUSD,H4,buy,1.33488,1.33263,1.33938,22.5,-1.053
2025-12-11 12:00:00,GBPUSD,H4,buy,1.33937,1.33534,1.34743,40.3,-1.030
2025-12-18 12:00:00,GBPUSD,H4,buy,1.33779,1.33398,1.34541,38.1,1.968
2025-12-23 20:00:00,GBPUSD,H4,buy,1.35135,1.34698,1.36009,43.7,-1.028
2022-01-03 15:00:00,NZDUSD,H1,sell,0.67835,0.67972,0.67561,13.7,-1.084
2022-01-04 00:00:00,NZDUSD,H1,buy,0.67956,0.67838,0.68192,11.8,-1.096
2022-01-04 16:00:00,NZDUSD,H1,buy,0.68032,0.67969,0.68158,6.3,-1.166
2022-01-06 07:00:00,NZDUSD,H1,sell,0.67556,0.67686,0.67296,13.0,-1.088
2022-01-10 13:00:00,NZDUSD,H1,sell,0.67534,0.67581,0.67440,4.7,-1.210
2022-01-11 22:00:00,NZDUSD,H1,buy,0.67917,0.67783,0.68185,13.4,-1.085
2022-01-19 05:00:00,NZDUSD,H1,buy,0.67971,0.67751,0.68411,22.0,-1.054
2022-01-20 05:00:00,NZDUSD,H1,sell,0.67776,0.67818,0.67692,4.2,-1.229
2022-01-21 03:00:00,NZDUSD,H1,sell,0.67193,0.67356,0.66867,16.3,-1.071
2022-01-24 05:00:00,NZDUSD,H1,sell,0.66910,0.67197,0.66336,28.7,1.958
2022-01-25 06:00:00,NZDUSD,H1,sell,0.66678,0.66871,0.66292,19.3,-1.061
2022-01-25 18:00:00,NZDUSD,H1,buy,0.66894,0.66811,0.67060,8.3,-1.131
2022-02-03 16:00:00,NZDUSD,H1,sell,0.66590,0.66704,0.66362,11.4,-1.099
2022-02-06 19:00:00,NZDUSD,H1,sell,0.66080,0.66266,0.65708,18.6,-1.063
2022-02-09 14:00:00,NZDUSD,H1,buy,0.66884,0.66827,0.66998,5.7,-1.180
2022-02-10 20:00:00,NZDUSD,H1,sell,0.66623,0.66772,0.66325,14.9,1.923
2022-02-17 12:00:00,NZDUSD,H1,sell,0.66970,0.67182,0.66546,21.2,-1.056
2022-02-24 19:00:00,NZDUSD,H1,buy,0.66936,0.66832,0.67144,10.4,1.893
2022-02-25 12:00:00,NZDUSD,H1,buy,0.67259,0.67241,0.67295,1.8,1.590
2022-02-28 08:00:00,NZDUSD,H1,sell,0.67362,0.67405,0.67276,4.3,-1.225
2022-03-01 00:00:00,NZDUSD,H1,buy,0.67644,0.67474,0.67984,17.0,-1.068
2022-03-02 23:00:00,NZDUSD,H1,buy,0.67759,0.67602,0.68073,15.7,1.926
2022-03-03 13:00:00,NZDUSD,H1,buy,0.68010,0.67726,0.68578,28.4,-1.042
2022-03-04 11:00:00,NZDUSD,H1,buy,0.68477,0.68080,0.69271,39.7,-1.031
2022-03-07 00:00:00,NZDUSD,H1,buy,0.68971,0.68786,0.69341,18.5,-1.063
2022-03-07 22:00:00,NZDUSD,H1,sell,0.68317,0.68510,0.67931,19.3,-1.061
2022-03-11 04:00:00,NZDUSD,H1,sell,0.68399,0.68599,0.67999,20.0,1.941
2022-03-14 02:00:00,NZDUSD,H1,sell,0.67802,0.67944,0.67518,14.2,-1.081
2022-03-15 00:00:00,NZDUSD,H1,sell,0.67368,0.67503,0.67098,13.5,-1.085
2022-03-15 15:00:00,NZDUSD,H1,buy,0.67687,0.67491,0.68079,19.6,-1.060
2022-03-16 22:00:00,NZDUSD,H1,buy,0.68427,0.68219,0.68843,20.8,1.943
2022-03-22 03:00:00,NZDUSD,H1,buy,0.69085,0.68637,0.69981,44.8,1.973
2022-03-29 19:00:00,NZDUSD,H1,buy,0.69415,0.69118,0.70009,29.7,-1.040
2022-03-30 05:00:00,NZDUSD,H1,buy,0.69754,0.69512,0.70238,24.2,-1.049
2022-03-31 13:00:00,NZDUSD,H1,sell,0.69410,0.69596,0.69038,18.6,1.937
2022-04-03 18:00:00,NZDUSD,H1,sell,0.69129,0.69233,0.68921,10.4,-1.107
2022-04-06 00:00:00,NZDUSD,H1,buy,0.69412,0.69326,0.69584,8.6,1.873
2022-04-06 20:00:00,NZDUSD,H1,sell,0.69090,0.69218,0.68834,12.8,1.911
2022-04-07 17:00:00,NZDUSD,H1,sell,0.68938,0.68997,0.68820,5.9,1.825
2022-04-08 14:00:00,NZDUSD,H1,sell,0.68429,0.68521,0.68245,9.2,-1.120
2022-04-13 14:00:00,NZDUSD,H1,sell,0.67861,0.67964,0.67655,10.3,-1.108
2022-04-14 03:00:00,NZDUSD,H1,sell,0.68185,0.68350,0.67855,16.5,1.930
2022-04-14 16:00:00,NZDUSD,H1,sell,0.67818,0.67933,0.67588,11.5,1.902
2022-04-21 06:00:00,NZDUSD,H1,sell,0.67923,0.68047,0.67675,12.4,1.908
2022-04-21 18:00:00,NZDUSD,H1,sell,0.67334,0.67388,0.67226,5.4,1.812
2022-04-22 09:00:00,NZDUSD,H1,sell,0.66516,0.66906,0.65736,39.0,1.969
2022-04-24 20:00:00,NZDUSD,H1,sell,0.66154,0.66404,0.65654,25.0,-1.048
2022-04-26 23:00:00,NZDUSD,H1,sell,0.65625,0.65854,0.65167,22.9,-1.052
2022-04-27 14:00:00,NZDUSD,H1,sell,0.65407,0.65645,0.64931,23.8,1.950
2022-04-28 05:00:00,NZDUSD,H1,sell,0.64962,0.65398,0.64090,43.6,-1.028
2022-04-28 15:00:00,NZDUSD,H1,sell,0.64913,0.65072,0.64595,15.9,-1.073
2022-04-29 00:00:00,NZDUSD,H1,buy,0.65111,0.64847,0.65639,26.4,-1.045
2022-05-01 22:00:00,NZDUSD,H1,sell,0.64235,0.64744,0.63217,50.9,-1.024
2022-05-05 06:00:00,NZDUSD,H1,buy,0.65080,0.64998,0.65244,8.2,-1.132
2022-05-05 22:00:00,NZDUSD,H1,sell,0.64237,0.64425,0.63861,18.8,-1.062
2022-05-23 16:00:00,NZDUSD,H1,sell,0.64660,0.64707,0.64566,4.7,1.790
2022-05-25 10:00:00,NZDUSD,H1,buy,0.64646,0.64354,0.65230,29.2,1.959
2022-05-27 14:00:00,NZDUSD,H1,buy,0.65334,0.65214,0.65574,12.0,-1.094
2022-05-31 19:00:00,NZDUSD,H1,buy,0.65180,0.64989,0.65562,19.1,-1.061
2022-06-01 16:00:00,NZDUSD,H1,sell,0.64771,0.64982,0.64349,21.1,-1.056
2022-06-02 19:00:00,NZDUSD,H1,buy,0.65584,0.65478,0.65796,10.6,-1.105
2022-06-05 22:00:00,NZDUSD,H1,sell,0.65061,0.65158,0.64867,9.7,-1.114
2022-06-06 08:00:00,NZDUSD,H1,buy,0.65276,0.65174,0.65480,10.2,-1.109
2022-06-07 02:00:00,NZDUSD,H1,sell,0.64537,0.64969,0.63673,43.2,-1.028
2022-06-08 04:00:00,NZDUSD,H1,sell,0.64392,0.64648,0.63880,25.6,-1.047
2022-06-08 21:00:00,NZDUSD,H1,sell,0.64339,0.64519,0.63979,18.0,-1.065
2022-06-09 08:00:00,NZDUSD,H1,sell,0.64348,0.64616,0.63812,26.8,1.955
2022-06-12 17:00:00,NZDUSD,H1,sell,0.63452,0.63699,0.62958,24.7,1.952
2022-06-16 21:00:00,NZDUSD,H1,sell,0.63421,0.63707,0.62849,28.6,1.958
2022-06-17 05:00:00,NZDUSD,H1,buy,0.63345,0.63098,0.63839,24.7,-1.048
2022-06-21 02:00:00,NZDUSD,H1,sell,0.63347,0.63493,0.63055,14.6,-1.079
2022-06-21 13:00:00,NZDUSD,H1,sell,0.63365,0.63539,0.63017,17.4,1.933
2022-06-27 03:00:00,NZDUSD,H1,sell,0.63133,0.63228,0.62943,9.5,-1.116
2022-06-29 02:00:00,NZDUSD,H1,sell,0.62346,0.62604,0.61830,25.8,1.954
2022-06-29 16:00:00,NZDUSD,H1,sell,0.62155,0.62290,0.61885,13.5,-1.085
2022-06-30 19:00:00,NZDUSD,H1,buy,0.62386,0.62274,0.62610,11.2,-1.100
2022-07-03 22:00:00,NZDUSD,H1,sell,0.62051,0.62181,0.61791,13.0,-1.088
2022-07-04 07:00:00,NZDUSD,H1,buy,0.62424,0.62233,0.62806,19.1,-1.061
2022-07-04 23:00:00,NZDUSD,H1,sell,0.62088,0.62270,0.61724,18.2,1.936
2022-07-19 16:00:00,NZDUSD,H1,buy,0.62195,0.62156,0.62273,3.9,-1.243
2022-07-20 08:00:00,NZDUSD,H1,buy,0.62495,0.62336,0.62813,15.9,-1.073
2022-07-20 20:00:00,NZDUSD,H1,sell,0.62227,0.62337,0.62007,11.0,-1.102
2022-07-21 10:00:00,NZDUSD,H1,sell,0.62220,0.62286,0.62088,6.6,-1.159
2022-07-22 03:00:00,NZDUSD,H1,buy,0.62277,0.62099,0.62633,17.8,1.934
2022-07-22 16:00:00,NZDUSD,H1,buy,0.62467,0.62348,0.62705,11.9,-1.095
2022-07-25 22:00:00,NZDUSD,H1,buy,0.62689,0.62539,0.62989,15.0,-1.077
2022-07-26 13:00:00,NZDUSD,H1,sell,0.62289,0.62482,0.61903,19.3,-1.061
2022-07-27 22:00:00,NZDUSD,H1,buy,0.62632,0.62493,0.62910,13.9,1.917
2022-07-28 20:00:00,NZDUSD,H1,buy,0.62922,0.62836,0.63094,8.6,1.873
2022-07-29 13:00:00,NZDUSD,H1,sell,0.62716,0.62787,0.62574,7.1,-1.150
2022-08-01 11:00:00,NZDUSD,H1,buy,0.63440,0.63210,0.63900,23.0,-1.052
2022-08-02 02:00:00,NZDUSD,H1,sell,0.62957,0.63388,0.62095,43.1,-1.028
2022-08-04 21:00:00,NZDUSD,H1,sell,0.62932,0.63034,0.62728,10.2,-1.109
2022-08-08 19:00:00,NZDUSD,H1,buy,0.62889,0.62764,0.63139,12.5,-1.091
2022-08-09 18:00:00,NZDUSD,H1,sell,0.62841,0.62901,0.62721,6.0,-1.172
2022-08-10 10:00:00,NZDUSD,H1,buy,0.64198,0.63041,0.66512,115.7,-1.011
2022-08-17 22:00:00,NZDUSD,H1,sell,0.62788,0.62869,0.62626,8.1,1.866
2022-08-18 17:00:00,NZDUSD,H1,sell,0.62543,0.62690,0.62249,14.7,1.922
2022-08-25 15:00:00,NZDUSD,H1,sell,0.62249,0.62284,0.62179,3.5,-1.263
2022-08-29 00:00:00,NZDUSD,H1,sell,0.61035,0.61315,0.60475,28.0,-1.043
2022-08-30 17:00:00,NZDUSD,H1,sell,0.61283,0.61494,0.60861,21.1,-1.056
2022-08-31 13:00:00,NZDUSD,H1,sell,0.61244,0.61448,0.60836,20.4,1.942
2022-09-01 06:00:00,NZDUSD,H1,sell,0.60937,0.61169,0.60473,23.2,-1.051
2022-09-02 10:00:00,NZDUSD,H1,buy,0.61358,0.60864,0.62346,49.4,-1.025
2022-09-06 19:00:00,NZDUSD,H1,sell,0.60318,0.60442,0.60070,12.4,1.908
2022-09-07 19:00:00,NZDUSD,H1,sell,0.60621,0.60794,0.60275,17.3,-1.067
2022-09-08 19:00:00,NZDUSD,H1,buy,0.60690,0.60384,0.61302,30.6,1.961
2022-09-13 23:00:00,NZDUSD,H1,sell,0.59944,0.60101,0.59630,15.7,-1.074
2022-09-14 23:00:00,NZDUSD,H1,buy,0.60064,0.59983,0.60226,8.1,-1.134
2022-09-15 06:00:00,NZDUSD,H1,sell,0.59875,0.60120,0.59385,24.5,-1.049
2022-09-16 02:00:00,NZDUSD,H1,sell,0.59670,0.59855,0.59300,18.5,-1.063
2022-09-16 08:00:00,NZDUSD,H1,sell,0.59461,0.59672,0.59039,21.1,-1.056
2022-09-20 05:00:00,NZDUSD,H1,sell,0.59041,0.59499,0.58125,45.8,1.973
2022-09-20 13:00:00,NZDUSD,H1,sell,0.58868,0.59101,0.58402,23.3,-1.051
2022-09-22 03:00:00,NZDUSD,H1,sell,0.58314,0.58337,0.58268,2.3,-1.352
2022-09-22 16:00:00,NZDUSD,H1,buy,0.58419,0.58357,0.58543,6.2,-1.168
2022-09-22 23:00:00,NZDUSD,H1,sell,0.58277,0.58567,0.57697,29.0,1.959
2022-09-23 11:00:00,NZDUSD,H1,sell,0.57617,0.58127,0.56597,51.0,1.976
2022-10-05 04:00:00,NZDUSD,H1,sell,0.57348,0.57753,0.56538,40.5,-1.030
2022-10-07 14:00:00,NZDUSD,H1,buy,0.56105,0.56077,0.56161,2.8,-1.309
2022-10-24 05:00:00,NZDUSD,H1,sell,0.56888,0.57460,0.55744,57.2,-1.021
2022-10-24 17:00:00,NZDUSD,H1,sell,0.56878,0.56964,0.56706,8.6,-1.127
2022-10-25 22:00:00,NZDUSD,H1,buy,0.57476,0.57237,0.57954,23.9,1.950
2022-10-26 11:00:00,NZDUSD,H1,buy,0.58319,0.57855,0.59247,46.4,-1.026
2022-10-26 16:00:00,NZDUSD,H1,buy,0.58290,0.58154,0.58562,13.6,1.916
2022-10-28 12:00:00,NZDUSD,H1,sell,0.58008,0.58283,0.57458,27.5,-1.043
2022-11-01 04:00:00,NZDUSD,H1,buy,0.58754,0.58451,0.59360,30.3,-1.040
2022-11-02 00:00:00,NZDUSD,H1,sell,0.58677,0.58741,0.58549,6.4,-1.163
2022-11-02 22:00:00,NZDUSD,H1,sell,0.58344,0.58382,0.58268,3.8,1.752
2022-11-03 15:00:00,NZDUSD,H1,sell,0.57687,0.57872,0.57317,18.5,-1.063
2022-11-04 09:00:00,NZDUSD,H1,buy,0.59094,0.57968,0.61346,112.6,1.989
2022-11-07 04:00:00,NZDUSD,H1,buy,0.59164,0.58711,0.60070,45.3,-1.027
2022-11-07 12:00:00,NZDUSD,H1,buy,0.59281,0.59090,0.59663,19.1,-1.061
2022-11-08 16:00:00,NZDUSD,H1,buy,0.59542,0.59415,0.59796,12.7,-1.090
2022-11-09 05:00:00,NZDUSD,H1,sell,0.58984,0.59563,0.57826,57.9,-1.021
2022-11-09 12:00:00,NZDUSD,H1,sell,0.58943,0.59363,0.58103,42.0,-1.029
2022-11-10 03:00:00,NZDUSD,H1,sell,0.58594,0.58832,0.58118,23.8,-1.050
2022-11-13 19:00:00,NZDUSD,H1,buy,0.61111,0.60614,0.62105,49.7,-1.025
2022-11-14 05:00:00,NZDUSD,H1,sell,0.60706,0.61090,0.59938,38.4,-1.032
2022-11-14 21:00:00,NZDUSD,H1,buy,0.61067,0.60836,0.61529,23.1,1.949
2022-11-15 11:00:00,NZDUSD,H1,buy,0.61720,0.61207,0.62746,51.3,-1.024
2022-11-16 10:00:00,NZDUSD,H1,buy,0.61582,0.61466,0.61814,11.6,-1.097
2022-11-18 01:00:00,NZDUSD,H1,buy,0.61619,0.61509,0.61839,11.0,1.898
2022-11-21 20:00:00,NZDUSD,H1,buy,0.61196,0.60933,0.61722,26.3,1.955
2022-11-22 15:00:00,NZDUSD,H1,buy,0.61519,0.61305,0.61947,21.4,1.945
2022-11-23 19:00:00,NZDUSD,H1,buy,0.62488,0.62281,0.62902,20.7,-1.057
2022-11-28 03:00:00,NZDUSD,H1,buy,0.62320,0.61954,0.63052,36.6,-1.033
2022-11-29 03:00:00,NZDUSD,H1,buy,0.62425,0.61953,0.63369,47.2,-1.026
2022-11-29 22:00:00,NZDUSD,H1,sell,0.62160,0.62199,0.62082,3.9,-1.243
2022-11-30 19:00:00,NZDUSD,H1,buy,0.63193,0.62796,0.63987,39.7,1.969
2022-12-05 14:00:00,NZDUSD,H1,buy,0.63129,0.63007,0.63373,12.2,1.907
2022-12-08 00:00:00,NZDUSD,H1,sell,0.63522,0.63605,0.63356,8.3,-1.131
2022-12-08 19:00:00,NZDUSD,H1,buy,0.63753,0.63543,0.64173,21.0,1.944
2022-12-12 05:00:00,NZDUSD,H1,buy,0.64135,0.63810,0.64785,32.5,-1.037
2022-12-12 12:00:00,NZDUSD,H1,sell,0.63766,0.64013,0.63272,24.7,-1.048
2022-12-13 05:00:00,NZDUSD,H1,sell,0.63870,0.64084,0.63442,21.4,-1.055
2022-12-13 15:00:00,NZDUSD,H1,buy,0.64617,0.64575,0.64701,4.2,-1.229
2022-12-15 11:00:00,NZDUSD,H1,sell,0.63398,0.63996,0.62202,59.8,-1.020
2022-12-18 21:00:00,NZDUSD,H1,buy,0.63807,0.63671,0.64079,13.6,-1.084
2022-12-20 05:00:00,NZDUSD,H1,sell,0.63547,0.63714,0.63213,16.7,1.930
2022-12-21 04:00:00,NZDUSD,H1,sell,0.62943,0.63137,0.62555,19.4,-1.061
2022-12-22 17:00:00,NZDUSD,H1,sell,0.62418,0.62570,0.62114,15.2,-1.076
2022-12-23 14:00:00,NZDUSD,H1,sell,0.62880,0.63025,0.62590,14.5,1.921
2022-12-26 04:00:00,NZDUSD,H1,sell,0.62598,0.62789,0.62216,19.1,-1.061
2022-12-27 23:00:00,NZDUSD,H1,sell,0.62612,0.62842,0.62152,23.0,-1.052
2022-12-28 13:00:00,NZDUSD,H1,buy,0.63179,0.63012,0.63513,16.7,-1.070
2022-12-30 01:00:00,NZDUSD,H1,buy,0.63255,0.63151,0.63463,10.4,1.893
2023-01-02 05:00:00,NZDUSD,H1,sell,0.63239,0.63296,0.63125,5.7,-1.180
2023-01-03 11:00:00,NZDUSD,H1,sell,0.62443,0.62852,0.61625,40.9,-1.030
2023-01-04 22:00:00,NZDUSD,H1,sell,0.62679,0.63055,0.61927,37.6,-1.032
2023-01-05 15:00:00,NZDUSD,H1,sell,0.62286,0.62519,0.61820,23.3,-1.051
2023-01-08 19:00:00,NZDUSD,H1,buy,0.63611,0.63255,0.64323,35.6,-1.034
2023-01-12 23:00:00,NZDUSD,H1,buy,0.63724,0.63640,0.63892,8.4,-1.130
2023-01-16 10:00:00,NZDUSD,H1,buy,0.63889,0.63742,0.64183,14.7,-1.078
2023-01-17 19:00:00,NZDUSD,H1,buy,0.64256,0.64159,0.64450,9.7,1.886
2023-01-18 21:00:00,NZDUSD,H1,sell,0.64242,0.64495,0.63736,25.3,1.953
2023-01-23 13:00:00,NZDUSD,H1,sell,0.64853,0.64963,0.64633,11.0,-1.102
2023-01-25 04:00:00,NZDUSD,H1,sell,0.64786,0.64983,0.64392,19.7,-1.060
2023-01-25 19:00:00,NZDUSD,H1,buy,0.64792,0.64697,0.64982,9.5,-1.116
2023-01-29 19:00:00,NZDUSD,H1,buy,0.65023,0.64791,0.65487,23.2,-1.051
2023-01-31 04:00:00,NZDUSD,H1,sell,0.64277,0.64600,0.63631,32.3,-1.037
2023-02-01 05:00:00,NZDUSD,H1,sell,0.64417,0.64518,0.64215,10.1,-1.110
2023-02-02 16:00:00,NZDUSD,H1,buy,0.64745,0.64680,0.64875,6.5,-1.161
2023-02-07 03:00:00,NZDUSD,H1,sell,0.63178,0.63282,0.62970,10.4,-1.107
2023-02-07 22:00:00,NZDUSD,H1,buy,0.63266,0.63081,0.63636,18.5,-1.063
2023-02-09 09:00:00,NZDUSD,H1,buy,0.63703,0.63596,0.63917,10.7,-1.105
2023-02-13 12:00:00,NZDUSD,H1,sell,0.63594,0.63652,0.63478,5.8,-1.177
2023-02-14 02:00:00,NZDUSD,H1,sell,0.63340,0.63507,0.63006,16.7,-1.070
2023-02-14 15:00:00,NZDUSD,H1,sell,0.63396,0.63493,0.63202,9.7,1.886
2023-02-16 02:00:00,NZDUSD,H1,sell,0.62999,0.63095,0.62807,9.6,1.885
2023-02-16 15:00:00,NZDUSD,H1,sell,0.62556,0.62819,0.62030,26.3,1.955
2023-02-17 04:00:00,NZDUSD,H1,sell,0.62001,0.62260,0.61483,25.9,-1.046
2023-02-20 23:00:00,NZDUSD,H1,sell,0.62429,0.62617,0.62053,18.8,1.938
2023-02-22 02:00:00,NZDUSD,H1,buy,0.62320,0.62140,0.62680,18.0,-1.065
2023-02-24 01:00:00,NZDUSD,H1,buy,0.62300,0.62277,0.62346,2.3,-1.352
2023-02-26 19:00:00,NZDUSD,H1,sell,0.61678,0.61716,0.61602,3.8,-1.248
2023-02-27 23:00:00,NZDUSD,H1,sell,0.61547,0.61704,0.61233,15.7,-1.074
2023-02-28 21:00:00,NZDUSD,H1,buy,0.61924,0.61643,0.62486,28.1,1.957
2023-03-07 22:00:00,NZDUSD,H1,sell,0.60881,0.61181,0.60281,30.0,-1.040
2023-03-14 05:00:00,NZDUSD,H1,sell,0.62214,0.62355,0.61932,14.1,-1.081
2023-03-14 21:00:00,NZDUSD,H1,buy,0.62447,0.62216,0.62909,23.1,-1.051
2023-03-15 18:00:00,NZDUSD,H1,sell,0.61605,0.62066,0.60683,46.1,-1.026
2023-03-19 22:00:00,NZDUSD,H1,buy,0.62509,0.62439,0.62649,7.0,-1.152
2023-03-21 04:00:00,NZDUSD,H1,sell,0.61916,0.62164,0.61420,24.8,-1.048
2023-03-22 12:00:00,NZDUSD,H1,buy,0.62104,0.62033,0.62246,7.1,1.850
2023-03-26 22:00:00,NZDUSD,H1,sell,0.62005,0.62112,0.61791,10.7,-1.105
2023-03-29 00:00:00,NZDUSD,H1,sell,0.62597,0.62713,0.62365,11.6,1.903
2023-04-10 23:00:00,NZDUSD,H1,buy,0.62267,0.62070,0.62661,19.7,-1.060
2023-04-14 01:00:00,NZDUSD,H1,sell,0.63119,0.63153,0.63051,3.4,1.731
2023-04-17 05:00:00,NZDUSD,H1,sell,0.61965,0.62114,0.61667,14.9,1.923
2023-04-18 22:00:00,NZDUSD,H1,sell,0.62048,0.62187,0.61770,13.9,1.917
2023-04-20 04:00:00,NZDUSD,H1,sell,0.61683,0.61829,0.61391,14.6,-1.079
2023-04-20 19:00:00,NZDUSD,H1,buy,0.61780,0.61647,0.62046,13.3,-1.086
2023-04-21 14:00:00,NZDUSD,H1,sell,0.61327,0.61558,0.60865,23.1,-1.051
2023-04-25 07:00:00,NZDUSD,H1,sell,0.61562,0.61739,0.61208,17.7,1.934
2023-04-27 04:00:00,NZDUSD,H1,sell,0.61521,0.61557,0.61449,3.6,-1.258
2023-04-30 22:00:00,NZDUSD,H1,buy,0.61775,0.61655,0.62015,12.0,-1.094
2023-05-01 19:00:00,NZDUSD,H1,buy,0.61634,0.61598,0.61706,3.6,1.742
2023-05-02 08:00:00,NZDUSD,H1,buy,0.61981,0.61859,0.62225,12.2,1.907
2023-05-03 12:00:00,NZDUSD,H1,buy,0.62416,0.62141,0.62966,27.5,-1.043
2023-05-04 08:00:00,NZDUSD,H1,buy,0.62579,0.62301,0.63135,27.8,1.957
2023-05-15 05:00:00,NZDUSD,H1,sell,0.62154,0.62306,0.61850,15.2,-1.076
2023-05-21 23:00:00,NZDUSD,H1,sell,0.62855,0.62928,0.62709,7.3,1.854
2023-05-24 21:00:00,NZDUSD,H1,sell,0.60887,0.61145,0.60371,25.8,1.954
2023-06-15 03:00:00,NZDUSD,H1,sell,0.61797,0.62019,0.61353,22.2,-1.053
2023-06-15 21:00:00,NZDUSD,H1,buy,0.62387,0.62287,0.62587,10.0,-1.111
2023-06-19 02:00:00,NZDUSD,H1,buy,0.62219,0.62036,0.62585,18.3,-1.064
2023-06-21 23:00:00,NZDUSD,H1,sell,0.62063,0.62203,0.61783,14.0,-1.082
2023-06-23 05:00:00,NZDUSD,H1,sell,0.61355,0.61553,0.60959,19.8,-1.059
2023-06-27 15:00:00,NZDUSD,H1,sell,0.61691,0.61905,0.61263,21.4,1.945
2023-07-03 23:00:00,NZDUSD,H1,sell,0.61565,0.61647,0.61401,8.2,-1.132
2023-07-04 21:00:00,NZDUSD,H1,buy,0.61918,0.61865,0.62024,5.3,-1.191
2023-07-06 22:00:00,NZDUSD,H1,buy,0.61592,0.61526,0.61724,6.6,1.841
2023-07-07 04:00:00,NZDUSD,H1,buy,0.61816,0.61576,0.62296,24.0,1.950
2023-07-10 06:00:00,NZDUSD,H1,sell,0.61828,0.61933,0.61618,10.5,-1.106
2023-07-10 22:00:00,NZDUSD,H1,buy,0.62225,0.61999,0.62677,22.6,-1.052
2023-07-12 13:00:00,NZDUSD,H1,buy,0.63000,0.61812,0.65376,118.8,-1.010
2023-07-18 20:00:00,NZDUSD,H1,buy,0.62923,0.62693,0.63383,23.0,-1.052
2023-07-19 12:00:00,NZDUSD,H1,sell,0.62503,0.62554,0.62401,5.1,-1.197
2023-07-20 05:00:00,NZDUSD,H1,buy,0.62882,0.62704,0.63238,17.8,-1.066
2023-07-27 09:00:00,NZDUSD,H1,sell,0.62149,0.62628,0.61191,47.9,1.975
2023-07-27 21:00:00,NZDUSD,H1,sell,0.61716,0.61936,0.61276,22.0,1.946
2023-07-30 19:00:00,NZDUSD,H1,buy,0.61580,0.61354,0.62032,22.6,1.948
2023-08-01 12:00:00,NZDUSD,H1,sell,0.61345,0.61676,0.60683,33.1,-1.036
2023-08-02 15:00:00,NZDUSD,H1,sell,0.60808,0.60934,0.60556,12.6,-1.090
2023-08-04 06:00:00,NZDUSD,H1,sell,0.60719,0.60943,0.60271,22.4,-1.053
2023-08-07 08:00:00,NZDUSD,H1,buy,0.61103,0.60833,0.61643,27.0,-1.044
2023-08-07 17:00:00,NZDUSD,H1,sell,0.61011,0.61094,0.60845,8.3,-1.131
2023-08-08 17:00:00,NZDUSD,H1,sell,0.60627,0.60689,0.60503,6.2,-1.168
2023-08-10 07:00:00,NZDUSD,H1,buy,0.60748,0.60595,0.61054,15.3,1.924
2023-08-10 23:00:00,NZDUSD,H1,sell,0.60126,0.60241,0.59896,11.5,1.902
2023-08-13 20:00:00,NZDUSD,H1,sell,0.59722,0.59926,0.59314,20.4,-1.058
2023-08-14 19:00:00,NZDUSD,H1,sell,0.59732,0.59798,0.59600,6.6,-1.159
2023-08-15 21:00:00,NZDUSD,H1,sell,0.59400,0.59592,0.59016,19.2,-1.061
2023-08-23 19:00:00,NZDUSD,H1,sell,0.59736,0.59815,0.59578,7.9,1.863
2023-08-24 12:00:00,NZDUSD,H1,sell,0.59235,0.59417,0.58871,18.2,-1.064
2023-08-29 19:00:00,NZDUSD,H1,buy,0.59662,0.59626,0.59734,3.6,-1.258
2023-09-01 01:00:00,NZDUSD,H1,buy,0.59579,0.59508,0.59721,7.1,-1.150
2023-09-04 04:00:00,NZDUSD,H1,sell,0.59430,0.59616,0.59058,18.6,1.937
2023-09-11 20:00:00,NZDUSD,H1,sell,0.59081,0.59226,0.58791,14.5,-1.079
2023-09-13 04:00:00,NZDUSD,H1,buy,0.59072,0.58895,0.59426,17.7,-1.066
2023-09-14 07:00:00,NZDUSD,H1,buy,0.59280,0.59120,0.59600,16.0,-1.072
2023-09-15 10:00:00,NZDUSD,H1,sell,0.59008,0.59196,0.58632,18.8,-1.062
2023-09-18 22:00:00,NZDUSD,H1,sell,0.59167,0.59277,0.58947,11.0,-1.102
2023-09-19 14:00:00,NZDUSD,H1,buy,0.59311,0.59231,0.59471,8.0,1.865
2023-09-20 01:00:00,NZDUSD,H1,buy,0.59380,0.59312,0.59516,6.8,1.845
2023-09-21 07:00:00,NZDUSD,H1,sell,0.59073,0.59259,0.58701,18.6,-1.063
2023-09-25 04:00:00,NZDUSD,H1,buy,0.59481,0.59416,0.59611,6.5,1.839
2023-09-25 19:00:00,NZDUSD,H1,buy,0.59660,0.59564,0.59852,9.6,-1.115
2023-09-26 23:00:00,NZDUSD,H1,sell,0.59278,0.59573,0.58688,29.5,-1.041
2023-09-27 13:00:00,NZDUSD,H1,sell,0.59088,0.59426,0.58412,33.8,-1.036
2023-10-03 11:00:00,NZDUSD,H1,sell,0.58914,0.59180,0.58382,26.6,-1.045
2023-10-04 02:00:00,NZDUSD,H1,sell,0.58840,0.59063,0.58394,22.3,-1.053
2023-10-04 16:00:00,NZDUSD,H1,buy,0.59120,0.59033,0.59294,8.7,-1.126
2023-10-05 06:00:00,NZDUSD,H1,buy,0.59435,0.59191,0.59923,24.4,1.951
2023-10-06 04:00:00,NZDUSD,H1,buy,0.59621,0.59487,0.59889,13.4,-1.085
2023-10-08 20:00:00,NZDUSD,H1,buy,0.59848,0.59605,0.60334,24.3,-1.049
2023-10-09 05:00:00,NZDUSD,H1,sell,0.59745,0.59810,0.59615,6.5,-1.161
2023-10-12 22:00:00,NZDUSD,H1,sell,0.59201,0.59292,0.59019,9.1,1.879
2023-10-16 05:00:00,NZDUSD,H1,buy,0.59161,0.59137,0.59209,2.4,-1.342
2023-10-16 22:00:00,NZDUSD,H1,sell,0.59068,0.59130,0.58944,6.2,-1.168
2023-10-17 09:00:00,NZDUSD,H1,sell,0.58822,0.59046,0.58374,22.4,-1.053
2023-10-17 20:00:00,NZDUSD,H1,sell,0.58853,0.58991,0.58577,13.8,-1.083
2023-10-18 15:00:00,NZDUSD,H1,sell,0.58557,0.58751,0.58169,19.4,1.939
2023-10-19 14:00:00,NZDUSD,H1,buy,0.58437,0.58267,0.58777,17.0,-1.068
2023-10-20 07:00:00,NZDUSD,H1,sell,0.58284,0.58367,0.58118,8.3,1.869
2023-10-24 03:00:00,NZDUSD,H1,buy,0.58584,0.58489,0.58774,9.5,-1.116
2023-10-25 13:00:00,NZDUSD,H1,sell,0.58081,0.58305,0.57633,22.4,-1.053
2023-10-26 23:00:00,NZDUSD,H1,buy,0.58223,0.58161,0.58347,6.2,-1.168
2023-10-30 11:00:00,NZDUSD,H1,buy,0.58306,0.58213,0.58492,9.3,1.882
2023-10-31 18:00:00,NZDUSD,H1,sell,0.58067,0.58342,0.57517,27.5,-1.043
2023-11-01 10:00:00,NZDUSD,H1,buy,0.58288,0.58136,0.58592,15.2,1.924
2023-11-01 18:00:00,NZDUSD,H1,buy,0.58788,0.58376,0.59612,41.2,1.971
2023-11-02 13:00:00,NZDUSD,H1,buy,0.58953,0.58763,0.59333,19.0,1.938
2023-11-02 18:00:00,NZDUSD,H1,buy,0.58950,0.58914,0.59022,3.6,-1.258
2023-11-05 22:00:00,NZDUSD,H1,buy,0.59891,0.59819,0.60035,7.2,-1.148
2023-11-09 22:00:00,NZDUSD,H1,sell,0.58917,0.59003,0.58745,8.6,-1.127
2023-11-14 21:00:00,NZDUSD,H1,buy,0.60212,0.59962,0.60712,25.0,-1.048
2023-11-17 13:00:00,NZDUSD,H1,buy,0.59860,0.59636,0.60308,22.4,1.947
2023-11-19 19:00:00,NZDUSD,H1,buy,0.59984,0.59773,0.60406,21.1,1.944
2023-11-20 19:00:00,NZDUSD,H1,buy,0.60437,0.60176,0.60959,26.1,-1.046
2023-11-21 07:00:00,NZDUSD,H1,buy,0.60735,0.60573,0.61059,16.2,-1.072
2023-11-22 05:00:00,NZDUSD,H1,sell,0.60348,0.60373,0.60298,2.5,-1.333
2023-11-22 16:00:00,NZDUSD,H1,sell,0.60209,0.60251,0.60125,4.2,-1.229
2023-11-23 10:00:00,NZDUSD,H1,buy,0.60449,0.60339,0.60669,11.0,1.898
2023-11-24 10:00:00,NZDUSD,H1,buy,0.60845,0.60588,0.61359,25.7,1.954
2023-11-27 12:00:00,NZDUSD,H1,buy,0.60852,0.60780,0.60996,7.2,1.852
2023-11-28 15:00:00,NZDUSD,H1,buy,0.61303,0.61169,0.61571,13.4,1.915
2023-12-08 14:00:00,NZDUSD,H1,buy,0.61234,0.61082,0.61538,15.2,-1.076
2023-12-12 07:00:00,NZDUSD,H1,sell,0.61473,0.61593,0.61233,12.0,-1.094
2023-12-12 21:00:00,NZDUSD,H1,sell,0.61070,0.61400,0.60410,33.0,-1.036
2023-12-13 15:00:00,NZDUSD,H1,buy,0.62051,0.61121,0.63911,93.0,1.165
2023-12-14 06:00:00,NZDUSD,H1,buy,0.62124,0.61905,0.62562,21.9,-1.054
2023-12-14 12:00:00,NZDUSD,H1,buy,0.62212,0.61840,0.62956,37.2,-1.033
2023-12-18 08:00:00,NZDUSD,H1,buy,0.62328,0.62238,0.62508,9.0,-1.122
2023-12-18 15:00:00,NZDUSD,H1,sell,0.62089,0.62126,0.62015,3.7,-1.253
2023-12-19 23:00:00,NZDUSD,H1,buy,0.62793,0.62556,0.63267,23.7,-1.050
2023-12-20 10:00:00,NZDUSD,H1,buy,0.62896,0.62779,0.63130,11.7,-1.097
2023-12-21 15:00:00,NZDUSD,H1,buy,0.62917,0.62676,0.63399,24.1,1.951
2023-12-26 05:00:00,NZDUSD,H1,buy,0.63118,0.63006,0.63342,11.2,-1.100
2023-12-27 05:00:00,NZDUSD,H1,buy,0.63255,0.63145,0.63475,11.0,1.898
2023-12-29 12:00:00,NZDUSD,H1,sell,0.63424,0.63471,0.63330,4.7,1.790
2024-01-02 12:00:00,NZDUSD,H1,sell,0.62580,0.62835,0.62070,25.5,-1.047
2024-01-04 22:00:00,NZDUSD,H1,sell,0.62293,0.62446,0.61987,15.3,1.924
2024-01-05 16:00:00,NZDUSD,H1,sell,0.62412,0.62583,0.62070,17.1,-1.068
2024-01-08 02:00:00,NZDUSD,H1,buy,0.62340,0.62292,0.62436,4.8,-1.207
2024-01-08 15:00:00,NZDUSD,H1,buy,0.62473,0.62344,0.62731,12.9,-1.088
2024-01-09 19:00:00,NZDUSD,H1,buy,0.62345,0.62252,0.62531,9.3,-1.118
2024-01-10 16:00:00,NZDUSD,H1,sell,0.62257,0.62312,0.62147,5.5,-1.185
2024-01-12 14:00:00,NZDUSD,H1,buy,0.62455,0.62386,0.62593,6.9,-1.153
2024-01-15 09:00:00,NZDUSD,H1,sell,0.61915,0.61989,0.61767,7.4,-1.145
2024-01-15 19:00:00,NZDUSD,H1,sell,0.61667,0.62044,0.60913,37.7,1.968
2024-01-17 23:00:00,NZDUSD,H1,sell,0.61201,0.61366,0.60871,16.5,-1.070
2024-01-18 12:00:00,NZDUSD,H1,sell,0.60995,0.61163,0.60659,16.8,-1.069
2024-01-21 19:00:00,NZDUSD,H1,buy,0.61311,0.61044,0.61845,26.7,-1.045
2024-01-23 04:00:00,NZDUSD,H1,sell,0.60894,0.61177,0.60328,28.3,-1.042
2024-02-04 17:00:00,NZDUSD,H1,sell,0.60608,0.60763,0.60298,15.5,-1.075
2024-02-07 00:00:00,NZDUSD,H1,sell,0.61019,0.61121,0.60815,10.2,-1.109
2024-02-08 16:00:00,NZDUSD,H1,buy,0.60961,0.60867,0.61149,9.4,1.883
2024-02-09 14:00:00,NZDUSD,H1,buy,0.61481,0.61361,0.61721,12.0,-1.094
2024-02-12 10:00:00,NZDUSD,H1,sell,0.61295,0.61342,0.61201,4.7,-1.210
2024-02-13 04:00:00,NZDUSD,H1,sell,0.61018,0.61121,0.60812,10.3,-1.108
2024-02-13 18:00:00,NZDUSD,H1,sell,0.60566,0.60634,0.60430,6.8,-1.155
2024-02-14 04:00:00,NZDUSD,H1,sell,0.60786,0.60880,0.60598,9.4,-1.117
2024-02-16 04:00:00,NZDUSD,H1,buy,0.61087,0.60913,0.61435,17.4,-1.067
2024-02-18 19:00:00,NZDUSD,H1,buy,0.61381,0.61177,0.61789,20.4,1.942
2024-02-28 00:00:00,NZDUSD,H1,buy,0.61133,0.61015,0.61369,11.8,-1.096
2024-03-07 19:00:00,NZDUSD,H1,buy,0.61775,0.61683,0.61959,9.2,-1.120
2024-03-15 14:00:00,NZDUSD,H1,buy,0.60841,0.60792,0.60939,4.9,1.797
2024-03-19 00:00:00,NZDUSD,H1,sell,0.60514,0.60834,0.59874,32.0,-1.038
2024-03-19 14:00:00,NZDUSD,H1,sell,0.60537,0.60575,0.60461,3.8,1.752
2024-03-20 04:00:00,NZDUSD,H1,sell,0.60270,0.60508,0.59794,23.8,-1.050
2024-03-20 18:00:00,NZDUSD,H1,buy,0.60894,0.60479,0.61724,41.5,-1.029
2024-03-21 21:00:00,NZDUSD,H1,sell,0.60170,0.60525,0.59460,35.5,1.966
2024-04-04 23:00:00,NZDUSD,H1,sell,0.60129,0.60319,0.59749,19.0,-1.062
2024-04-07 19:00:00,NZDUSD,H1,buy,0.60034,0.59951,0.60200,8.3,1.869
2024-04-08 15:00:00,NZDUSD,H1,sell,0.60319,0.60366,0.60225,4.7,-1.210
2024-04-09 01:00:00,NZDUSD,H1,buy,0.60405,0.60329,0.60557,7.6,1.859
2024-04-09 15:00:00,NZDUSD,H1,buy,0.60595,0.60478,0.60829,11.7,-1.097
2024-04-11 03:00:00,NZDUSD,H1,sell,0.59888,0.59910,0.59844,2.2,-1.362
2024-04-11 16:00:00,NZDUSD,H1,sell,0.59962,0.60036,0.59814,7.4,-1.145
2024-04-14 21:00:00,NZDUSD,H1,sell,0.59392,0.59505,0.59166,11.3,-1.100
2024-04-25 17:00:00,NZDUSD,H1,sell,0.59475,0.59532,0.59361,5.7,-1.180
2024-04-30 23:00:00,NZDUSD,H1,sell,0.58849,0.58900,0.58747,5.1,-1.197
2024-05-03 01:00:00,NZDUSD,H1,buy,0.59745,0.59629,0.59977,11.6,-1.097
2024-05-08 10:00:00,NZDUSD,H1,buy,0.59965,0.59821,0.60253,14.4,1.920
2024-05-09 19:00:00,NZDUSD,H1,buy,0.60348,0.60236,0.60572,11.2,-1.100
2024-05-13 04:00:00,NZDUSD,H1,buy,0.60115,0.60039,0.60267,7.6,1.859
2024-05-13 15:00:00,NZDUSD,H1,buy,0.60163,0.60106,0.60277,5.7,-1.180
2024-05-14 19:00:00,NZDUSD,H1,buy,0.60418,0.60304,0.60646,11.4,1.901
2024-05-21 04:00:00,NZDUSD,H1,buy,0.61027,0.60947,0.61187,8.0,-1.135
2024-05-22 08:00:00,NZDUSD,H1,sell,0.61124,0.61254,0.60864,13.0,1.912
2024-05-23 05:00:00,NZDUSD,H1,buy,0.61285,0.61041,0.61773,24.4,-1.049
2024-05-24 10:00:00,NZDUSD,H1,buy,0.61174,0.61030,0.61462,14.4,1.920
2024-05-27 04:00:00,NZDUSD,H1,buy,0.61347,0.61236,0.61569,11.1,1.899
2024-05-27 15:00:00,NZDUSD,H1,buy,0.61524,0.61463,0.61646,6.1,-1.170
2024-05-28 23:00:00,NZDUSD,H1,sell,0.61344,0.61482,0.61068,13.8,1.917
2024-06-02 23:00:00,NZDUSD,H1,sell,0.61437,0.61595,0.61121,15.8,-1.073
2024-06-03 06:00:00,NZDUSD,H1,sell,0.61464,0.61488,0.61416,2.4,-1.342
2024-06-03 15:00:00,NZDUSD,H1,buy,0.61819,0.61675,0.62107,14.4,-1.080
2024-06-09 21:00:00,NZDUSD,H1,sell,0.61053,0.61088,0.60983,3.5,-1.263
2024-06-11 21:00:00,NZDUSD,H1,sell,0.61442,0.61481,0.61364,3.9,-1.243
2024-06-17 19:00:00,NZDUSD,H1,buy,0.61342,0.61178,0.61670,16.4,-1.071
2024-06-18 18:00:00,NZDUSD,H1,sell,0.61434,0.61475,0.61352,4.1,1.766
2024-06-20 19:00:00,NZDUSD,H1,buy,0.61216,0.61136,0.61376,8.0,-1.135
2024-06-23 21:00:00,NZDUSD,H1,sell,0.61091,0.61189,0.60895,9.8,-1.113
2024-06-24 15:00:00,NZDUSD,H1,buy,0.61253,0.61174,0.61411,7.9,-1.137
2024-06-25 17:00:00,NZDUSD,H1,sell,0.61185,0.61237,0.61081,5.2,-1.194
2024-06-26 20:00:00,NZDUSD,H1,sell,0.60702,0.60877,0.60352,17.5,-1.067
2024-06-27 22:00:00,NZDUSD,H1,sell,0.60707,0.60868,0.60385,16.1,-1.072
2024-06-30 19:00:00,NZDUSD,H1,buy,0.60980,0.60836,0.61268,14.4,-1.080
2024-07-02 03:00:00,NZDUSD,H1,sell,0.60519,0.60580,0.60397,6.1,-1.170
2024-07-02 19:00:00,NZDUSD,H1,buy,0.60812,0.60723,0.60990,8.9,-1.123
2024-07-03 16:00:00,NZDUSD,H1,buy,0.60992,0.60970,0.61036,2.2,1.638
2024-07-10 12:00:00,NZDUSD,H1,sell,0.60823,0.60896,0.60677,7.3,-1.146
2024-07-11 19:00:00,NZDUSD,H1,sell,0.60946,0.60993,0.60852,4.7,1.790
2024-07-12 15:00:00,NZDUSD,H1,buy,0.61171,0.61133,0.61247,3.8,-1.248
2024-07-15 03:00:00,NZDUSD,H1,sell,0.60924,0.61030,0.60712,10.6,1.895
2024-07-15 11:00:00,NZDUSD,H1,sell,0.60919,0.60986,0.60785,6.7,-1.157
2024-07-18 01:00:00,NZDUSD,H1,sell,0.60740,0.60826,0.60568,8.6,1.873
2024-07-19 05:00:00,NZDUSD,H1,sell,0.60211,0.60402,0.59829,19.1,1.939
2024-07-22 07:00:00,NZDUSD,H1,sell,0.59939,0.60050,0.59717,11.1,1.899
2024-08-07 13:00:00,NZDUSD,H1,sell,0.59994,0.60236,0.59510,24.2,-1.049
2024-08-08 15:00:00,NZDUSD,H1,buy,0.60063,0.59934,0.60321,12.9,-1.088
2024-08-11 23:00:00,NZDUSD,H1,sell,0.60105,0.60168,0.59979,6.3,-1.166
2024-08-13 04:00:00,NZDUSD,H1,buy,0.60382,0.60273,0.60600,10.9,1.897
2024-08-14 05:00:00,NZDUSD,H1,sell,0.60169,0.60214,0.60079,4.5,-1.217
2024-08-19 11:00:00,NZDUSD,H1,buy,0.60925,0.60670,0.61435,25.5,1.953
2024-08-19 19:00:00,NZDUSD,H1,buy,0.61169,0.61046,0.61415,12.3,1.908
2024-08-22 17:00:00,NZDUSD,H1,sell,0.61364,0.61439,0.61214,7.5,-1.143
2024-09-08 19:00:00,NZDUSD,H1,buy,0.61690,0.61646,0.61778,4.4,1.779
2024-09-09 15:00:00,NZDUSD,H1,sell,0.61430,0.61591,0.61108,16.1,-1.072
2024-09-12 23:00:00,NZDUSD,H1,buy,0.61810,0.61765,0.61900,4.5,-1.217
2024-09-15 21:00:00,NZDUSD,H1,sell,0.61546,0.61666,0.61306,12.0,-1.094
2024-09-16 13:00:00,NZDUSD,H1,buy,0.61899,0.61790,0.62117,10.9,-1.103
2024-09-17 17:00:00,NZDUSD,H1,sell,0.61836,0.61920,0.61668,8.4,-1.130
2024-09-19 12:00:00,NZDUSD,H1,buy,0.62425,0.62166,0.62943,25.9,-1.046
2024-09-20 10:00:00,NZDUSD,H1,sell,0.62207,0.62446,0.61729,23.9,-1.050
2024-09-23 19:00:00,NZDUSD,H1,buy,0.62664,0.62597,0.62798,6.7,-1.157
2024-09-25 07:00:00,NZDUSD,H1,buy,0.63159,0.63063,0.63351,9.6,-1.115
2024-09-26 17:00:00,NZDUSD,H1,sell,0.63264,0.63320,0.63152,5.6,-1.182
2024-10-01 19:00:00,NZDUSD,H1,buy,0.62818,0.62746,0.62962,7.2,1.852
2024-10-03 04:00:00,NZDUSD,H1,sell,0.62225,0.62460,0.61755,23.5,1.949
2024-10-03 20:00:00,NZDUSD,H1,sell,0.62134,0.62197,0.62008,6.3,1.834
2024-10-04 10:00:00,NZDUSD,H1,sell,0.61647,0.62097,0.60747,45.0,1.973
2024-10-08 05:00:00,NZDUSD,H1,sell,0.61180,0.61330,0.60880,15.0,-1.077
2024-10-11 16:00:00,NZDUSD,H1,sell,0.61088,0.61204,0.60856,11.6,1.903
2024-10-13 22:00:00,NZDUSD,H1,sell,0.60900,0.61035,0.60630,13.5,-1.085
2024-10-15 19:00:00,NZDUSD,H1,sell,0.60515,0.60889,0.59767,37.4,1.968
2024-10-17 00:00:00,NZDUSD,H1,sell,0.60601,0.60763,0.60277,16.2,-1.072
2024-10-18 03:00:00,NZDUSD,H1,buy,0.60666,0.60563,0.60872,10.3,-1.108
2024-10-20 19:00:00,NZDUSD,H1,buy,0.60758,0.60625,0.61024,13.3,-1.086
2024-10-21 16:00:00,NZDUSD,H1,sell,0.60304,0.60364,0.60184,6.0,-1.172
2024-10-23 01:00:00,NZDUSD,H1,sell,0.60375,0.60535,0.60055,16.0,1.928
2024-11-07 17:00:00,NZDUSD,H1,sell,0.60243,0.60333,0.60063,9.0,1.878
2024-11-11 05:00:00,NZDUSD,H1,buy,0.59666,0.59550,0.59898,11.6,-1.097
2024-11-12 10:00:00,NZDUSD,H1,sell,0.59316,0.59555,0.58838,23.9,1.950
2024-11-14 04:00:00,NZDUSD,H1,sell,0.58571,0.58721,0.58271,15.0,-1.077
2024-11-20 10:00:00,NZDUSD,H1,sell,0.58708,0.58865,0.58394,15.7,1.926
2024-11-22 10:00:00,NZDUSD,H1,sell,0.58264,0.58450,0.57892,18.6,-1.063
2024-11-25 09:00:00,NZDUSD,H1,buy,0.58540,0.58371,0.58878,16.9,-1.069
2024-11-25 16:00:00,NZDUSD,H1,sell,0.58447,0.58529,0.58283,8.2,1.868
2024-11-26 03:00:00,NZDUSD,H1,sell,0.58376,0.58476,0.58176,10.0,-1.111
2024-11-27 08:00:00,NZDUSD,H1,buy,0.59045,0.58782,0.59571,26.3,-1.045
2024-12-08 21:00:00,NZDUSD,H1,buy,0.58315,0.58241,0.58463,7.4,-1.145
2024-12-09 09:00:00,NZDUSD,H1,buy,0.58739,0.58540,0.59137,19.9,-1.059
2024-12-10 16:00:00,NZDUSD,H1,sell,0.57985,0.58065,0.57825,8.0,-1.135
2024-12-12 07:00:00,NZDUSD,H1,sell,0.57905,0.58120,0.57475,21.5,1.945
2024-12-12 21:00:00,NZDUSD,H1,sell,0.57595,0.57727,0.57331,13.2,-1.087
2024-12-16 16:00:00,NZDUSD,H1,buy,0.57810,0.57741,0.57948,6.9,-1.153
2024-12-17 21:00:00,NZDUSD,H1,sell,0.57484,0.57593,0.57266,10.9,1.897
2024-12-18 11:00:00,NZDUSD,H1,sell,0.57170,0.57379,0.56752,20.9,1.944
2024-12-18 15:00:00,NZDUSD,H1,sell,0.56579,0.57252,0.55233,67.3,0.904
2024-12-22 23:00:00,NZDUSD,H1,sell,0.56576,0.56608,0.56512,3.2,1.719
2024-12-23 23:00:00,NZDUSD,H1,sell,0.56444,0.56494,0.56344,5.0,-1.200
2024-12-25 02:00:00,NZDUSD,H1,buy,0.56286,0.56256,0.56346,3.0,-1.294
2024-12-26 06:00:00,NZDUSD,H1,buy,0.56390,0.56321,0.56528,6.9,-1.153
2024-12-26 21:00:00,NZDUSD,H1,sell,0.56213,0.56284,0.56071,7.1,-1.150
2024-12-27 07:00:00,NZDUSD,H1,buy,0.56382,0.56223,0.56700,15.9,-1.073
2024-12-30 06:00:00,NZDUSD,H1,buy,0.56616,0.56452,0.56944,16.4,-1.071
2024-12-30 22:00:00,NZDUSD,H1,sell,0.56274,0.56472,0.55878,19.8,1.496
2024-12-31 12:00:00,NZDUSD,H1,sell,0.55922,0.56134,0.55498,21.2,-0.165
2025-01-02 17:00:00,NZDUSD,H1,sell,0.55951,0.55974,0.55905,2.3,-1.352
2025-01-06 00:00:00,NZDUSD,H1,buy,0.56234,0.56125,0.56452,10.9,1.897
2025-01-06 16:00:00,NZDUSD,H1,buy,0.56416,0.56297,0.56654,11.9,1.905
2025-01-07 13:00:00,NZDUSD,H1,buy,0.56390,0.56353,0.56464,3.7,-1.253
2025-01-21 00:00:00,NZDUSD,H1,sell,0.56401,0.56684,0.55835,28.3,-1.042
2025-02-03 06:00:00,NZDUSD,H1,sell,0.55625,0.55686,0.55503,6.1,-1.170
2025-02-05 21:00:00,NZDUSD,H1,sell,0.56754,0.56917,0.56428,16.3,-1.071
2025-02-12 19:00:00,NZDUSD,H1,buy,0.56392,0.56288,0.56600,10.4,-1.107
2025-02-28 06:00:00,NZDUSD,H1,sell,0.56026,0.56092,0.55894,6.6,-1.159
2025-03-06 06:00:00,NZDUSD,H1,buy,0.57365,0.57253,0.57589,11.2,-1.100
2025-03-10 00:00:00,NZDUSD,H1,buy,0.57184,0.57027,0.57498,15.7,-1.074
2025-03-10 21:00:00,NZDUSD,H1,sell,0.56928,0.57030,0.56724,10.2,-1.109
2025-03-11 19:00:00,NZDUSD,H1,sell,0.57080,0.57176,0.56888,9.6,-1.115
2025-03-13 09:00:00,NZDUSD,H1,sell,0.57072,0.57139,0.56938,6.7,-1.157
2025-03-16 18:00:00,NZDUSD,H1,buy,0.57508,0.57396,0.57732,11.2,1.900
2025-03-20 18:00:00,NZDUSD,H1,buy,0.57603,0.57483,0.57843,12.0,-1.094
2025-04-02 23:00:00,NZDUSD,H1,sell,0.57357,0.57455,0.57161,9.8,-1.113
2025-04-06 17:00:00,NZDUSD,H1,sell,0.55747,0.56096,0.55049,34.9,-1.035
2025-04-10 16:00:00,NZDUSD,H1,sell,0.57369,0.57661,0.56785,29.2,-1.041
2025-04-11 04:00:00,NZDUSD,H1,buy,0.58098,0.57521,0.59252,57.7,1.979
2025-04-13 19:00:00,NZDUSD,H1,buy,0.58343,0.58128,0.58773,21.5,1.945
2025-04-14 19:00:00,NZDUSD,H1,buy,0.58641,0.58594,0.58735,4.7,1.790
2025-04-15 21:00:00,NZDUSD,H1,buy,0.59003,0.58846,0.59317,15.7,1.926
2025-04-16 19:00:00,NZDUSD,H1,buy,0.59350,0.59185,0.59680,16.5,-1.070
2025-04-30 19:00:00,NZDUSD,H1,buy,0.59353,0.59138,0.59783,21.5,-1.055
2025-05-02 10:00:00,NZDUSD,H1,buy,0.59720,0.59291,0.60578,42.9,-1.028
2025-05-04 20:00:00,NZDUSD,H1,sell,0.59479,0.59608,0.59221,12.9,-1.088
2025-05-05 06:00:00,NZDUSD,H1,buy,0.59798,0.59602,0.60190,19.6,-1.060
2025-05-06 04:00:00,NZDUSD,H1,buy,0.59781,0.59646,0.60051,13.5,-1.085
2025-05-06 19:00:00,NZDUSD,H1,buy,0.60116,0.59947,0.60454,16.9,-1.069
2025-05-07 12:00:00,NZDUSD,H1,sell,0.59746,0.59918,0.59402,17.2,1.932
2025-05-08 01:00:00,NZDUSD,H1,sell,0.59564,0.59751,0.59190,18.7,1.937
2025-05-08 08:00:00,NZDUSD,H1,sell,0.59297,0.59369,0.59153,7.2,-1.148
2025-05-14 19:00:00,NZDUSD,H1,sell,0.58959,0.59049,0.58779,9.0,-1.122
2025-05-15 13:00:00,NZDUSD,H1,buy,0.58683,0.58593,0.58863,9.0,1.878
2025-05-21 04:00:00,NZDUSD,H1,sell,0.59279,0.59555,0.58727,27.6,-1.043
2025-05-21 22:00:00,NZDUSD,H1,sell,0.59283,0.59423,0.59003,14.0,1.918
2025-05-25 19:00:00,NZDUSD,H1,buy,0.59912,0.59766,0.60204,14.6,1.921
2025-05-28 03:00:00,NZDUSD,H1,buy,0.59688,0.59413,0.60238,27.5,-1.043
2025-05-29 19:00:00,NZDUSD,H1,buy,0.59758,0.59618,0.60038,14.0,-1.082
2025-05-30 07:00:00,NZDUSD,H1,buy,0.59569,0.59458,0.59791,11.1,1.899
2025-06-02 01:00:00,NZDUSD,H1,buy,0.59971,0.59886,0.60141,8.5,1.872
2025-06-02 16:00:00,NZDUSD,H1,buy,0.60336,0.60185,0.60638,15.1,-1.076
2025-06-03 07:00:00,NZDUSD,H1,sell,0.59973,0.60111,0.59697,13.8,-1.083
2025-06-05 19:00:00,NZDUSD,H1,buy,0.60409,0.60302,0.60623,10.7,-1.105
2025-06-06 16:00:00,NZDUSD,H1,sell,0.60115,0.60243,0.59859,12.8,-1.089
2025-06-09 11:00:00,NZDUSD,H1,buy,0.60546,0.60344,0.60950,20.2,-1.058
2025-06-09 19:00:00,NZDUSD,H1,buy,0.60487,0.60380,0.60701,10.7,-1.105
2025-06-11 15:00:00,NZDUSD,H1,sell,0.60274,0.60505,0.59812,23.1,-1.051
2025-06-12 15:00:00,NZDUSD,H1,buy,0.60640,0.60547,0.60826,9.3,-1.118
2025-06-13 06:00:00,NZDUSD,H1,sell,0.59987,0.60269,0.59423,28.2,-1.042
2025-06-15 22:00:00,NZDUSD,H1,sell,0.60170,0.60265,0.59980,9.5,-1.116
2025-06-17 23:00:00,NZDUSD,H1,sell,0.60256,0.60313,0.60142,5.7,-1.180
2025-06-18 05:00:00,NZDUSD,H1,sell,0.60292,0.60402,0.60072,11.0,-1.102
2025-06-20 04:00:00,NZDUSD,H1,sell,0.59948,0.60098,0.59648,15.0,1.923
2025-06-24 11:00:00,NZDUSD,H1,buy,0.60135,0.60077,0.60251,5.8,-1.177
2025-07-08 19:00:00,NZDUSD,H1,buy,0.59925,0.59876,0.60023,4.9,-1.203
2025-07-23 13:00:00,NZDUSD,H1,sell,0.60362,0.60451,0.60184,8.9,-1.123
2025-07-28 22:00:00,NZDUSD,H1,buy,0.59745,0.59599,0.60037,14.6,-1.079
2025-07-29 12:00:00,NZDUSD,H1,sell,0.59523,0.59590,0.59389,6.7,-1.157
2025-07-31 04:00:00,NZDUSD,H1,sell,0.59132,0.59377,0.58642,24.5,1.951
2025-07-31 17:00:00,NZDUSD,H1,sell,0.58899,0.58986,0.58725,8.7,1.874
2025-08-03 18:00:00,NZDUSD,H1,sell,0.59085,0.59229,0.58797,14.4,-1.080
2025-08-05 04:00:00,NZDUSD,H1,sell,0.58863,0.59034,0.58521,17.1,-1.068
2025-08-06 03:00:00,NZDUSD,H1,buy,0.59239,0.59141,0.59435,9.8,1.887
2025-08-06 19:00:00,NZDUSD,H1,buy,0.59270,0.59227,0.59356,4.3,-1.225
2025-08-07 09:00:00,NZDUSD,H1,buy,0.59513,0.59439,0.59661,7.4,-1.145
2025-08-07 13:00:00,NZDUSD,H1,buy,0.59455,0.59303,0.59759,15.2,-1.076
2025-08-07 23:00:00,NZDUSD,H1,buy,0.59601,0.59522,0.59759,7.9,-1.137
2025-08-08 11:00:00,NZDUSD,H1,sell,0.59533,0.59636,0.59327,10.3,1.892
2025-08-13 03:00:00,NZDUSD,H1,buy,0.59826,0.59519,0.60440,30.7,-1.039
2025-08-13 16:00:00,NZDUSD,H1,buy,0.59706,0.59686,0.59746,2.0,-1.385
2025-08-15 06:00:00,NZDUSD,H1,sell,0.59275,0.59307,0.59211,3.2,-1.281
2025-08-18 06:00:00,NZDUSD,H1,buy,0.59365,0.59282,0.59531,8.3,-1.131
2025-08-19 22:00:00,NZDUSD,H1,sell,0.58316,0.58986,0.56976,67.0,-1.018
2025-09-01 17:00:00,NZDUSD,H1,sell,0.58993,0.59050,0.58879,5.7,-1.180
2025-09-02 16:00:00,NZDUSD,H1,buy,0.58650,0.58554,0.58842,9.6,-1.115
2025-09-04 07:00:00,NZDUSD,H1,sell,0.58556,0.58702,0.58264,14.6,-1.079
2025-09-05 02:00:00,NZDUSD,H1,buy,0.58657,0.58574,0.58823,8.3,1.869
2025-09-22 12:00:00,NZDUSD,H1,buy,0.58631,0.58499,0.58895,13.2,-1.087
2025-09-23 11:00:00,NZDUSD,H1,sell,0.58558,0.58693,0.58288,13.5,1.915
2025-09-25 02:00:00,NZDUSD,H1,sell,0.58201,0.58291,0.58021,9.0,-1.122
2025-09-25 20:00:00,NZDUSD,H1,sell,0.57647,0.57703,0.57535,5.6,-1.182
2025-09-30 06:00:00,NZDUSD,H1,sell,0.57933,0.58077,0.57645,14.4,-1.080
2025-10-01 08:00:00,NZDUSD,H1,buy,0.58248,0.58017,0.58710,23.1,-1.051
2025-10-01 22:00:00,NZDUSD,H1,buy,0.58290,0.58106,0.58658,18.4,-1.064
2025-10-02 17:00:00,NZDUSD,H1,sell,0.58179,0.58225,0.58087,4.6,-1.214
2025-10-03 12:00:00,NZDUSD,H1,buy,0.58332,0.58232,0.58532,10.0,-1.111
2025-10-07 11:00:00,NZDUSD,H1,sell,0.58045,0.58172,0.57791,12.7,1.910
2025-10-08 11:00:00,NZDUSD,H1,sell,0.57764,0.57878,0.57536,11.4,-1.099
2025-10-09 23:00:00,NZDUSD,H1,sell,0.57562,0.57581,0.57524,1.9,1.603
2025-10-24 15:00:00,NZDUSD,H1,sell,0.57479,0.57504,0.57429,2.5,-1.333
2025-10-27 01:00:00,NZDUSD,H1,buy,0.57633,0.57518,0.57863,11.5,-1.098
2025-10-29 16:00:00,NZDUSD,H1,buy,0.57601,0.57476,0.57851,12.5,-1.091
2025-10-30 21:00:00,NZDUSD,H1,sell,0.57307,0.57456,0.57009,14.9,1.923
2025-10-31 08:00:00,NZDUSD,H1,sell,0.57247,0.57278,0.57185,3.1,-1.287
2025-11-03 09:00:00,NZDUSD,H1,sell,0.57008,0.57208,0.56608,20.0,1.941
2025-11-04 00:00:00,NZDUSD,H1,sell,0.56800,0.57002,0.56396,20.2,1.942
2025-11-04 13:00:00,NZDUSD,H1,sell,0.56539,0.56682,0.56253,14.3,-1.080
2025-11-13 13:00:00,NZDUSD,H1,sell,0.56546,0.56786,0.56066,24.0,-1.050
2025-11-17 08:00:00,NZDUSD,H1,buy,0.56634,0.56588,0.56726,4.6,-1.214
2025-11-17 23:00:00,NZDUSD,H1,sell,0.56500,0.56592,0.56316,9.2,-1.120
2025-11-18 18:00:00,NZDUSD,H1,buy,0.56581,0.56536,0.56671,4.5,-1.217
2025-11-26 09:00:00,NZDUSD,H1,buy,0.56767,0.56614,0.57073,15.3,1.924
2025-11-27 19:00:00,NZDUSD,H1,buy,0.57256,0.57153,0.57462,10.3,-1.108
2025-12-01 22:00:00,NZDUSD,H1,buy,0.57255,0.57171,0.57423,8.4,-1.130
2025-12-03 06:00:00,NZDUSD,H1,buy,0.57500,0.57378,0.57744,12.2,-1.093
2025-12-04 00:00:00,NZDUSD,H1,buy,0.57709,0.57599,0.57929,11.0,-1.102
2025-12-05 08:00:00,NZDUSD,H1,buy,0.57797,0.57659,0.58073,13.8,-1.083
2025-12-09 04:00:00,NZDUSD,H1,buy,0.57925,0.57760,0.58255,16.5,-1.070
2025-12-09 21:00:00,NZDUSD,H1,sell,0.57658,0.57830,0.57314,17.2,-1.068
2025-12-11 03:00:00,NZDUSD,H1,buy,0.58035,0.57867,0.58371,16.8,-1.069
2025-12-15 11:00:00,NZDUSD,H1,buy,0.57932,0.57879,0.58038,5.3,-1.191
2025-12-16 09:00:00,NZDUSD,H1,buy,0.58036,0.57775,0.58558,26.1,-1.046
2025-12-17 18:00:00,NZDUSD,H1,sell,0.57683,0.57849,0.57351,16.6,-1.070
2025-12-18 14:00:00,NZDUSD,H1,buy,0.57721,0.57651,0.57861,7.0,-1.152
2025-12-19 15:00:00,NZDUSD,H1,sell,0.57578,0.57665,0.57404,8.7,-1.126
2025-12-22 16:00:00,NZDUSD,H1,buy,0.57931,0.57904,0.57985,2.7,-1.316
2025-12-29 16:00:00,NZDUSD,H1,buy,0.58032,0.57971,0.58154,6.1,-1.170
2025-12-30 13:00:00,NZDUSD,H1,sell,0.57961,0.58070,0.57743,10.9,1.897
2025-12-31 05:00:00,NZDUSD,H1,sell,0.57619,0.57749,0.57359,13.0,0.316
2022-01-09 20:00:00,NZDUSD,H4,sell,0.67695,0.67838,0.67409,14.3,1.920
2022-01-16 16:00:00,NZDUSD,H4,buy,0.67976,0.67907,0.68114,6.9,-1.153
2022-01-28 08:00:00,NZDUSD,H4,sell,0.65543,0.65896,0.64837,35.3,-1.034
2022-02-07 08:00:00,NZDUSD,H4,sell,0.66195,0.66398,0.65789,20.3,-1.058
2022-02-10 04:00:00,NZDUSD,H4,buy,0.67005,0.66732,0.67551,27.3,-1.044
2022-02-15 08:00:00,NZDUSD,H4,sell,0.66397,0.66488,0.66215,9.1,-1.121
2022-02-16 16:00:00,NZDUSD,H4,buy,0.66885,0.66329,0.67997,55.6,1.978
2022-02-18 00:00:00,NZDUSD,H4,buy,0.67250,0.66811,0.68128,43.9,-1.028
2022-02-23 00:00:00,NZDUSD,H4,buy,0.67891,0.67269,0.69135,62.2,-1.020
2022-02-27 16:00:00,NZDUSD,H4,sell,0.66886,0.67518,0.65622,63.2,-1.019
2022-03-01 04:00:00,NZDUSD,H4,buy,0.67682,0.67474,0.68098,20.8,-1.057
2022-04-25 12:00:00,NZDUSD,H4,sell,0.66176,0.66346,0.65836,17.0,-1.068
2022-04-27 08:00:00,NZDUSD,H4,sell,0.65361,0.65915,0.64253,55.4,1.978
2022-05-06 04:00:00,NZDUSD,H4,sell,0.64232,0.64425,0.63846,19.3,-1.061
2022-05-26 04:00:00,NZDUSD,H4,sell,0.64704,0.65008,0.64096,30.4,-1.039
2022-06-14 08:00:00,NZDUSD,H4,sell,0.62231,0.62940,0.60813,70.9,-1.017
2022-06-20 12:00:00,NZDUSD,H4,sell,0.63325,0.63647,0.62681,32.2,1.963
2022-06-27 12:00:00,NZDUSD,H4,sell,0.62918,0.63254,0.62246,33.6,1.964
2022-07-25 12:00:00,NZDUSD,H4,sell,0.62677,0.62801,0.62429,12.4,1.908
2022-08-22 16:00:00,NZDUSD,H4,buy,0.61753,0.61555,0.62149,19.8,1.941
2022-08-29 16:00:00,NZDUSD,H4,sell,0.61568,0.61678,0.61348,11.0,1.898
2022-09-01 12:00:00,NZDUSD,H4,sell,0.60758,0.61169,0.59936,41.1,-1.030
2022-09-09 16:00:00,NZDUSD,H4,buy,0.61017,0.60940,0.61171,7.7,-1.140
2022-09-15 00:00:00,NZDUSD,H4,sell,0.60091,0.60261,0.59751,17.0,1.932
2022-09-21 20:00:00,NZDUSD,H4,sell,0.58169,0.59115,0.56277,94.6,1.987
2022-09-23 04:00:00,NZDUSD,H4,sell,0.57883,0.58567,0.56515,68.4,1.982
2022-10-07 04:00:00,NZDUSD,H4,sell,0.56518,0.56740,0.56074,22.2,1.947
2022-10-25 04:00:00,NZDUSD,H4,sell,0.56908,0.57235,0.56254,32.7,-1.037
2022-10-26 04:00:00,NZDUSD,H4,buy,0.58058,0.57237,0.59700,82.1,1.985
2022-10-27 16:00:00,NZDUSD,H4,buy,0.58267,0.57865,0.59071,40.2,-1.030
2022-11-07 00:00:00,NZDUSD,H4,buy,0.59199,0.58466,0.60665,73.3,-1.017
2022-11-08 08:00:00,NZDUSD,H4,buy,0.59942,0.58972,0.61882,97.0,-1.013
2022-11-16 04:00:00,NZDUSD,H4,buy,0.61723,0.61287,0.62595,43.6,-1.028
2022-11-18 16:00:00,NZDUSD,H4,buy,0.61460,0.61406,0.61568,5.4,-1.188
2022-11-25 16:00:00,NZDUSD,H4,buy,0.62326,0.62172,0.62634,15.4,-1.075
2022-11-28 04:00:00,NZDUSD,H4,buy,0.62227,0.61895,0.62891,33.2,-1.036
2022-11-30 00:00:00,NZDUSD,H4,buy,0.62312,0.61874,0.63188,43.8,1.972
2022-12-02 16:00:00,NZDUSD,H4,buy,0.64084,0.63265,0.65722,81.9,-1.015
2022-12-21 20:00:00,NZDUSD,H4,buy,0.63212,0.62755,0.64126,45.7,-1.027
2022-12-23 12:00:00,NZDUSD,H4,sell,0.62900,0.63051,0.62598,15.1,1.924
2022-12-29 12:00:00,NZDUSD,H4,buy,0.63476,0.62969,0.64490,50.7,0.013
2023-01-05 12:00:00,NZDUSD,H4,sell,0.62286,0.63096,0.60666,81.0,-1.015
2023-01-09 00:00:00,NZDUSD,H4,buy,0.63930,0.63255,0.65280,67.5,-1.018
2023-01-23 00:00:00,NZDUSD,H4,buy,0.64888,0.64422,0.65820,46.6,-1.026
2023-01-31 16:00:00,NZDUSD,H4,sell,0.64320,0.64752,0.63456,43.2,-1.028
2023-02-06 08:00:00,NZDUSD,H4,sell,0.62829,0.63352,0.61783,52.3,-1.023
2023-02-08 12:00:00,NZDUSD,H4,sell,0.63065,0.63488,0.62219,42.3,-1.029
2023-02-10 12:00:00,NZDUSD,H4,sell,0.63076,0.63469,0.62290,39.3,-1.031
2023-02-16 08:00:00,NZDUSD,H4,sell,0.62655,0.63098,0.61769,44.3,1.973
2023-03-27 04:00:00,NZDUSD,H4,sell,0.61831,0.62123,0.61247,29.2,-1.041
2023-04-27 16:00:00,NZDUSD,H4,buy,0.61446,0.61247,0.61844,19.9,-1.059
2023-05-01 20:00:00,NZDUSD,H4,buy,0.61760,0.61598,0.62084,16.2,1.928
2023-05-26 16:00:00,NZDUSD,H4,sell,0.60419,0.60937,0.59383,51.8,-1.024
2023-07-14 00:00:00,NZDUSD,H4,buy,0.63806,0.63575,0.64268,23.1,-1.051
2023-08-10 00:00:00,NZDUSD,H4,buy,0.60661,0.60390,0.61203,27.1,-1.044
2023-09-29 12:00:00,NZDUSD,H4,sell,0.59919,0.60494,0.58769,57.5,1.979
2023-10-04 04:00:00,NZDUSD,H4,sell,0.58993,0.59218,0.58543,22.5,-1.053
2023-10-09 08:00:00,NZDUSD,H4,buy,0.60011,0.59590,0.60853,42.1,-1.029
2023-10-10 12:00:00,NZDUSD,H4,buy,0.60435,0.59973,0.61359,46.2,-1.026
2023-10-19 20:00:00,NZDUSD,H4,sell,0.58326,0.58671,0.57636,34.5,-1.035
2023-11-07 16:00:00,NZDUSD,H4,buy,0.59275,0.59097,0.59631,17.8,-1.066
2023-11-10 08:00:00,NZDUSD,H4,sell,0.58816,0.59054,0.58340,23.8,-1.050
2023-11-17 08:00:00,NZDUSD,H4,buy,0.59683,0.59389,0.60271,29.4,1.959
2023-11-20 16:00:00,NZDUSD,H4,buy,0.60437,0.60030,0.61251,40.7,-1.030
2023-11-23 16:00:00,NZDUSD,H4,buy,0.60543,0.60339,0.60951,20.4,1.942
2023-11-27 04:00:00,NZDUSD,H4,buy,0.60978,0.60594,0.61746,38.4,1.968
2023-12-08 16:00:00,NZDUSD,H4,buy,0.61186,0.61024,0.61510,16.2,1.928
2023-12-11 16:00:00,NZDUSD,H4,sell,0.61270,0.61324,0.61162,5.4,-1.188
2023-12-15 00:00:00,NZDUSD,H4,buy,0.62185,0.61813,0.62929,37.2,-1.033
2023-12-20 00:00:00,NZDUSD,H4,buy,0.62853,0.62410,0.63739,44.3,-1.027
2023-12-28 20:00:00,NZDUSD,H4,buy,0.63513,0.63227,0.64085,28.6,-1.042
2024-01-05 04:00:00,NZDUSD,H4,sell,0.62178,0.62446,0.61642,26.8,-1.045
2024-01-10 12:00:00,NZDUSD,H4,sell,0.62211,0.62548,0.61537,33.7,-1.036
2024-01-16 00:00:00,NZDUSD,H4,sell,0.61603,0.62044,0.60721,44.1,1.972
2024-01-18 04:00:00,NZDUSD,H4,sell,0.61123,0.61366,0.60637,24.3,-1.049
2024-01-25 00:00:00,NZDUSD,H4,buy,0.61184,0.60984,0.61584,20.0,-1.059
2024-01-30 16:00:00,NZDUSD,H4,buy,0.61324,0.61039,0.61894,28.5,-1.042
2024-02-05 08:00:00,NZDUSD,H4,sell,0.60473,0.60824,0.59771,35.1,-1.034
2024-02-12 12:00:00,NZDUSD,H4,buy,0.61314,0.61189,0.61564,12.5,-1.091
2024-02-15 00:00:00,NZDUSD,H4,sell,0.60853,0.60950,0.60659,9.7,-1.114
2024-03-08 04:00:00,NZDUSD,H4,buy,0.61831,0.61598,0.62297,23.3,-1.051
2024-03-12 16:00:00,NZDUSD,H4,buy,0.61469,0.61341,0.61725,12.8,-1.089
2024-03-14 00:00:00,NZDUSD,H4,buy,0.61593,0.61507,0.61765,8.6,-1.127
2024-05-17 00:00:00,NZDUSD,H4,sell,0.61133,0.61275,0.60849,14.2,-1.081
2024-07-22 00:00:00,NZDUSD,H4,sell,0.59974,0.60284,0.59354,31.0,1.961
2024-08-21 08:00:00,NZDUSD,H4,buy,0.61601,0.61309,0.62185,29.2,-1.041
2024-10-10 16:00:00,NZDUSD,H4,sell,0.60950,0.60984,0.60882,3.4,-1.269
2024-10-13 16:00:00,NZDUSD,H4,sell,0.60900,0.61204,0.60292,30.4,1.961
2024-10-16 16:00:00,NZDUSD,H4,sell,0.60578,0.60803,0.60128,22.5,-1.053
2024-10-22 16:00:00,NZDUSD,H4,sell,0.60431,0.60618,0.60057,18.7,1.937
2024-10-25 16:00:00,NZDUSD,H4,sell,0.59755,0.60141,0.58983,38.6,-1.031
2024-11-11 08:00:00,NZDUSD,H4,sell,0.59591,0.59781,0.59211,19.0,1.938
2024-11-13 16:00:00,NZDUSD,H4,sell,0.58793,0.59479,0.57421,68.6,1.982
2024-11-20 00:00:00,NZDUSD,H4,sell,0.58863,0.59225,0.58139,36.2,1.967
2024-11-21 04:00:00,NZDUSD,H4,sell,0.58753,0.58867,0.58525,11.4,1.901
2024-11-28 08:00:00,NZDUSD,H4,buy,0.58910,0.58789,0.59152,12.1,1.906
2024-12-05 12:00:00,NZDUSD,H4,buy,0.58846,0.58509,0.59520,33.7,-1.036
2024-12-11 04:00:00,NZDUSD,H4,sell,0.57771,0.58089,0.57135,31.8,-1.038
2024-12-13 16:00:00,NZDUSD,H4,sell,0.57579,0.57790,0.57157,21.1,-1.056
2024-12-19 16:00:00,NZDUSD,H4,sell,0.56184,0.56628,0.55296,44.4,-1.027
2024-12-23 12:00:00,NZDUSD,H4,sell,0.56490,0.56616,0.56238,12.6,-1.090
2024-12-27 12:00:00,NZDUSD,H4,sell,0.56337,0.56440,0.56131,10.3,-1.108
2025-01-09 20:00:00,NZDUSD,H4,sell,0.55901,0.56040,0.55623,13.9,1.917
2025-01-16 16:00:00,NZDUSD,H4,sell,0.56093,0.56243,0.55793,15.0,1.923
2025-01-21 12:00:00,NZDUSD,H4,buy,0.56707,0.56152,0.57817,55.5,-1.022
2025-01-22 08:00:00,NZDUSD,H4,buy,0.56667,0.56476,0.57049,19.1,-1.061
2025-01-24 16:00:00,NZDUSD,H4,buy,0.57010,0.56970,0.57090,4.0,-1.238
2025-01-28 20:00:00,NZDUSD,H4,sell,0.56611,0.56712,0.56409,10.1,1.890
2025-02-04 00:00:00,NZDUSD,H4,sell,0.56047,0.56415,0.55311,36.8,-1.033
2025-02-06 12:00:00,NZDUSD,H4,buy,0.56761,0.56503,0.57277,25.8,-1.046
2025-02-11 00:00:00,NZDUSD,H4,buy,0.56500,0.56272,0.56956,22.8,-1.052
2025-02-20 04:00:00,NZDUSD,H4,buy,0.57243,0.56921,0.57887,32.2,-1.037
2025-02-25 08:00:00,NZDUSD,H4,sell,0.57143,0.57391,0.56647,24.8,1.952
2025-03-10 00:00:00,NZDUSD,H4,buy,0.57271,0.56856,0.58101,41.5,-1.029
2025-03-26 04:00:00,NZDUSD,H4,buy,0.57497,0.57125,0.58241,37.2,-1.033
2025-03-30 16:00:00,NZDUSD,H4,sell,0.57024,0.57369,0.56334,34.5,-1.035
2025-04-07 16:00:00,NZDUSD,H4,sell,0.55357,0.56446,0.53179,108.9,-1.011
2025-04-14 16:00:00,NZDUSD,H4,buy,0.58641,0.58290,0.59343,35.1,1.966
2025-04-16 00:00:00,NZDUSD,H4,buy,0.59177,0.58846,0.59839,33.1,1.964
2025-04-18 12:00:00,NZDUSD,H4,buy,0.59320,0.59229,0.59502,9.1,-1.121
2025-04-22 04:00:00,NZDUSD,H4,buy,0.59949,0.59791,0.60265,15.8,-1.073
2025-04-24 08:00:00,NZDUSD,H4,buy,0.59834,0.59400,0.60702,43.4,-1.028
2025-04-30 08:00:00,NZDUSD,H4,sell,0.59311,0.59505,0.58923,19.4,-1.061
2025-05-05 00:00:00,NZDUSD,H4,buy,0.59621,0.59355,0.60153,26.6,1.955
2025-05-09 16:00:00,NZDUSD,H4,sell,0.59071,0.59212,0.58789,14.1,-1.081
2025-05-18 16:00:00,NZDUSD,H4,buy,0.58855,0.58651,0.59263,20.4,1.942
2025-05-20 16:00:00,NZDUSD,H4,buy,0.59271,0.58928,0.59957,34.3,-1.035
2025-05-28 04:00:00,NZDUSD,H4,buy,0.59628,0.59223,0.60438,40.5,1.970
2025-06-25 00:00:00,NZDUSD,H4,buy,0.60227,0.59986,0.60709,24.1,1.951
2025-07-09 16:00:00,NZDUSD,H4,buy,0.59985,0.59798,0.60359,18.7,1.937
2025-07-14 04:00:00,NZDUSD,H4,sell,0.59892,0.60153,0.59370,26.1,1.954
2025-07-16 04:00:00,NZDUSD,H4,sell,0.59412,0.59668,0.58900,25.6,-1.047
2025-07-21 04:00:00,NZDUSD,H4,buy,0.59708,0.59372,0.60380,33.6,1.964
2025-07-23 20:00:00,NZDUSD,H4,buy,0.60514,0.60251,0.61040,26.3,-1.045
2025-07-29 04:00:00,NZDUSD,H4,sell,0.59473,0.59769,0.58881,29.6,1.959
2025-08-01 16:00:00,NZDUSD,H4,sell,0.59104,0.59296,0.58720,19.2,-1.061
2025-08-05 12:00:00,NZDUSD,H4,buy,0.58942,0.58799,0.59228,14.3,1.920
2025-08-17 20:00:00,NZDUSD,H4,buy,0.59330,0.59103,0.59784,22.7,-1.052
2025-09-10 16:00:00,NZDUSD,H4,sell,0.59424,0.59645,0.58982,22.1,-1.054
2025-09-12 16:00:00,NZDUSD,H4,buy,0.59518,0.59387,0.59780,13.1,-1.087
2025-09-22 00:00:00,NZDUSD,H4,sell,0.58445,0.58642,0.58051,19.7,-1.060
2025-10-03 16:00:00,NZDUSD,H4,sell,0.58303,0.58390,0.58129,8.7,1.874
2025-10-10 12:00:00,NZDUSD,H4,sell,0.57235,0.57590,0.56525,35.5,-1.034
2025-10-15 08:00:00,NZDUSD,H4,sell,0.57223,0.57324,0.57021,10.1,-1.110
2025-10-20 12:00:00,NZDUSD,H4,buy,0.57443,0.57239,0.57851,20.4,-1.058
2025-10-24 16:00:00,NZDUSD,H4,buy,0.57456,0.57367,0.57634,8.9,1.877
2025-10-28 16:00:00,NZDUSD,H4,buy,0.57794,0.57575,0.58232,21.9,-1.054
2025-11-03 08:00:00,NZDUSD,H4,sell,0.57066,0.57307,0.56584,24.1,1.951
2025-12-02 16:00:00,NZDUSD,H4,sell,0.57384,0.57453,0.57246,6.9,-1.153
2025-12-05 00:00:00,NZDUSD,H4,buy,0.57717,0.57561,0.58029,15.6,1.926
2025-12-11 08:00:00,NZDUSD,H4,buy,0.58176,0.57867,0.58794,30.9,-1.039
2025-12-15 04:00:00,NZDUSD,H4,sell,0.57936,0.58091,0.57626,15.5,1.925
2025-12-18 16:00:00,NZDUSD,H4,sell,0.57799,0.57884,0.57629,8.5,1.872
2025-12-23 00:00:00,NZDUSD,H4,buy,0.58310,0.57792,0.59346,51.8,-1.024
2025-12-25 00:00:00,NZDUSD,H4,buy,0.58246,0.58233,0.58272,1.3,-1.490
2025-12-30 08:00:00,NZDUSD,H4,sell,0.58019,0.58201,0.57655,18.2,1.936
