pair,leg_idx,direction,entry,exit,units,stop,target,pnl,opened_at,closed_at,reason,entry_type,session_side,target_type,target_rung,target_pd,target_pd_tf,path_blocked,path_block_tf,d1_fvg_dist_pips,d1_fvg_align,d1_fvg_pos,d1_pd_type,d1_pd_dist_pips,d1_pd_align,draw_score,im_scenario,entry_model,session_phase,profile,htf_fvg,dxy_fvg_tf,ny_cont,target_confluence,mstruct_pts,mstruct_align,mstruct_htf_dir,mstruct_minor_sweep,mstruct_intact_tf,dxy_mstruct_align,dxy_mstruct_sweep,dxy_rev_day,dxy_rev_tf,crt_tf,nwog,smt_idx,smt_dxy,target_escalated,tp_runner,tp1_price,soj_sweep,soj_type,amd_range_pips,amd_range_bars,amd_touches_hi,amd_touches_lo,amd_sweep_side,amd_sweep_depth,amd_sweep_aligned,amd_accum_start,amd_accum_end,amd_sweep_time,amd_sweep_time_m5,amd_swept_pdliq,amd_entry_zone,amd_liq_run,amd_source,bond_confirm,htf_smt,smt_pair_pref,golden_rule,golden_via,golden_ob_tf,golden_ob_state,golden_retrace_tf,mm_scenario,mm_ifvg_tf,mm_pd_stage,m1_diag,m1_smtz,m1_smtx,htf_smt_tf,mm_zone_lo,mm_zone_hi,mm_ifvg_zone_tf,mm_dxy_dir,mm_dxy_tf,mm_eurgbp_dir,mm_eurgbp_tf,golden_smt,golden_score,narrative_score,narrative_weekly_profile,narrative_nfp,narrative_rate,narrative_pd_prov,narrative_seasonal,narrative_htf_ob,narrative_d1_draw,htf_ob_context,htf_ob_liq_type,d1_draw_type,d1_draw_price,mm_adds,mfe_pips,lad_sess,lad_d3,lad_wk,lad_d30,lad_d60
GBPUSD,1,1,1.27266,1.2759099999999999,2000,1.2736599999999998,1.27596,120.24999999999908,2024-01-08 14:30:00+00:00,2024-01-08 16:10:00+00:00,target,amd_ob_m5,momentum,swing,near,,,False,,,,,,,,1,2b_ip,breakout,ny_judas,ny,,,False,2,1,240T,0,False,240T,60T,False,1,60T,240T,,False,False,False,False,,True,single,33.1,28.0,2.0,2.0,low,14.8,True,2024-01-08 02:00:00+00:00,2024-01-08 08:45:00+00:00,2024-01-08 09:30:00+00:00,2024-01-08 09:35:00+00:00,,,,m15_range,False,False,,against,,,,,,,,,,,,,,,0,,0,,False,0,3,True,False,0,True,False,False,True,,,equal_hl,1.273215,0,34.2,,45.1,,,
EURUSD,1,1,1.09429,1.09425,2000,1.09429,1.09788,-1.4800000000014801,2024-01-10 09:00:00+00:00,2024-01-10 11:35:00+00:00,stop,amd_ob_m5,momentum,pdh_pdl,near,ifvg,D,False,,22.5,against,ahead,ifvg,22.5,against,0,3b,breakout,london_judas,london,,,False,5,1,15T,0,False,15T,,False,-1,60T,D,,False,False,True,False,,True,single,18.2,12.0,3.0,3.0,low,1.8,True,2024-01-09 16:30:00+00:00,2024-01-09 19:15:00+00:00,2024-01-09 19:30:00+00:00,2024-01-09 19:40:00+00:00,False,premium,eql,m15_range,False,False,,golden,,,,,,,,,,,,,,,0,,0,,False,0,3,True,False,0,True,False,False,True,,,equal_hl,1.0969625,0,12.4,,36.8,,,
GBPUSD,1,-1,1.27583,1.2748800000000002,2000,1.2748300000000001,1.2724661400000004,35.14999999999202,2024-01-11 09:00:00+00:00,2024-01-11 11:00:00+00:00,stop,amd_breaker_m5,momentum,fib_extension,near,,,True,240T,,,,,,,1,1a_ip,judas,london_judas,london,,,False,3,0,,0,False,,,False,1,60T,240T,,False,False,False,False,,True,single,27.3,30.0,3.0,4.0,high,16.5,True,2024-01-10 18:15:00+00:00,2024-01-11 01:30:00+00:00,2024-01-11 06:30:00+00:00,2024-01-11 06:35:00+00:00,False,premium,none,m15_range,False,False,,golden,,,,,,,,,,,,,,,0,,0,,False,0,2,False,False,0,True,False,False,True,,,equal_hl,1.2688233333333334,0,24.8,24.5,86.4,,,
GBPUSD,1,-1,1.27112,1.27217,2000,1.27212,1.26729,-38.84999999999983,2024-01-11 13:50:00+00:00,2024-01-11 13:55:00+00:00,stop,amd_fvg_m5,momentum,pdh_pdl,near,,,True,240T,,,,,,,1,1a_ip,breakout,ny_judas,ny,,,False,3,2,15T,0,True,,,True,1,60T,240T,,False,False,True,False,,True,dual,30.9,10.0,2.0,2.0,high,16.2,True,2024-01-11 10:15:00+00:00,2024-01-11 12:30:00+00:00,2024-01-11 13:30:00+00:00,2024-01-11 13:30:00+00:00,False,discount,eqh,m15_range,False,False,,golden,,,,,,,,,,,,,,,0,,0,,False,0,2,False,False,0,True,False,False,True,,,equal_hl,1.2688233333333334,0,2.4,,39.3,,,
EURUSD,1,-1,1.0949,1.09494,2000,1.0949,1.09103,-1.4800000000014801,2024-01-12 12:00:00+00:00,2024-01-12 13:25:00+00:00,stop,amd_fvg_m5,judas,pdh_pdl,near,,,False,,16.4,with,behind,ifvg,16.4,with,1,3a,judas,ny_judas,ny,,,False,4,2,60T|15T,0,True,60T,60T,True,1,60T,240T,,False,False,True,False,,False,,28.5,29.0,3.0,2.0,high,0.7,True,2024-01-11 18:45:00+00:00,2024-01-12 01:45:00+00:00,2024-01-12 02:00:00+00:00,2024-01-12 02:05:00+00:00,False,discount,eqh,m15_range,False,False,,against,,,,,,,,,,,,,,,0,,0,,False,0,2,False,False,0,True,False,False,True,,,equal_hl,1.0934625,0,13.1,,39.6,,,
GBPUSD,1,-1,1.27377,1.2728200000000003,2000,1.2727700000000002,1.2705100000000003,35.14999999999202,2024-01-15 09:00:00+00:00,2024-01-15 10:50:00+00:00,stop,amd_fvg_m5,momentum,fib_extension,near,ifvg,240T,True,240T,,,,,,,1,1a_ip,judas,london_judas,london,,,False,3,1,15T,0,False,15T,,False,1,60T,,,False,False,False,False,,True,single,32.5,11.0,2.0,2.0,high,1.1,True,2024-01-15 00:30:00+00:00,2024-01-15 03:00:00+00:00,2024-01-15 03:15:00+00:00,2024-01-15 03:20:00+00:00,,,,m15_range,False,False,opposing,golden,,,,,,,,,,,,,,,0,,0,,False,0,3,True,False,0,True,False,False,True,,,equal_hl,1.271595,0,24.9,10.7,48.9,128.2,,
NZDUSD,1,-1,0.6196849999999999,0.61976,2000,0.6196849999999999,0.615,-2.7750000000017483,2024-01-15 09:00:00+00:00,2024-01-15 11:00:00+00:00,stop,amd_fvg_m5,momentum,fib_extension,d3,,,False,,79.0,with,behind,ifvg,79.0,with,1,N-short_h4,judas,london_judas,london,,,False,2,0,,0,False,,,False,1,60T,,,False,False,False,False,,True,single,13.6,10.0,2.0,2.0,high,3.5,True,2024-01-15 00:15:00+00:00,2024-01-15 02:30:00+00:00,2024-01-15 02:45:00+00:00,2024-01-15 02:55:00+00:00,,,,m15_range,False,False,,,,,,,,,,,,,,,,,0,,0,,False,0,4,True,False,0,True,False,True,True,continuation,breaker,equal_hl,0.6181650000000001,0,14.0,,2.9,17.6,,
EURUSD,1,-1,1.0901100000000001,1.0891500000000003,2000,1.0891100000000002,1.08594212,35.51999999999445,2024-01-16 08:30:00+00:00,2024-01-16 11:35:00+00:00,stop,amd_fvg_m5,momentum,fib_extension,near,,,False,,64.3,with,behind,ifvg,64.3,with,1,3a,breakout,london_judas,london,,,False,1,1,60T,0,False,60T,60T,False,0,,,,False,False,False,False,,True,single,31.1,30.0,1.0,2.0,high,-16.4,True,2024-01-16 00:30:00+00:00,2024-01-16 07:45:00+00:00,2024-01-16 08:15:00+00:00,2024-01-16 08:20:00+00:00,False,discount,val,session_range,False,False,opposing,against,,,,,,,,,,,,,,,0,,0,,False,0,2,True,False,0,True,False,False,False,,,,0.0,0,27.2,,,25.3,,
EURUSD,1,-1,1.08739,1.0874300000000001,2000,1.08739,1.0835899999999998,-1.4800000000014801,2024-01-18 13:00:00+00:00,2024-01-18 13:35:00+00:00,stop,amd_fvg_m15,momentum,fib_extension,d3,,,False,,12.1,with,behind,fvg,12.1,with,1,1b_h4,breakout,ny_judas,ny,,,False,1,1,15T,0,False,15T,,False,1,60T,,,False,False,False,False,,True,dual,27.1,39.0,3.0,4.0,high,0.4,True,2024-01-17 21:00:00+00:00,2024-01-18 06:30:00+00:00,2024-01-18 06:45:00+00:00,2024-01-18 06:50:00+00:00,False,discount,eqh,m15_range,False,False,,against,,,,,,,,,,,,,,,0,,0,,False,0,2,False,False,0,True,False,False,True,,,equal_hl,1.084555,0,21.5,,30.3,,,
EURUSD,1,-1,1.08939,1.0894300000000001,2000,1.08939,1.0863800000000001,-1.4800000000014801,2024-01-22 08:00:00+00:00,2024-01-22 12:10:00+00:00,stop,amd_ob_m5,momentum,equal_hl,near,ifvg,240T,True,240T,0.0,with,inside,fvg,0.0,with,1,3a,judas,london_judas,london,,,False,4,1,240T,0,False,240T,240T,False,1,60T,D,,False,False,True,False,,True,single,29.1,58.0,3.0,3.0,high,0.3,True,2024-01-19 16:00:00+00:00,2024-01-22 06:15:00+00:00,2024-01-22 06:30:00+00:00,2024-01-22 06:30:00+00:00,,,,m15_range,False,False,,against,,,,,,,,,,,,,,,0,,0,,False,0,3,True,False,0,True,False,False,True,,,equal_hl,1.089035,0,12.4,7.0,48.2,,,
GBPUSD,1,-1,1.26974,1.2661300000000002,2000,1.2687400000000002,1.26608,133.56999999999596,2024-01-23 14:00:00+00:00,2024-01-23 15:40:00+00:00,target,amd_fvg_h1,momentum,pdh_pdl,near,,,False,,0.0,with,inside,fvg,0.0,with,1,1a_ip,judas,ny_judas,ny,,,False,3,1,15T,0,False,15T,,False,1,60T,D,,False,False,True,False,,True,single,31.5,20.0,2.0,2.0,high,0.4,True,2024-01-23 02:00:00+00:00,2024-01-23 06:45:00+00:00,2024-01-23 07:00:00+00:00,2024-01-23 07:05:00+00:00,False,discount,eqh,m15_range,False,False,,golden,,,,,,,,,,,,,,,0,,0,,False,0,4,True,False,0,True,False,True,True,continuation,d1_fvg,equal_hl,1.26759,0,39.2,,37.6,25.5,,
GBPUSD,1,1,1.27149,1.27494,2000,1.27499,1.2745227799999999,127.64999999999827,2024-01-24 09:00:00+00:00,2024-01-24 09:30:00+00:00,stop,amd_fvg_m5,momentum,fib_extension,near,ob,D,True,D,1.5,against,ahead,ob,0.0,against,1,2b,breakout,london_judas,london,,,False,4,1,240T|15T,0,False,240T,,False,-1,60T,D,,False,False,True,False,,True,single,33.9,15.0,2.0,2.0,low,61.2,True,2024-01-23 07:30:00+00:00,2024-01-23 11:00:00+00:00,2024-01-23 17:30:00+00:00,2024-01-23 17:40:00+00:00,False,premium,none,m15_range,False,False,confirmed,against,,,,,,,,,,,,,,,0,,0,,False,0,3,True,False,0,True,False,False,True,,,equal_hl,1.2767724999999999,0,42.6,,32.8,71.5,,
EURUSD,1,1,1.09023,1.0911899999999999,2000,1.09123,1.09383528,35.51999999999445,2024-01-24 13:00:00+00:00,2024-01-24 14:45:00+00:00,stop,amd_fvg_m5,momentum,fib_extension,d3,ifvg,D,True,240T,0.0,against,inside,ifvg,0.0,against,1,3b,breakout,ny_judas,ny,,,False,1,1,15T,0,False,15T,,False,0,,,,False,False,False,False,,True,single,25.7,17.0,2.0,3.0,low,38.5,True,2024-01-23 10:15:00+00:00,2024-01-23 14:15:00+00:00,2024-01-23 15:30:00+00:00,2024-01-23 15:40:00+00:00,False,premium,eql,m15_range,False,False,,golden,,,,,,,,,,,,,,,0,,0,,False,0,4,True,False,0,True,False,True,True,continuation,pdhl,equal_hl,1.0947300000000002,0,30.0,,14.8,98.6,,
GBPUSD,1,-1,1.27286,1.27381,2000,1.27376,1.26974,-35.15000000000023,2024-01-25 08:05:00+00:00,2024-01-25 10:05:00+00:00,stop,amd_m1_shift_ob,golden,swing,,,,False,,0.0,with,inside,ifvg,0.0,with,2,golden,mm_golden,london_golden,london,,,False,2,0,,0,False,,,False,0,,,,False,False,False,False,,False,,27.3,52.0,3.0,2.0,high,,True,,,,,,,,m15_range,False,False,,golden,own_ob,240T,respected,15T,1a,15T,ob,,,s2:noref:dxy,D:dxy,1.26898,1.27849,60T,0,,0,,False,1,3,False,False,0,True,False,True,True,inside,d1_fvg,d1_fvg,1.272555,0,9.0,0.0,0.0,0.0,0.0,0.0
NZDUSD,1,1,0.611565,0.61149,2000,0.611565,0.61484,-2.7750000000017483,2024-01-25 08:30:00+00:00,2024-01-25 12:25:00+00:00,stop,amd_ob_m5,momentum,pdh_pdl,near,fvg,D,True,240T,35.7,against,ahead,fvg,35.7,against,2,N-long,judas,london_judas,london,240T,,False,5,1,60T,0,False,60T,60T,False,1,60T,,,False,False,True,False,,True,dual,29.5,28.0,3.0,4.0,low,8.1,True,2024-01-24 15:00:00+00:00,2024-01-24 21:45:00+00:00,2024-01-24 22:00:00+00:00,2024-01-24 22:00:00+00:00,False,discount,eql,m15_range,False,False,,,,,,,,,,,,,,,,,0,,0,,False,0,3,False,False,0,True,False,True,True,continuation,pdhl,equal_hl,0.6123625,0,13.5,,34.0,163.2,,
EURUSD,1,-1,1.0888600000000002,1.0899,2000,1.08986,1.08554,-38.4799999999974,2024-01-25 13:25:00+00:00,2024-01-25 13:35:00+00:00,stop,amd_m1_shift_ifvg,golden,swing,,,,False,,0.0,with,inside,ifvg,0.0,with,2,golden,mm_golden,ny_golden,ny,,,False,3,0,,0,False,,,False,0,,,,False,False,False,False,,False,,29.4,76.0,6.0,2.0,high,,True,,,,,,,,m15_range,False,False,,golden,cascade,,failed,,1b,60T,ifvg,,,s2:cont:eu+gu+dxy,D:pair+sister,1.08951,1.09038,60T,0,,0,,True,1,2,False,False,0,True,False,False,True,,,equal_hl,1.087675,0,17.9,0.0,0.0,0.0,0.0,0.0
EURUSD,1,-1,1.0829600000000001,1.0830000000000002,2000,1.0829600000000001,1.078,-1.4800000000014801,2024-01-29 09:00:00+00:00,2024-01-29 12:20:00+00:00,stop,amd_fvg_m5,momentum,round_number,d3,,,False,,56.4,with,behind,ifvg,56.4,with,1,1b,judas,london_judas,london,,,False,1,1,240T|60T,0,False,240T,60T,False,-1,60T,,,False,False,False,False,,True,dual,32.1,14.0,4.0,2.0,high,9.3,True,2024-01-26 09:45:00+00:00,2024-01-26 13:00:00+00:00,2024-01-26 13:30:00+00:00,2024-01-26 13:30:00+00:00,,,,m15_range,False,False,,against,,,,,,,,,,,,,,,0,,0,,False,0,4,True,True,0,True,False,False,True,,,equal_hl,1.0818633333333334,0,15.7,,17.7,,,
EURUSD,1,-1,1.0818800000000002,1.0809200000000003,2000,1.0808800000000003,1.0783500199999998,35.51999999999445,2024-01-29 14:00:00+00:00,2024-01-29 17:00:00+00:00,stop,amd_fvg_m5,momentum,fib_extension,d3,,,False,,67.2,with,behind,ifvg,67.2,with,1,3a,breakout,ny_judas,ny,,,False,2,1,240T|60T|15T,0,False,240T,60T,False,0,,,,False,False,False,False,,True,single,27.9,16.0,2.0,4.0,high,-5.0,True,2024-01-29 08:00:00+00:00,2024-01-29 11:45:00+00:00,2024-01-29 12:30:00+00:00,2024-01-29 12:40:00+00:00,,,,session_range,False,False,,against,,,,,,,,,,,,,,,0,,0,,False,0,3,True,True,0,True,False,False,False,,,,0.0,0,23.0,5.9,6.9,,,
EURUSD,1,-1,1.08397,1.08501,2000,1.08497,1.08051378,-38.4799999999974,2024-01-30 13:10:00+00:00,2024-01-30 14:25:00+00:00,stop,amd_m1_shift_ifvg,golden,fib_extension,,,,False,,46.3,with,behind,ifvg,46.3,with,2,golden,mm_golden,ny_golden,ny,,,False,5,0,,0,False,,,False,0,,,,False,False,False,False,,False,,31.9,20.0,2.0,2.0,high,,True,,,,,,,,m15_range,False,False,,golden,cascade,,failed,,1b,60T,ifvg,,,s2:cont:eu+gu+dxy,240T:sister+dxy,1.08484,1.08532,60T,0,,0,,True,1,4,True,True,0,True,False,False,True,,,equal_hl,1.081695,0,10.1,0.0,0.0,0.0,0.0,0.0
GBPUSD,1,-1,1.2565,1.25755,2000,1.2574999999999998,1.2534614599999998,-38.84999999999983,2024-02-05 12:00:00+00:00,2024-02-05 12:25:00+00:00,stop,amd_fvg_m5,momentum,fib_extension,near,,,False,,,,,ob,124.8,with,2,1a,judas,ny_judas,ny,,,True,1,2,D,-1,False,D,60T,False,0,,240T,,False,False,True,False,,True,dual,27.7,35.0,2.0,2.0,high,3.2,True,2024-02-04 23:15:00+00:00,2024-02-05 07:45:00+00:00,2024-02-05 08:00:00+00:00,2024-02-05 08:10:00+00:00,,,,m15_range,False,False,confirmed,golden,,,,,,,,,,,,,,,0,,0,,False,0,3,True,False,0,True,False,True,False,continuation,breaker,,0.0,0,0.4,,,,,
EURUSD,1,-1,1.0761500000000002,1.0724071400000001,2000,1.0751500000000003,1.07236714,138.48582000000053,2024-02-05 09:15:00+00:00,2024-02-05 15:40:00+00:00,target,amd_ob_m5,momentum,fib_extension,near,,,False,,124.5,with,behind,ifvg,124.5,with,2,1b_ip,breakout,london_judas,london,,,False,2,2,D|240T,-1,False,D,,False,1,60T,,,False,False,True,False,,True,single,18.5,40.0,10.0,5.0,high,0.3,True,2024-02-04 22:00:00+00:00,2024-02-05 07:45:00+00:00,2024-02-05 08:00:00+00:00,2024-02-05 08:10:00+00:00,,,,session_range,False,False,,against,,,,,,,,,,,,,,,0,,0,,False,0,2,True,False,0,True,False,False,False,,,,0.0,0,38.4,,,,,
EURUSD,1,-1,1.0740800000000001,1.0741200000000002,2000,1.0740800000000001,1.07,-1.4800000000014801,2024-02-06 09:15:00+00:00,2024-02-06 11:45:00+00:00,stop,amd_fvg_m15,momentum,round_number,d30,,,False,,145.2,with,behind,ifvg,145.2,with,2,1b,judas,london_judas,london,,D,False,1,2,D|60T,-1,False,D,60T,False,0,,,,False,False,False,False,,True,single,34.4,76.0,2.0,2.0,high,4.8,True,2024-02-05 12:00:00+00:00,2024-02-06 06:45:00+00:00,2024-02-06 07:15:00+00:00,2024-02-06 07:15:00+00:00,False,discount,eqh,m15_range,False,False,,against,,,,,,,,,,,,,,,0,,0,,False,0,3,True,False,0,True,False,False,True,,,equal_hl,1.0722800000000001,0,16.6,2.6,18.6,,18.6,
EURUSD,1,-1,1.07768,1.07854,2000,1.0785,1.07231,-31.82000000000307,2024-02-08 08:15:00+00:00,2024-02-08 10:00:00+00:00,stop,amd_fvg_m5,momentum,pdh_pdl,near,ob,240T,False,,109.2,with,behind,ifvg,109.2,with,2,3a,judas,london_judas,london,,D,False,5,2,D,-1,False,D,D|240T,False,-1,60T,D,,False,False,True,False,,True,single,32.7,96.0,2.0,2.0,high,0.6,True,2024-02-07 07:15:00+00:00,2024-02-08 07:00:00+00:00,2024-02-08 07:15:00+00:00,2024-02-08 07:20:00+00:00,True,premium,pdh,m15_range,False,False,opposing,against,,,,,,,,,,,,,,,0,,0,,False,0,2,False,False,0,True,False,False,True,,,equal_hl,1.0722800000000001,0,8.4,9.8,55.2,,55.2,
EURUSD,1,-1,1.0757700000000001,1.0758100000000002,2000,1.0757700000000001,1.0723700000000003,-1.4800000000014801,2024-02-08 12:15:00+00:00,2024-02-08 14:30:00+00:00,stop,amd_fvg_h1,momentum,fib_extension,near,ob,240T,False,,128.3,with,behind,ifvg,128.3,with,2,3a,judas,ny_judas,ny,,D,True,6,2,D,-1,False,D,D|240T,False,0,,D,,False,False,True,False,,True,dual,32.7,96.0,2.0,2.0,high,0.6,True,2024-02-07 07:15:00+00:00,2024-02-08 07:00:00+00:00,2024-02-08 07:15:00+00:00,2024-02-08 07:20:00+00:00,True,discount,pdh,m15_range,False,False,,against,,,,,,,,,,,,,,,0,,0,,False,0,2,False,False,0,True,False,False,True,,,equal_hl,1.0722800000000001,0,16.1,,36.1,,36.1,
EURUSD,1,-1,1.07728,1.0778,2000,1.07776,1.07416,-19.24000000000281,2024-02-09 09:00:00+00:00,2024-02-09 13:30:00+00:00,stop,amd_fvg_m5,momentum,pdh_pdl,near,ob,240T,True,240T,113.2,with,behind,ifvg,113.2,with,1,3a,judas,london_judas,london,,D,False,2,2,D|240T,-1,False,D,D|240T|60T,False,0,,D,,False,False,True,False,,True,dual,31.2,68.0,2.0,2.0,high,0.6,True,2024-02-08 15:30:00+00:00,2024-02-09 08:15:00+00:00,2024-02-09 08:30:00+00:00,2024-02-09 08:30:00+00:00,True,premium,pdh,m15_range,False,False,opposing,against,,,,,,,,,,,,,,,0,,0,,False,0,2,False,False,0,True,False,False,True,,,equal_hl,1.0765950000000002,0,10.7,4.4,51.2,,51.2,
EURUSD,1,-1,1.07885,1.0778900000000002,2000,1.0778500000000002,1.07416,35.51999999999445,2024-02-12 08:10:00+00:00,2024-02-12 10:50:00+00:00,stop,amd_ob_m5,momentum,pdh_pdl,near,ob,240T,True,240T,97.5,with,behind,ifvg,97.5,with,1,1b,judas,london_judas,london,,D,False,3,2,D,-1,False,D,D,False,1,60T,D,,False,False,True,False,,True,dual,31.3,74.0,5.0,2.0,high,5.8,True,2024-02-09 13:15:00+00:00,2024-02-12 07:30:00+00:00,2024-02-12 07:45:00+00:00,2024-02-12 07:55:00+00:00,,,,m15_range,False,False,,against,,,,,,,,,,,,,,,0,,0,,False,0,3,True,False,0,True,False,False,True,,,equal_hl,1.07695,0,21.8,12.8,47.8,19.6,66.9,
EURUSD,2,-1,1.07718,1.07722,2000,1.07718,1.07416,-1.4800000000014801,2024-02-12 09:30:00+00:00,2024-02-12 16:10:00+00:00,stop,pyramid_im0.8_fvg_m5,no_open,pdh_pdl,near,ob,240T,True,240T,97.5,with,behind,ifvg,97.5,with,1,1b,judas,london_judas,london,,D,False,3,2,D,-1,False,D,D,False,1,60T,D,,False,False,True,False,,True,dual,31.3,74.0,5.0,2.0,high,5.8,True,2024-02-09 13:15:00+00:00,2024-02-12 07:30:00+00:00,2024-02-12 07:45:00+00:00,2024-02-12 07:55:00+00:00,,,,m15_range,False,False,,against,,,,,,,,,,,,,,,0,,0,,False,0,3,True,False,0,True,False,False,True,,,equal_hl,1.07695,0,15.9,12.8,47.8,19.6,66.9,
NZDUSD,1,-1,0.612885,0.6139600000000001,2000,0.613885,0.60981,-39.77500000000178,2024-02-12 08:10:00+00:00,2024-02-12 17:55:00+00:00,stop,amd_fvg_m5,momentum,swing,near,ifvg,D,True,240T,0.0,against,inside,fvg,0.0,against,1,N-short,judas,london_judas,london,,D,False,4,2,D|15T,-1,False,D,D,False,1,60T,,,False,False,False,False,,True,single,6.6,13.0,5.0,2.0,high,10.4,True,2024-02-12 03:45:00+00:00,2024-02-12 06:45:00+00:00,2024-02-12 07:45:00+00:00,2024-02-12 07:55:00+00:00,,,,m15_range,False,False,,,,,,,,,,,,,,,,,0,,0,,False,0,4,True,False,0,True,False,True,True,continuation,d1_fvg,equal_hl,0.6104033333333333,0,8.9,6.4,51.5,81.0,92.2,
EURUSD,1,-1,1.07071,1.07175,2000,1.07171,1.0657059000000002,-38.4799999999974,2024-02-13 13:50:00+00:00,2024-02-13 14:15:00+00:00,stop,amd_fvg_m5,momentum,fib_extension,near,,,False,,178.9,with,behind,ifvg,178.9,with,1,3a,breakout,ny_judas,ny,,,False,2,3,D|60T,-1,True,D,D|60T,True,1,60T,D,,False,False,True,False,,True,dual,22.6,10.0,2.0,3.0,high,3.9,True,2024-02-13 11:00:00+00:00,2024-02-13 13:15:00+00:00,2024-02-13 13:30:00+00:00,2024-02-13 13:30:00+00:00,False,discount,vah,m15_range,False,False,,against,,,,,,,,,,,,,,,0,,0,,False,0,2,True,False,0,True,False,False,False,,,,0.0,0,6.5,,,,,
GBPUSD,1,-1,1.2557,1.2547500000000003,2000,1.2547000000000001,1.25181,35.14999999999202,2024-02-14 08:00:00+00:00,2024-02-14 10:55:00+00:00,stop,amd_fvg_m5,momentum,itl_liquidity,near,ob,240T,False,,,,,ob,132.8,with,2,1a_ip,breakout,london_judas,london,,,False,4,2,D,-1,False,D,D,False,-1,60T,D,,False,False,True,False,,True,dual,25.2,41.0,3.0,2.0,high,1.7,True,2024-02-13 20:30:00+00:00,2024-02-14 06:30:00+00:00,2024-02-14 06:45:00+00:00,2024-02-14 06:50:00+00:00,False,discount,eqh,m15_range,False,False,,golden,,,,,,,,,,,,,,,0,,0,,False,0,4,True,False,0,True,False,True,True,continuation,breaker,equal_hl,1.2534100000000001,0,21.8,,,,39.9,
EURUSD,1,1,1.0740299999999998,1.0774899999999998,2000,1.0775299999999999,1.07766982,128.0200000000007,2024-02-15 12:15:00+00:00,2024-02-15 14:30:00+00:00,stop,amd_ob_m5,momentum,fib_extension,near,ifvg,240T,False,,0.0,against,inside,fvg,0.0,against,1,2a,judas,ny_judas,ny,,,False,4,1,15T,0,False,15T,,False,-1,D,D,,False,False,True,False,,True,dual,12.1,16.0,5.0,7.0,low,-7.4,True,2024-02-15 08:00:00+00:00,2024-02-15 11:45:00+00:00,2024-02-15 12:00:00+00:00,2024-02-15 12:00:00+00:00,False,premium,eql,session_range,False,False,confirmed,golden,,,,,,,,,,,,,,,0,,0,,False,0,3,True,False,0,True,False,False,True,,,equal_hl,1.0785799999999999,0,42.6,,66.1,158.0,260.6,
GBPUSD,1,-1,1.25977,1.25632,2808,1.25627,1.2565650400000001,179.22059999999757,2024-02-16 12:00:00+00:00,2024-02-16 13:30:00+00:00,stop,amd_m1_shift_ifvg,golden,fib_extension,,,,False,,,,,ob,92.1,with,2,golden,mm_golden,ny_golden,ny,,,False,4,0,,0,False,,,False,0,,,,False,False,False,False,,False,,21.4,15.0,2.0,4.0,high,,True,,,,,,,,m15_range,False,False,,golden,cascade,240T,failed,,1a,60T,ifvg,,,s2:cont:eu+gu+dxy,60T:pair+sister,1.2589,1.25974,60T,0,,0,,True,1,4,True,False,0,True,False,True,True,inside,pdhl,equal_hl,1.257205,0,45.0,0.0,0.0,0.0,0.0,0.0
EURUSD,1,-1,1.0768300000000002,1.0758700000000003,2000,1.0758300000000003,1.07344,35.51999999999445,2024-02-16 13:00:00+00:00,2024-02-16 13:30:00+00:00,stop,mss_ob_m15,momentum,pdh_pdl,near,ifvg,240T,True,240T,117.7,with,behind,ifvg,117.7,with,2,1b_ip,judas,ny_judas,ny,,,False,2,2,D|240T,-1,False,D,D|240T|60T,False,1,60T,D,,False,False,True,False,,True,single,26.2,9.0,2.0,2.0,low,3.3,False,2024-02-15 13:45:00+00:00,2024-02-15 15:45:00+00:00,2024-02-15 16:30:00+00:00,2024-02-15 16:30:00+00:00,False,discount,eql,m15_range,False,False,,against,,,,,,,,,,,,,,,0,,0,,False,0,1,False,False,0,False,False,False,True,,,equal_hl,1.0736750000000002,0,27.1,11.9,74.3,,74.3,
EURUSD,1,-1,1.0773300000000001,1.0773700000000002,2000,1.0773300000000001,1.07319,-1.4800000000014801,2024-02-19 12:35:00+00:00,2024-02-19 17:25:00+00:00,stop,mss_ob_m5,momentum,pdh_pdl,near,ob,240T,True,240T,112.7,with,behind,ifvg,112.7,with,2,3a,judas,ny_judas,ny,,,False,3,2,D|15T,-1,False,D,D|240T,False,1,60T,D,,False,False,True,False,,True,single,16.4,45.0,5.0,4.0,low,0.9,False,2024-02-18 22:15:00+00:00,2024-02-19 09:15:00+00:00,2024-02-19 10:00:00+00:00,2024-02-19 10:00:00+00:00,,,,m15_range,False,False,,against,,,,,,,,,,,,,,,0,,0,,False,0,2,True,False,0,False,False,False,True,,,equal_hl,1.076848,0,11.2,2.4,49.6,51.7,79.3,
GBPUSD,1,-1,1.25921,1.2600600000000002,2000,1.26001,1.25523,-31.45000000000886,2024-02-19 14:30:00+00:00,2024-02-19 21:30:00+00:00,stop,mss_fvg_h1,momentum,fib_extension,near,ifvg,240T,True,240T,,,,ob,97.7,with,2,1a_ip,judas,ny_judas,ny,,,False,4,2,D|15T,-1,False,D,D|240T,False,1,60T,D,,False,False,True,False,,True,single,32.1,27.0,2.0,2.0,low,4.5,False,2024-02-19 07:45:00+00:00,2024-02-19 14:15:00+00:00,2024-02-19 14:30:00+00:00,2024-02-19 14:35:00+00:00,,,,m15_range,False,False,,golden,,,,,,,,,,,,,,,0,,0,,False,0,3,True,False,0,False,False,True,True,continuation,w_fvg,equal_hl,1.257205,0,9.1,,52.1,75.0,75.0,
EURUSD,1,1,1.0801299999999998,1.08363774,2000,1.0811299999999997,1.08367774,129.78638000000342,2024-02-20 13:00:00+00:00,2024-02-20 14:30:00+00:00,target,mss_fvg_h1,momentum,fib_extension,near,ifvg,240T,False,,84.7,against,ahead,ifvg,84.7,against,2,3b,breakout,ny_judas,ny,,,False,1,1,240T|15T,0,False,240T,240T,False,0,,,,False,False,True,False,,True,single,11.9,8.0,2.0,2.0,high,0.7,False,2024-02-20 11:00:00+00:00,2024-02-20 12:45:00+00:00,2024-02-20 13:00:00+00:00,2024-02-20 13:10:00+00:00,False,premium,eqh,m15_range,False,False,,golden,,,,,,,,,,,,,,,0,,0,,False,0,3,True,False,0,False,False,True,True,continuation,pdhl,equal_hl,1.08521,0,37.4,,,,145.7,
GBPUSD,1,1,1.26491,1.2648599999999999,2000,1.26491,1.26875,-1.850000000003904,2024-02-20 14:15:00+00:00,2024-02-20 14:55:00+00:00,stop,amd_fvg_m5,momentum,ith_liquidity,near,ifvg,240T,False,,,,,ob,40.7,against,1,2b_ip,breakout,ny_judas,ny,,,False,3,1,15T,0,False,15T,240T,False,0,,D,,False,False,True,False,,True,single,34.0,69.0,2.0,2.0,low,0.1,True,2024-02-19 12:30:00+00:00,2024-02-20 05:30:00+00:00,2024-02-20 05:45:00+00:00,2024-02-20 05:50:00+00:00,True,premium,pdl,m15_range,False,False,,against,,,,,,,,,,,,,,,0,,0,,False,0,3,True,False,0,True,False,False,True,,,equal_hl,1.267215,0,14.5,,,,126.4,
NZDUSD,1,1,0.6153150000000001,0.61624,2000,0.6163150000000001,0.61930028,34.22499999999828,2024-02-20 09:00:00+00:00,2024-02-20 21:15:00+00:00,stop,mss_fvg_m15,momentum,fib_extension,d30,ifvg,W,True,D,0.0,against,inside,ifvg,0.0,against,2,N-long,judas,london_judas,london,,,False,2,1,,0,False,,240T,False,0,,,,False,False,True,False,,True,dual,31.4,96.0,7.0,2.0,high,1.2,False,2024-02-18 22:30:00+00:00,2024-02-19 22:15:00+00:00,2024-02-20 08:45:00+00:00,2024-02-20 08:55:00+00:00,True,premium,pdh,m15_range,False,False,,,,,,,,,,,,,,,,,0,,0,,False,0,3,True,False,0,False,False,True,True,continuation,pdhl,equal_hl,0.61903,0,37.3,,0.1,6.3,38.2,
EURUSD,1,-1,1.0803800000000001,1.0804200000000002,2000,1.0803800000000001,1.07718,-1.4800000000014801,2024-02-21 08:45:00+00:00,2024-02-21 13:00:00+00:00,stop,amd_ob_m5,momentum,swing,near,ifvg,240T,True,240T,82.2,with,behind,ifvg,82.2,with,0,3a,breakout,london_judas,london,W,D,False,3,2,D,-1,False,D,D,False,0,,,,False,False,False,False,,True,single,12.2,30.0,3.0,5.0,high,1.4,True,2024-02-20 20:15:00+00:00,2024-02-21 03:30:00+00:00,2024-02-21 04:00:00+00:00,2024-02-21 04:05:00+00:00,False,discount,eqh,m15_range,False,False,,against,,,,,,,,,,,,,,,0,,0,,False,0,2,False,False,0,True,False,False,True,,,equal_hl,1.0793533333333334,0,13.9,,43.2,82.2,109.8,
GBPUSD,1,1,1.26748,1.2684299999999997,2000,1.2684799999999998,1.27143,35.14999999999202,2024-02-22 08:00:00+00:00,2024-02-22 09:30:00+00:00,stop,amd_fvg_m5,momentum,swing,near,ob,D,False,,,,,ob,15.0,against,1,2b,breakout,london_judas,london,,,False,2,1,240T|15T,0,False,240T,240T,False,-1,60T,,,False,False,False,False,,True,dual,32.0,64.0,2.0,2.0,low,13.8,True,2024-02-20 16:30:00+00:00,2024-02-21 08:15:00+00:00,2024-02-21 09:00:00+00:00,2024-02-21 09:10:00+00:00,False,premium,eql,m15_range,False,False,,against,,,,,,,,,,,,,,,0,,0,,False,0,2,False,False,0,True,False,False,True,,,equal_hl,1.2706499999999998,0,34.5,,,,100.7,
GBPUSD,1,-1,1.2666,1.263285,2000,1.2656,1.2632349999999999,122.65499999999841,2024-02-22 13:00:00+00:00,2024-02-22 13:55:00+00:00,target,amd_ob_m5,momentum,equal_hl,near,,,False,,,,,ob,23.8,with,1,1a_ip,judas,ny_judas,ny,,,False,4,2,,-1,False,,D,False,1,60T,D,,False,False,True,False,,True,single,34.9,11.0,2.0,4.0,high,-19.0,True,2024-02-22 09:15:00+00:00,2024-02-22 11:45:00+00:00,2024-02-22 12:00:00+00:00,2024-02-22 12:00:00+00:00,False,premium,none,session_range,False,False,,golden,,,,,,,,,,,,,,,0,,0,,False,0,3,False,False,0,True,False,True,True,continuation,ob,equal_hl,1.2622749999999998,0,40.2,36.1,88.0,148.9,148.9,
GBPUSD,1,1,1.26836,1.2683099999999998,2100,1.26836,1.27143,-1.9425000000040993,2024-02-23 12:15:00+00:00,2024-02-23 13:35:00+00:00,stop,amd_fvg_h1,momentum,swing,d3,ob,D,False,,,,,ob,6.2,against,1,2b,breakout,ny_judas,ny,,,False,3,1,240T,0,False,240T,240T,False,0,,,,False,False,False,False,,True,dual,8.3,16.0,3.0,3.0,low,6.5,True,2024-02-22 19:15:00+00:00,2024-02-22 23:00:00+00:00,2024-02-23 00:30:00+00:00,2024-02-23 00:35:00+00:00,False,premium,eql,m15_range,False,False,,against,,,,,,,,,,,,,,,0,,0,,False,0,2,False,False,0,True,False,False,True,,,equal_hl,1.2704666666666666,0,17.4,,26.7,,91.9,
EURUSD,1,-1,1.0845900000000002,1.0846300000000002,2000,1.0845900000000002,1.0813066666666666,-1.4800000000014801,2024-02-27 14:00:00+00:00,2024-02-27 15:45:00+00:00,stop,amd_fvg_h1,momentum,equal_hl,near,fvg,240T,True,240T,40.1,with,behind,ifvg,40.1,with,1,3a,judas,ny_judas,ny,,D,False,6,2,D|15T,-1,False,D,D,False,1,60T,D,,False,False,True,False,,True,dual,13.7,8.0,3.0,2.0,high,1.4,True,2024-02-27 10:45:00+00:00,2024-02-27 12:30:00+00:00,2024-02-27 12:45:00+00:00,2024-02-27 12:50:00+00:00,True,premium,pdh,m15_range,False,False,,against,,,,,,,,,,,,,,,0,,0,,False,0,4,True,True,0,True,False,False,True,,,equal_hl,1.08372,0,12.9,5.0,35.1,151.9,151.9,
EURUSD,1,-1,1.0850000000000002,1.08589,2000,1.08585,1.0813429999999997,-32.92999999999391,2024-03-04 12:10:00+00:00,2024-03-04 14:50:00+00:00,stop,amd_ob_m5,momentum,fib_extension,near,,,False,,36.0,with,behind,ifvg,36.0,with,1,1b,judas,ny_judas,ny,,D,False,4,3,240T,-1,True,240T,D|240T,True,1,60T,,,False,False,True,False,,False,,13.1,10.0,4.0,2.0,high,2.2,True,2024-03-04 09:00:00+00:00,2024-03-04 11:15:00+00:00,2024-03-04 12:00:00+00:00,2024-03-04 12:00:00+00:00,,,,m15_range,False,False,confirmed,against,,,,,,,,,,,,,,,0,,0,,False,0,3,True,False,0,True,False,False,True,,,equal_hl,1.0836774999999998,0,9.9,15.9,55.1,89.4,156.0,
EURUSD,1,1,1.08629,1.08927,2429,1.0872899999999999,1.08931,133.91076999999922,2024-03-06 08:00:00+00:00,2024-03-06 15:30:00+00:00,target,amd_ob_m5,momentum,fib_extension,d3,ifvg,D,False,,23.1,against,ahead,ifvg,23.1,against,1,3b,judas,london_judas,london,,,False,6,1,60T,0,False,60T,60T,False,1,D,,,False,False,False,False,,True,dual,26.9,40.0,3.0,2.0,low,5.8,True,2024-03-05 15:15:00+00:00,2024-03-06 01:00:00+00:00,2024-03-06 01:45:00+00:00,2024-03-06 01:45:00+00:00,False,premium,eql,m15_range,False,False,,golden,,,,,,,,,,,,,,,0,,0,,False,0,3,False,False,0,True,False,True,True,continuation,pdhl,equal_hl,1.088262,0,31.9,,14.0,26.2,35.4,
EURUSD,1,1,1.0895599999999999,1.0926731800000002,2000,1.0905599999999998,1.0927131800000003,115.18766000001412,2024-03-07 14:20:00+00:00,2024-03-07 15:45:00+00:00,target,amd_fvg_m5,momentum,fib_extension,d30,,,False,,0.0,against,inside,ifvg,0.0,against,1,3b,judas,ny_judas,ny,,,False,4,1,240T,0,False,240T,60T,False,0,,240T,,False,False,False,False,,True,single,30.0,88.0,2.0,2.0,low,17.5,True,2024-03-06 15:15:00+00:00,2024-03-07 13:00:00+00:00,2024-03-07 13:45:00+00:00,2024-03-07 13:50:00+00:00,False,premium,eql,m15_range,False,False,opposing,golden,,,,,,,,,,,,,,,0,,0,,False,0,3,False,False,0,True,False,True,True,continuation,pdhl,equal_hl,1.091575,0,34.9,9.6,20.6,,20.6,
GBPUSD,1,1,1.28689,1.28684,2000,1.28689,1.2918587199999998,-1.850000000003904,2024-03-08 13:30:00+00:00,2024-03-08 13:55:00+00:00,stop,amd_fvg_m5,momentum,fib_extension,near,,,False,,197.8,with,behind,ob,187.6,with,0,2b_h4,breakout,ny_judas,ny,,,False,2,3,D|60T,1,True,D,60T,True,0,,,,False,False,True,False,,True,single,28.2,14.0,1.0,2.0,low,-12.8,True,2024-03-08 08:30:00+00:00,2024-03-08 11:45:00+00:00,2024-03-08 13:30:00+00:00,2024-03-08 13:30:00+00:00,True,premium,none,session_range,False,False,confirmed,against,,,,,,,,,,,,,,,0,,0,,False,0,2,False,False,1,True,False,False,False,,,,0.0,0,24.5,,,,,
EURUSD,1,1,1.09406,1.0935599999999999,2667,1.0936,1.09788,-24.66975000000824,2024-03-11 08:00:00+00:00,2024-03-11 09:55:00+00:00,stop,amd_m1_shift_ifvg,golden,swing,,,,False,,22.3,with,behind,fvg,22.3,with,2,golden,mm_golden,london_golden,london,,,False,4,0,,0,False,,,False,0,,,,False,False,False,False,,False,,29.2,17.0,2.0,2.0,low,,True,,,,,,,,m15_range,False,False,,golden,cascade,240T,failed,,2a,60T,ifvg,,,s2:smt:eu+gu,60T:dxy,1.09351,1.09448,60T,0,,0,,True,1,4,True,False,0,True,False,True,True,continuation,breaker,equal_hl,1.09458,0,7.4,0.0,0.0,0.0,0.0,0.0
EURUSD,1,-1,1.0938100000000002,1.0928500000000003,2000,1.0928100000000003,1.09,35.51999999999445,2024-03-11 12:25:00+00:00,2024-03-11 15:55:00+00:00,stop,mss_breaker_m5,momentum,round_number,near,ifvg,240T,True,240T,19.8,against,ahead,fvg,19.8,against,1,3a,breakout,ny_judas,ny,,,False,2,2,,-1,False,,D,False,0,,,,False,False,False,False,,True,single,29.6,83.0,2.0,5.0,low,0.5,False,2024-03-08 14:15:00+00:00,2024-03-11 09:45:00+00:00,2024-03-11 10:00:00+00:00,2024-03-11 10:00:00+00:00,,,,m15_range,False,False,confirmed,against,,,,,,,,,,,,,,,0,,0,,False,0,2,True,False,0,False,False,False,True,,,equal_hl,1.092168,0,23.6,3.1,71.2,143.2,244.1,244.1
GBPUSD,1,-1,1.28029,1.2793400000000001,3082,1.27929,1.2768197000000001,54.1661499999877,2024-03-12 07:45:00+00:00,2024-03-12 10:30:00+00:00,stop,amd_fvg_m5,momentum,fib_extension,d3,ifvg,D,True,240T,2.1,against,ahead,ifvg,2.1,against,1,1a,breakout,london_judas,london,,240T,False,1,2,60T,-1,False,60T,D|60T,False,0,,240T,,False,False,False,False,,True,single,18.7,40.0,16.0,1.0,high,-4.4,True,2024-03-11 21:00:00+00:00,2024-03-12 06:45:00+00:00,2024-03-12 07:00:00+00:00,2024-03-12 07:00:00+00:00,False,discount,eqh,session_range,False,False,confirmed,golden,,,,,,,,,,,,,,,0,,0,,False,0,3,True,False,0,True,False,False,True,,,equal_hl,1.2718233333333335,0,27.0,,9.0,204.4,270.9,285.8
NZDUSD,1,-1,0.616765,0.617355,2394,0.6172799999999999,0.61286,-26.130509999999088,2024-03-12 08:00:00+00:00,2024-03-12 12:30:00+00:00,stop,amd_ob_m5,judas,swing,d3,fvg,D,True,240T,6.9,against,ahead,ifvg,6.9,against,0,N-short,breakout,london_judas,london,W,240T,False,1,2,,-1,False,,D|60T,False,-1,60T,,,False,False,False,False,,False,,11.5,53.0,5.0,6.0,high,1.8,True,2024-03-11 14:15:00+00:00,2024-03-12 03:15:00+00:00,2024-03-12 03:30:00+00:00,2024-03-12 03:40:00+00:00,False,discount,eqh,m15_range,False,False,,,,,,,,,,,,,,,,,0,,0,,False,0,3,True,False,0,True,False,False,True,,,equal_hl,0.6157233333333334,0,30.9,6.7,8.9,94.6,122.5,131.0
GBPUSD,1,-1,1.27787,1.27892,2000,1.27887,1.27358408,-38.84999999999983,2024-03-12 12:30:00+00:00,2024-03-12 12:35:00+00:00,stop,mss_breaker_m5,momentum,fib_extension,near,ifvg,240T,True,240T,0.0,against,inside,ifvg,0.0,against,1,1a,judas,ny_judas,ny,,,True,2,3,60T,-1,True,60T,D|60T,True,1,60T,,,False,False,True,False,,True,single,11.4,9.0,3.0,2.0,low,32.7,False,2024-03-12 10:15:00+00:00,2024-03-12 12:15:00+00:00,2024-03-12 12:30:00+00:00,2024-03-12 12:30:00+00:00,False,discount,eql,m15_range,False,False,,golden,,,,,,,,,,,,,,,0,,0,,False,0,2,True,False,0,False,False,False,True,,,equal_hl,1.2718233333333335,0,-0.0,,,180.2,246.7,261.6
EURUSD,1,1,1.0933199999999998,1.0932799999999998,2359,1.0933199999999998,1.0979999999999999,-1.7456600000017457,2024-03-13 11:00:00+00:00,2024-03-13 14:00:00+00:00,stop,mss_ob_m5,momentum,equal_hl,d3,ifvg,D,False,,14.9,with,behind,ifvg,14.9,with,1,3b,judas,ny_judas,ny,,,False,4,3,D|240T,1,True,D,,True,0,,D,,False,False,True,False,,True,dual,,,,,,,,,,,,,premium,,,False,False,,golden,,,,,,,,,,,,,,,0,,0,,False,0,4,True,False,0,True,False,True,True,continuation,breaker,equal_hl,1.0945133333333334,0,14.1,,15.7,,48.9,67.7
EURUSD,1,-1,1.0937000000000001,1.09441,2000,1.09437,1.09068064,-26.26999999999957,2024-03-14 12:15:00+00:00,2024-03-14 12:40:00+00:00,stop,amd_ob_m5,momentum,fib_extension,near,,,False,,18.7,against,ahead,ifvg,18.7,against,2,3a,judas,ny_judas,ny,,,False,4,1,,0,True,,,True,1,60T,,,False,False,True,False,,True,single,9.3,9.0,4.0,3.0,high,1.0,True,2024-03-14 08:00:00+00:00,2024-03-14 10:00:00+00:00,2024-03-14 10:15:00+00:00,2024-03-14 10:15:00+00:00,False,discount,eqh,m15_range,False,False,,against,,,,,,,,,,,,,,,0,,0,,False,0,2,False,False,0,True,False,False,True,,,equal_hl,1.0921416666666668,0,12.8,,35.6,142.1,243.0,243.0
EURUSD,1,-1,1.0890600000000001,1.08416,2000,1.08556,1.08412,181.30000000000467,2024-03-18 13:00:00+00:00,2024-03-19 09:45:00+00:00,target,amd_fvg_m15,momentum,equal_hl,d3,ob,240T,True,240T,9.0,with,behind,fvg,9.0,with,1,3a,judas,ny_judas,ny,,240T,False,4,1,240T|60T,0,False,240T,,False,0,,D,,False,False,True,False,,True,single,24.6,96.0,2.0,2.0,high,1.0,True,2024-03-15 11:45:00+00:00,2024-03-18 11:30:00+00:00,2024-03-18 11:45:00+00:00,2024-03-18 11:45:00+00:00,,,,m15_range,False,False,opposing,against,,,,,,,,,,,,,,,0,,0,,False,0,3,True,False,0,True,False,False,True,,,equal_hl,1.0883366666666667,0,53.6,6.3,18.5,53.8,196.6,196.6
EURUSD,1,-1,1.0857700000000001,1.0848100000000003,2000,1.0847700000000002,1.08215,35.51999999999445,2024-03-20 08:00:00+00:00,2024-03-20 14:00:00+00:00,stop,amd_ob_m5,momentum,swing,d3,,,False,,18.8,with,behind,fvg,18.8,with,1,3a,judas,london_judas,london,,,False,2,1,240T|60T,0,False,240T,,False,0,,,,False,False,False,False,,True,dual,28.3,81.0,5.0,2.0,high,0.9,True,2024-03-19 10:45:00+00:00,2024-03-20 06:45:00+00:00,2024-03-20 07:00:00+00:00,2024-03-20 07:10:00+00:00,False,discount,eqh,m15_range,False,False,,against,,,,,,,,,,,,,,,0,,0,,False,0,2,False,False,-1,True,False,False,True,,,equal_hl,1.0844966666666667,0,21.3,0.4,23.9,20.9,163.7,163.7
NZDUSD,1,-1,0.603745,0.60382,2000,0.603745,0.6003825400000002,-2.7750000000017483,2024-03-20 08:00:00+00:00,2024-03-20 15:15:00+00:00,stop,amd_fvg_h1,momentum,fib_extension,d60,,,False,,50.9,with,behind,ifvg,50.9,with,2,N-short_h4,judas,london_judas,london,,,False,2,1,240T,0,False,240T,,False,0,,,,False,False,True,False,,True,dual,22.5,45.0,6.0,2.0,high,0.4,True,2024-03-19 05:45:00+00:00,2024-03-19 16:45:00+00:00,2024-03-19 17:00:00+00:00,2024-03-19 17:00:00+00:00,False,discount,eqh,m15_range,False,False,,,,,,,,,,,,,,,,,0,,0,,False,0,3,False,False,-1,True,False,True,True,continuation,d1_fvg,equal_hl,0.6028899999999999,0,13.3,2.0,5.1,,5.1,5.1
EURUSD,1,-1,1.0901,1.09014,2000,1.0901,1.08661,-1.4800000000014801,2024-03-21 08:30:00+00:00,2024-03-21 09:20:00+00:00,stop,amd_fvg_m5,momentum,pdh_pdl,near,fvg,W,True,240T,64.4,with,behind,ifvg,64.4,with,0,1b,breakout,london_judas,london,,,False,3,1,240T,0,False,240T,,False,-1,60T,D,,False,False,True,False,,True,dual,24.1,46.0,2.0,2.0,high,3.7,True,2024-03-20 19:30:00+00:00,2024-03-21 06:45:00+00:00,2024-03-21 07:00:00+00:00,2024-03-21 07:10:00+00:00,True,premium,pdh,m15_range,False,False,,against,,,,,,,,,,,,,,,0,,0,,False,0,3,False,False,1,True,False,False,True,,,equal_hl,1.0883366666666667,0,13.8,,67.2,64.2,177.3,207.0
GBPUSD,1,-1,1.27192,1.26847,2000,1.2684199999999999,1.26841,127.64999999999827,2024-03-21 13:15:00+00:00,2024-03-21 15:10:00+00:00,stop,amd_fvg_m5,momentum,pdh_pdl,near,ob,D,False,,48.1,against,ahead,ob,37.9,against,2,1a_h4,breakout,ny_judas,ny,,,False,3,1,240T,0,False,240T,,False,1,60T,D,,False,False,True,False,,True,single,22.0,44.0,2.0,3.0,high,0.7,True,2024-03-20 20:00:00+00:00,2024-03-21 06:45:00+00:00,2024-03-21 07:00:00+00:00,2024-03-21 07:10:00+00:00,True,discount,pdh,m15_range,False,False,,golden,,,,,,,,,,,,,,,0,,0,,False,0,3,False,False,1,True,False,False,True,,,equal_hl,1.26879,0,45.2,,52.8,64.7,179.2,202.1
GBPUSD,1,-1,1.26166,1.2579500000000001,2000,1.2606600000000001,1.2579,137.26999999999555,2024-03-22 07:15:00+00:00,2024-03-22 10:05:00+00:00,target,amd_fvg_m15,momentum,itl_liquidity,near,,,False,,206.5,with,behind,ob,0.0,against,2,1a,breakout,london_judas,london,,,False,4,1,60T|15T,0,False,60T,240T,False,0,,D,,False,False,True,False,,True,single,24.2,39.0,2.0,3.0,high,0.6,True,2024-03-21 15:30:00+00:00,2024-03-22 01:00:00+00:00,2024-03-22 01:15:00+00:00,2024-03-22 01:15:00+00:00,False,discount,eqh,m15_range,False,False,,golden,,,,,,,,,,,,,,,0,,0,,False,0,4,False,False,1,True,False,True,True,continuation,pdhl,equal_hl,1.2606225,0,37.6,,,,67.2,99.5
GBPUSD,1,1,1.26268,1.2636299999999998,2940,1.26368,1.2662999999999998,51.67049999998827,2024-03-25 11:15:00+00:00,2024-03-25 15:25:00+00:00,stop,amd_fvg_m5,momentum,fib_extension,near,ob,240T,True,240T,0.0,against,inside,fvg,0.0,against,1,2b_ip,judas,ny_judas,ny,,,False,2,2,D,1,False,D,D,False,0,,,,False,False,False,False,,True,single,10.4,15.0,3.0,6.0,low,9.0,True,2024-03-25 03:15:00+00:00,2024-03-25 06:45:00+00:00,2024-03-25 08:45:00+00:00,2024-03-25 08:45:00+00:00,,,,m15_range,False,False,,against,,,,,,,,,,,,,,,0,,0,,False,0,3,True,False,0,True,False,False,True,,,equal_hl,1.2636033333333334,0,25.2,,177.2,236.0,267.6,267.6
EURUSD,1,-1,1.08162,1.0785650199999999,2937,1.0806200000000001,1.0785250199999998,165.9908108100082,2024-03-28 07:00:00+00:00,2024-03-28 09:05:00+00:00,target,mss_fvg_h1,momentum,fib_extension,d30,,,False,,0.0,with,inside,fvg,0.0,with,2,1b,breakout,london_judas,london,,,False,4,1,240T|60T,0,False,240T,240T|60T,False,0,,,,False,False,True,False,,False,,25.7,58.0,2.0,3.0,low,2.1,False,2024-03-27 09:30:00+00:00,2024-03-27 23:45:00+00:00,2024-03-28 00:00:00+00:00,2024-03-28 00:10:00+00:00,True,discount,pdl,m15_range,False,False,,against,,,,,,,,,,,,,,,0,,0,,False,0,2,True,False,0,False,False,False,True,,,equal_hl,1.0800459999999998,0,32.6,9.1,15.0,,21.3,122.2
GBPUSD,1,-1,1.26166,1.2586000000000002,2000,1.2606600000000001,1.25855,113.2199999999941,2024-04-01 11:00:00+00:00,2024-04-01 15:00:00+00:00,target,amd_ob_m5,momentum,swing,near,,,False,,0.0,with,inside,fvg,0.0,with,1,1a_ip,breakout,ny_judas,ny,,,False,6,2,D|60T|15T,-1,False,D,240T,False,0,,,,False,False,False,False,,True,single,18.0,9.0,2.0,2.0,high,0.1,True,2024-03-31 22:15:00+00:00,2024-04-01 01:15:00+00:00,2024-04-01 01:30:00+00:00,2024-04-01 01:30:00+00:00,,,,m15_range,False,False,,golden,,,,,,,,,,,,,,,0,,0,,False,0,4,True,True,0,True,False,False,True,,,equal_hl,1.261114,0,38.2,9.9,32.1,42.8,42.8,99.5
EURUSD,1,-1,1.0784500000000001,1.0732300000000001,3969,1.07495,1.07319,383.2863300000002,2024-04-01 13:00:00+00:00,2024-04-01 16:45:00+00:00,target,amd_ob_m5,momentum,itl_liquidity,d30,ob,240T,False,,20.6,with,behind,fvg,20.6,with,2,3a,breakout,ny_judas,ny,,,False,1,1,240T,0,False,240T,240T,False,0,,,,False,False,True,False,,True,single,30.7,76.0,3.0,2.0,high,6.6,True,2024-03-28 17:30:00+00:00,2024-03-29 12:15:00+00:00,2024-03-29 12:30:00+00:00,2024-03-29 12:40:00+00:00,,,,m15_range,False,False,,against,,,,,,,,,,,,,,,0,,0,,False,0,4,True,True,0,True,False,False,True,,,equal_hl,1.0779785714285715,0,53.0,5.8,17.6,,17.6,90.5
EURUSD,1,1,1.07422,1.0777336400000002,6250,1.0752199999999998,1.0777736400000002,406.2646250000239,2024-04-02 11:45:00+00:00,2024-04-02 15:20:00+00:00,target,mss_fvg_m15,judas,fib_extension,near,fvg,D,True,240T,62.9,against,ahead,fvg,62.9,against,1,3b,judas,ny_judas,ny,,,False,3,2,,1,False,,D,False,-1,60T,D,,False,False,True,False,,True,single,20.8,79.0,2.0,3.0,high,0.3,False,2024-04-01 16:00:00+00:00,2024-04-02 11:30:00+00:00,2024-04-02 11:45:00+00:00,2024-04-02 11:55:00+00:00,False,discount,eqh,m15_range,False,False,confirmed,golden,,,,,,,,,,,,,,,0,,0,,False,0,3,True,True,0,False,False,False,True,,,equal_hl,1.0784466666666668,0,36.8,3.3,63.8,201.3,239.9,239.9
GBPUSD,1,1,1.26828,1.2692299999999999,12500,1.26928,1.27245,219.68749999995012,2024-04-09 11:00:00+00:00,2024-04-09 15:25:00+00:00,stop,amd_fvg_m5,momentum,fib_extension,near,ifvg,W,True,240T,0.0,against,inside,ifvg,0.0,against,2,2b_h4,breakout,ny_judas,ny,,,False,2,1,240T,0,False,240T,240T|60T,False,0,,240T,,False,False,True,False,,True,dual,32.5,16.0,1.0,6.0,low,-31.1,True,2024-04-09 07:00:00+00:00,2024-04-09 10:45:00+00:00,2024-04-09 11:00:00+00:00,2024-04-09 11:00:00+00:00,False,premium,eql,session_range,False,False,confirmed,against,,,,,,,,,,,,,,,0,,0,,False,0,3,True,False,0,True,False,False,True,,,equal_hl,1.270135,0,26.2,,,,211.6,211.6
EURUSD,1,-1,1.07393,1.07397,12500,1.07393,1.06949,-9.250000000009251,2024-04-11 07:00:00+00:00,2024-04-11 08:10:00+00:00,stop,mss_ob_m5,momentum,itl_liquidity,d30,,,False,,,,,,,,2,1b,breakout,london_judas,london,,,False,3,2,D|60T,-1,False,D,60T,False,0,,240T,,False,False,True,False,,True,single,,,,,,,,,,,,,discount,,,False,False,confirmed,against,,,,,,,,,,,,,,,0,,0,,False,0,3,True,False,0,True,False,False,True,,,equal_hl,1.072816,0,12.8,1.9,11.4,,15.6,45.3
EURUSD,1,-1,1.07058,1.0665820799999999,6250,1.06708,1.0665420799999998,462.2595000000243,2024-04-12 07:00:00+00:00,2024-04-12 10:20:00+00:00,target,amd_fvg_h1,momentum,fib_extension,d60,,,False,,50.6,with,behind,fvg,50.6,with,1,1b,judas,london_judas,london,,,False,1,2,D|15T,-1,False,D,60T,False,0,,,,False,False,False,False,,True,single,29.2,85.0,3.0,4.0,high,1.7,True,2024-04-10 16:00:00+00:00,2024-04-11 13:00:00+00:00,2024-04-11 14:15:00+00:00,2024-04-11 14:25:00+00:00,True,discount,pdh,m15_range,False,False,confirmed,against,,,,,,,,,,,,,,,0,,0,,False,0,3,True,False,1,True,False,False,False,,,,0.0,0,44.6,,7.5,,7.5,11.8
EURUSD,1,-1,1.0655700000000001,1.0646100000000003,6250,1.0645700000000002,1.062,110.99999999998265,2024-04-12 11:15:00+00:00,2024-04-12 15:00:00+00:00,stop,amd_fvg_m5,momentum,round_number,near,,,False,,100.7,with,behind,fvg,100.7,with,1,3a,breakout,ny_judas,ny,,,False,1,2,D|15T,-1,False,D,60T,False,0,,,,False,False,False,False,,True,single,29.2,85.0,3.0,4.0,high,1.7,True,2024-04-10 16:00:00+00:00,2024-04-11 13:00:00+00:00,2024-04-11 14:15:00+00:00,2024-04-11 14:25:00+00:00,True,discount,pdh,m15_range,False,False,,against,,,,,,,,,,,,,,,0,,0,,False,0,3,True,False,1,True,False,False,False,,,,0.0,0,24.8,,,,,
GBPUSD,1,-1,1.24699,1.2432353600000001,18750,1.2459900000000002,1.24318536,1302.3907499999725,2024-04-12 13:30:00+00:00,2024-04-12 15:20:00+00:00,target,amd_fvg_m15,momentum,fib_extension,near,,,False,,108.5,with,behind,fvg,108.5,with,3,1a_ip,breakout,ny_judas,ny,,,False,1,2,D|60T|15T,-1,False,D,60T,False,0,,,,False,False,True,False,,True,single,33.9,13.0,5.0,3.0,high,-24.2,True,2024-04-12 07:45:00+00:00,2024-04-12 10:45:00+00:00,2024-04-12 11:00:00+00:00,2024-04-12 11:00:00+00:00,False,discount,eqh,session_range,False,False,opposing,golden,,,,,,,,,,,,,,,0,,0,,False,0,3,True,False,1,True,False,False,False,,,,0.0,0,41.0,8.1,,,,
EURUSD,1,1,1.0632,1.0631599999999999,7812,1.0632,1.06647,-5.780880000005782,2024-04-16 12:15:00+00:00,2024-04-16 14:10:00+00:00,stop,amd_ob_m5,momentum,fib_extension,near,ifvg,D,False,,19.4,against,ahead,ifvg,19.4,against,1,3b,judas,ny_judas,ny,,,False,5,0,,0,False,,,False,-1,60T,D,,False,False,True,False,,True,dual,34.3,56.0,2.0,2.0,low,2.8,True,2024-04-15 17:30:00+00:00,2024-04-16 07:15:00+00:00,2024-04-16 07:30:00+00:00,2024-04-16 07:30:00+00:00,False,discount,eql,m15_range,False,False,,golden,,,,,,,,,,,,,,,0,,0,,False,0,3,True,False,0,True,False,False,True,,,equal_hl,1.065245,0,21.5,,97.1,245.4,332.7,350.1
GBPUSD,1,1,1.24493,1.2458799999999999,6250,1.24593,1.2490767999999999,109.84374999997506,2024-04-17 07:20:00+00:00,2024-04-17 08:15:00+00:00,stop,amd_fvg_m5,momentum,fib_extension,near,ifvg,D,True,D,13.6,against,ahead,ifvg,13.6,against,1,2b,judas,london_judas,london,,,False,3,2,15T,0,True,15T,,True,0,,240T,,False,False,True,False,,True,single,22.8,40.0,4.0,3.0,low,-4.6,True,2024-04-16 21:00:00+00:00,2024-04-17 06:45:00+00:00,2024-04-17 07:00:00+00:00,2024-04-17 07:00:00+00:00,False,premium,none,session_range,False,False,,against,,,,,,,,,,,,,,,0,,0,,False,0,3,True,False,0,True,False,False,True,,,equal_hl,1.247665,0,29.3,,50.0,235.0,374.4,445.1
EURUSD,1,1,1.06857,1.0677699999999999,22500,1.06781,1.07246,-333.0000000000557,2024-04-18 07:00:00+00:00,2024-04-18 09:00:00+00:00,stop,mss_ob_m5,momentum,pwh_pwl,near,ifvg,240T,True,240T,0.0,against,inside,ifvg,0.0,against,2,3b,breakout,london_judas,london,,,False,3,1,60T|15T,0,False,60T,60T,False,0,,,,False,False,True,False,,True,dual,,,,,,,,,,,,,premium,,,False,False,,golden,,,,,,,,,,,,,,,0,,0,,False,0,3,False,False,0,True,False,True,True,continuation,d1_fvg,equal_hl,1.07313,0,4.3,,,191.7,269.9,296.4
GBPUSD,1,-1,1.23662,1.2366700000000002,12500,1.23662,1.2331100000000002,-11.5625000000244,2024-04-22 08:15:00+00:00,2024-04-22 08:55:00+00:00,stop,amd_m1_shift_ifvg,golden,fib_extension,,,,False,,10.1,with,behind,fvg,10.1,with,2,golden,mm_golden,london_golden,london,,,False,1,0,,0,False,,,False,0,,,,False,False,False,False,,False,,8.8,14.0,2.0,4.0,high,,True,,,,,,,,m15_range,False,False,,golden,cascade,,failed,,1a,15T,ifvg,,,s2:cont:eu+gu+dxy,15T:sister,1.23838,1.23875,15T,0,,0,,True,1,3,True,False,0,True,False,False,True,,,equal_hl,1.236605,0,15.3,0.0,0.0,0.0,0.0,0.0
GBPUSD,1,-1,1.23216,1.23221,12500,1.23216,1.2268932,-11.5625000000244,2024-04-22 12:00:00+00:00,2024-04-22 13:20:00+00:00,stop,amd_fvg_m5,momentum,fib_extension,near,,,False,,54.7,with,behind,fvg,54.7,with,2,1a_ip,judas,ny_judas,ny,,240T,False,1,2,D|240T|60T|15T,-1,False,D,D,False,0,,,,False,False,True,False,,True,dual,8.8,14.0,2.0,4.0,high,16.5,True,2024-04-19 19:30:00+00:00,2024-04-21 22:45:00+00:00,2024-04-22 03:00:00+00:00,2024-04-22 03:05:00+00:00,,,,m15_range,False,False,,golden,,,,,,,,,,,,,,,0,,0,,False,0,2,True,False,0,True,False,False,False,,,,0.0,0,12.9,,,,,
EURUSD,1,-1,1.06455,1.06554,6250,1.0655,1.0610658000000002,-114.46874999997969,2024-04-23 07:00:00+00:00,2024-04-23 08:15:00+00:00,stop,amd_fvg_h1,momentum,fib_extension,near,,,False,,5.9,with,behind,ifvg,5.9,with,1,3a,judas,london_judas,london,,D,False,4,2,D|60T,-1,False,D,D|60T,False,-1,60T,,,False,False,False,False,,True,single,17.2,14.0,2.0,3.0,high,2.9,True,2024-04-22 15:45:00+00:00,2024-04-22 19:00:00+00:00,2024-04-22 19:30:00+00:00,2024-04-22 19:35:00+00:00,False,discount,eqh,m15_range,False,False,,against,,,,,,,,,,,,,,,0,,0,,False,0,3,True,False,0,True,False,False,True,,,equal_hl,1.0642049999999998,0,7.0,,36.0,23.8,45.4,45.4
EURUSD,1,-1,1.0702500000000001,1.0692900000000003,9391,1.0692500000000003,1.0672115400000002,166.78415999997392,2024-04-24 07:00:00+00:00,2024-04-24 13:35:00+00:00,stop,amd_ob_m5,momentum,fib_extension,near,fvg,D,True,D,53.9,with,behind,fvg,53.9,with,1,3a,judas,london_judas,london,,240T,False,3,2,D,-1,False,D,D|240T,False,1,60T,D,,False,False,True,False,,True,single,21.6,46.0,3.0,2.0,high,2.7,True,2024-04-23 15:00:00+00:00,2024-04-24 02:15:00+00:00,2024-04-24 02:30:00+00:00,2024-04-24 02:35:00+00:00,True,premium,pdh,m15_range,False,False,confirmed,against,,,,,,,,,,,,,,,0,,0,,False,0,3,True,False,0,True,False,False,True,,,equal_hl,1.0642049999999998,0,24.0,3.9,79.5,80.8,102.4,102.4
GBPUSD,1,1,1.24757,1.25164084,6250,1.2510700000000001,1.2516908400000002,470.6908750000023,2024-04-25 07:00:00+00:00,2024-04-25 09:30:00+00:00,target,amd_ob_m5,momentum,fib_extension,near,fvg,W,True,240T,0.0,against,inside,ifvg,0.0,against,1,2b,breakout,london_judas,london,,,False,2,1,60T,0,False,60T,60T,False,0,,,,False,False,False,False,,True,single,30.9,21.0,3.0,2.0,low,4.6,True,2024-04-24 04:15:00+00:00,2024-04-24 09:15:00+00:00,2024-04-24 09:30:00+00:00,2024-04-24 09:30:00+00:00,True,premium,pwl,m15_range,False,False,,against,,,,,,,,,,,,,,,0,,0,,False,0,2,False,False,0,True,False,False,True,,,equal_hl,1.2579500000000001,0,43.3,,,234.3,328.3,418.7
EURUSD,1,-1,1.07135,1.07139,18000,1.07135,1.06779,-13.320000000013321,2024-04-25 13:15:00+00:00,2024-04-25 13:30:00+00:00,stop,amd_fvg_m5,momentum,pdh_pdl,near,fvg,D,False,,35.6,against,ahead,fvg,35.6,against,2,3a,judas,ny_judas,ny,,D,False,3,3,D,-1,True,D,D,True,-1,60T,D,,False,False,True,False,,False,,33.4,48.0,6.0,2.0,high,0.9,True,2024-04-24 23:15:00+00:00,2024-04-25 11:00:00+00:00,2024-04-25 11:15:00+00:00,2024-04-25 11:20:00+00:00,False,discount,eqh,m15_range,False,False,opposing,against,,,,,,,,,,,,,,,0,,0,,False,0,2,False,False,0,True,False,False,True,,,equal_hl,1.0678100000000001,0,18.8,9.3,90.5,91.8,113.4,113.4
EURUSD,1,-1,1.07226,1.0733,14062,1.0732599999999999,1.06783,-270.55287999998177,2024-04-26 12:40:00+00:00,2024-04-26 13:30:00+00:00,stop,amd_ob_m5,momentum,pdh_pdl,near,ifvg,D,False,,33.8,with,behind,fvg,33.8,with,1,1b,judas,ny_judas,ny,W,,False,4,2,D,-1,False,D,D|60T,False,1,60T,D,,False,False,True,False,,True,dual,23.7,66.0,2.0,2.0,high,14.0,True,2024-04-25 16:30:00+00:00,2024-04-26 08:45:00+00:00,2024-04-26 09:30:00+00:00,2024-04-26 09:40:00+00:00,True,premium,pdh,m15_range,False,False,,against,,,,,,,,,,,,,,,0,,0,,False,0,2,False,False,0,True,False,False,True,,,equal_hl,1.0676666666666668,0,10.1,5.0,85.0,100.9,122.5,122.5
GBPUSD,1,-1,1.25366,1.25371,15625,1.25366,1.25038,-14.4531250000305,2024-04-30 13:00:00+00:00,2024-04-30 13:30:00+00:00,stop,mss_ob_m5,momentum,fib_extension,near,fvg,W,True,240T,41.8,with,behind,fvg,41.8,with,2,1a_ip,judas,ny_judas,ny,W,,False,5,2,D|15T,-1,False,D,D,False,0,,,,False,False,True,False,,True,single,33.7,48.0,3.0,2.0,low,6.9,False,2024-04-29 19:00:00+00:00,2024-04-30 06:45:00+00:00,2024-04-30 07:30:00+00:00,2024-04-30 07:35:00+00:00,False,discount,eql,m15_range,False,False,confirmed,golden,,,,,,,,,,,,,,,0,,0,,False,0,3,True,True,0,False,False,False,True,,,equal_hl,1.251525,0,34.4,13.6,88.7,172.1,238.5,238.5
EURUSD,1,1,1.0776599999999998,1.0776199999999998,7812,1.0776599999999998,1.0811921799999997,-5.780880000005782,2024-05-06 13:00:00+00:00,2024-05-06 16:10:00+00:00,stop,amd_ob_m5,momentum,fib_extension,near,fvg,D,True,D,0.0,against,inside,fvg,0.0,against,1,3b,breakout,ny_judas,ny,,240T,False,4,1,60T,0,False,60T,60T,False,-1,D,,,False,False,False,False,,True,single,12.8,31.0,2.0,2.0,low,1.1,True,2024-05-06 01:15:00+00:00,2024-05-06 08:45:00+00:00,2024-05-06 09:00:00+00:00,2024-05-06 09:00:00+00:00,,,,m15_range,False,False,,golden,,,,,,,,,,,,,,,0,,0,,False,0,4,True,False,0,True,False,True,True,continuation,d1_fvg,equal_hl,1.0794700000000002,0,14.1,0.4,36.7,,109.3,205.5
EURUSD,1,1,1.07723,1.0771899999999999,19531,1.07723,1.0807083599999998,-14.452940000014454,2024-05-07 13:15:00+00:00,2024-05-07 16:40:00+00:00,stop,amd_ob_m5,momentum,fib_extension,near,fvg,D,True,D,0.0,against,inside,fvg,0.0,against,2,3b,judas,ny_judas,ny,,D,False,5,1,15T,0,False,15T,,False,-1,60T,,,False,False,True,False,,True,dual,32.1,69.0,3.0,2.0,low,1.2,True,2024-05-06 14:15:00+00:00,2024-05-07 07:15:00+00:00,2024-05-07 07:30:00+00:00,2024-05-07 07:30:00+00:00,True,premium,pdl,m15_range,False,False,confirmed,golden,,,,,,,,,,,,,,,0,,0,,False,0,4,True,False,0,True,False,True,True,continuation,d1_fvg,equal_hl,1.078315,0,15.0,,41.0,,113.6,209.8
GBPUSD,1,-1,1.24863,1.24868,15625,1.24863,1.245,-14.4531250000305,2024-05-08 08:00:00+00:00,2024-05-08 10:35:00+00:00,stop,amd_m1_shift_ifvg,golden,round_number,,,,False,,64.0,against,ahead,fvg,64.0,against,2,golden,mm_golden,london_golden,london,,,False,4,0,,0,False,,,False,0,,,,False,False,False,False,,False,,27.4,33.0,2.0,2.0,high,,True,,,,,,,,m15_range,False,False,,golden,cascade,240T,untested,,1a,60T,ifvg,,,s3:noref:eu,D:pair+sister,1.24896,1.24944,60T,0,,0,,False,0,4,True,False,0,True,False,True,True,continuation,d1_fvg,equal_hl,1.24696,0,18.8,0.0,0.0,0.0,0.0,0.0
GBPUSD,1,-1,1.24884,1.24889,31612,1.24884,1.2453946800000002,-29.241100000061707,2024-05-09 07:00:00+00:00,2024-05-09 10:55:00+00:00,stop,amd_ob_m5,momentum,fib_extension,d3,ob,240T,False,,16.1,with,behind,fvg,16.1,with,3,1a,judas,london_judas,london,,D,False,4,2,D|60T,-1,False,D,D|60T,False,-1,60T,,,False,False,True,False,,True,dual,6.4,15.0,3.0,7.0,high,2.5,True,2024-05-08 18:15:00+00:00,2024-05-08 21:45:00+00:00,2024-05-09 04:15:00+00:00,2024-05-09 04:20:00+00:00,False,discount,eqh,m15_range,False,False,,golden,,,,,,,,,,,,,,,0,,0,,False,0,3,False,False,0,True,False,True,True,continuation,d1_fvg,equal_hl,1.24696,0,18.6,2.3,21.9,190.3,190.3,190.3
EURUSD,1,-1,1.07359,1.07363,11740,1.07359,1.0700234399999997,-8.687600000008688,2024-05-09 08:30:00+00:00,2024-05-09 13:30:00+00:00,stop,amd_ob_m5,momentum,fib_extension,d3,ob,D,True,240T,0.0,against,inside,ifvg,0.0,against,2,3a,breakout,london_judas,london,,D,False,3,2,240T|60T,-1,False,240T,D|60T,False,0,,,,False,False,True,False,,True,single,9.6,43.0,3.0,3.0,high,1.0,True,2024-05-08 17:30:00+00:00,2024-05-09 04:00:00+00:00,2024-05-09 04:15:00+00:00,2024-05-09 04:20:00+00:00,False,discount,pwh,m15_range,False,False,,against,,,,,,,,,,,,,,,0,,0,,False,0,2,False,False,0,True,False,False,True,,,equal_hl,1.0728,0,12.0,,1.8,112.9,135.8,135.8
EURUSD,1,1,1.0753,1.07869,7812,1.0762999999999998,1.07873,489.92958000000056,2024-05-09 13:30:00+00:00,2024-05-10 14:45:00+00:00,target,amd_ob_m5,momentum,pdh_pdl,near,ifvg,D,False,,0.0,with,inside,ifvg,0.0,with,1,3b,breakout,ny_judas,ny,,,False,6,1,,0,True,,,True,-1,60T,D,,False,False,True,False,,True,dual,26.8,78.0,2.0,2.0,low,1.1,True,2024-05-08 17:15:00+00:00,2024-05-09 12:30:00+00:00,2024-05-09 12:45:00+00:00,2024-05-09 12:45:00+00:00,False,premium,eql,m15_range,False,False,opposing,golden,,,,,,,,,,,,,,,0,,0,,False,0,4,True,False,0,True,False,True,True,continuation,breaker,equal_hl,1.0760999999999998,0,36.7,,38.6,0.6,132.9,229.1
EURUSD,1,1,1.07853,1.0794899999999998,14062,1.0795299999999999,1.082,249.74111999996094,2024-05-13 12:05:00+00:00,2024-05-13 16:00:00+00:00,stop,amd_ob_m5,momentum,round_number,d3,ifvg,D,True,D,0.0,against,inside,ifvg,0.0,against,1,3b,judas,ny_judas,ny,,,False,5,2,D|60T|15T,1,False,D,240T|60T,False,0,,,,False,False,False,False,,True,dual,11.0,37.0,2.0,2.0,low,0.5,True,2024-05-10 18:00:00+00:00,2024-05-13 03:00:00+00:00,2024-05-13 03:15:00+00:00,2024-05-13 03:25:00+00:00,,,,m15_range,False,False,opposing,golden,,,,,,,,,,,,,,,0,,0,,False,0,4,True,False,0,True,False,True,True,continuation,d1_fvg,equal_hl,1.079264,0,21.5,,5.6,28.0,100.6,196.8
EURUSD,1,1,1.0793599999999999,1.0784799999999999,28125,1.07852,1.08651,-457.8749999999958,2024-05-14 11:00:00+00:00,2024-05-14 13:30:00+00:00,stop,amd_fvg_m5,judas,equal_hl,d3,ifvg,W,True,D,0.0,against,inside,ifvg,0.0,against,2,3b,judas,ny_judas,ny,,,False,3,3,D|240T|60T,1,True,D,60T,True,-1,60T,240T,,False,False,True,False,,True,single,22.5,73.0,4.0,2.0,low,7.5,True,2024-05-13 14:45:00+00:00,2024-05-14 08:45:00+00:00,2024-05-14 09:15:00+00:00,2024-05-14 09:25:00+00:00,False,premium,eql,m15_range,False,False,,golden,,,,,,,,,,,,,,,0,,0,,False,0,4,True,False,0,True,False,True,True,continuation,d1_fvg,equal_hl,1.079655,0,5.4,0.8,14.1,19.7,92.3,188.5
GBPUSD,1,1,1.26102,1.2619699999999998,28125,1.26202,1.26416,494.2968749998878,2024-05-15 12:20:00+00:00,2024-05-15 13:30:00+00:00,stop,amd_m1_shift_ifvg,golden,swing,,,,False,,0.0,against,inside,ifvg,0.0,against,2,golden,mm_golden,ny_golden,ny,,,False,4,0,,0,False,,,False,0,,,,False,False,False,False,,False,,26.2,12.0,3.0,2.0,low,,True,,,,,,,,m15_range,False,False,,golden,own_ob,,respected,,2b,15T,ifvg,,,s3:noref:eu,15T:dxy,1.25987,1.26032,60T,0,,0,,True,2,3,True,False,0,True,False,False,True,,,equal_hl,1.263395,0,60.1,0.0,0.0,0.0,0.0,0.0
GBPUSD,1,-1,1.26721,1.2662600000000002,11250,1.26621,1.2640902600000001,197.71874999995512,2024-05-16 12:15:00+00:00,2024-05-16 15:30:00+00:00,stop,amd_ob_m5,judas,fib_extension,near,fvg,D,False,,89.0,against,ahead,ob,12.0,with,1,1a,breakout,ny_judas,ny,,W,False,3,2,15T,-1,False,15T,D|240T,False,0,,D,,False,False,True,False,,False,,23.7,32.0,2.0,5.0,high,5.4,True,2024-05-15 17:45:00+00:00,2024-05-16 01:30:00+00:00,2024-05-16 01:45:00+00:00,2024-05-16 01:55:00+00:00,False,premium,eqh,m15_range,False,False,,golden,,,,,,,,,,,,,,,0,,0,,False,0,2,False,False,0,True,False,False,True,,,equal_hl,1.2647333333333335,0,28.9,,163.9,207.2,374.0,374.0
EURUSD,1,-1,1.0869,1.08694,11250,1.0869,1.08356,-8.325000000008325,2024-05-20 12:00:00+00:00,2024-05-20 15:30:00+00:00,stop,amd_ob_m5,judas,pdh_pdl,near,ifvg,D,True,240T,14.6,against,ahead,ifvg,14.6,against,1,1b,judas,ny_judas,ny,W,,False,5,2,15T,-1,False,15T,D,False,0,,D,,False,False,True,False,,False,,18.5,61.0,6.0,2.0,high,1.9,True,2024-05-17 15:45:00+00:00,2024-05-20 06:45:00+00:00,2024-05-20 07:00:00+00:00,2024-05-20 07:05:00+00:00,,,,m15_range,False,False,,against,,,,,,,,,,,,,,,0,,0,,False,0,3,True,False,0,True,False,False,True,,,equal_hl,1.0857466666666666,0,15.0,5.9,34.3,146.0,268.9,268.9
GBPUSD,1,-1,1.27255,1.2716000000000003,17577,1.2715500000000002,1.2694717199999999,308.9157749999299,2024-05-22 12:00:00+00:00,2024-05-22 13:05:00+00:00,stop,amd_fvg_h1,momentum,fib_extension,near,ifvg,W,False,,82.3,against,ahead,ob,0.0,with,1,1a_ip,judas,ny_judas,ny,,,False,5,2,,-1,False,,D|60T,False,1,60T,D,,False,False,True,False,,True,single,19.3,51.0,2.0,2.0,high,38.4,True,2024-05-21 18:15:00+00:00,2024-05-22 06:45:00+00:00,2024-05-22 07:45:00+00:00,2024-05-22 07:50:00+00:00,True,premium,pdh,m15_range,False,False,opposing,golden,,,,,,,,,,,,,,,0,,0,,False,0,3,True,False,0,True,False,False,True,,,equal_hl,1.2687666666666668,0,25.7,23.2,40.2,280.8,427.4,427.4
EURUSD,1,-1,1.08528,1.0843200000000002,22500,1.0842800000000001,1.08218,399.5999999999375,2024-05-22 08:10:00+00:00,2024-05-22 17:15:00+00:00,stop,amd_m1_shift_ifvg,golden,swing,,,,False,,0.0,against,inside,ifvg,0.0,against,2,golden,mm_golden,london_golden,london,,,False,3,0,,0,False,,,False,0,,,,False,False,False,False,,False,,15.4,51.0,4.0,2.0,high,,True,,,,,,,,m15_range,False,False,,golden,cascade,,failed,,1b,60T,ifvg,,,s3:noref:gu,60T:sister,1.08604,1.08643,60T,0,,0,,True,1,2,False,False,0,True,False,False,True,,,equal_hl,1.084965,0,30.9,0.0,0.0,0.0,0.0,0.0
EURUSD,1,1,1.08479,1.0847499999999999,17577,1.08479,1.08844,-13.006980000013009,2024-05-23 12:30:00+00:00,2024-05-23 14:45:00+00:00,stop,mss_fvg_m15,momentum,pdh_pdl,near,ob,240T,False,,34.9,with,behind,fvg,34.9,with,1,3b,judas,ny_judas,ny,,,False,6,3,D,1,True,D,240T,False,-1,60T,240T,,False,False,True,False,,True,single,34.5,96.0,3.0,2.0,high,1.4,False,2024-05-22 10:45:00+00:00,2024-05-23 10:30:00+00:00,2024-05-23 10:45:00+00:00,2024-05-23 10:55:00+00:00,False,premium,eqh,m15_range,False,False,confirmed,golden,,,,,,,,,,,,,,,0,,0,,False,0,3,True,False,0,False,False,True,True,continuation,d1_fvg,equal_hl,1.0862150000000002,0,13.1,,37.4,,47.9,107.7
EURUSD,1,1,1.08175,1.08496,14062,1.0827499999999999,1.085,835.071869999983,2024-05-24 08:00:00+00:00,2024-05-24 13:40:00+00:00,target,amd_ob_m5,momentum,round_number,near,ifvg,240T,True,240T,4.5,with,behind,ifvg,4.5,with,1,3b,judas,london_judas,london,,,False,3,2,D,1,False,D,240T,False,-1,60T,,,False,False,False,False,,True,dual,23.3,14.0,2.0,2.0,low,3.6,True,2024-05-23 15:45:00+00:00,2024-05-23 19:00:00+00:00,2024-05-23 19:45:00+00:00,2024-05-23 19:55:00+00:00,True,discount,pdl,m15_range,False,False,confirmed,golden,,,,,,,,,,,,,,,0,,0,,False,0,4,True,False,0,True,False,True,True,continuation,d1_fvg,equal_hl,1.082605,0,33.5,,58.1,,78.3,126.0
EURUSD,1,1,1.08499,1.0849499999999999,17577,1.08499,1.088,-13.006980000013009,2024-05-24 13:40:00+00:00,2024-05-27 13:00:00+00:00,stop,amd_ob_m5,momentum,round_number,d3,ifvg,W,False,,36.9,with,behind,ifvg,36.9,with,1,2a,breakout,ny_judas,ny,,,False,5,2,D,1,False,D,240T,False,-1,60T,,,False,False,False,False,,True,single,23.3,14.0,2.0,2.0,low,3.6,True,2024-05-23 15:45:00+00:00,2024-05-23 19:00:00+00:00,2024-05-23 19:45:00+00:00,2024-05-23 19:55:00+00:00,True,premium,pdl,m15_range,False,False,confirmed,golden,,,,,,,,,,,,,,,0,,0,,False,0,4,True,False,0,True,False,True,True,continuation,d1_fvg,equal_hl,1.08594,0,17.5,,25.7,,45.9,93.6
EURUSD,1,1,1.0883099999999999,1.0874,35156,1.08744,1.0921963400000003,-591.8512599999782,2024-05-28 12:00:00+00:00,2024-05-28 14:10:00+00:00,stop,amd_fvg_m15,momentum,fib_extension,d30,,,False,,70.1,with,behind,ifvg,70.1,with,2,3b,breakout,ny_judas,ny,,240T,False,2,2,D|60T|15T,1,False,D,60T,False,0,,240T,,False,False,True,False,,True,single,25.5,93.0,2.0,4.0,low,1.4,True,2024-05-24 13:45:00+00:00,2024-05-27 12:45:00+00:00,2024-05-27 13:00:00+00:00,2024-05-27 13:05:00+00:00,True,premium,pdl,m15_range,False,False,opposing,golden,,,,,,,,,,,,,,,0,,0,,False,0,4,True,False,0,True,False,True,True,continuation,d1_fvg,equal_hl,1.0886933333333333,0,5.9,,,12.7,12.7,60.4
GBPUSD,1,1,1.27533,1.27528,33750,1.27533,1.27854,-31.21875000006588,2024-05-29 07:05:00+00:00,2024-05-29 11:15:00+00:00,stop,amd_m1_shift_ob2,golden,swing,,,,False,,0.0,with,inside,fvg,0.0,with,3,golden,mm_golden,london_golden,london,,,False,3,0,,0,False,,,False,0,,,,False,False,False,False,,False,,32.4,47.0,3.0,3.0,low,,True,,,,,,,,m15_range,False,False,,golden,cascade,,failed,,2b,15T,ob2,,,s3:noref:eu,240T:sister+dxy,1.27464,1.27505,60T,0,,0,,True,2,2,False,False,0,True,False,False,True,,,equal_hl,1.2774450000000002,0,18.2,0.0,0.0,0.0,0.0,0.0
EURUSD,1,1,1.0826099999999999,1.0825699999999998,14062,1.0826099999999999,1.08588,-10.405880000010407,2024-05-30 13:30:00+00:00,2024-05-31 02:40:00+00:00,stop,amd_ob_m5,momentum,pdh_pdl,near,ifvg,W,True,D,66.1,with,behind,ifvg,66.1,with,0,3b,breakout,ny_judas,ny,,,False,4,2,D|240T,1,False,D,,False,-1,60T,D,,False,False,True,False,,True,single,28.3,59.0,4.0,2.0,low,0.7,True,2024-05-29 16:00:00+00:00,2024-05-30 06:30:00+00:00,2024-05-30 06:45:00+00:00,2024-05-30 06:50:00+00:00,False,discount,eql,m15_range,False,False,,golden,,,,,,,,,,,,,,,0,,0,,False,0,3,False,False,0,True,False,True,True,continuation,w_fvg,equal_hl,1.0841500000000002,0,19.0,,63.8,69.7,69.7,117.4
GBPUSD,1,-1,1.27259,1.2716400000000003,11250,1.2715900000000002,1.26913,197.71874999995512,2024-06-03 08:15:00+00:00,2024-06-03 11:45:00+00:00,stop,mss_fvg_m15,momentum,fib_extension,near,ifvg,240T,True,240T,21.0,with,behind,ifvg,21.0,with,1,1a_ip,judas,london_judas,london,,,False,3,2,,-1,False,,D|240T,False,1,60T,,,False,False,False,False,,True,single,31.6,60.0,2.0,2.0,low,0.6,False,2024-05-31 17:15:00+00:00,2024-06-03 08:00:00+00:00,2024-06-03 08:15:00+00:00,2024-06-03 08:25:00+00:00,,,,m15_range,False,False,confirmed,golden,,,,,,,,,,,,,,,0,,0,,False,0,3,True,True,0,False,False,False,True,,,equal_hl,1.269745,0,31.8,,46.3,51.6,281.2,427.8
EURUSD,1,-1,1.0891600000000001,1.08976,42187,1.08972,1.086045,-468.2756999999484,2024-06-07 11:05:00+00:00,2024-06-07 12:45:00+00:00,stop,amd_m1_shift_ifvg,golden,equal_hl,,,,False,,32.6,against,ahead,ifvg,32.6,against,3,golden,mm_golden,ny_golden,ny,,,False,5,0,,0,False,,,False,0,,,,False,False,False,False,,False,,26.0,73.0,7.0,4.0,high,,True,,,,,,,,m15_range,False,False,,golden,cascade,,failed,,1b,60T,ifvg,,,s3:cont:eu+gu+dxy,240T:pair,1.08907,1.08963,60T,0,,0,,False,1,4,True,False,1,True,False,False,True,,,equal_hl,1.085868,0,4.4,0.0,0.0,0.0,0.0,0.0
EURUSD,1,-1,1.0749,1.0756700000000001,18750,1.07563,1.0713353799999998,-267.0937500000553,2024-06-10 07:05:00+00:00,2024-06-10 07:40:00+00:00,stop,amd_m1_shift_ifvg,golden,fib_extension,,,,False,,0.0,against,inside,ifvg,0.0,against,3,golden,mm_golden,london_golden,london,,,False,2,0,,0,False,,,False,0,,,,False,False,False,False,,False,,15.4,12.0,3.0,2.0,high,,True,,,,,,,,m15_range,False,False,,golden,cascade,,failed,,1b,5T,ifvg,,,s3:cont:eu+gu+dxy,15T:sister+dxy,1.0751,1.07554,60T,0,,0,,True,2,3,True,False,0,True,False,False,True,,,equal_hl,1.073385,0,-0.0,0.0,0.0,0.0,0.0,0.0
EURUSD,1,-1,1.07402,1.07506,15000,1.0750199999999999,1.06959,-288.5999999999805,2024-06-10 11:00:00+00:00,2024-06-10 12:45:00+00:00,stop,amd_fvg_m5,momentum,fib_extension,d30,ob,D,False,,0.0,against,inside,ifvg,0.0,against,3,3a,breakout,ny_judas,ny,,,False,3,0,,0,False,,,False,1,60T,,,False,False,True,False,,True,single,15.4,12.0,3.0,2.0,high,1.6,True,2024-06-09 22:00:00+00:00,2024-06-10 00:45:00+00:00,2024-06-10 01:00:00+00:00,2024-06-10 01:05:00+00:00,,,,m15_range,False,False,,against,,,,,,,,,,,,,,,0,,0,,False,0,3,True,False,0,True,False,False,True,,,equal_hl,1.073385,0,7.5,,,,17.2,140.1
EURUSD,1,-1,1.07363,1.0726700000000002,18750,1.0726300000000002,1.07052412,332.99999999994793,2024-06-20 07:00:00+00:00,2024-06-20 10:45:00+00:00,stop,amd_ob_m5,momentum,fib_extension,near,ob,D,False,,42.6,with,behind,ob,1.0,against,3,3a,judas,london_judas,london,,,False,4,2,D|240T|60T|15T,-1,False,D,,False,0,,,,False,False,True,False,,False,,11.9,10.0,2.0,2.0,high,8.9,True,2024-06-19 09:00:00+00:00,2024-06-19 11:15:00+00:00,2024-06-19 12:00:00+00:00,2024-06-19 12:10:00+00:00,False,discount,eqh,m15_range,False,False,,against,,,,,,,,,,,,,,,0,,0,,False,0,3,True,False,0,True,False,False,True,,,equal_hl,1.0731225,0,23.7,,50.9,,69.6,136.2
EURUSD,1,-1,1.0706200000000001,1.0696600000000003,23437,1.0696200000000002,1.06676,416.2411199999349,2024-06-21 08:00:00+00:00,2024-06-21 08:30:00+00:00,stop,mss_fvg_m5,momentum,itl_liquidity,d3,ob,D,False,,72.7,with,behind,ob,0.0,against,3,1b,breakout,london_judas,london,,,False,2,2,D|240T|60T|15T,-1,False,D,,False,0,,240T,,False,False,True,False,,False,,30.5,53.0,3.0,3.0,low,0.4,False,2024-06-20 08:45:00+00:00,2024-06-20 21:45:00+00:00,2024-06-20 22:00:00+00:00,2024-06-20 22:00:00+00:00,True,discount,pdl,m15_range,False,False,,against,,,,,,,,,,,,,,,0,,0,,False,0,2,False,False,1,False,False,False,True,,,equal_hl,1.0676916666666667,0,31.3,5.9,5.9,,39.5,106.1
NZDUSD,1,-1,0.612995,0.61307,12500,0.612995,0.60999,-17.343750000010928,2024-06-20 08:40:00+00:00,2024-06-21 12:55:00+00:00,stop,amd_ob_m5,momentum,pwh_pwl,near,ifvg,D,True,D,10.5,with,behind,fvg,10.5,with,2,N-short_h4,breakout,london_judas,london,,,False,7,2,240T,0,True,240T,,False,0,,,,False,False,True,False,,True,single,8.6,19.0,2.0,2.0,high,0.9,True,2024-06-20 03:45:00+00:00,2024-06-20 08:15:00+00:00,2024-06-20 08:30:00+00:00,2024-06-20 08:30:00+00:00,False,discount,eqh,m15_range,False,False,,,,,,,,,,,,,,,,,0,,0,,False,0,3,False,False,0,True,False,True,True,continuation,d1_fvg,equal_hl,0.6125183333333334,0,18.7,10.7,34.4,31.3,49.7,279.5
EURUSD,1,1,1.0703,1.07349,6250,1.0713,1.07353,368.843750000003,2024-06-24 07:15:00+00:00,2024-06-24 12:55:00+00:00,target,amd_ob_m5,momentum,swing,near,ifvg,240T,False,,1.8,against,behind,ob,0.0,with,0,3b,breakout,london_judas,london,,,False,3,0,,0,False,,,False,-1,D,,,False,False,False,False,,True,single,30.9,94.0,3.0,10.0,low,30.2,True,2024-06-20 08:45:00+00:00,2024-06-21 08:00:00+00:00,2024-06-21 08:30:00+00:00,2024-06-21 08:35:00+00:00,,,,m15_range,False,False,,golden,,,,,,,,,,,,,,,0,,0,,False,0,3,True,False,0,True,False,False,True,,,equal_hl,1.07063,0,32.8,,46.6,150.0,213.9,213.9
EURUSD,1,-1,1.0720100000000001,1.0710500000000003,22500,1.0710100000000002,1.0685,399.5999999999375,2024-06-25 12:00:00+00:00,2024-06-25 18:25:00+00:00,stop,mss_fvg_m5,momentum,equal_hl,near,ob,D,True,240T,58.8,with,behind,ob,0.0,against,2,1b,judas,ny_judas,ny,,,False,5,1,15T,0,False,15T,240T,False,-1,D,,,False,False,True,False,,True,single,23.3,83.0,2.0,2.0,low,0.7,False,2024-06-24 15:15:00+00:00,2024-06-25 11:45:00+00:00,2024-06-25 12:00:00+00:00,2024-06-25 12:05:00+00:00,False,discount,eql,m15_range,False,False,confirmed,against,,,,,,,,,,,,,,,0,,0,,False,0,2,True,False,0,False,False,False,True,,,equal_hl,1.0705550000000001,0,29.5,,50.0,53.4,53.4,120.0
GBPUSD,1,-1,1.26657,1.2656200000000002,28125,1.26557,1.26343,494.2968749998878,2024-06-26 11:00:00+00:00,2024-06-26 12:55:00+00:00,stop,amd_fvg_h1,momentum,pdh_pdl,near,ifvg,W,True,240T,0.0,against,inside,fvg,0.0,against,2,1a_ip,breakout,ny_judas,ny,,,False,2,1,240T,0,False,240T,240T|60T,False,0,,D,,False,False,True,False,,True,single,32.2,97.0,2.0,2.0,high,-13.3,True,2024-06-25 04:00:00+00:00,2024-06-26 04:00:00+00:00,2024-06-26 04:30:00+00:00,2024-06-26 04:30:00+00:00,True,discount,pdh,session_range,False,False,opposing,golden,,,,,,,,,,,,,,,0,,0,,False,0,4,True,False,0,True,False,True,True,continuation,d1_fvg,equal_hl,1.2648899999999998,0,26.5,,34.4,9.9,44.9,367.6
EURUSD,1,-1,1.07026,1.0693000000000001,22500,1.06926,1.06724,399.5999999999375,2024-06-26 07:00:00+00:00,2024-06-26 12:55:00+00:00,stop,amd_ob_m5,momentum,equal_hl,d3,,,False,,76.3,with,behind,ob,0.0,against,2,3a,judas,london_judas,london,,,False,5,1,,0,False,,240T|60T,False,-1,60T,,,False,False,True,False,,True,single,25.0,47.0,6.0,2.0,high,0.4,True,2024-06-25 15:15:00+00:00,2024-06-26 02:45:00+00:00,2024-06-26 03:00:00+00:00,2024-06-26 03:10:00+00:00,False,discount,eqh,m15_range,False,False,,against,,,,,,,,,,,,,,,0,,0,,False,0,3,True,False,0,True,False,False,True,,,equal_hl,1.0689285714285715,0,23.1,,19.8,35.9,35.9,97.5
NZDUSD,1,-1,0.611435,0.608225,35156,0.610435,0.60815,2087.739059999958,2024-06-26 07:15:00+00:00,2024-06-26 14:20:00+00:00,target,mss_ob_m5,judas,itl_liquidity,d3,fvg,W,False,,0.0,against,inside,ifvg,0.0,against,2,N-short,judas,london_judas,london,,,False,4,1,60T,0,False,60T,240T|60T,False,-1,60T,240T,,False,False,True,False,,False,,22.6,96.0,3.0,2.0,low,0.5,False,2024-06-24 17:45:00+00:00,2024-06-25 17:30:00+00:00,2024-06-25 17:45:00+00:00,2024-06-25 17:45:00+00:00,True,discount,pdl,m15_range,False,False,,,,,,,,,,,,,,,,,0,,0,,False,0,3,True,False,0,False,False,True,True,continuation,d1_fvg,equal_hl,0.611160909090909,0,37.0,6.7,11.2,16.5,34.1,263.9
EURUSD,1,1,1.07008,1.0710399999999998,11250,1.0710799999999998,1.0730899999999999,199.79999999996875,2024-06-27 11:45:00+00:00,2024-06-27 15:25:00+00:00,stop,amd_ob_m5,momentum,fib_extension,near,fvg,240T,True,240T,78.1,against,ahead,ifvg,78.1,against,0,3b,breakout,ny_judas,ny,,,False,2,1,15T,0,False,15T,,False,0,,,,False,False,False,False,,True,single,33.0,40.0,5.0,2.0,low,13.5,True,2024-06-26 03:45:00+00:00,2024-06-26 13:30:00+00:00,2024-06-26 14:30:00+00:00,2024-06-26 14:30:00+00:00,False,premium,eql,m15_range,False,False,,golden,,,,,,,,,,,,,,,0,,0,,False,0,3,True,False,0,True,False,False,True,,,equal_hl,1.07063,0,25.6,,46.4,152.2,216.1,216.1
EURUSD,1,1,1.07096,1.0702099999999999,14062,1.07025,1.0741,-195.1102500000074,2024-06-28 11:30:00+00:00,2024-06-28 12:25:00+00:00,stop,amd_fvg_m5,judas,swing,near,ifvg,240T,True,240T,69.3,against,ahead,ifvg,69.3,against,1,3b,judas,ny_judas,ny,,,False,4,1,60T,0,False,60T,,False,-1,60T,,,False,False,False,False,,True,single,25.0,44.0,2.0,2.0,low,15.1,True,2024-06-27 14:45:00+00:00,2024-06-28 01:30:00+00:00,2024-06-28 02:30:00+00:00,2024-06-28 02:40:00+00:00,False,premium,eql,m15_range,False,False,,golden,,,,,,,,,,,,,,,0,,0,,False,0,3,True,False,0,True,False,False,True,,,equal_hl,1.0712733333333333,0,2.0,2.1,35.4,143.4,207.3,207.3
EURUSD,1,1,1.0767499999999999,1.07571,22500,1.07575,1.08098486,-432.8999999999708,2024-07-01 07:00:00+00:00,2024-07-01 08:25:00+00:00,stop,amd_ob_m15,momentum,fib_extension,near,ifvg,D,True,240T,11.4,against,ahead,ifvg,11.4,against,2,3b,breakout,london_judas,london,,,False,2,1,60T|15T,0,False,60T,,False,0,,,,False,False,True,False,,True,single,9.7,8.0,3.0,2.0,low,2.7,True,2024-06-28 18:30:00+00:00,2024-06-28 20:15:00+00:00,2024-06-28 20:30:00+00:00,2024-06-28 20:30:00+00:00,,,,m15_range,False,False,confirmed,golden,,,,,,,,,,,,,,,0,,0,,False,0,5,True,True,0,True,False,True,True,continuation,d1_fvg,equal_hl,1.077485,0,8.8,,,,149.4,149.4
EURUSD,1,-1,1.07529,1.0753300000000001,11250,1.07529,1.07226,-8.325000000008325,2024-07-01 11:00:00+00:00,2024-07-01 14:10:00+00:00,stop,amd_ob_m5,momentum,equal_hl,near,ifvg,D,True,240T,20.9,against,ahead,fvg,20.9,against,1,1b,judas,ny_judas,ny,,,False,4,1,240T,0,False,240T,240T,False,0,,,,False,False,False,False,,True,single,30.1,36.0,3.0,2.0,high,14.2,True,2024-06-30 22:00:00+00:00,2024-07-01 06:45:00+00:00,2024-07-01 07:30:00+00:00,2024-07-01 07:30:00+00:00,,,,m15_range,False,False,,against,,,,,,,,,,,,,,,0,,0,,False,0,4,True,True,0,True,False,False,True,,,equal_hl,1.0733419999999998,0,13.1,21.8,76.8,82.8,87.8,129.9
NZDUSD,1,-1,0.604885,0.6056050000000001,33750,0.60553,0.60172,-449.55000000003366,2024-07-02 08:00:00+00:00,2024-07-02 09:55:00+00:00,stop,amd_ob_m15,momentum,fib_extension,near,,,True,D,0.0,against,inside,ifvg,0.0,against,3,N-short,breakout,london_judas,london,240T,240T,False,3,1,240T|60T|15T,0,False,240T,240T,False,0,,D,,False,False,True,False,,True,single,12.5,26.0,3.0,2.0,high,0.2,True,2024-07-01 15:45:00+00:00,2024-07-01 22:00:00+00:00,2024-07-01 22:15:00+00:00,2024-07-01 22:15:00+00:00,False,discount,eqh,m15_range,False,False,,,,,,,,,,,,,,,,,0,,0,,False,0,5,True,True,0,True,False,True,True,continuation,pdhl,equal_hl,0.60432,0,1.6,2.8,,,,176.4
EURUSD,1,-1,1.0729000000000002,1.0729400000000002,22500,1.0729000000000002,1.06852,-16.65000000001665,2024-07-02 07:35:00+00:00,2024-07-02 13:10:00+00:00,stop,mss_ob_m5,judas,pdh_pdl,near,ifvg,240T,True,240T,0.0,against,inside,ifvg,0.0,against,2,3a,judas,london_judas,london,,,False,4,1,,0,False,,240T,False,0,,D,,False,False,True,False,,False,,14.4,39.0,2.0,3.0,low,0.1,False,2024-07-01 21:45:00+00:00,2024-07-02 07:15:00+00:00,2024-07-02 07:30:00+00:00,2024-07-02 07:40:00+00:00,False,discount,eql,m15_range,False,False,,against,,,,,,,,,,,,,,,0,,0,,False,0,3,True,True,0,False,False,False,True,,,equal_hl,1.0716759999999999,0,19.0,,44.7,58.9,63.9,91.4
GBPUSD,1,1,1.26596,1.2669099999999998,28125,1.2669599999999999,1.2696200000000002,494.2968749998878,2024-07-02 13:00:00+00:00,2024-07-02 15:00:00+00:00,stop,amd_fvg_m5,momentum,fib_extension,near,ifvg,D,True,240T,14.6,against,ahead,ifvg,14.6,against,2,2b_ip,judas,ny_judas,ny,,,False,4,1,60T,0,False,60T,,False,-1,60T,D,,False,False,True,False,,True,dual,27.0,65.0,2.0,4.0,low,15.6,True,2024-07-01 15:45:00+00:00,2024-07-02 07:45:00+00:00,2024-07-02 08:30:00+00:00,2024-07-02 08:40:00+00:00,True,discount,pdl,m15_range,False,False,confirmed,against,,,,,,,,,,,,,,,0,,0,,False,0,4,True,True,0,True,False,False,True,,,equal_hl,1.2666849999999998,0,25.5,,51.5,81.1,201.8,201.8
GBPUSD,1,1,1.2835,1.28245,11250,1.2825000000000002,1.28788,-218.53124999999903,2024-07-08 13:00:00+00:00,2024-07-08 16:45:00+00:00,stop,amd_fvg_m15,momentum,fib_extension,d60,,,False,,49.5,with,behind,fvg,49.5,with,1,2b_ip,judas,ny_judas,ny,,D,False,2,1,60T,0,False,60T,240T,False,0,,240T,,False,False,False,False,,True,single,14.1,12.0,2.0,2.0,low,3.2,True,2024-07-08 04:45:00+00:00,2024-07-08 07:30:00+00:00,2024-07-08 08:00:00+00:00,2024-07-08 08:00:00+00:00,,,,m15_range,False,False,confirmed,against,,,,,,,,,,,,,,,0,,0,,False,0,2,True,False,0,True,False,False,False,,,,0.0,0,10.4,,,,26.4,26.4
EURUSD,1,-1,1.0819,1.0819400000000001,7812,1.0819,1.076365,-5.780880000005782,2024-07-09 12:05:00+00:00,2024-07-10 04:20:00+00:00,stop,mss_ob_m15,momentum,equal_hl,d3,fvg,D,True,240T,0.0,with,inside,ifvg,0.0,with,1,3a,breakout,ny_judas,ny,D,,False,2,2,D|15T,-1,False,D,,False,1,60T,D,,False,False,True,False,,True,dual,25.8,96.0,5.0,3.0,low,4.1,False,2024-07-08 08:45:00+00:00,2024-07-09 08:30:00+00:00,2024-07-09 09:00:00+00:00,2024-07-09 09:00:00+00:00,True,discount,pdl,m15_range,False,False,confirmed,against,,,,,,,,,,,,,,,0,,0,,False,0,2,True,False,0,False,False,False,True,,,equal_hl,1.08104,0,13.6,0.7,20.6,153.9,153.9,170.5
EURUSD,1,1,1.08195,1.08133,8408,1.08137,1.085,-96.4397600000101,2024-07-10 07:20:00+00:00,2024-07-10 09:00:00+00:00,stop,amd_ob_m5,momentum,round_number,d3,ifvg,D,True,240T,0.0,against,inside,ifvg,0.0,against,1,3b,judas,london_judas,london,,240T,False,5,1,240T,0,False,240T,240T,False,-1,60T,,,False,False,False,False,,True,single,24.0,92.0,2.0,5.0,low,6.7,True,2024-07-08 16:00:00+00:00,2024-07-09 14:45:00+00:00,2024-07-09 16:15:00+00:00,2024-07-09 16:15:00+00:00,False,premium,eql,m15_range,False,False,,golden,,,,,,,,,,,,,,,0,,0,,False,0,4,True,False,0,True,False,True,True,continuation,d1_fvg,equal_hl,1.082635,0,5.4,2.4,26.4,,83.4,97.4
GBPUSD,1,1,1.28768,1.28693,15000,1.28698,1.29085,-208.1250000000079,2024-07-11 12:45:00+00:00,2024-07-11 13:25:00+00:00,stop,mss_ob_m5,momentum,fib_extension,near,,,False,,91.3,with,behind,ifvg,91.3,with,3,2b_h4,breakout,ny_judas,ny,,,False,1,1,15T,0,False,15T,240T|60T,False,1,D,,,False,False,True,False,,True,single,34.9,57.0,3.0,2.0,high,2.1,False,2024-07-10 21:00:00+00:00,2024-07-11 11:00:00+00:00,2024-07-11 11:15:00+00:00,2024-07-11 11:20:00+00:00,False,premium,eqh,m15_range,False,False,opposing,against,,,,,,,,,,,,,,,0,,0,,False,0,1,True,False,0,False,False,False,False,,,,0.0,0,3.5,,,,,
GBPUSD,1,1,1.29137,1.29486,12500,1.2923699999999998,1.29491,807.0624999999984,2024-07-12 08:20:00+00:00,2024-07-12 10:40:00+00:00,target,amd_m1_shift_ifvg,golden,swing,,,,False,,64.7,with,behind,fvg,64.7,with,2,golden,mm_golden,london_golden,london,,,False,3,0,,0,False,,,False,0,,,,False,False,False,False,,False,,24.2,13.0,3.0,2.0,low,,True,,,,,,,,m15_range,False,False,,golden,cascade,,failed,,2b,60T,ifvg,,,s2:smt:eu+dxy,60T:dxy,1.28791,1.29035,60T,0,,0,,True,1,2,True,False,0,True,False,False,False,,,,0.0,0,36.2,0.0,0.0,0.0,0.0,0.0
GBPUSD,1,1,1.29525,1.2952,18000,1.29525,1.2987815800000002,-16.650000000035135,2024-07-12 11:05:00+00:00,2024-07-12 13:30:00+00:00,stop,amd_fvg_m5,momentum,fib_extension,near,,,False,,103.5,with,behind,fvg,103.5,with,2,2b,judas,ny_judas,ny,,,False,2,1,240T|60T,0,False,240T,240T,False,0,,,,False,False,True,False,,True,dual,24.2,13.0,3.0,2.0,low,5.0,True,2024-07-11 15:15:00+00:00,2024-07-11 18:15:00+00:00,2024-07-11 18:45:00+00:00,2024-07-11 18:45:00+00:00,False,premium,eql,m15_range,False,False,confirmed,against,,,,,,,,,,,,,,,0,,0,,False,0,2,True,False,0,True,False,False,False,,,,0.0,0,13.3,,,,,
EURUSD,1,-1,1.0890900000000001,1.0891300000000002,14062,1.0890900000000001,1.0855026600000004,-10.405880000010407,2024-07-16 13:30:00+00:00,2024-07-16 18:30:00+00:00,stop,amd_breaker_m5,momentum,fib_extension,d3,fvg,D,True,240T,29.2,against,ahead,fvg,29.2,against,1,3a,breakout,ny_judas,ny,,,False,4,3,D,-1,True,D,,True,1,60T,D,,False,False,True,False,,True,dual,15.7,18.0,3.0,3.0,high,4.5,True,2024-07-15 11:30:00+00:00,2024-07-15 15:45:00+00:00,2024-07-15 16:00:00+00:00,2024-07-15 16:05:00+00:00,True,discount,pdh,m15_range,False,False,,against,,,,,,,,,,,,,,,0,,0,,False,0,3,True,False,0,True,False,False,True,,,equal_hl,1.0866600000000002,0,19.4,8.2,30.1,181.8,225.8,225.8
GBPUSD,1,1,1.29863,1.2985799999999998,27000,1.29863,1.30273,-24.975000000052706,2024-07-17 08:00:00+00:00,2024-07-17 08:10:00+00:00,stop,amd_fvg_m5,momentum,fib_extension,d60,,,False,,23.8,with,behind,ifvg,23.8,with,3,2b,breakout,london_judas,london,,,False,2,1,240T,0,False,240T,240T,False,0,,D,,False,False,True,False,,True,single,22.3,76.0,5.0,2.0,low,13.0,True,2024-07-15 18:15:00+00:00,2024-07-16 13:00:00+00:00,2024-07-16 13:45:00+00:00,2024-07-16 13:55:00+00:00,False,premium,eql,m15_range,False,False,confirmed,against,,,,,,,,,,,,,,,0,,0,,False,0,2,True,False,0,True,False,False,False,,,,0.0,0,10.5,,9.4,,9.4,9.4
EURUSD,1,-1,1.09298,1.09373,11250,1.09369,1.0895,-156.0937500000059,2024-07-18 12:15:00+00:00,2024-07-18 13:30:00+00:00,stop,amd_ob_m5,momentum,pdh_pdl,near,ob,240T,True,240T,68.1,against,ahead,fvg,68.1,against,1,3a,judas,ny_judas,ny,,,False,4,3,D,-1,True,D,,False,0,,,,False,False,True,False,,False,,17.1,38.0,4.0,2.0,high,0.2,True,2024-07-17 15:00:00+00:00,2024-07-18 00:15:00+00:00,2024-07-18 00:30:00+00:00,2024-07-18 00:40:00+00:00,False,premium,eqh,m15_range,False,False,,against,,,,,,,,,,,,,,,0,,0,,False,0,2,False,False,0,True,False,False,True,,,equal_hl,1.0894249999999999,0,3.6,,59.2,220.7,264.7,264.7
EURUSD,1,-1,1.0867200000000001,1.0857600000000003,11250,1.0857200000000002,1.0836672200000002,199.79999999996875,2024-07-23 11:00:00+00:00,2024-07-23 16:40:00+00:00,stop,amd_ob_m5,judas,fib_extension,near,fvg,W,True,240T,5.5,against,ahead,fvg,5.5,against,1,3a,breakout,ny_judas,ny,,,False,3,1,60T,0,False,60T,60T,False,-1,60T,240T,,False,False,False,False,,False,,11.9,44.0,5.0,2.0,high,2.8,True,2024-07-22 17:15:00+00:00,2024-07-23 04:00:00+00:00,2024-07-23 04:15:00+00:00,2024-07-23 04:25:00+00:00,False,discount,eqh,m15_range,False,False,confirmed,against,,,,,,,,,,,,,,,0,,0,,False,0,3,True,False,0,True,False,False,True,,,equal_hl,1.0859333333333334,0,23.4,,,62.7,202.1,202.1
GBPUSD,1,1,1.29075,1.2916999999999998,22500,1.29175,1.29386,395.43749999991024,2024-07-24 12:30:00+00:00,2024-07-24 15:45:00+00:00,stop,amd_fvg_m5,judas,equal_hl,near,ifvg,D,True,D,5.6,with,behind,ifvg,5.6,with,2,2b,judas,ny_judas,ny,,,False,5,0,,0,False,,,False,-1,60T,D,,False,False,True,False,,True,single,34.8,69.0,4.0,2.0,low,4.8,True,2024-07-23 15:45:00+00:00,2024-07-24 08:45:00+00:00,2024-07-24 09:15:00+00:00,2024-07-24 09:20:00+00:00,False,premium,eql,m15_range,False,False,,against,,,,,,,,,,,,,,,0,,0,,False,0,3,True,False,0,True,False,False,True,,,equal_hl,1.293585,0,29.7,2.3,35.4,84.0,137.8,137.8
GBPUSD,1,-1,1.2858,1.2866300000000002,22500,1.28658,1.282,-345.48750000004515,2024-07-26 07:00:00+00:00,2024-07-26 08:25:00+00:00,stop,amd_m1_shift_ifvg,golden,round_number,,,,False,,0.0,against,inside,ifvg,0.0,against,2,golden,mm_golden,london_golden,london,,,False,1,0,,0,False,,,False,0,,,,False,False,False,False,,False,,10.2,16.0,2.0,5.0,high,,True,,,,,,,,m15_range,False,False,,golden,cascade,240T,failed,,1a,60T,ifvg,,,s2:noref:eu,60T:pair+sister,1.28647,1.28685,60T,0,,0,,True,1,3,False,False,0,True,False,True,True,continuation,d1_fvg,equal_hl,1.2848766666666667,0,1.3,0.0,0.0,0.0,0.0,0.0
GBPUSD,1,-1,1.28637,1.28223,22500,1.28287,1.2821799999999999,1723.2750000000135,2024-07-29 08:00:00+00:00,2024-07-29 09:05:00+00:00,target,amd_fvg_m15,momentum,fib_extension,d3,fvg,W,True,D,0.0,against,inside,ifvg,0.0,against,2,1a,judas,london_judas,london,,,False,2,1,240T|60T,0,False,240T,,False,1,60T,D,,False,False,True,False,,True,dual,9.9,12.0,3.0,3.0,high,16.1,True,2024-07-28 22:15:00+00:00,2024-07-29 01:00:00+00:00,2024-07-29 01:45:00+00:00,2024-07-29 01:55:00+00:00,,,,m15_range,False,False,,golden,,,,,,,,,,,,,,,0,,0,,False,0,5,True,True,0,True,False,True,True,continuation,d1_fvg,equal_hl,1.2803,0,43.3,8.9,16.9,,252.2,252.2
EURUSD,1,-1,1.0831600000000001,1.0822000000000003,22500,1.0821600000000002,1.07997788,399.5999999999375,2024-07-29 12:10:00+00:00,2024-07-29 16:05:00+00:00,stop,amd_fvg_h1,momentum,fib_extension,d3,fvg,W,False,,1.6,against,behind,ob,0.0,against,2,1b_h4,judas,ny_judas,ny,,,True,5,0,,0,False,,,False,1,60T,,,False,False,True,False,,True,single,26.3,96.0,3.0,2.0,high,1.7,True,2024-07-26 03:15:00+00:00,2024-07-29 03:00:00+00:00,2024-07-29 03:15:00+00:00,2024-07-29 03:25:00+00:00,,,,m15_range,False,False,,against,,,,,,,,,,,,,,,0,,0,,False,0,4,True,True,0,True,False,False,True,,,equal_hl,1.081592,0,28.8,,4.3,,166.5,166.5
EURUSD,1,-1,1.08234,1.0813800000000002,18000,1.0813400000000002,1.076365,319.67999999995,2024-07-30 13:00:00+00:00,2024-07-30 14:25:00+00:00,stop,amd_fvg_h1,momentum,equal_hl,d3,fvg,W,True,D,39.8,against,ahead,fvg,39.8,against,2,3a,judas,ny_judas,ny,,D,False,2,1,,0,False,,240T|60T,False,0,,,,False,False,True,False,,True,single,31.8,89.0,2.0,2.0,high,1.0,True,2024-07-29 12:15:00+00:00,2024-07-30 10:15:00+00:00,2024-07-30 11:00:00+00:00,2024-07-30 11:05:00+00:00,False,discount,eqh,m15_range,False,False,,against,,,,,,,,,,,,,,,0,,0,,False,0,4,True,True,0,True,False,False,True,,,equal_hl,1.080155,0,21.9,8.3,21.5,,158.3,158.3
GBPUSD,1,1,1.26967,1.26962,11250,1.26967,1.27287,-10.406250000021961,2024-08-08 07:00:00+00:00,2024-08-08 08:25:00+00:00,stop,amd_fvg_h1,momentum,fib_extension,near,ifvg,W,False,,53.5,with,behind,ob,0.0,with,1,2b_ip,judas,london_judas,london,,,False,3,2,,0,True,,240T,False,0,,D,,False,False,True,False,,True,single,32.9,30.0,2.0,5.0,low,4.4,True,2024-08-07 17:00:00+00:00,2024-08-08 00:15:00+00:00,2024-08-08 00:45:00+00:00,2024-08-08 00:55:00+00:00,True,premium,pdl,m15_range,False,False,,against,,,,,,,,,,,,,,,0,,0,,False,0,3,True,False,0,True,False,False,True,,,equal_hl,1.27209,0,16.5,4.3,120.8,246.2,348.6,348.6
EURUSD,1,-1,1.09118,1.0902200000000002,5000,1.0901800000000001,1.088,88.79999999998611,2024-08-08 13:30:00+00:00,2024-08-08 15:50:00+00:00,stop,amd_fvg_h1,momentum,round_number,d3,ifvg,D,False,,9.0,against,ahead,ifvg,9.0,against,1,1b,breakout,ny_judas,ny,,,False,3,1,,0,False,,60T,False,1,60T,,,False,False,False,False,,True,single,34.2,96.0,2.0,2.0,high,2.4,True,2024-08-07 07:45:00+00:00,2024-08-08 07:30:00+00:00,2024-08-08 08:00:00+00:00,2024-08-08 08:00:00+00:00,False,discount,eqh,m15_range,False,False,,against,,,,,,,,,,,,,,,0,,0,,False,0,2,False,False,0,True,False,False,True,,,equal_hl,1.08962,0,30.4,,20.4,87.1,135.3,246.7
GBPUSD,1,1,1.27614,1.27509,22500,1.2751400000000002,1.2801749999999998,-437.06249999999807,2024-08-09 07:00:00+00:00,2024-08-09 11:05:00+00:00,stop,amd_ob_m5,momentum,equal_hl,near,ifvg,240T,True,240T,118.2,with,behind,ob,51.3,with,2,2b,judas,london_judas,london,,,False,5,2,60T,1,False,60T,D|240T,False,-1,60T,D,,False,False,True,False,,True,single,11.7,22.0,3.0,2.0,low,1.2,True,2024-08-08 20:00:00+00:00,2024-08-09 01:15:00+00:00,2024-08-09 01:30:00+00:00,2024-08-09 01:40:00+00:00,False,premium,eql,m15_range,False,False,confirmed,against,,,,,,,,,,,,,,,0,,0,,False,0,3,True,False,0,True,False,False,True,,,equal_hl,1.2772633333333332,0,10.4,,42.3,181.5,283.9,283.9
EURUSD,1,-1,1.09195,1.0924800000000001,7778,1.09244,1.08814,-76.26329000002036,2024-08-12 13:30:00+00:00,2024-08-12 14:20:00+00:00,stop,amd_ob_m5,momentum,swing,near,ifvg,D,False,,16.7,against,ahead,ifvg,16.7,against,1,3a,judas,ny_judas,ny,,,False,5,1,240T,0,False,240T,,False,1,60T,,,False,False,False,False,,True,single,18.4,77.0,3.0,2.0,high,1.5,True,2024-08-09 15:45:00+00:00,2024-08-12 10:45:00+00:00,2024-08-12 11:15:00+00:00,2024-08-12 11:15:00+00:00,,,,m15_range,False,False,confirmed,against,,,,,,,,,,,,,,,0,,0,,False,0,3,True,False,0,True,False,False,True,,,equal_hl,1.0910799999999998,0,1.9,6.8,39.0,143.0,143.0,254.4
EURUSD,1,-1,1.0973300000000001,1.0973700000000002,5000,1.0973300000000001,1.09393,-3.7000000000037003,2024-08-15 13:30:00+00:00,2024-08-15 13:35:00+00:00,stop,amd_ob_m5,momentum,pdh_pdl,near,fvg,D,True,240T,0.0,against,inside,fvg,0.0,against,0,1b,breakout,ny_judas,ny,,,False,2,1,,0,True,,,False,0,,,,False,False,True,False,,False,,12.1,16.0,12.0,3.0,high,-1.2,True,2024-08-15 07:00:00+00:00,2024-08-15 10:45:00+00:00,2024-08-15 13:15:00+00:00,2024-08-15 13:20:00+00:00,False,discount,eqh,session_range,False,False,confirmed,against,,,,,,,,,,,,,,,0,,0,,False,0,2,False,False,0,True,False,False,True,,,equal_hl,1.091265,0,11.4,,62.6,196.8,196.8,308.2
GBPUSD,1,1,1.29073,1.28968,10000,1.28973,1.293955,-194.24999999999915,2024-08-16 11:05:00+00:00,2024-08-16 13:40:00+00:00,stop,amd_fvg_m15,momentum,equal_hl,near,ob,W,False,,26.9,against,ahead,ifvg,26.9,against,2,2b_ip,judas,ny_judas,ny,,,False,3,2,D|240T|60T|15T,1,False,D,W|D|240T|60T,False,0,,,,False,False,True,False,,True,single,22.3,11.0,2.0,2.0,low,1.4,True,2024-08-15 15:45:00+00:00,2024-08-15 18:15:00+00:00,2024-08-15 18:30:00+00:00,2024-08-15 18:40:00+00:00,False,premium,eql,m15_range,False,False,,against,,,,,,,,,,,,,,,0,,0,,False,0,2,False,False,0,True,False,False,True,,,equal_hl,1.293585,0,6.4,,,,138.0,138.0
GBPUSD,1,1,1.30114,1.3043799999999999,5000,1.3021399999999999,1.30443,299.69999999999163,2024-08-20 13:05:00+00:00,2024-08-20 15:50:00+00:00,target,mss_fvg_m5,momentum,swing,near,,,False,,80.1,with,behind,ob,0.0,against,1,2b_ip,judas,ny_judas,ny,,,False,2,2,D|240T|60T,1,False,D,W|D|240T|60T,False,0,,,,False,False,False,False,,True,single,20.3,14.0,2.0,2.0,high,3.9,False,2024-08-20 09:15:00+00:00,2024-08-20 12:30:00+00:00,2024-08-20 12:45:00+00:00,2024-08-20 12:55:00+00:00,False,premium,eqh,m15_range,False,False,,against,,,,,,,,,,,,,,,0,,0,,False,0,2,True,False,0,False,False,False,True,,,equal_hl,1.304815,0,40.6,5.0,,,33.9,33.9
EURUSD,1,-1,1.11349,1.1125300000000002,6250,1.1124900000000002,1.105,110.99999999998265,2024-08-22 12:20:00+00:00,2024-08-23 02:40:00+00:00,stop,mss_fvg_m15,momentum,round_number,near,fvg,D,True,240T,35.7,against,ahead,fvg,35.7,against,1,1b_h4,judas,ny_judas,ny,,,False,1,1,15T,0,False,15T,,False,1,60T,240T,,False,False,False,False,,True,single,23.7,87.0,3.0,2.0,low,9.6,False,2024-08-20 17:15:00+00:00,2024-08-21 14:45:00+00:00,2024-08-21 15:00:00+00:00,2024-08-21 15:00:00+00:00,False,premium,eql,m15_range,False,False,opposing,against,,,,,,,,,,,,,,,0,,0,,False,0,1,False,False,0,False,False,False,True,,,equal_hl,1.1098599999999998,0,36.9,,113.1,254.4,358.4,469.8
GBPUSD,1,1,1.31129,1.31124,10410,1.31129,1.31462784,-9.62925000002032,2024-08-23 07:30:00+00:00,2024-08-23 08:30:00+00:00,stop,amd_ob_m5,momentum,fib_extension,d60,,,False,,36.6,with,behind,fvg,36.6,with,2,2b,breakout,london_judas,london,,,False,2,3,D|240T,1,True,D,W|D|240T,True,-1,60T,,,False,False,True,False,,True,single,20.0,9.0,2.0,2.0,low,6.3,True,2024-08-22 16:00:00+00:00,2024-08-22 18:00:00+00:00,2024-08-22 18:45:00+00:00,2024-08-22 18:55:00+00:00,False,premium,eql,m15_range,False,False,confirmed,against,,,,,,,,,,,,,,,0,,0,,False,0,1,False,False,0,True,False,False,False,,,,0.0,0,12.6,,18.0,,18.0,18.0
EURUSD,1,-1,1.1169,1.11694,5773,1.1169,1.11316,-4.2720200000042725,2024-08-26 12:15:00+00:00,2024-08-26 15:25:00+00:00,stop,amd_fvg_m5,momentum,fib_extension,near,ifvg,240T,True,240T,0.0,against,inside,fvg,0.0,against,1,3a,breakout,ny_judas,ny,,,False,1,1,15T,0,False,15T,,False,0,,,,False,False,False,False,,True,single,15.4,29.0,2.0,4.0,high,0.7,True,2024-08-23 18:30:00+00:00,2024-08-26 01:30:00+00:00,2024-08-26 01:45:00+00:00,2024-08-26 01:50:00+00:00,,,,m15_range,False,False,confirmed,against,,,,,,,,,,,,,,,0,,0,,False,0,3,True,False,0,True,False,False,True,,,equal_hl,1.110175,0,19.0,,71.9,258.3,392.5,503.9
EURUSD,1,-1,1.11518,1.11592,12500,1.11588,1.11215544,-171.12499999999142,2024-08-28 08:40:00+00:00,2024-08-28 08:55:00+00:00,stop,amd_m1_shift_ob,golden,fib_extension,,,,False,,52.6,against,ahead,ob,0.0,against,2,golden,mm_golden,london_golden,london,,,False,2,0,,0,False,,,False,0,,,,False,False,False,False,,False,,30.6,19.0,2.0,3.0,high,,True,,,,,,,,m15_range,False,False,,golden,own_ob,,respected,15T,1b,15T,ob,,,s3:smt:gu+dxy,15T:sister+dxy,1.11587,1.11905,5T,0,,0,,True,2,3,True,False,0,True,False,False,True,,,equal_hl,1.115005,0,2.7,0.0,0.0,0.0,0.0,0.0
EURUSD,1,-1,1.11317,1.1122100000000001,15625,1.11217,1.1098599999999998,277.4999999999566,2024-08-28 11:00:00+00:00,2024-08-28 14:35:00+00:00,stop,amd_fvg_m5,momentum,equal_hl,near,ifvg,D,True,240T,32.5,against,ahead,ob,0.0,against,2,1b,breakout,ny_judas,ny,,,False,5,1,15T,0,False,15T,,False,1,60T,,,False,False,True,False,,True,single,30.6,19.0,2.0,3.0,high,1.2,True,2024-08-27 15:00:00+00:00,2024-08-27 19:30:00+00:00,2024-08-27 19:45:00+00:00,2024-08-27 19:45:00+00:00,True,discount,pdh,m15_range,False,False,opposing,against,,,,,,,,,,,,,,,0,,0,,False,0,3,True,False,0,True,False,False,True,,,equal_hl,1.110525,0,26.7,,,221.0,355.2,466.6
GBPUSD,1,-1,1.31867,1.31525336,12500,1.3176700000000001,1.31520336,790.0979999999932,2024-08-29 12:35:00+00:00,2024-08-29 14:35:00+00:00,target,amd_m1_shift_ifvg,golden,fib_extension,,,,False,,0.0,against,inside,fvg,0.0,against,2,golden,mm_golden,ny_golden,ny,,,False,2,0,,0,False,,,False,0,,,,False,False,False,False,,False,,32.4,33.0,2.0,2.0,high,,True,,,,,,,,m15_range,False,False,,golden,cascade,240T,failed,,1a,15T,ifvg,,,s2:smt:dxy,15T:sister+dxy,1.31961,1.32156,60T,0,,0,,True,1,3,False,False,0,True,False,True,True,continuation,d1_fvg,equal_hl,1.31795,0,40.3,0.0,0.0,0.0,0.0,0.0
GBPUSD,1,-1,1.31748,1.3144520800000001,17577,1.31748,1.31440208,984.6023720399515,2024-08-30 13:30:00+00:00,2024-08-30 13:50:00+00:00,target,amd_ob_m5,momentum,fib_extension,near,ifvg,240T,True,240T,0.0,against,inside,fvg,0.0,against,1,1a_ip,breakout,ny_judas,ny,,,False,4,0,,0,False,,,False,0,,240T,,False,False,False,False,,True,single,34.9,14.0,3.0,2.0,high,0.9,True,2024-08-30 06:00:00+00:00,2024-08-30 09:15:00+00:00,2024-08-30 09:30:00+00:00,2024-08-30 09:30:00+00:00,False,discount,eqh,m15_range,False,False,opposing,golden,,,,,,,,,,,,,,,0,,0,,False,0,3,False,False,0,True,False,True,True,continuation,pdhl,equal_hl,1.29698,0,31.7,15.9,30.8,428.9,511.0,563.3
EURUSD,1,-1,1.1033300000000001,1.1043,18000,1.10426,1.09958,-323.0099999999718,2024-09-03 11:30:00+00:00,2024-09-03 12:35:00+00:00,stop,mss_fvg_m5,momentum,fib_extension,near,ob,240T,True,240T,0.7,against,behind,ob,0.0,against,2,1b,judas,ny_judas,ny,,,False,2,2,240T|15T,0,True,240T,,True,1,60T,,,False,False,True,False,,True,single,33.7,32.0,3.0,2.0,low,1.1,False,2024-09-03 03:30:00+00:00,2024-09-03 11:15:00+00:00,2024-09-03 11:30:00+00:00,2024-09-03 11:35:00+00:00,False,discount,eql,m15_range,False,False,,against,,,,,,,,,,,,,,,0,,0,,False,0,3,True,True,0,False,False,False,True,,,equal_hl,1.1024500000000002,0,0.3,,,11.5,256.8,368.2
GBPUSD,1,-1,1.31029,1.31034,14062,1.31029,1.3059400000000003,-13.007350000027449,2024-09-09 07:45:00+00:00,2024-09-09 08:35:00+00:00,stop,amd_fvg_m5,momentum,fib_extension,near,ifvg,W,True,240T,26.6,against,ahead,fvg,26.6,against,1,1a,breakout,london_judas,london,,,False,1,0,,0,False,,,False,1,60T,240T,,False,False,False,False,,True,single,11.9,11.0,2.0,3.0,high,1.9,True,2024-09-08 23:15:00+00:00,2024-09-09 01:45:00+00:00,2024-09-09 02:00:00+00:00,2024-09-09 02:10:00+00:00,,,,m15_range,False,False,opposing,golden,,,,,,,,,,,,,,,0,,0,,False,0,3,True,False,0,True,False,False,True,,,equal_hl,1.30932,0,12.4,,,,439.1,488.7
NZDUSD,1,-1,0.615265,0.61434,22500,0.614265,0.6120200000000001,385.0312499999807,2024-09-09 07:45:00+00:00,2024-09-09 14:20:00+00:00,stop,amd_fvg_h1,momentum,fib_extension,near,fvg,W,True,240T,16.7,against,behind,ob,0.0,against,2,N-short,breakout,london_judas,london,,,False,5,0,,0,False,,,False,1,60T,,,False,False,True,False,,True,dual,19.7,36.0,2.0,2.0,high,0.3,True,2024-09-06 18:15:00+00:00,2024-09-09 03:00:00+00:00,2024-09-09 03:15:00+00:00,2024-09-09 03:15:00+00:00,,,,m15_range,False,False,,,,,,,,,,,,,,,,,0,,0,,False,0,4,True,False,0,True,False,True,True,continuation,ob,equal_hl,0.61312,0,28.7,,,,304.6,304.6
EURUSD,1,-1,1.10565,1.1046900000000002,11250,1.1046500000000001,1.10263,199.79999999996875,2024-09-09 08:00:00+00:00,2024-09-09 17:15:00+00:00,stop,amd_fvg_m5,momentum,swing,near,fvg,W,True,D,0.0,against,inside,ifvg,0.0,against,1,3a,breakout,london_judas,london,,,False,5,0,,0,False,,,False,1,60T,,,False,False,False,False,,True,single,21.3,33.0,5.0,2.0,high,0.2,True,2024-09-06 17:00:00+00:00,2024-09-09 01:00:00+00:00,2024-09-09 01:15:00+00:00,2024-09-09 01:20:00+00:00,,,,m15_range,False,False,confirmed,against,,,,,,,,,,,,,,,0,,0,,False,0,3,True,False,0,True,False,False,True,,,equal_hl,1.1042425,0,22.5,,,13.6,176.0,347.4
GBPUSD,1,-1,1.30844,1.3084900000000002,28125,1.30844,1.30518812,-26.0156250000549,2024-09-11 13:00:00+00:00,2024-09-11 13:30:00+00:00,stop,amd_ob_m15,momentum,fib_extension,near,ifvg,W,False,,8.1,against,ahead,fvg,8.1,against,2,1a_h4,judas,ny_judas,ny,,,False,4,1,240T,0,False,240T,,False,1,60T,,,False,False,True,False,,True,single,32.7,47.0,2.0,2.0,high,12.9,True,2024-09-10 17:45:00+00:00,2024-09-11 05:15:00+00:00,2024-09-11 06:15:00+00:00,2024-09-11 06:20:00+00:00,False,discount,eqh,m15_range,False,False,confirmed,golden,,,,,,,,,,,,,,,0,,0,,False,0,2,False,False,0,True,False,False,True,,,equal_hl,1.3006,0,33.3,10.9,36.2,,420.6,420.6
EURUSD,1,1,1.1100599999999998,1.1137299999999999,22500,1.1110599999999997,1.11377,1527.6375000000257,2024-09-16 07:00:00+00:00,2024-09-17 08:55:00+00:00,target,mss_fvg_h1,momentum,fib_extension,d3,ifvg,D,True,240T,29.1,with,behind,fvg,29.1,with,2,3b,judas,london_judas,london,,,False,1,2,W|15T,1,False,W,W|D|60T,False,0,,,,False,False,True,False,,True,single,27.9,58.0,2.0,2.0,high,4.9,False,2024-09-13 14:15:00+00:00,2024-09-16 04:30:00+00:00,2024-09-16 04:45:00+00:00,2024-09-16 04:55:00+00:00,,,,m15_range,False,False,opposing,golden,,,,,,,,,,,,,,,0,,0,,False,0,3,True,False,0,False,False,True,True,continuation,d1_fvg,equal_hl,1.11359,0,37.2,5.2,2.0,55.9,101.8,101.8
EURUSD,1,-1,1.11498,1.1118625200000003,14062,1.1139800000000002,1.1118225200000003,811.0030695599437,2024-09-23 08:00:00+00:00,2024-09-23 08:15:00+00:00,target,amd_ob_m5,momentum,fib_extension,near,ifvg,D,False,,38.9,against,ahead,ifvg,38.9,against,1,1b,breakout,london_judas,london,,,False,4,1,240T|15T,0,False,240T,,False,1,60T,240T,,False,False,False,False,,True,single,11.2,49.0,2.0,7.0,high,0.2,True,2024-09-20 18:30:00+00:00,2024-09-23 06:30:00+00:00,2024-09-23 06:45:00+00:00,2024-09-23 06:45:00+00:00,,,,m15_range,False,False,confirmed,against,,,,,,,,,,,,,,,0,,0,,False,0,3,True,False,0,True,False,False,True,,,equal_hl,1.1101275,0,34.7,,82.4,148.8,148.8,373.3
GBPUSD,1,1,1.33765,1.3376,18000,1.33765,1.34144416,-16.650000000035135,2024-09-24 13:00:00+00:00,2024-09-24 14:40:00+00:00,stop,amd_fvg_h1,judas,fib_extension,near,,,False,,230.6,with,behind,fvg,230.6,with,2,2b_ip,breakout,ny_judas,ny,,,False,2,2,60T,1,False,60T,W|D,False,0,,D,,False,False,True,False,,False,,29.2,64.0,3.0,4.0,low,5.1,True,2024-09-23 15:15:00+00:00,2024-09-24 07:00:00+00:00,2024-09-24 07:30:00+00:00,2024-09-24 07:30:00+00:00,False,premium,eql,m15_range,False,False,,against,,,,,,,,,,,,,,,0,,0,,False,0,2,True,False,0,True,False,False,False,,,,0.0,0,17.2,7.3,,,,
GBPUSD,1,1,1.33693,1.3368799999999998,11250,1.33693,1.34,-10.406250000021961,2024-09-26 11:20:00+00:00,2024-09-26 13:05:00+00:00,stop,amd_fvg_m5,momentum,round_number,near,ifvg,240T,False,,223.4,with,behind,fvg,223.4,with,1,2b,judas,ny_judas,ny,,,False,1,2,60T,1,False,60T,W|D|60T,False,0,,,,False,False,False,False,,True,single,24.5,15.0,2.0,2.0,low,0.4,True,2024-09-25 17:15:00+00:00,2024-09-25 20:45:00+00:00,2024-09-25 21:00:00+00:00,2024-09-25 21:05:00+00:00,True,premium,pdl,m15_range,False,False,,against,,,,,,,,,,,,,,,0,,0,,False,0,2,False,False,0,True,False,False,True,,,equal_hl,1.342565,0,19.5,,61.3,,61.3,61.3
EURUSD,1,1,1.11666,1.1198557599999999,35156,1.1176599999999999,1.11989576,2078.4775633599224,2024-09-27 13:30:00+00:00,2024-09-27 13:55:00+00:00,target,amd_fvg_h1,momentum,fib_extension,near,,,False,,55.7,with,behind,ifvg,55.7,with,2,3b,breakout,ny_judas,ny,,,False,4,2,W|240T,1,False,W,W|D,False,1,D,240T,,False,False,True,False,,True,single,20.7,44.0,2.0,3.0,low,33.6,True,2024-09-26 20:45:00+00:00,2024-09-27 07:30:00+00:00,2024-09-27 08:15:00+00:00,2024-09-27 08:25:00+00:00,False,premium,eql,m15_range,False,False,,golden,,,,,,,,,,,,,,,0,,0,,False,0,3,False,False,0,True,False,True,True,continuation,d1_fvg,equal_hl,1.1200025,0,35.0,10.3,48.3,,48.3,48.3
GBPUSD,1,-1,1.33681,1.3368600000000002,14062,1.33681,1.33341,-13.007350000027449,2024-10-01 08:00:00+00:00,2024-10-01 08:05:00+00:00,stop,amd_fvg_m5,momentum,swing,d3,ifvg,240T,False,,222.2,against,ahead,fvg,222.2,against,1,1a,breakout,london_judas,london,,,False,4,1,60T,0,False,60T,60T,False,1,D,,,False,False,False,False,,True,single,26.8,28.0,4.0,2.0,high,7.4,True,2024-09-30 19:30:00+00:00,2024-10-01 02:15:00+00:00,2024-10-01 02:45:00+00:00,2024-10-01 02:55:00+00:00,False,discount,eqh,m15_range,False,False,confirmed,golden,,,,,,,,,,,,,,,0,,0,,False,0,4,True,True,0,True,False,False,True,,,equal_hl,1.33121,0,15.3,2.0,19.2,238.5,367.5,704.3
EURUSD,1,-1,1.1089,1.10994,9000,1.1098999999999999,1.1056251600000002,-173.15999999998832,2024-10-01 11:05:00+00:00,2024-10-01 12:05:00+00:00,stop,amd_fvg_m5,momentum,fib_extension,near,ifvg,D,True,240T,0.0,against,inside,ifvg,0.0,against,1,3a,judas,ny_judas,ny,,,True,2,1,,0,False,,60T,False,1,D,D,,False,False,True,False,,True,single,21.8,43.0,4.0,2.0,high,0.6,True,2024-09-30 19:45:00+00:00,2024-10-01 06:15:00+00:00,2024-10-01 06:30:00+00:00,2024-10-01 06:40:00+00:00,False,discount,eqh,m15_range,False,False,,against,,,,,,,,,,,,,,,0,,0,,False,0,4,True,True,0,True,False,False,True,,,equal_hl,1.1083949999999998,0,5.1,,,21.6,88.0,312.5
EURUSD,1,1,1.09842,1.09838,22500,1.09842,1.10381,-16.65000000001665,2024-10-08 08:30:00+00:00,2024-10-08 09:30:00+00:00,stop,amd_ob_m15,judas,equal_hl,near,,,True,240T,0.0,with,inside,ifvg,0.0,with,2,3b,judas,london_judas,london,,240T,False,3,3,W|240T,1,True,W,W|D|60T,True,0,,,,False,False,True,False,,False,,15.9,25.0,4.0,2.0,low,3.8,True,2024-10-07 12:15:00+00:00,2024-10-07 18:15:00+00:00,2024-10-07 20:00:00+00:00,2024-10-07 20:05:00+00:00,False,premium,eql,m15_range,False,False,confirmed,golden,,,,,,,,,,,,,,,0,,0,,False,0,3,True,False,0,True,False,False,True,,,equal_hl,1.0998350000000001,0,12.9,3.5,56.2,230.7,230.7,230.7
EURUSD,1,-1,1.09844,1.0974800000000002,15790,1.0974400000000002,1.09542,280.43039999995614,2024-10-08 13:15:00+00:00,2024-10-08 17:15:00+00:00,stop,amd_m1_shift_ifvg,golden,swing,,,,False,,0.0,against,inside,ifvg,0.0,against,2,golden,mm_golden,ny_golden,ny,,,False,5,0,,0,False,,,False,0,,,,False,False,False,False,,False,,20.7,49.0,2.0,4.0,high,,True,,,,,,,,m15_range,False,False,,golden,cascade,,failed,,1b,60T,ifvg,,,s2:cont:eu+gu+dxy,60T:sister,1.0979,1.1027,60T,0,,0,,True,1,3,True,False,0,True,False,False,True,,,equal_hl,1.0966550000000002,0,23.6,0.0,0.0,0.0,0.0,0.0
GBPUSD,1,-1,1.30829,1.3073400000000002,11250,1.30729,1.3050000000000002,197.71874999995512,2024-10-09 07:05:00+00:00,2024-10-09 08:25:00+00:00,stop,mss_ob_m15,momentum,round_number,d3,ifvg,W,False,,72.5,against,ahead,ifvg,72.5,against,1,1a,judas,london_judas,london,,,False,1,1,,0,False,,240T|60T,False,1,60T,,,False,False,False,False,,False,,24.1,45.0,2.0,3.0,low,0.2,False,2024-10-08 18:30:00+00:00,2024-10-09 05:30:00+00:00,2024-10-09 05:45:00+00:00,2024-10-09 05:55:00+00:00,False,discount,eql,m15_range,False,False,opposing,golden,,,,,,,,,,,,,,,0,,0,,False,0,1,False,False,0,False,False,False,True,,,equal_hl,1.3072949999999999,0,27.8,1.4,25.0,,82.3,419.1
EURUSD,1,-1,1.0959400000000001,1.09693,9000,1.09689,1.09211,-164.83499999997076,2024-10-09 08:00:00+00:00,2024-10-09 11:05:00+00:00,stop,amd_ob_m5,momentum,fib_extension,d30,ob,D,False,,0.0,against,inside,ifvg,0.0,against,1,3a,breakout,london_judas,london,,240T,False,3,2,D|60T|15T,-1,False,D,240T|60T,False,1,60T,D,,False,False,True,False,,True,single,16.0,29.0,3.0,2.0,high,0.2,True,2024-10-08 16:45:00+00:00,2024-10-08 23:45:00+00:00,2024-10-09 00:00:00+00:00,2024-10-09 00:00:00+00:00,False,discount,eqh,m15_range,False,False,,against,,,,,,,,,,,,,,,0,,0,,False,0,3,True,False,0,True,False,False,True,,,equal_hl,1.0959,0,8.4,,6.1,,9.1,182.9
NZDUSD,1,-1,0.609255,0.605679,18000,0.608255,0.6056039999999999,1190.8080000000077,2024-10-09 07:20:00+00:00,2024-10-09 15:40:00+00:00,target,mss_ob_m15,judas,fib_extension,near,fvg,W,True,D,0.0,against,inside,ifvg,0.0,against,2,N-short_h4,judas,london_judas,london,,,False,3,1,15T,0,False,15T,240T|60T,False,1,60T,,,False,False,True,False,,False,,23.4,10.0,3.0,2.0,low,13.2,False,2024-10-09 02:15:00+00:00,2024-10-09 04:30:00+00:00,2024-10-09 04:45:00+00:00,2024-10-09 04:50:00+00:00,False,discount,none,m15_range,False,False,,,,,,,,,,,,,,,,,0,,0,,False,0,2,False,False,0,False,False,True,True,continuation,w_fvg,equal_hl,0.6052550000000001,0,39.2,19.4,,,,244.5
EURUSD,1,-1,1.0926500000000001,1.09318,28125,1.09314,1.0893968199999997,-275.76562499995805,2024-10-14 07:50:00+00:00,2024-10-14 09:05:00+00:00,stop,amd_m1_shift_ob,golden,fib_extension,,,,False,,23.7,against,ahead,ifvg,23.7,against,2,golden,mm_golden,london_golden,london,,,False,6,0,,0,False,,,False,0,,,,False,False,False,False,,False,,11.7,23.0,2.0,3.0,high,,True,,,,,,,,m15_range,False,False,,golden,own_ob,,respected,15T,1b,15T,ob,,,s2:noref:dxy,60T:dxy,1.0926,1.09506,60T,0,,0,,False,1,3,True,False,0,True,False,False,True,,,equal_hl,1.09265,0,2.7,0.0,0.0,0.0,0.0,0.0
EURUSD,1,-1,1.0925,1.09254,22500,1.0925,1.08814,-16.65000000001665,2024-10-14 11:00:00+00:00,2024-10-14 14:45:00+00:00,stop,amd_ob_m5,momentum,itl_liquidity,d30,ifvg,D,False,,22.2,against,ahead,ifvg,22.2,against,2,3a,judas,ny_judas,ny,240T,,False,3,2,D|240T|60T,-1,False,D,240T,False,-1,60T,240T,,False,False,True,False,,True,single,14.2,35.0,3.0,3.0,high,5.0,True,2024-10-14 01:15:00+00:00,2024-10-14 09:45:00+00:00,2024-10-14 10:15:00+00:00,2024-10-14 10:25:00+00:00,,,,m15_range,False,False,opposing,against,,,,,,,,,,,,,,,0,,0,,False,0,3,True,False,0,True,False,False,True,,,equal_hl,1.091265,0,20.3,10.6,25.9,,25.9,44.5
GBPUSD,1,-1,1.29889,1.29994,22500,1.29989,1.29318306,-437.06249999999807,2024-10-16 07:30:00+00:00,2024-10-16 08:40:00+00:00,stop,amd_fvg_m5,momentum,fib_extension,near,fvg,W,True,D,8.1,against,behind,ifvg,8.1,against,2,1a,breakout,london_judas,london,,,False,2,1,,0,False,,240T,False,0,,D,,False,False,True,False,,True,dual,17.4,40.0,13.0,3.0,high,-3.1,True,2024-10-15 21:00:00+00:00,2024-10-16 06:45:00+00:00,2024-10-16 07:00:00+00:00,2024-10-16 07:00:00+00:00,False,discount,eqh,session_range,False,False,confirmed,golden,,,,,,,,,,,,,,,0,,0,,False,0,3,True,False,0,True,False,False,True,,,equal_hl,1.29752,0,6.9,,,,,325.1
EURUSD,1,-1,1.0854400000000002,1.08597,11250,1.08593,1.08232,-110.30624999998324,2024-10-17 07:45:00+00:00,2024-10-17 10:40:00+00:00,stop,mss_fvg_h1,judas,equal_hl,d60,ob,W,False,,0.0,against,inside,ifvg,0.0,against,0,3a,breakout,london_judas,london,,,False,4,2,D|240T|60T,-1,False,D,240T,False,0,,,,False,False,False,False,,True,single,,,,,,,,,,,,,discount,,,False,False,,against,,,,,,,,,,,,,,,0,,0,,False,0,1,False,False,0,True,False,False,False,,,,0.0,0,5.4,4.1,2.1,,2.1,2.1
GBPUSD,1,1,1.30458,1.3055299999999999,11250,1.30558,1.3077,197.71874999995512,2024-10-18 07:00:00+00:00,2024-10-18 08:10:00+00:00,stop,amd_ob_m5,momentum,pdh_pdl,near,ifvg,W,False,,10.7,against,behind,fvg,10.7,against,1,2b,breakout,london_judas,london,,D,False,4,2,D|240T|60T|15T,1,False,D,W|D,False,0,,D,,False,False,True,False,,True,single,10.6,17.0,3.0,2.0,low,2.5,True,2024-10-17 17:45:00+00:00,2024-10-17 21:45:00+00:00,2024-10-17 22:00:00+00:00,2024-10-17 22:00:00+00:00,False,premium,eql,m15_range,False,False,,against,,,,,,,,,,,,,,,0,,0,,False,0,3,False,False,1,True,False,False,True,,,equal_hl,1.3069366666666669,0,24.8,,57.6,377.9,389.3,389.3
GBPUSD,1,-1,1.30211,1.30316,28125,1.30311,1.2982900000000002,-546.3281249999976,2024-10-21 08:00:00+00:00,2024-10-21 08:20:00+00:00,stop,amd_fvg_h1,momentum,fib_extension,near,ifvg,W,False,,1.7,against,behind,fvg,1.7,against,2,1a,judas,london_judas,london,,,False,4,1,240T|15T,0,False,240T,240T,False,1,60T,,,False,False,True,False,,True,single,30.7,26.0,2.0,2.0,high,7.6,True,2024-10-18 15:15:00+00:00,2024-10-18 21:30:00+00:00,2024-10-20 23:00:00+00:00,2024-10-20 23:05:00+00:00,,,,m15_range,False,False,,golden,,,,,,,,,,,,,,,0,,0,,False,0,3,True,False,0,True,False,False,True,,,equal_hl,1.3009825,0,-0.0,,48.5,2.1,48.5,275.2
EURUSD,1,-1,1.08573,1.0857700000000001,22500,1.08573,1.08252,-16.65000000001665,2024-10-21 07:00:00+00:00,2024-10-21 13:30:00+00:00,stop,amd_ob_m5,momentum,pdh_pdl,near,ifvg,240T,True,240T,16.4,with,behind,fvg,16.4,with,2,3a,breakout,london_judas,london,,,False,4,2,D|240T,-1,False,D,240T,False,1,60T,,,False,False,True,False,,True,single,28.2,47.0,2.0,3.0,high,2.3,True,2024-10-18 11:15:00+00:00,2024-10-20 22:45:00+00:00,2024-10-20 23:00:00+00:00,2024-10-20 23:00:00+00:00,,,,m15_range,False,False,,against,,,,,,,,,,,,,,,0,,0,,False,0,3,True,False,0,True,False,False,True,,,equal_hl,1.081105,0,12.6,,47.2,,47.2,47.2
GBPUSD,1,1,1.2982799999999999,1.30195,9000,1.2992799999999998,1.302,611.0550000000103,2024-11-05 08:30:00+00:00,2024-11-05 14:35:00+00:00,target,amd_fvg_m5,momentum,round_number,d3,ifvg,W,True,240T,32.1,against,ahead,ifvg,32.1,against,1,2b_ip,judas,london_judas,london,,,False,3,2,15T,1,False,15T,W|240T|60T,False,1,60T,,,False,False,False,False,,True,single,34.9,20.0,2.0,2.0,low,24.2,True,2024-11-04 11:15:00+00:00,2024-11-04 16:00:00+00:00,2024-11-04 17:00:00+00:00,2024-11-04 17:00:00+00:00,False,premium,eql,m15_range,False,False,,against,,,,,,,,,,,,,,,0,,0,,False,0,3,True,False,0,True,False,False,True,,,equal_hl,1.2983850000000001,0,37.7,,16.7,73.1,407.6,452.3
EURUSD,1,-1,1.0705900000000002,1.0706300000000002,28125,1.0705900000000002,1.06724,-20.812500000020815,2024-11-06 12:15:00+00:00,2024-11-06 13:10:00+00:00,stop,amd_fvg_m5,momentum,equal_hl,near,ob,W,False,,120.4,against,behind,ifvg,120.4,against,2,1b,breakout,ny_judas,ny,,,False,5,2,D|15T,-1,False,D,,False,1,60T,,,False,False,True,False,,True,single,24.7,30.0,3.0,2.0,high,0.4,True,2024-11-05 16:15:00+00:00,2024-11-05 23:30:00+00:00,2024-11-05 23:45:00+00:00,2024-11-05 23:55:00+00:00,True,discount,pdh,m15_range,False,False,,against,,,,,,,,,,,,,,,0,,0,,False,0,2,True,False,0,True,False,False,False,,,,0.0,0,23.5,,,,,
GBPUSD,1,1,1.29619,1.2961399999999998,11250,1.29619,1.29919904,-10.406250000021961,2024-11-07 13:00:00+00:00,2024-11-07 13:10:00+00:00,stop,amd_fvg_m5,momentum,fib_extension,near,ifvg,W,True,240T,30.6,with,behind,ifvg,30.6,with,1,2b_ip,breakout,ny_judas,ny,,,False,4,2,240T,1,False,,W|60T,False,-1,D,,,False,False,False,False,,True,single,20.8,14.0,3.0,2.0,low,16.6,True,2024-11-07 03:30:00+00:00,2024-11-07 06:45:00+00:00,2024-11-07 12:00:00+00:00,2024-11-07 12:00:00+00:00,False,premium,eql,m15_range,False,False,opposing,against,,,,,,,,,,,,,,,0,,0,,False,0,2,False,False,-1,True,False,False,True,,,equal_hl,1.29736,0,12.9,,86.6,94.0,307.1,473.2
EURUSD,1,1,1.07655,1.07962,14062,1.0775499999999998,1.07987,798.6512900000333,2024-11-07 12:15:00+00:00,2024-11-07 14:35:00+00:00,target,news_fvg_m5,momentum,swing,near,ifvg,W,False,,189.3,against,ahead,fvg,189.3,against,0,3b,breakout,ny_judas,ny,W,,False,3,2,W,1,False,W,W|60T,False,-1,D,,,False,False,False,False,,True,single,33.5,15.0,2.0,2.0,high,0.7,False,2024-11-07 05:00:00+00:00,2024-11-07 08:30:00+00:00,2024-11-07 08:45:00+00:00,2024-11-07 08:55:00+00:00,False,discount,eqh,m15_range,False,False,confirmed,golden,,,,,,,,,,,,,,,0,,0,,False,0,1,False,False,-1,False,False,False,True,,,equal_hl,1.0804049999999998,0,37.6,,174.4,107.1,285.2,451.5
EURUSD,1,-1,1.07671,1.0757500000000002,18000,1.0757100000000002,1.0735700000000001,319.67999999995,2024-11-08 13:15:00+00:00,2024-11-08 13:50:00+00:00,stop,amd_fvg_m5,momentum,fib_extension,near,ifvg,240T,True,240T,57.6,with,behind,fvg,57.6,with,2,1b_ip,breakout,ny_judas,ny,,,False,2,2,D|240T|60T|15T,-1,False,D,240T,False,0,,,,False,False,True,False,,True,single,22.1,11.0,2.0,2.0,high,2.8,True,2024-11-07 16:15:00+00:00,2024-11-07 18:45:00+00:00,2024-11-07 20:15:00+00:00,2024-11-07 20:15:00+00:00,False,discount,eqh,m15_range,False,False,,against,,,,,,,,,,,,,,,0,,0,,False,0,4,True,False,1,True,False,False,True,,,equal_hl,1.06846,0,22.6,,85.6,6.8,85.6,85.6
EURUSD,1,-1,1.0657,1.0657400000000001,33750,1.0657,1.06239,-24.975000000024977,2024-11-11 12:25:00+00:00,2024-11-11 14:25:00+00:00,stop,amd_fvg_m15,momentum,itl_liquidity,near,,,False,,167.7,with,behind,fvg,167.7,with,3,1b,judas,ny_judas,ny,,,False,4,2,D|60T,-1,False,D,240T|60T,False,0,,,,False,False,True,False,,True,single,14.8,24.0,3.0,4.0,high,6.0,True,2024-11-08 19:15:00+00:00,2024-11-11 01:00:00+00:00,2024-11-11 01:15:00+00:00,2024-11-11 01:25:00+00:00,,,,m15_range,False,False,,against,,,,,,,,,,,,,,,0,,0,,False,0,2,True,False,0,True,False,False,False,,,,0.0,0,20.4,,,,,
EURUSD,1,-1,1.0607600000000001,1.0598000000000003,28125,1.0597600000000003,1.05766,499.49999999992184,2024-11-13 14:30:00+00:00,2024-11-13 14:50:00+00:00,stop,mss_fvg_m15,momentum,fib_extension,d60,,,False,,55.5,with,behind,fvg,55.5,with,2,3a,judas,ny_judas,ny,,,False,2,3,D|60T,-1,True,D,240T|60T,True,0,,240T,,False,False,True,False,,True,dual,34.5,47.0,2.0,4.0,low,1.8,False,2024-11-12 10:00:00+00:00,2024-11-12 21:30:00+00:00,2024-11-13 08:00:00+00:00,2024-11-13 08:05:00+00:00,True,discount,pdl,m15_range,False,False,,against,,,,,,,,,,,,,,,0,,0,,False,0,1,True,False,0,False,False,False,False,,,,0.0,0,31.4,15.2,13.4,,13.4,13.4
EURUSD,1,-1,1.05384,1.0496400000000004,22500,1.0528400000000002,1.0496000000000003,1748.2499999998997,2024-11-14 09:00:00+00:00,2024-11-14 11:10:00+00:00,target,amd_ob_m5,momentum,fib_extension,near,,,False,,124.7,with,behind,fvg,124.7,with,2,3a,breakout,london_judas,london,,,False,2,2,D|60T|15T,-1,False,D,240T|60T,False,0,,,,False,False,True,False,,True,single,13.9,9.0,2.0,2.0,high,3.3,True,2024-11-14 05:45:00+00:00,2024-11-14 07:45:00+00:00,2024-11-14 08:00:00+00:00,2024-11-14 08:05:00+00:00,True,discount,eqh,m15_range,False,False,opposing,against,,,,,,,,,,,,,,,0,,0,,False,0,1,False,False,0,True,False,False,False,,,,0.0,0,42.4,5.4,,,,
GBPUSD,1,-1,1.26207,1.26312,22500,1.26307,1.25855,-437.06249999999807,2024-11-18 08:35:00+00:00,2024-11-18 09:20:00+00:00,stop,amd_m1_shift_ifvg,golden,swing,,,,False,,0.0,with,inside,fvg,0.0,with,2,golden,mm_golden,london_golden,london,,,False,3,0,,0,False,,,False,0,,,,False,False,False,False,,False,,9.3,8.0,3.0,4.0,high,,True,,,,,,,,m15_range,False,False,,golden,cascade,240T,untested,,1a,5T,ifvg,,,s2:noref:eu,15T:sister+dxy,1.26246,1.26329,60T,0,,0,,True,1,4,True,False,0,True,False,True,True,continuation,w_fvg,equal_hl,1.261025,0,7.8,0.0,0.0,0.0,0.0,0.0
EURUSD,1,-1,1.05438,1.05542,22500,1.05538,1.05022472,-432.8999999999708,2024-11-19 09:15:00+00:00,2024-11-19 10:05:00+00:00,stop,amd_fvg_m5,momentum,fib_extension,d3,,,False,,38.7,with,behind,ifvg,38.7,with,2,3a,breakout,london_judas,london,,,False,4,2,D|15T,-1,False,D,240T,False,1,60T,,,False,False,True,False,,True,single,7.6,9.0,3.0,6.0,high,4.4,True,2024-11-19 01:00:00+00:00,2024-11-19 03:00:00+00:00,2024-11-19 03:15:00+00:00,2024-11-19 03:15:00+00:00,False,discount,eqh,m15_range,False,False,,against,,,,,,,,,,,,,,,0,,0,,False,0,3,True,False,0,True,False,False,True,,,equal_hl,1.0527166666666667,0,20.5,,28.4,,48.7,48.7
EURUSD,1,-1,1.05716,1.0562000000000002,22500,1.0561600000000002,1.05384,399.5999999999375,2024-11-20 08:00:00+00:00,2024-11-20 12:30:00+00:00,stop,amd_fvg_m5,momentum,pdh_pdl,near,,,False,,91.5,with,behind,fvg,91.5,with,2,1b_ip,judas,london_judas,london,,,False,3,2,D|15T,-1,False,D,D,False,1,60T,,,False,False,True,False,,True,single,25.4,21.0,2.0,2.0,high,1.7,True,2024-11-19 18:45:00+00:00,2024-11-19 23:45:00+00:00,2024-11-20 00:00:00+00:00,2024-11-20 00:00:00+00:00,True,discount,pdh,m15_range,False,False,confirmed,against,,,,,,,,,,,,,,,0,,0,,False,0,3,True,False,0,True,False,False,True,,,equal_hl,1.0527166666666667,0,29.5,,49.2,,76.5,76.5
EURUSD,1,-1,1.0549600000000001,1.0514500000000002,22500,1.0539600000000002,1.0514100000000002,1461.0374999999592,2024-11-20 14:05:00+00:00,2024-11-20 16:05:00+00:00,target,mss_ob_m5,momentum,equal_hl,d3,,,False,,113.5,with,behind,fvg,113.5,with,2,1b_h4,judas,ny_judas,ny,,,True,4,2,D|15T,-1,False,D,D,False,1,60T,,,False,False,True,False,,True,single,23.8,10.0,2.0,2.0,low,2.9,False,2024-11-20 08:45:00+00:00,2024-11-20 11:00:00+00:00,2024-11-20 11:15:00+00:00,2024-11-20 11:20:00+00:00,False,discount,none,m15_range,False,False,confirmed,against,,,,,,,,,,,,,,,0,,0,,False,0,2,True,False,0,False,False,False,True,,,equal_hl,1.0515466666666666,0,37.2,8.4,27.2,,54.5,54.5
NZDUSD,1,-1,0.589085,0.58816,11250,0.588085,0.58591,192.51562499999034,2024-11-20 08:00:00+00:00,2024-11-21 00:50:00+00:00,stop,amd_fvg_m15,momentum,swing,near,fvg,D,True,240T,17.0,against,ahead,fvg,17.0,against,1,N-short,judas,london_judas,london,,,False,4,2,240T,-1,False,240T,D,False,1,60T,,,False,False,False,False,,True,single,33.2,51.0,10.0,3.0,high,8.7,True,2024-11-19 10:15:00+00:00,2024-11-19 22:45:00+00:00,2024-11-20 00:00:00+00:00,2024-11-20 00:00:00+00:00,False,discount,eqh,m15_range,False,False,,,,,,,,,,,,,,,,,0,,0,,False,0,4,True,False,0,True,False,True,True,continuation,pdhl,equal_hl,0.587475,0,27.3,,56.3,,56.3,56.3
EURUSD,1,-1,1.05258,1.0526200000000001,27000,1.05258,1.04886238,-19.98000000001998,2024-11-21 09:15:00+00:00,2024-11-21 09:20:00+00:00,stop,amd_ob_m5,momentum,fib_extension,d60,,,False,,137.3,with,behind,fvg,137.3,with,3,1b,judas,london_judas,london,,,False,3,2,D,-1,False,D,D|60T,False,0,,,,False,False,True,False,,True,single,7.0,8.0,2.0,3.0,high,1.1,True,2024-11-21 04:15:00+00:00,2024-11-21 06:00:00+00:00,2024-11-21 06:15:00+00:00,2024-11-21 06:15:00+00:00,False,discount,eqh,m15_range,False,False,opposing,against,,,,,,,,,,,,,,,0,,0,,False,0,2,False,False,0,True,False,False,True,,,equal_hl,1.0515466666666666,0,11.9,,19.9,,30.7,30.7
EURUSD,1,-1,1.0457500000000002,1.0457900000000002,22500,1.0457500000000002,1.04180104,-16.65000000001665,2024-11-22 08:45:00+00:00,2024-11-22 08:55:00+00:00,stop,amd_fvg_m5,momentum,fib_extension,near,,,False,,205.6,with,behind,fvg,205.6,with,2,3a,breakout,london_judas,london,,,False,2,3,D,-1,True,D,D,True,1,60T,240T,,False,False,True,False,,True,single,27.8,61.0,4.0,4.0,high,8.8,True,2024-11-21 16:45:00+00:00,2024-11-22 07:45:00+00:00,2024-11-22 08:00:00+00:00,2024-11-22 08:10:00+00:00,False,discount,eqh,m15_range,False,False,opposing,against,,,,,,,,,,,,,,,0,,0,,False,0,1,False,False,0,True,False,False,False,,,,0.0,0,16.5,,,,,
EURUSD,1,1,1.05144,1.0514,14062,1.05144,1.05447,-10.405880000010407,2024-11-25 13:15:00+00:00,2024-11-25 14:35:00+00:00,stop,amd_fvg_m15,momentum,swing,near,ob,D,False,,7.6,against,behind,ifvg,7.6,against,0,2a,breakout,ny_judas,ny,,,False,4,2,W|60T,1,False,60T,W|60T,False,0,,,,False,False,False,False,,True,single,27.8,32.0,2.0,6.0,low,24.5,True,2024-11-24 23:15:00+00:00,2024-11-25 07:00:00+00:00,2024-11-25 08:15:00+00:00,2024-11-25 08:25:00+00:00,,,,m15_range,False,False,,golden,,,,,,,,,,,,,,,0,,0,,False,0,3,True,False,0,True,False,False,True,,,equal_hl,1.053435,0,15.9,,41.3,214.2,423.4,700.5
EURUSD,1,1,1.0509199999999999,1.04988,11250,1.04992,1.05444408,-216.4499999999854,2024-11-26 09:00:00+00:00,2024-11-26 09:25:00+00:00,stop,amd_fvg_m5,momentum,fib_extension,d3,ob,D,False,,2.4,against,behind,ifvg,2.4,against,0,3b,breakout,london_judas,london,,,False,3,2,W,1,False,,W|60T,False,1,60T,D,,False,False,True,False,,True,single,14.3,15.0,2.0,2.0,low,2.0,True,2024-11-26 04:15:00+00:00,2024-11-26 07:45:00+00:00,2024-11-26 08:00:00+00:00,2024-11-26 08:00:00+00:00,False,premium,eql,m15_range,False,False,,golden,,,,,,,,,,,,,,,0,,0,,False,0,3,True,False,0,True,False,False,True,,,equal_hl,1.05378,0,9.7,,22.0,219.4,428.6,705.7
GBPUSD,1,1,1.25811,1.2612599999999998,9000,1.25911,1.26131,524.4749999999607,2024-11-26 12:00:00+00:00,2024-11-26 12:35:00+00:00,target,amd_fvg_h1,judas,pdh_pdl,near,ifvg,D,True,240T,13.0,against,ahead,ifvg,13.0,against,1,2b_ip,breakout,ny_judas,ny,,,False,3,2,,1,False,,W|60T,False,1,60T,D,,False,False,True,False,,False,,9.2,8.0,2.0,3.0,low,9.0,True,2024-11-26 04:45:00+00:00,2024-11-26 06:30:00+00:00,2024-11-26 08:00:00+00:00,2024-11-26 08:10:00+00:00,False,premium,eql,m15_range,False,False,,against,,,,,,,,,,,,,,,0,,0,,False,0,3,True,False,0,True,False,False,True,,,equal_hl,1.26146,0,35.0,,33.0,345.5,467.4,854.0
EURUSD,1,1,1.05006,1.0536680599999997,14062,1.0510599999999999,1.0537080599999997,938.6259848199196,2024-11-27 08:00:00+00:00,2024-11-27 08:20:00+00:00,target,amd_fvg_m5,momentum,fib_extension,near,ob,D,False,,0.0,against,inside,ifvg,0.0,against,0,3b,breakout,london_judas,london,,,False,4,2,W|240T|60T|15T,1,False,240T,W|60T,False,1,60T,D,,False,False,True,False,,True,dual,22.6,9.0,3.0,2.0,low,6.5,True,2024-11-26 16:00:00+00:00,2024-11-26 18:00:00+00:00,2024-11-26 18:30:00+00:00,2024-11-26 18:35:00+00:00,False,premium,eql,m15_range,False,False,,golden,,,,,,,,,,,,,,,0,,0,,False,0,3,True,False,0,True,False,False,True,,,equal_hl,1.05378,0,39.6,,45.0,228.0,437.2,714.3
EURUSD,1,1,1.0547799999999998,1.0557399999999997,11250,1.0557799999999997,1.05829016,199.79999999996875,2024-11-27 13:30:00+00:00,2024-11-27 13:55:00+00:00,stop,amd_fvg_m5,momentum,fib_extension,near,ifvg,240T,True,240T,41.0,against,behind,ob,0.0,against,0,3b,breakout,ny_judas,ny,,,False,3,2,W|240T|60T|15T,1,False,240T,W|60T,False,0,,D,,False,False,True,False,,True,single,22.6,9.0,3.0,2.0,low,6.5,True,2024-11-26 16:00:00+00:00,2024-11-26 18:00:00+00:00,2024-11-26 18:30:00+00:00,2024-11-26 18:35:00+00:00,False,premium,eql,m15_range,False,False,,golden,,,,,,,,,,,,,,,0,,0,,False,0,4,True,False,0,True,False,True,True,continuation,breaker,equal_hl,1.0585049999999998,0,25.9,,,180.8,390.0,667.1
GBPUSD,1,-1,1.26672,1.2633824800000002,33750,1.2657200000000002,1.26333248,2083.8640499999196,2024-12-02 14:25:00+00:00,2024-12-02 15:00:00+00:00,target,amd_fvg_m5,momentum,fib_extension,d3,ifvg,D,True,240T,22.5,against,ahead,fvg,22.5,against,3,1a_ip,judas,ny_judas,ny,,,False,2,2,D,-1,False,D,D,False,0,,,,False,False,True,False,,True,dual,28.7,34.0,2.0,2.0,high,13.9,True,2024-12-01 23:30:00+00:00,2024-12-02 07:45:00+00:00,2024-12-02 11:30:00+00:00,2024-12-02 11:40:00+00:00,,,,m15_range,False,False,confirmed,golden,,,,,,,,,,,,,,,0,,0,,False,0,5,True,True,0,True,False,True,True,continuation,w_fvg,equal_hl,1.26299,0,43.2,6.2,23.5,181.3,181.3,181.3
GBPUSD,1,-1,1.26682,1.26384,33750,1.2658200000000002,1.26379,1860.6374999999894,2024-12-03 14:30:00+00:00,2024-12-03 15:25:00+00:00,target,amd_m1_shift_ifvg,golden,swing,,,,False,,23.5,against,ahead,ifvg,23.5,against,3,golden,mm_golden,ny_golden,ny,,,False,2,0,,0,False,,,False,0,,,,False,False,False,False,,False,,29.4,13.0,2.0,2.0,high,,True,,,,,,,,m15_range,False,False,,golden,cascade,240T,failed,,1a,15T,ifvg,,,s2:smt:eu+dxy,15T:dxy,1.26693,1.26738,60T,0,,0,,False,1,5,True,True,0,True,False,True,True,continuation,w_fvg,equal_hl,1.2640449999999999,0,32.0,0.0,0.0,0.0,0.0,0.0
GBPUSD,1,-1,1.27321,1.27326,22500,1.27321,1.2697193199999999,-20.812500000043922,2024-12-12 12:05:00+00:00,2024-12-12 13:15:00+00:00,stop,amd_fvg_m5,momentum,fib_extension,d3,,,False,,37.0,with,behind,ifvg,37.0,with,2,1a_h4,judas,ny_judas,ny,,,False,3,2,D,-1,False,D,D,False,1,D,D,,False,False,True,False,,True,single,29.6,46.0,3.0,3.0,high,16.4,True,2024-12-11 19:30:00+00:00,2024-12-12 06:45:00+00:00,2024-12-12 07:15:00+00:00,2024-12-12 07:15:00+00:00,False,discount,eqh,m15_range,False,False,,golden,,,,,,,,,,,,,,,0,,0,,False,0,3,False,False,0,True,False,True,True,continuation,d1_fvg,equal_hl,1.272595,0,13.1,,20.3,226.6,246.2,246.2
EURUSD,1,1,1.05023,1.05019,7812,1.05023,1.05373064,-5.780880000005782,2024-12-13 12:35:00+00:00,2024-12-13 12:40:00+00:00,stop,amd_fvg_m5,momentum,fib_extension,near,ifvg,240T,True,240T,160.8,against,ahead,fvg,160.8,against,0,2a,breakout,ny_judas,ny,,,False,4,2,W|240T,1,False,240T,W,False,-1,60T,D,,False,False,True,False,,True,dual,24.6,46.0,2.0,2.0,low,3.1,True,2024-12-12 19:30:00+00:00,2024-12-13 06:45:00+00:00,2024-12-13 07:00:00+00:00,2024-12-13 07:10:00+00:00,False,premium,eql,m15_range,False,False,confirmed,golden,,,,,,,,,,,,,,,0,,0,,False,0,4,False,False,1,True,False,True,True,continuation,pdhl,equal_hl,1.052745,0,17.0,,66.6,95.7,296.0,538.1
EURUSD,1,-1,1.0487900000000001,1.04983,18750,1.04979,1.04577148,-360.74999999997567,2024-12-16 14:20:00+00:00,2024-12-16 15:30:00+00:00,stop,mss_ob_m5,momentum,fib_extension,near,ob,240T,True,240T,175.2,with,behind,fvg,175.2,with,3,1b,judas,ny_judas,ny,,,False,6,3,240T,-1,True,240T,D|60T,False,0,,,,False,False,True,False,,True,single,18.3,9.0,2.0,3.0,low,1.3,False,2024-12-16 12:00:00+00:00,2024-12-16 14:00:00+00:00,2024-12-16 14:15:00+00:00,2024-12-16 14:20:00+00:00,,,,m15_range,False,False,,against,,,,,,,,,,,,,,,0,,0,,False,0,2,True,False,0,False,False,False,True,,,equal_hl,1.0479800000000001,0,13.4,5.5,35.7,28.1,156.3,156.3
EURUSD,1,-1,1.0497500000000002,1.0497900000000002,18750,1.0497500000000002,1.04637,-13.875000000013877,2024-12-17 08:00:00+00:00,2024-12-17 12:50:00+00:00,stop,amd_m1_shift_ob2,golden,swing,,,,False,,165.6,with,behind,fvg,165.6,with,3,golden,mm_golden,london_golden,london,,,False,3,0,,0,False,,,False,0,,,,False,False,False,False,,False,,27.5,18.0,2.0,2.0,high,,True,,,,,,,,m15_range,False,False,,golden,cascade,,untested,,1b,15T,ob2,,,s2:noref:gu,60T:pair+dxy,1.0504,1.05077,60T,0,,0,,True,2,3,True,False,0,True,False,False,True,,,equal_hl,1.0497200000000002,0,18.5,0.0,0.0,0.0,0.0,0.0
GBPUSD,1,1,1.26366,1.2646099999999998,6250,1.26466,1.26676,109.84374999997506,2024-12-19 08:45:00+00:00,2024-12-19 10:30:00+00:00,stop,amd_fvg_m5,momentum,swing,near,fvg,240T,True,240T,42.4,against,ahead,ob,23.5,with,0,2b,breakout,london_judas,london,,,False,3,2,,1,False,,W|D,False,0,,,,False,False,False,False,,True,single,21.7,10.0,2.0,2.0,low,0.6,True,2024-12-18 21:15:00+00:00,2024-12-18 23:30:00+00:00,2024-12-18 23:45:00+00:00,2024-12-18 23:50:00+00:00,True,premium,pdl,m15_range,False,False,,against,,,,,,,,,,,,,,,0,,0,,False,0,3,False,False,1,True,False,False,True,,,equal_hl,1.26632,0,30.0,,92.8,175.4,175.4,466.8
NZDUSD,1,1,0.5648650000000001,0.56479,7565,0.5648650000000001,0.57495,-10.496437500006612,2024-12-19 09:00:00+00:00,2024-12-19 16:00:00+00:00,stop,mss_fvg_m15,momentum,pdh_pdl,near,fvg,D,True,240T,298.2,against,ahead,ob,109.8,against,0,N-long,breakout,london_judas,london,,,False,2,2,,1,False,,W|D,False,0,,D,,False,False,True,False,,True,single,11.1,18.0,5.0,2.0,high,0.7,False,2024-12-18 10:15:00+00:00,2024-12-18 14:30:00+00:00,2024-12-18 14:45:00+00:00,2024-12-18 14:50:00+00:00,False,discount,eqh,m15_range,False,False,,,,,,,,,,,,,,,,,0,,0,,False,0,2,False,False,1,False,False,False,True,,,equal_hl,0.57761,0,13.1,,145.1,263.5,281.0,472.0
GBPUSD,1,1,1.25474,1.2546899999999999,6250,1.25474,1.25793584,-5.7812500000122,2024-12-20 13:30:00+00:00,2024-12-20 15:40:00+00:00,stop,amd_fvg_m5,momentum,fib_extension,near,fvg,240T,False,,131.6,against,ahead,ifvg,131.6,against,0,2b_ip,breakout,ny_judas,ny,,,False,2,2,15T,1,False,15T,W|D,False,-1,60T,D,,False,False,True,False,,True,single,11.2,8.0,3.0,2.0,low,19.9,True,2024-12-19 21:00:00+00:00,2024-12-19 22:45:00+00:00,2024-12-20 03:45:00+00:00,2024-12-20 03:45:00+00:00,True,discount,pdl,m15_range,False,False,confirmed,against,,,,,,,,,,,,,,,0,,0,,False,0,3,False,False,1,True,False,False,True,,,equal_hl,1.25955,0,12.9,,182.0,264.6,264.6,556.0
EURUSD,1,-1,1.0420200000000002,1.04306,18750,1.04302,1.0385466666666667,-360.74999999997567,2024-12-30 08:15:00+00:00,2024-12-30 09:50:00+00:00,stop,amd_ob_m5,momentum,equal_hl,d3,ifvg,240T,True,240T,2.0,with,behind,ifvg,2.0,with,3,3a,judas,london_judas,london,,240T,False,5,2,15T,0,True,15T,240T,True,1,60T,D,,False,False,True,False,,False,,15.4,22.0,5.0,2.0,high,3.7,True,2024-12-27 17:30:00+00:00,2024-12-29 22:45:00+00:00,2024-12-29 23:00:00+00:00,2024-12-29 23:05:00+00:00,,,,m15_range,False,False,opposing,against,,,,,,,,,,,,,,,0,,0,,False,0,4,True,True,0,True,False,False,True,,,equal_hl,1.0396833333333333,0,10.9,0.3,30.6,78.2,78.2,88.6
EURUSD,1,-1,1.04084,1.03721,10000,1.03984,1.03717,671.5500000000042,2024-12-31 12:15:00+00:00,2024-12-31 15:00:00+00:00,target,amd_ob_m15,momentum,pdh_pdl,near,,,False,,13.8,with,behind,ifvg,13.8,with,2,1b_h4,judas,ny_judas,ny,,,False,2,1,,0,False,,240T|60T,False,1,60T,D,,False,False,True,False,,True,single,19.7,58.0,2.0,3.0,high,9.5,True,2024-12-30 18:15:00+00:00,2024-12-31 08:30:00+00:00,2024-12-31 09:45:00+00:00,2024-12-31 09:50:00+00:00,False,discount,eqh,m15_range,False,False,,against,,,,,,,,,,,,,,,0,,0,,False,0,4,True,True,0,True,False,False,True,,,equal_hl,1.0387,0,38.4,12.4,37.6,66.4,66.4,76.8
EURUSD,1,1,1.04202,1.04198,14062,1.04202,1.04557056,-10.405880000010407,2025-01-07 08:45:00+00:00,2025-01-07 10:00:00+00:00,stop,amd_fvg_m5,momentum,fib_extension,d3,ifvg,W,True,240T,2.0,against,ahead,ifvg,2.0,against,1,3b,breakout,london_judas,london,,,False,4,2,60T,1,False,60T,W|60T,False,0,,,,False,False,False,False,,True,single,15.1,33.0,5.0,4.0,low,0.9,True,2025-01-06 17:15:00+00:00,2025-01-07 01:15:00+00:00,2025-01-07 01:30:00+00:00,2025-01-07 01:40:00+00:00,False,premium,eql,m15_range,False,False,,golden,,,,,,,,,,,,,,,0,,0,,False,0,4,True,False,0,True,False,True,True,continuation,d1_fvg,equal_hl,1.0425533333333334,0,14.0,,17.4,25.9,210.5,517.6
NZDUSD,1,1,0.567825,0.56775,18000,0.567825,0.5711146,-24.975000000015733,2025-01-07 08:00:00+00:00,2025-01-07 11:20:00+00:00,stop,amd_fvg_m15,momentum,fib_extension,d3,ifvg,W,True,240T,0.0,against,inside,ifvg,0.0,against,2,N-long,judas,london_judas,london,,,False,1,2,60T,1,False,60T,W|60T,False,0,,,,False,False,True,False,,True,single,11.8,8.0,2.0,3.0,low,2.6,True,2025-01-06 16:45:00+00:00,2025-01-06 18:30:00+00:00,2025-01-06 19:00:00+00:00,2025-01-06 19:00:00+00:00,False,premium,eql,m15_range,False,False,,,,,,,,,,,,,,,,,0,,0,,False,0,4,True,False,0,True,False,True,True,continuation,breaker,equal_hl,0.568825,0,14.0,,7.2,,227.5,360.2
GBPUSD,1,-1,1.2539500000000001,1.2505000000000002,18750,1.25045,1.25094,1196.7187499999836,2025-01-07 14:00:00+00:00,2025-01-07 15:00:00+00:00,stop,amd_m1_shift_ifvg,golden,swing,,,,False,,139.5,with,behind,ifvg,139.5,with,3,golden,mm_golden,ny_golden,ny,,,False,3,0,,0,False,,,False,0,,,,False,False,False,False,,False,,21.6,8.0,3.0,2.0,high,,True,,,,,,,,m15_range,False,False,,golden,cascade,240T,failed,,1a,60T,ifvg,,,s3:smt:eu+gu,D:pair+sister,1.25441,1.25545,60T,0,,0,,True,2,4,True,False,0,True,False,True,True,continuation,w_fvg,equal_hl,1.250905,0,43.8,0.0,0.0,0.0,0.0,0.0
GBPUSD,1,-1,1.21985,1.2209,28125,1.22085,1.21604096,-546.3281249999976,2025-01-10 13:30:00+00:00,2025-01-10 13:35:00+00:00,stop,amd_ob_m5,momentum,fib_extension,near,,,False,,166.4,with,behind,fvg,166.4,with,2,1a_ip,breakout,ny_judas,ny,,,False,1,2,240T,0,True,240T,60T,True,0,,240T,,False,False,True,False,,True,dual,24.6,20.0,2.0,4.0,high,13.5,True,2025-01-10 07:15:00+00:00,2025-01-10 12:00:00+00:00,2025-01-10 13:00:00+00:00,2025-01-10 13:00:00+00:00,False,discount,eqh,m15_range,False,False,,golden,,,,,,,,,,,,,,,0,,0,,False,0,3,True,False,0,True,False,True,False,continuation,d1_fvg,,0.0,0,1.7,,,,,
GBPUSD,1,-1,1.21329,1.21334,22500,1.21329,1.20768216,-20.812500000043922,2025-01-13 09:15:00+00:00,2025-01-13 09:20:00+00:00,stop,amd_fvg_m15,momentum,fib_extension,near,,,False,,77.1,with,behind,fvg,77.1,with,2,1a_ip,breakout,london_judas,london,,,False,2,1,240T|15T,0,False,240T,,False,0,,,,False,False,True,False,,True,single,24.6,20.0,2.0,4.0,high,13.5,True,2025-01-10 07:15:00+00:00,2025-01-10 12:00:00+00:00,2025-01-10 13:00:00+00:00,2025-01-10 13:00:00+00:00,,,,m15_range,False,False,,golden,,,,,,,,,,,,,,,0,,0,,False,0,3,True,False,0,True,False,True,False,continuation,d1_fvg,,0.0,0,17.6,8.3,,,,
GBPUSD,1,-1,1.21762,1.2166700000000001,28125,1.21662,1.2143248800000002,494.2968749998878,2025-01-14 12:00:00+00:00,2025-01-14 13:15:00+00:00,stop,amd_fvg_h1,judas,fib_extension,near,ob,240T,True,240T,33.8,with,behind,fvg,33.8,with,2,1a_h4,breakout,ny_judas,ny,,,False,2,2,240T|60T|15T,0,True,240T,60T,True,0,,240T,,False,False,True,False,,True,single,25.0,8.0,2.0,2.0,high,17.1,True,2025-01-14 06:15:00+00:00,2025-01-14 08:00:00+00:00,2025-01-14 08:15:00+00:00,2025-01-14 08:20:00+00:00,False,discount,none,m15_range,False,False,,golden,,,,,,,,,,,,,,,0,,0,,False,0,2,True,False,0,True,False,False,False,,,,0.0,0,22.7,,78.0,,78.0,78.0
EURUSD,1,-1,1.02862,1.0276600000000002,11250,1.0276200000000002,1.02547412,199.79999999996875,2025-01-16 12:00:00+00:00,2025-01-16 13:30:00+00:00,stop,amd_ob_m5,momentum,fib_extension,near,ob,240T,True,240T,35.2,with,behind,ob,9.3,with,1,3a,breakout,ny_judas,ny,,240T,False,5,3,D,-1,True,D,,True,1,60T,D,,False,False,True,False,,True,dual,18.9,58.0,5.0,2.0,high,1.6,True,2025-01-15 17:00:00+00:00,2025-01-16 07:15:00+00:00,2025-01-16 07:30:00+00:00,2025-01-16 07:35:00+00:00,False,discount,eqh,m15_range,False,False,confirmed,against,,,,,,,,,,,,,,,0,,0,,False,0,2,False,False,0,True,False,False,True,,,equal_hl,1.0264275,0,25.8,6.2,109.9,63.4,109.9,109.9
GBPUSD,1,1,1.22905,1.228,14062,1.22805,1.2320954400000002,-273.1543499999988,2025-01-20 13:30:00+00:00,2025-01-20 13:35:00+00:00,stop,amd_ob_m5,momentum,fib_extension,near,fvg,W,False,,74.4,against,ahead,fvg,74.4,against,1,2b_ip,breakout,ny_judas,ny,,,False,4,3,,1,True,,W,False,-1,60T,240T,,False,False,True,False,,True,dual,19.9,11.0,3.0,3.0,low,3.9,True,2025-01-20 10:45:00+00:00,2025-01-20 13:15:00+00:00,2025-01-20 13:30:00+00:00,2025-01-20 13:30:00+00:00,,,,m15_range,False,False,,against,,,,,,,,,,,,,,,0,,0,,False,0,3,True,False,0,True,False,False,True,,,equal_hl,1.2433649999999998,0,3.2,,,286.1,438.9,636.1
EURUSD,1,1,1.04226,1.0432199999999998,11250,1.0432599999999999,1.04583,199.79999999996875,2025-01-22 09:00:00+00:00,2025-01-22 12:25:00+00:00,stop,amd_fvg_m5,momentum,swing,d3,ifvg,W,True,D,0.0,against,inside,ifvg,0.0,against,1,3b,judas,london_judas,london,,,False,3,2,60T,1,False,60T,W|60T,False,0,,,,False,False,False,False,,True,single,21.9,29.0,3.0,3.0,low,2.8,True,2025-01-21 23:30:00+00:00,2025-01-22 06:30:00+00:00,2025-01-22 06:45:00+00:00,2025-01-22 06:50:00+00:00,False,premium,eql,m15_range,False,False,,golden,,,,,,,,,,,,,,,0,,0,,False,0,3,False,False,0,True,False,True,True,continuation,d1_fvg,equal_hl,1.0447799999999998,0,34.7,11.7,13.6,15.0,91.0,232.3
EURUSD,1,1,1.0481699999999998,1.04764,28125,1.04768,1.0513812,-275.76562499995805,2025-01-27 09:00:00+00:00,2025-01-27 09:30:00+00:00,stop,amd_fvg_m5,momentum,fib_extension,near,ob,W,False,,16.6,with,behind,fvg,16.6,with,2,3b,judas,london_judas,london,,,False,5,3,240T|60T,1,True,240T,W|240T|60T,True,0,,,,False,False,True,False,,True,dual,29.3,36.0,2.0,2.0,low,1.9,True,2025-01-26 22:00:00+00:00,2025-01-27 06:45:00+00:00,2025-01-27 07:00:00+00:00,2025-01-27 07:05:00+00:00,,,,m15_range,False,False,,golden,,,,,,,,,,,,,,,0,,0,,False,0,4,True,False,0,True,False,True,True,continuation,breaker,equal_hl,1.04997,0,11.9,4.3,40.5,,40.5,149.0
GBPUSD,1,1,1.25081,1.2507599999999999,11250,1.25081,1.25402,-10.406250000021961,2025-01-27 12:45:00+00:00,2025-01-27 13:15:00+00:00,stop,amd_fvg_h1,momentum,swing,near,ob,W,False,,52.4,with,behind,ob,0.0,against,1,2b_ip,breakout,ny_judas,ny,,,False,2,2,240T|60T,1,False,240T,W|240T|60T,False,0,,240T,,False,False,False,False,,True,dual,30.8,38.0,3.0,6.0,low,16.2,True,2025-01-26 22:00:00+00:00,2025-01-27 07:15:00+00:00,2025-01-27 08:00:00+00:00,2025-01-27 08:00:00+00:00,,,,m15_range,False,False,,against,,,,,,,,,,,,,,,0,,0,,False,0,3,True,False,0,True,False,False,True,,,equal_hl,1.2521149999999999,0,14.8,,,,100.0,303.9
EURUSD,1,-1,1.04135,1.0403900000000001,11250,1.04035,1.038,199.79999999996875,2025-01-29 09:00:00+00:00,2025-01-29 15:10:00+00:00,stop,amd_fvg_m5,momentum,round_number,d3,ifvg,240T,True,240T,42.9,with,behind,fvg,42.9,with,1,3a,breakout,london_judas,london,,W,False,3,2,D,-1,False,D,,False,1,60T,240T,,False,False,False,False,,True,dual,14.7,8.0,2.0,2.0,high,6.1,True,2025-01-28 10:00:00+00:00,2025-01-28 11:45:00+00:00,2025-01-29 06:00:00+00:00,2025-01-29 06:00:00+00:00,False,discount,eqh,m15_range,False,False,confirmed,against,,,,,,,,,,,,,,,0,,0,,False,0,3,True,False,-1,True,False,False,True,,,equal_hl,1.0397575,0,31.3,,0.7,237.2,237.2,237.2
EURUSD,1,1,1.04056,1.04402,22500,1.04406,1.04564,1440.2250000000079,2025-01-30 13:15:00+00:00,2025-01-30 13:55:00+00:00,stop,amd_fvg_m5,momentum,pdh_pdl,near,ifvg,D,False,,50.8,against,ahead,fvg,50.8,against,2,2a,judas,ny_judas,ny,,,False,3,2,240T,1,False,240T,W,False,0,,D,,False,False,True,False,,False,,33.2,15.0,3.0,2.0,low,1.0,True,2025-01-30 08:15:00+00:00,2025-01-30 11:45:00+00:00,2025-01-30 12:00:00+00:00,2025-01-30 12:00:00+00:00,False,premium,eql,m15_range,False,False,,golden,,,,,,,,,,,,,,,0,,0,,False,0,4,False,False,1,True,False,True,True,continuation,d1_fvg,equal_hl,1.045685,0,54.1,24.1,128.3,,128.3,225.1
EURUSD,2,1,1.04227,1.0432299999999999,9000,1.04327,1.04564,159.839999999975,2025-01-30 13:45:00+00:00,2025-01-30 13:55:00+00:00,stop,pyramid_im1.0_fvg_m5,no_open,pdh_pdl,near,ifvg,D,False,,50.8,against,ahead,fvg,50.8,against,2,2a,judas,ny_judas,ny,,,False,3,2,240T,1,False,240T,W,False,0,,D,,False,False,True,False,,False,,33.2,15.0,3.0,2.0,low,1.0,True,2025-01-30 08:15:00+00:00,2025-01-30 11:45:00+00:00,2025-01-30 12:00:00+00:00,2025-01-30 12:00:00+00:00,False,premium,eql,m15_range,False,False,,golden,,,,,,,,,,,,,,,0,,0,,False,0,4,False,False,1,True,False,True,True,continuation,d1_fvg,equal_hl,1.045685,0,37.0,24.1,128.3,,128.3,225.1
GBPUSD,1,-1,1.24103,1.2400800000000003,33750,1.2400300000000002,1.2364872,593.1562499998654,2025-01-31 14:00:00+00:00,2025-01-31 14:50:00+00:00,stop,amd_fvg_m5,judas,fib_extension,d3,fvg,240T,True,240T,0.0,against,inside,fvg,0.0,against,3,1a_ip,judas,ny_judas,ny,,W,False,1,2,D|60T,-1,False,D,D|60T,False,1,60T,D,,False,False,True,False,,True,single,23.3,15.0,2.0,2.0,high,5.1,True,2025-01-31 09:15:00+00:00,2025-01-31 12:45:00+00:00,2025-01-31 13:00:00+00:00,2025-01-31 13:05:00+00:00,False,discount,eqh,m15_range,False,False,confirmed,golden,,,,,,,,,,,,,,,0,,0,,False,0,4,False,False,1,True,False,True,True,continuation,d1_fvg,equal_hl,1.238925,0,23.0,10.8,18.4,312.1,312.1,312.1
GBPUSD,1,1,1.23238,1.2333299999999998,11250,1.23338,1.2373201600000001,197.71874999995512,2025-02-03 12:15:00+00:00,2025-02-03 12:25:00+00:00,stop,mss_fvg_m5,momentum,fib_extension,near,,,False,,0.0,against,inside,fvg,0.0,against,0,2b,breakout,ny_judas,ny,,W,False,4,2,,1,False,,W,False,1,60T,D,,False,False,True,False,,True,single,23.3,15.0,2.0,2.0,high,45.4,False,2025-01-31 09:15:00+00:00,2025-01-31 12:45:00+00:00,2025-01-31 17:15:00+00:00,2025-01-31 17:25:00+00:00,,,,m15_range,False,False,opposing,against,,,,,,,,,,,,,,,0,,0,,False,0,3,True,True,0,False,False,False,True,,,equal_hl,1.2362350000000002,0,22.8,0.4,153.7,178.8,284.3,488.2
EURUSD,1,1,1.03447,1.03443,22500,1.03447,1.03785664,-16.65000000001665,2025-02-04 14:00:00+00:00,2025-02-04 14:35:00+00:00,stop,amd_fvg_m5,momentum,fib_extension,near,fvg,D,False,,0.0,against,inside,fvg,0.0,against,2,3b,breakout,ny_judas,ny,,W,False,3,2,,1,False,,W,False,0,,D,,False,False,True,False,,True,single,13.9,13.0,3.0,2.0,low,37.8,True,2025-02-04 01:30:00+00:00,2025-02-04 04:30:00+00:00,2025-02-04 05:00:00+00:00,2025-02-04 05:10:00+00:00,False,premium,eql,m15_range,False,False,,golden,,,,,,,,,,,,,,,0,,0,,False,0,5,True,True,0,True,False,True,True,continuation,d1_fvg,equal_hl,1.04102,0,14.6,5.6,90.2,177.5,189.2,286.0
GBPUSD,1,1,1.24032,1.24027,6250,1.24032,1.2452155599999999,-5.7812500000122,2025-02-11 14:00:00+00:00,2025-02-11 15:15:00+00:00,stop,amd_fvg_m5,momentum,fib_extension,near,ifvg,240T,True,240T,24.7,with,behind,ifvg,24.7,with,1,2b_ip,judas,ny_judas,ny,,,False,4,2,15T,1,False,15T,W,False,-1,60T,D,,False,False,True,False,,True,dual,27.9,52.0,3.0,2.0,low,12.0,True,2025-02-10 18:45:00+00:00,2025-02-11 07:30:00+00:00,2025-02-11 08:00:00+00:00,2025-02-11 08:05:00+00:00,False,premium,eql,m15_range,False,False,confirmed,against,,,,,,,,,,,,,,,0,,0,,False,0,3,True,False,0,True,False,False,True,,,equal_hl,1.2433649999999998,0,10.2,,91.0,120.7,173.4,408.8
EURUSD,1,1,1.03734,1.0372999999999999,23437,1.03734,1.0405700000000002,-17.343380000017344,2025-02-12 09:35:00+00:00,2025-02-12 12:10:00+00:00,stop,amd_m1_shift_ifvg,golden,fib_extension,,,,False,,83.0,against,ahead,ifvg,83.0,against,3,golden,mm_golden,london_golden,london,,,False,5,0,,0,False,,,False,0,,,,False,False,False,False,,False,,12.6,15.0,2.0,3.0,low,,True,,,,,,,,m15_range,False,False,,golden,cascade,240T,failed,,2a,60T,ifvg,,,s2:noref:gu,60T:pair+dxy,1.036,1.03679,60T,0,,0,,True,2,4,True,False,0,True,False,True,True,continuation,pdhl,equal_hl,1.037845,0,12.2,0.0,0.0,0.0,0.0,0.0
GBPUSD,1,-1,1.24449,1.2410400000000001,12500,1.24099,1.24053,797.8124999999892,2025-02-12 13:00:00+00:00,2025-02-12 13:30:00+00:00,stop,mss_ob_m5,momentum,fib_extension,near,ifvg,240T,True,240T,66.4,against,ahead,ifvg,66.4,against,2,1a_ip,judas,ny_judas,ny,,,False,3,2,,-1,False,,D|240T,False,1,60T,D,,False,False,True,False,,True,dual,27.6,43.0,2.0,2.0,low,2.8,False,2025-02-11 22:15:00+00:00,2025-02-12 08:45:00+00:00,2025-02-12 09:00:00+00:00,2025-02-12 09:10:00+00:00,False,discount,eql,m15_range,False,False,confirmed,golden,,,,,,,,,,,,,,,0,,0,,False,0,2,False,False,0,False,False,True,True,continuation,breaker,equal_hl,1.2379966666666666,0,71.5,16.8,113.8,163.4,346.7,346.7
EURUSD,1,-1,1.0394700000000001,1.04051,11250,1.04047,1.03553404,-216.4499999999854,2025-02-13 12:00:00+00:00,2025-02-13 13:35:00+00:00,stop,amd_fvg_m5,momentum,fib_extension,near,ifvg,240T,False,,61.7,with,behind,ifvg,61.7,with,0,3a,breakout,ny_judas,ny,,,False,4,2,,0,True,,240T,True,1,60T,,,False,False,True,False,,True,single,33.0,10.0,2.0,2.0,high,4.5,True,2025-02-13 02:30:00+00:00,2025-02-13 04:45:00+00:00,2025-02-13 06:15:00+00:00,2025-02-13 06:15:00+00:00,False,premium,eqh,m15_range,False,False,,against,,,,,,,,,,,,,,,0,,0,,False,0,2,False,False,0,True,False,False,True,,,equal_hl,1.0389374999999998,0,19.1,14.5,103.7,163.2,218.4,218.4
GBPUSD,1,1,1.26099,1.26094,9000,1.26099,1.26416,-8.325000000017567,2025-02-14 14:00:00+00:00,2025-02-14 15:15:00+00:00,stop,amd_fvg_m15,momentum,swing,near,,,False,,69.1,against,ahead,ifvg,69.1,against,0,2b_ip,breakout,ny_judas,ny,,,False,1,2,60T|15T,1,False,60T,W|60T,False,0,,,,False,False,False,False,,True,single,20.4,29.0,2.0,2.0,low,2.1,True,2025-02-13 22:15:00+00:00,2025-02-14 05:15:00+00:00,2025-02-14 05:30:00+00:00,2025-02-14 05:35:00+00:00,False,premium,eql,m15_range,False,False,,against,,,,,,,,,,,,,,,0,,0,,False,0,3,True,False,0,True,False,False,True,,,equal_hl,1.2628400000000002,0,20.0,,,,,202.1
EURUSD,1,-1,1.04786,1.0489,11250,1.04886,1.0447,-216.4499999999854,2025-02-17 08:00:00+00:00,2025-02-17 10:50:00+00:00,stop,amd_fvg_h1,momentum,pdh_pdl,near,fvg,D,True,240T,0.0,against,inside,fvg,0.0,against,0,1b,breakout,london_judas,london,,,False,5,2,15T,0,True,15T,,False,0,,,,False,False,True,False,,True,dual,33.0,29.0,2.0,2.0,high,26.5,True,2025-02-14 06:15:00+00:00,2025-02-14 13:15:00+00:00,2025-02-14 14:45:00+00:00,2025-02-14 14:45:00+00:00,,,,m15_range,False,False,,against,,,,,,,,,,,,,,,0,,0,,False,0,3,True,False,0,True,False,False,True,,,equal_hl,1.0471325,0,7.8,,106.8,269.2,302.3,302.3
EURUSD,1,-1,1.0468000000000002,1.04732,14062,1.04728,1.0435,-135.276439999962,2025-02-21 12:00:00+00:00,2025-02-21 13:35:00+00:00,stop,amd_fvg_h1,momentum,swing,near,,,True,240T,,,,ob,131.7,against,0,3a,breakout,ny_judas,ny,,,False,4,1,240T|15T,0,False,240T,,False,0,,,,False,False,False,False,,True,single,19.2,24.0,2.0,2.0,high,1.0,True,2025-02-20 17:30:00+00:00,2025-02-20 23:15:00+00:00,2025-02-20 23:30:00+00:00,2025-02-20 23:30:00+00:00,True,discount,pdh,m15_range,False,False,opposing,against,,,,,,,,,,,,,,,0,,0,,False,0,2,False,False,0,True,False,False,True,,,equal_hl,1.04481,0,8.8,,68.0,258.6,258.6,291.7
EURUSD,1,-1,1.04736,1.0474,9000,1.04736,1.04332234,-6.660000000006661,2025-02-24 09:25:00+00:00,2025-02-24 13:25:00+00:00,stop,mss_fvg_m5,momentum,fib_extension,near,ob,240T,True,240T,,,,ob,137.3,against,1,3a,judas,london_judas,london,,,False,2,2,W|240T|60T|15T,-1,False,W,,False,1,60T,D,,False,False,True,False,,True,single,33.8,22.0,2.0,2.0,low,16.4,False,2025-02-21 05:15:00+00:00,2025-02-21 10:30:00+00:00,2025-02-21 16:15:00+00:00,2025-02-21 16:25:00+00:00,,,,m15_range,False,False,confirmed,against,,,,,,,,,,,,,,,0,,0,,False,0,2,True,False,0,False,False,False,True,,,equal_hl,1.0464533333333335,0,13.7,12.7,56.0,182.6,264.2,297.3
EURUSD,1,-1,1.04756,1.0486,22500,1.04856,1.0440899999999997,-432.8999999999708,2025-02-26 12:55:00+00:00,2025-02-26 13:05:00+00:00,stop,amd_fvg_m5,momentum,fib_extension,d3,ifvg,240T,True,240T,,,,ob,139.3,against,2,1b,judas,ny_judas,ny,,240T,False,3,2,W|15T,-1,False,W,,False,1,60T,,,False,False,True,False,,True,single,21.7,25.0,2.0,2.0,high,1.3,True,2025-02-25 18:00:00+00:00,2025-02-26 00:00:00+00:00,2025-02-26 00:15:00+00:00,2025-02-26 00:25:00+00:00,True,discount,pdh,m15_range,False,False,confirmed,against,,,,,,,,,,,,,,,0,,0,,False,0,3,True,False,0,True,False,False,True,,,equal_hl,1.0467733333333333,0,-0.0,,23.8,184.6,266.2,299.3
EURUSD,1,-1,1.08295,1.0819900000000002,6250,1.0819500000000002,1.07982,110.99999999998265,2025-03-10 07:20:00+00:00,2025-03-10 09:15:00+00:00,stop,mss_ob_m15,momentum,swing,near,ob,240T,True,240T,64.0,against,ahead,fvg,64.0,against,1,3a,judas,london_judas,london,,,False,2,2,W,-1,False,W,,False,-1,60T,240T,,False,False,False,False,,True,single,19.1,11.0,2.0,3.0,low,2.2,False,2025-03-10 02:15:00+00:00,2025-03-10 04:45:00+00:00,2025-03-10 05:00:00+00:00,2025-03-10 05:05:00+00:00,,,,m15_range,False,False,,against,,,,,,,,,,,,,,,0,,0,,False,0,2,True,False,0,False,False,False,True,,,equal_hl,1.047275,0,24.4,3.5,64.9,470.7,620.1,653.2
EURUSD,1,-1,1.0866900000000002,1.08773,5000,1.08769,1.08366104,-96.19999999999351,2025-03-13 07:30:00+00:00,2025-03-13 08:10:00+00:00,stop,amd_fvg_m5,momentum,fib_extension,near,ob,240T,False,,101.4,against,ahead,ob,93.9,with,1,1b,breakout,london_judas,london,,,False,3,2,W,-1,False,W,,False,0,,,,False,False,False,False,,True,single,27.5,8.0,2.0,2.0,high,24.7,True,2025-03-12 12:45:00+00:00,2025-03-12 14:30:00+00:00,2025-03-12 16:15:00+00:00,2025-03-12 16:15:00+00:00,False,discount,none,m15_range,False,False,,against,,,,,,,,,,,,,,,0,,0,,False,0,3,True,False,0,True,False,False,True,,,equal_hl,1.0828166666666665,0,7.3,,62.7,508.1,583.9,690.6
EURUSD,1,-1,1.08617,1.0862100000000001,6250,1.08617,1.08317,-4.625000000004626,2025-03-13 11:45:00+00:00,2025-03-13 12:25:00+00:00,stop,amd_ob_m5,momentum,swing,near,ifvg,240T,False,,96.2,against,ahead,fvg,96.2,against,1,3a,breakout,ny_judas,ny,,,False,4,2,W,-1,False,W,,False,0,,,,False,False,False,False,,True,single,27.5,8.0,2.0,2.0,high,24.7,True,2025-03-12 12:45:00+00:00,2025-03-12 14:30:00+00:00,2025-03-12 16:15:00+00:00,2025-03-12 16:15:00+00:00,False,discount,none,m15_range,False,False,opposing,against,,,,,,,,,,,,,,,0,,0,,False,0,3,True,False,0,True,False,False,True,,,equal_hl,1.0828166666666665,0,17.2,,57.5,502.9,578.7,685.4
GBPUSD,1,1,1.29498,1.29393,18750,1.2939800000000001,1.298,-364.2187499999984,2025-03-13 12:25:00+00:00,2025-03-13 12:40:00+00:00,stop,amd_m1_shift_ifvg,golden,round_number,,,,False,,84.3,with,behind,ifvg,84.3,with,3,golden,mm_golden,ny_golden,ny,,,False,3,0,,0,False,,,False,0,,,,False,False,False,False,,False,,32.0,72.0,5.0,3.0,low,,True,,,,,,,,m15_range,False,False,,golden,cascade,,failed,,2b,60T,ifvg,,,s3:noref:gu,60T:sister+dxy,1.2926,1.29325,60T,0,,0,,False,1,2,False,False,0,True,False,False,True,,,equal_hl,1.296945,0,15.4,0.0,0.0,0.0,0.0,0.0
EURUSD,1,-1,1.0917400000000002,1.08876,7812,1.0907400000000003,1.08872,430.6755600000296,2025-03-19 07:00:00+00:00,2025-03-19 07:35:00+00:00,target,amd_fvg_h1,momentum,swing,near,ifvg,W,True,D,25.0,against,ahead,ob,20.4,against,1,1b,breakout,london_judas,london,W,,False,6,2,W|15T,-1,False,W,,False,-1,60T,,,False,False,False,False,,True,dual,23.7,8.0,4.0,2.0,high,14.0,True,2025-03-18 10:30:00+00:00,2025-03-18 12:15:00+00:00,2025-03-18 17:15:00+00:00,2025-03-18 17:20:00+00:00,False,discount,eqh,m15_range,False,False,,against,,,,,,,,,,,,,,,0,,0,,False,0,3,True,False,-1,True,False,False,True,,,equal_hl,1.08728,0,37.6,,49.8,530.0,601.5,741.1
EURUSD,1,-1,1.0885500000000001,1.0885900000000002,7812,1.0885500000000001,1.08544,-5.780880000005782,2025-03-20 07:15:00+00:00,2025-03-20 08:00:00+00:00,stop,amd_fvg_h1,momentum,swing,d3,ifvg,240T,True,240T,0.0,against,inside,ifvg,0.0,against,1,3a,breakout,london_judas,london,W,,False,3,2,W,-1,False,W,,False,-1,60T,240T,,False,False,False,False,,True,single,16.7,25.0,3.0,5.0,high,0.3,True,2025-03-19 20:15:00+00:00,2025-03-20 02:15:00+00:00,2025-03-20 02:30:00+00:00,2025-03-20 02:30:00+00:00,False,discount,eqh,m15_range,False,False,,against,,,,,,,,,,,,,,,0,,0,,False,0,3,False,False,1,True,False,False,True,,,equal_hl,1.08728,0,20.8,,26.1,498.1,526.7,709.2
NZDUSD,1,-1,0.577575,0.574635,6250,0.576575,0.57456,339.93749999999335,2025-03-20 07:00:00+00:00,2025-03-20 09:30:00+00:00,target,amd_fvg_h1,momentum,pdh_pdl,near,ifvg,W,True,240T,0.0,against,inside,ifvg,0.0,against,1,N-short_h4,judas,london_judas,london,,,False,4,1,60T,0,False,60T,,False,-1,60T,,,False,False,False,False,,True,single,33.4,48.0,2.0,4.0,high,16.5,True,2025-03-19 07:00:00+00:00,2025-03-19 18:45:00+00:00,2025-03-19 22:00:00+00:00,2025-03-19 22:05:00+00:00,False,discount,none,m15_range,False,False,,,,,,,,,,,,,,,,,0,,0,,False,0,4,False,False,1,True,False,True,True,continuation,w_fvg,equal_hl,0.57431,0,31.4,,31.4,184.0,192.3,261.2
EURUSD,1,-1,1.0830300000000002,1.0830700000000002,11250,1.0830300000000002,1.08,-8.325000000008325,2025-03-20 13:15:00+00:00,2025-03-20 14:00:00+00:00,stop,amd_fvg_m5,momentum,round_number,near,fvg,W,True,240T,54.7,against,behind,ob,0.0,against,1,1b,breakout,ny_judas,ny,,240T,False,4,2,W|60T,-1,False,W,60T,False,0,,,,False,False,False,False,,True,single,16.7,25.0,3.0,5.0,high,0.3,True,2025-03-19 20:15:00+00:00,2025-03-20 02:15:00+00:00,2025-03-20 02:30:00+00:00,2025-03-20 02:30:00+00:00,False,discount,eqh,m15_range,False,False,confirmed,against,,,,,,,,,,,,,,,0,,0,,False,0,3,False,False,1,True,False,False,True,,,equal_hl,1.0822366666666667,0,15.8,0.5,,442.9,471.5,654.0
EURUSD,1,1,1.08371,1.08367,14062,1.08371,1.08699,-10.405880000010407,2025-03-21 11:00:00+00:00,2025-03-21 12:40:00+00:00,stop,amd_fvg_m5,judas,swing,near,ifvg,W,True,240T,71.6,with,behind,fvg,71.6,with,1,2a,judas,ny_judas,ny,,,False,3,2,D,1,False,D,D,False,-1,60T,240T,,False,False,False,False,,True,single,31.6,56.0,5.0,2.0,low,7.6,True,2025-03-20 15:15:00+00:00,2025-03-21 05:00:00+00:00,2025-03-21 05:45:00+00:00,2025-03-21 05:45:00+00:00,False,discount,eql,m15_range,False,False,,golden,,,,,,,,,,,,,,,0,,0,,False,0,4,False,False,1,True,False,True,True,continuation,w_fvg,equal_hl,1.085725,0,24.0,22.4,118.3,52.2,118.3,118.3
EURUSD,1,-1,1.0826,1.0793100000000002,28125,1.0816000000000001,1.0792700000000002,1711.8281249998922,2025-03-24 13:00:00+00:00,2025-03-24 13:50:00+00:00,target,mss_fvg_m15,momentum,fib_extension,d3,ifvg,W,False,,60.5,against,ahead,fvg,60.5,against,2,1b,breakout,ny_judas,ny,,,False,4,2,W|240T,-1,False,W,,False,1,60T,240T,,False,False,True,False,,True,dual,33.2,18.0,2.0,2.0,low,0.2,False,2025-03-24 08:30:00+00:00,2025-03-24 12:45:00+00:00,2025-03-24 13:00:00+00:00,2025-03-24 13:10:00+00:00,,,,m15_range,False,False,,against,,,,,,,,,,,,,,,0,,0,,False,0,2,True,False,0,False,False,False,True,,,equal_hl,1.078115,0,33.7,8.9,29.9,21.8,467.2,649.7
EURUSD,1,-1,1.07958,1.07962,18000,1.07958,1.07655,-13.320000000013321,2025-03-25 07:15:00+00:00,2025-03-25 09:00:00+00:00,stop,mss_ob_m5,momentum,itl_liquidity,d3,ifvg,W,False,,30.3,against,ahead,fvg,30.3,against,2,3a,breakout,london_judas,london,,,False,3,2,W|240T|60T,-1,False,W,60T,False,0,,,,False,False,True,False,,True,single,34.6,13.0,2.0,2.0,low,9.0,False,2025-03-24 13:15:00+00:00,2025-03-24 16:15:00+00:00,2025-03-24 16:30:00+00:00,2025-03-24 16:40:00+00:00,False,discount,eql,m15_range,False,False,,against,,,,,,,,,,,,,,,0,,0,,False,0,2,True,False,0,False,False,False,True,,,equal_hl,1.0779666666666665,0,19.1,2.7,15.4,,437.0,586.4
GBPUSD,1,1,1.29576,1.29471,18000,1.2947600000000001,1.29887,-349.64999999999844,2025-03-25 12:45:00+00:00,2025-03-25 13:20:00+00:00,stop,mss_fvg_h1,momentum,pwh_pwl,d3,fvg,240T,False,,21.9,against,behind,ifvg,21.9,against,2,2b_h4,breakout,ny_judas,ny,,240T,False,3,2,D|240T,1,False,D,D,False,-1,60T,,,False,False,True,False,,True,dual,15.7,8.0,2.0,2.0,high,2.9,False,2025-03-25 10:45:00+00:00,2025-03-25 12:30:00+00:00,2025-03-25 12:45:00+00:00,2025-03-25 12:50:00+00:00,False,premium,none,m15_range,False,False,,against,,,,,,,,,,,,,,,0,,0,,False,0,2,True,False,0,False,False,False,True,,,equal_hl,1.29626,0,2.8,,17.4,32.1,57.8,57.8
EURUSD,1,-1,1.07752,1.07856,11250,1.07852,1.07416,-216.4499999999854,2025-03-26 13:15:00+00:00,2025-03-26 14:10:00+00:00,stop,amd_ob_m5,momentum,swing,near,ifvg,W,False,,9.7,against,ahead,fvg,9.7,against,1,3a,breakout,ny_judas,ny,,,False,1,2,W|240T,-1,False,W,240T,False,0,,240T,,False,False,False,False,,True,dual,21.4,16.0,6.0,4.0,high,-4.9,True,2025-03-26 07:00:00+00:00,2025-03-26 10:45:00+00:00,2025-03-26 11:30:00+00:00,2025-03-26 11:40:00+00:00,False,discount,eqh,session_range,False,False,,against,,,,,,,,,,,,,,,0,,0,,False,0,2,False,False,0,True,False,False,True,,,equal_hl,1.047275,0,7.7,,,,416.4,565.8
EURUSD,1,1,1.0787499999999999,1.0817505,14062,1.0797499999999998,1.0817905,780.5710735000478,2025-03-28 13:00:00+00:00,2025-03-28 14:00:00+00:00,target,amd_fvg_m15,momentum,fib_extension,near,ifvg,240T,False,,22.0,with,behind,fvg,22.0,with,1,2a,breakout,ny_judas,ny,,,False,4,2,D|60T,1,False,D,D|60T,False,-1,60T,,,False,False,False,False,,True,single,33.9,52.0,2.0,3.0,low,22.7,True,2025-03-27 15:15:00+00:00,2025-03-28 04:00:00+00:00,2025-03-28 11:00:00+00:00,2025-03-28 11:00:00+00:00,False,premium,eql,m15_range,False,False,,golden,,,,,,,,,,,,,,,0,,0,,False,0,3,True,False,0,True,False,False,True,,,equal_hl,1.08255,0,32.0,13.2,43.4,160.5,167.9,167.9
EURUSD,1,-1,1.08139,1.0814300000000001,11250,1.08139,1.0779,-8.325000000008325,2025-03-31 13:05:00+00:00,2025-03-31 14:05:00+00:00,stop,mss_breaker_m5,momentum,equal_hl,near,ifvg,W,True,240T,48.4,against,ahead,ifvg,48.4,against,1,3a,judas,ny_judas,ny,,,False,4,2,W|240T,-1,False,W,240T,False,1,60T,D,,False,False,True,False,,True,single,22.5,10.0,2.0,2.0,low,6.1,False,2025-03-31 08:30:00+00:00,2025-03-31 10:45:00+00:00,2025-03-31 11:15:00+00:00,2025-03-31 11:20:00+00:00,,,,m15_range,False,False,confirmed,against,,,,,,,,,,,,,,,0,,0,,False,0,3,True,True,0,False,False,False,True,,,equal_hl,1.080095,0,13.1,9.4,74.1,17.8,455.1,604.5
EURUSD,1,-1,1.0793300000000001,1.0793700000000002,9000,1.0793300000000001,1.07501,-6.660000000006661,2025-04-01 12:00:00+00:00,2025-04-01 13:35:00+00:00,stop,amd_fvg_m5,momentum,fib_extension,d3,ifvg,W,False,,27.8,against,ahead,ifvg,27.8,against,1,3a,judas,ny_judas,ny,,,False,2,2,W|60T|15T,-1,False,W,,False,0,,D,,False,False,True,False,,True,single,21.2,45.0,4.0,2.0,high,1.8,True,2025-03-31 17:45:00+00:00,2025-04-01 04:45:00+00:00,2025-04-01 05:00:00+00:00,2025-04-01 05:10:00+00:00,False,discount,eqh,m15_range,False,False,,against,,,,,,,,,,,,,,,0,,0,,False,0,4,True,True,0,True,False,False,True,,,equal_hl,1.07802,0,15.1,,29.8,,434.5,583.9
GBPUSD,1,-1,1.28266,1.28271,22500,1.28266,1.27808472,-20.812500000043922,2025-04-07 12:00:00+00:00,2025-04-07 12:10:00+00:00,stop,amd_m1_shift_fvg,golden,fib_extension,,,,False,,0.0,against,inside,ifvg,0.0,against,2,golden,mm_golden,ny_golden,ny,,,False,3,0,,0,False,,,False,0,,,,False,False,False,False,,False,,32.9,8.0,2.0,4.0,high,,True,,,,,,,,m15_range,False,False,,golden,cascade,240T,failed,,1a,60T,fvg,,,s3:smt:eu+gu,15T:sister,1.28605,1.2865,60T,0,,0,,False,0,4,True,False,0,True,False,True,True,continuation,d1_fvg,equal_hl,1.26305,0,14.5,0.0,0.0,0.0,0.0,0.0
EURUSD,1,1,1.0972499999999998,1.0972099999999998,12500,1.0972499999999998,1.10038232,-9.250000000009251,2025-04-08 07:00:00+00:00,2025-04-08 08:00:00+00:00,stop,mss_fvg_m5,judas,fib_extension,near,ifvg,W,False,,135.2,with,behind,fvg,135.2,with,2,3b,judas,london_judas,london,,,False,3,2,D|240T|15T,1,False,D,D|240T,False,-1,60T,,,False,False,True,False,,False,,32.3,18.0,4.0,1.0,high,1.7,False,2025-04-08 02:30:00+00:00,2025-04-08 06:45:00+00:00,2025-04-08 07:00:00+00:00,2025-04-08 07:10:00+00:00,False,premium,eqh,session_range,False,False,,golden,,,,,,,,,,,,,,,0,,0,,False,0,3,True,False,0,False,False,True,True,continuation,pdhl,equal_hl,1.099295,0,19.1,8.6,136.0,,174.6,174.6
GBPUSD,1,1,1.31183,1.31178,12500,1.31183,1.315625,-11.5625000000244,2025-04-14 07:00:00+00:00,2025-04-14 07:05:00+00:00,stop,amd_fvg_m5,momentum,equal_hl,d3,ifvg,W,False,,55.6,with,behind,fvg,55.6,with,2,2b_ip,judas,london_judas,london,,,False,4,2,D|240T|60T|15T,1,False,D,D|240T|60T,False,0,,,,False,False,True,False,,True,single,33.0,20.0,2.0,4.0,low,-18.6,True,2025-04-14 02:00:00+00:00,2025-04-14 06:45:00+00:00,2025-04-14 07:00:00+00:00,2025-04-14 07:00:00+00:00,,,,session_range,False,False,confirmed,against,,,,,,,,,,,,,,,0,,0,,False,0,3,True,False,0,True,False,False,True,,,equal_hl,1.320405,0,19.3,10.5,27.5,90.0,90.0,90.0
GBPUSD,1,1,1.32067,1.32378,23005,1.32167,1.32383,1323.592674999977,2025-04-17 07:00:00+00:00,2025-04-17 08:00:00+00:00,target,amd_m1_shift_ob2,golden,swing,,,,False,,0.0,with,inside,fvg,0.0,with,2,golden,mm_golden,london_golden,london,,,False,3,0,,0,False,,,False,0,,,,False,False,False,False,,False,,25.3,17.0,3.0,2.0,low,,True,,,,,,,,m15_range,False,False,,golden,cascade,,failed,,2b,15T,ob2,,,s2:cont:eu+gu+dxy,60T:sister+dxy,1.31927,1.32059,60T,0,,0,,True,1,2,False,False,0,True,False,False,True,,,d1_fvg,1.320625,0,31.8,0.0,0.0,0.0,0.0,0.0
EURUSD,1,1,1.1526299999999998,1.1535899999999997,22500,1.1536299999999997,1.15729968,399.5999999999375,2025-04-21 08:20:00+00:00,2025-04-21 08:55:00+00:00,stop,amd_ob_m5,momentum,fib_extension,near,,,False,,215.5,with,behind,ifvg,215.5,with,2,3b,judas,london_judas,london,,,False,2,2,D|60T|15T,1,False,D,D|60T,False,-1,60T,,,False,False,True,False,,True,single,28.4,9.0,3.0,3.0,low,1.6,True,2025-04-21 05:30:00+00:00,2025-04-21 07:30:00+00:00,2025-04-21 07:45:00+00:00,2025-04-21 07:45:00+00:00,,,,m15_range,False,False,opposing,golden,,,,,,,,,,,,,,,0,,0,,False,0,2,True,False,0,True,False,False,False,,,,0.0,0,40.9,6.5,,,,
EURUSD,1,-1,1.1488,1.14884,9000,1.1488,1.1454271200000001,-6.660000000006661,2025-04-22 13:00:00+00:00,2025-04-22 13:05:00+00:00,stop,amd_fvg_m5,momentum,fib_extension,near,ifvg,240T,True,240T,55.6,against,ahead,fvg,55.6,against,1,1b,breakout,ny_judas,ny,,,False,2,2,W|15T,-1,False,15T,60T,False,0,,,,False,False,False,False,,True,single,22.5,9.0,6.0,2.0,high,6.4,True,2025-04-22 04:00:00+00:00,2025-04-22 06:00:00+00:00,2025-04-22 06:15:00+00:00,2025-04-22 06:25:00+00:00,False,discount,eqh,m15_range,False,False,,against,,,,,,,,,,,,,,,0,,0,,False,0,3,True,False,0,True,False,False,True,,,equal_hl,1.130925,0,13.1,5.8,131.1,600.3,756.1,1197.0
EURUSD,1,-1,1.1367800000000001,1.13372896,14062,1.1357800000000002,1.13368896,793.7189028800301,2025-04-28 07:05:00+00:00,2025-04-28 07:55:00+00:00,target,amd_breaker_m5,momentum,fib_extension,near,ob,240T,False,,57.0,against,ahead,ifvg,57.0,against,1,1b,judas,london_judas,london,,D,False,4,2,W,-1,False,,,False,0,,240T,,False,False,False,False,,True,single,28.5,11.0,2.0,2.0,high,0.8,True,2025-04-28 03:45:00+00:00,2025-04-28 06:15:00+00:00,2025-04-28 06:30:00+00:00,2025-04-28 06:30:00+00:00,,,,m15_range,False,False,,against,,,,,,,,,,,,,,,0,,0,,False,0,4,True,True,0,True,False,False,True,,,equal_hl,1.1321966666666667,0,38.6,28.9,53.2,104.8,635.9,1009.0
EURUSD,1,1,1.1387699999999998,1.1397299999999997,28125,1.1397699999999997,1.14199,499.49999999992184,2025-04-29 13:30:00+00:00,2025-04-29 14:40:00+00:00,stop,amd_m1_shift_ob,golden,swing,,,,False,,76.9,with,behind,ifvg,76.9,with,2,golden,mm_golden,ny_golden,ny,,,False,5,0,,0,False,,,False,0,,,,False,False,False,False,,False,,27.3,16.0,2.0,2.0,low,,True,,,,,,,,m15_range,False,False,,golden,own_ob,240T,respected,15T,2a,15T,ob,,,s2:noref:eu,60T:dxy,1.13292,1.13805,5T,0,,0,,True,2,5,True,True,0,True,False,True,True,continuation,d1_fvg,equal_hl,1.1393,0,29.2,0.0,0.0,0.0,0.0,0.0
EURUSD,1,1,1.1373099999999998,1.13683,22500,1.13687,1.1406,-199.79999999992253,2025-04-30 13:30:00+00:00,2025-04-30 13:35:00+00:00,stop,amd_m1_shift_ob,golden,fib_extension,,,,False,,3.1,with,behind,fvg,3.1,with,2,golden,mm_golden,ny_golden,ny,,,False,3,0,,0,False,,,False,0,,,,False,False,False,False,,False,,30.4,16.0,2.0,2.0,low,,True,,,,,,,,m15_range,False,False,,golden,own_ob,240T,respected,15T,2a,15T,ob,,,s3:smt:gu,60T:dxy,1.13292,1.13805,15T,0,,0,,True,2,4,True,False,0,True,False,True,True,inside,breaker,equal_hl,1.13837,0,0.8,0.0,0.0,0.0,0.0,0.0
EURUSD,1,1,1.1346399999999999,1.1345999999999998,28125,1.1346399999999999,1.138065,-20.812500000020815,2025-05-05 13:15:00+00:00,2025-05-05 13:20:00+00:00,stop,amd_ob_m5,momentum,equal_hl,near,ob,D,True,D,0.0,against,inside,ifvg,0.0,against,2,3b,breakout,ny_judas,ny,,,False,6,2,D|60T|15T,1,False,D,D|60T,False,0,,,,False,False,True,False,,True,single,34.3,33.0,5.0,2.0,low,1.9,True,2025-05-05 00:45:00+00:00,2025-05-05 08:45:00+00:00,2025-05-05 09:00:00+00:00,2025-05-05 09:00:00+00:00,,,,m15_range,False,False,,golden,,,,,,,,,,,,,,,0,,0,,False,0,3,True,False,0,True,False,False,True,,,equal_hl,1.13645,0,10.9,11.9,35.3,227.4,227.4,227.4
GBPUSD,1,1,1.33059,1.3315399999999997,28125,1.3315899999999998,1.33362,494.2968749998878,2025-05-06 08:15:00+00:00,2025-05-06 09:55:00+00:00,stop,amd_fvg_m15,momentum,pdh_pdl,near,ob,D,False,,39.3,against,ahead,ob,0.0,against,2,2b_h4,breakout,london_judas,london,,,False,4,2,,1,False,,D,False,-1,60T,,,False,False,True,False,,True,dual,33.2,12.0,4.0,2.0,low,2.0,True,2025-05-05 23:30:00+00:00,2025-05-06 02:15:00+00:00,2025-05-06 02:30:00+00:00,2025-05-06 02:30:00+00:00,True,premium,pdl,m15_range,False,False,,against,,,,,,,,,,,,,,,0,,0,,False,0,3,True,False,0,True,False,False,True,,,equal_hl,1.333335,0,27.5,,31.3,118.6,138.9,138.9
NZDUSD,1,1,0.598365,0.59729,22500,0.597365,0.6024999999999999,-447.46875000002007,2025-05-06 08:00:00+00:00,2025-05-06 10:10:00+00:00,stop,mss_fvg_m5,momentum,fib_extension,d3,ifvg,W,False,,123.0,with,behind,fvg,123.0,with,2,N-long,judas,london_judas,london,,,False,5,2,60T,1,False,60T,D,False,-1,60T,,,False,False,True,False,,True,single,18.5,13.0,4.0,2.0,high,0.9,False,2025-05-06 04:45:00+00:00,2025-05-06 07:45:00+00:00,2025-05-06 08:00:00+00:00,2025-05-06 08:05:00+00:00,False,premium,eqh,m15_range,False,False,,,,,,,,,,,,,,,,,0,,0,,False,0,3,True,False,0,False,False,True,True,continuation,w_fvg,equal_hl,0.5986366666666666,0,6.7,,13.1,46.4,46.4,46.4
GBPUSD,1,-1,1.33155,1.3306000000000002,17577,1.3305500000000001,1.32851,308.9157749999299,2025-05-08 07:00:00+00:00,2025-05-08 07:15:00+00:00,stop,amd_fvg_h1,momentum,swing,near,ob,D,False,,29.7,with,behind,ob,0.0,with,1,1a_ip,breakout,london_judas,london,,,False,4,0,,0,False,,,False,0,,240T,,False,False,False,False,,True,single,24.3,10.0,2.0,3.0,high,9.2,True,2025-05-07 11:45:00+00:00,2025-05-07 14:00:00+00:00,2025-05-07 15:45:00+00:00,2025-05-07 15:45:00+00:00,False,discount,eqh,m15_range,False,False,,golden,,,,,,,,,,,,,,,0,,0,,False,0,4,False,False,1,True,False,True,True,continuation,d1_fvg,equal_hl,1.32797,0,22.1,36.8,56.6,83.4,608.6,757.6
EURUSD,1,1,1.1242299999999998,1.1241899999999998,14062,1.1242299999999998,1.12792416,-10.405880000010407,2025-05-09 08:00:00+00:00,2025-05-09 09:25:00+00:00,stop,amd_fvg_m5,momentum,fib_extension,near,ifvg,240T,True,240T,29.3,with,behind,ifvg,29.3,with,1,3b,breakout,london_judas,london,,,False,3,2,D,1,False,D,D|240T,False,0,,D,,False,False,True,False,,True,dual,24.1,39.0,2.0,2.0,low,14.2,True,2025-05-08 17:15:00+00:00,2025-05-09 02:45:00+00:00,2025-05-09 03:00:00+00:00,2025-05-09 03:10:00+00:00,True,discount,pdl,m15_range,False,False,,golden,,,,,,,,,,,,,,,0,,0,,False,0,4,False,False,1,True,False,True,True,continuation,d1_fvg,equal_hl,1.13385,0,15.8,,139.4,331.5,331.5,331.5
EURUSD,1,-1,1.11815,1.11919,9000,1.1191499999999999,1.115,-173.15999999998832,2025-05-12 08:00:00+00:00,2025-05-12 08:05:00+00:00,stop,amd_fvg_m5,momentum,round_number,near,fvg,W,False,,0.0,against,inside,ifvg,0.0,against,1,1b,breakout,london_judas,london,,,False,2,2,W|60T|15T,-1,False,60T,60T,False,0,,,,False,False,False,False,,True,dual,31.7,14.0,3.0,2.0,high,5.1,True,2025-05-11 22:15:00+00:00,2025-05-12 01:30:00+00:00,2025-05-12 02:00:00+00:00,2025-05-12 02:05:00+00:00,,,,m15_range,False,False,confirmed,against,,,,,,,,,,,,,,,0,,0,,False,0,3,True,False,0,True,False,False,True,,,equal_hl,1.08939,0,1.4,,,,293.8,794.1
NZDUSD,1,-1,0.591355,0.59243,11250,0.592355,0.5877499999999999,-223.73437500001003,2025-05-12 08:00:00+00:00,2025-05-12 08:10:00+00:00,stop,amd_breaker_m5,momentum,fib_extension,near,ifvg,W,False,,6.7,with,behind,fvg,6.7,with,1,N-short,breakout,london_judas,london,,,False,4,2,,0,True,,60T,False,0,,D,,False,False,True,False,,True,dual,31.3,71.0,4.0,2.0,high,5.7,True,2025-05-09 14:15:00+00:00,2025-05-12 07:45:00+00:00,2025-05-12 08:00:00+00:00,2025-05-12 08:00:00+00:00,,,,m15_range,False,False,,,,,,,,,,,,,,,,,0,,0,,False,0,4,True,False,0,True,False,True,True,continuation,w_fvg,equal_hl,0.586545,0,9.4,7.0,44.6,21.5,429.7,429.7
GBPUSD,1,1,1.32202,1.3229699999999998,18750,1.3230199999999999,1.32578,329.5312499999252,2025-05-13 13:05:00+00:00,2025-05-13 13:50:00+00:00,stop,amd_ob_m5,momentum,pdh_pdl,near,ifvg,240T,True,240T,56.4,with,behind,ifvg,56.4,with,3,2b_ip,judas,ny_judas,ny,,,False,5,2,D|15T,1,False,D,D|240T,False,0,,,,False,False,True,False,,True,single,21.2,8.0,2.0,3.0,low,30.2,True,2025-05-12 14:00:00+00:00,2025-05-12 15:45:00+00:00,2025-05-12 19:30:00+00:00,2025-05-12 19:30:00+00:00,False,premium,eql,m15_range,False,False,confirmed,against,,,,,,,,,,,,,,,0,,0,,False,0,3,True,False,0,True,False,False,True,,,equal_hl,1.32737,0,21.4,0.7,103.1,224.6,224.6,224.6
GBPUSD,1,1,1.33412,1.3334199999999998,28125,1.33347,1.3376864000000002,-364.21875000007543,2025-05-14 11:35:00+00:00,2025-05-14 12:15:00+00:00,stop,amd_m1_shift_ifvg,golden,fib_extension,,,,False,,4.0,against,ahead,ob,0.0,against,2,golden,mm_golden,ny_golden,ny,,,False,4,0,,0,False,,,False,0,,,,False,False,False,False,,False,,15.7,16.0,3.0,2.0,low,,True,,,,,,,,m15_range,False,False,,golden,cascade,,failed,,2b,60T,ifvg,,,s2:cont:eu+gu+dxy,15T:pair,1.33303,1.33372,60T,0,,0,,True,1,2,False,False,0,True,False,False,True,,,equal_hl,1.33407,0,9.9,0.0,0.0,0.0,0.0,0.0
EURUSD,1,1,1.11865,1.12191,7812,1.1196499999999998,1.12195,471.1417200000059,2025-05-19 07:00:00+00:00,2025-05-19 08:20:00+00:00,target,mss_ob_m5,momentum,swing,near,fvg,W,False,,154.4,against,ahead,ob,91.7,with,1,3b,breakout,london_judas,london,W,,False,3,1,15T,0,False,15T,240T,False,-1,60T,,,False,False,False,False,,True,single,22.8,15.0,2.0,4.0,high,4.9,False,2025-05-18 22:00:00+00:00,2025-05-19 01:30:00+00:00,2025-05-19 02:00:00+00:00,2025-05-19 02:00:00+00:00,,,,m15_range,False,False,,golden,,,,,,,,,,,,,,,0,,0,,False,0,3,True,False,0,False,False,True,True,continuation,w_fvg,equal_hl,1.12237,0,35.4,13.2,42.3,195.2,387.3,387.3
GBPUSD,1,1,1.33253,1.335745,15000,1.3335299999999999,1.335795,892.162499999991,2025-05-19 08:00:00+00:00,2025-05-19 08:30:00+00:00,target,amd_fvg_m5,momentum,equal_hl,d3,ifvg,D,False,,19.9,against,ahead,ob,0.0,against,3,2b_ip,breakout,london_judas,london,,,False,3,1,15T,0,False,15T,240T,False,-1,60T,,,False,False,True,False,,True,single,20.3,15.0,2.0,3.0,low,3.3,True,2025-05-18 23:15:00+00:00,2025-05-19 02:45:00+00:00,2025-05-19 03:00:00+00:00,2025-05-19 03:05:00+00:00,,,,m15_range,False,False,confirmed,against,,,,,,,,,,,,,,,0,,0,,False,0,3,True,False,0,True,False,False,True,,,equal_hl,1.340295,0,39.3,,8.0,78.1,119.5,119.5
EURUSD,1,1,1.12607,1.1260299999999999,22500,1.12607,1.1306304600000001,-16.65000000001665,2025-05-20 08:00:00+00:00,2025-05-20 09:15:00+00:00,stop,amd_ob_m5,momentum,fib_extension,d3,ob,W,False,,80.2,against,ahead,ob,68.5,against,2,3b,breakout,london_judas,london,,,False,2,1,60T|15T,0,False,60T,60T,False,0,,,,False,False,True,False,,True,single,30.8,35.0,2.0,3.0,low,6.1,True,2025-05-19 16:30:00+00:00,2025-05-20 01:00:00+00:00,2025-05-20 01:30:00+00:00,2025-05-20 01:30:00+00:00,False,premium,none,m15_range,False,False,confirmed,golden,,,,,,,,,,,,,,,0,,0,,False,0,4,True,False,0,True,False,True,True,continuation,d1_fvg,equal_hl,1.1287449999999999,0,17.1,,28.1,121.0,313.1,313.1
GBPUSD,1,-1,1.33599,1.3350400000000002,14062,1.3349900000000001,1.33236194,247.1396499999439,2025-05-20 13:00:00+00:00,2025-05-20 14:45:00+00:00,stop,amd_ob_m5,momentum,fib_extension,near,fvg,D,True,240T,0.0,with,inside,ifvg,0.0,with,0,1a_h4,breakout,ny_judas,ny,,D,False,3,2,60T,-1,False,60T,D,False,1,60T,240T,,False,False,False,False,,True,single,21.8,16.0,2.0,3.0,high,11.5,True,2025-05-20 04:15:00+00:00,2025-05-20 08:00:00+00:00,2025-05-20 08:45:00+00:00,2025-05-20 08:55:00+00:00,False,discount,eqh,m15_range,False,False,,golden,,,,,,,,,,,,,,,0,,0,,False,0,3,True,False,0,True,False,False,True,,,equal_hl,1.33009,0,25.4,7.4,110.6,149.2,221.5,653.0
EURUSD,1,1,1.1333,1.1342599999999998,22500,1.1342999999999999,1.13710608,399.5999999999375,2025-05-21 11:00:00+00:00,2025-05-21 11:50:00+00:00,stop,amd_m1_shift_ifvg,golden,fib_extension,,,,False,,7.9,against,ahead,ob,0.0,against,2,golden,mm_golden,ny_golden,ny,,,False,1,0,,0,False,,,False,0,,,,False,False,False,False,,False,,24.2,10.0,2.0,2.0,low,,True,,,,,,,,m15_range,False,False,,golden,own_ob,240T,respected,,2a,15T,ifvg,,,s3:none:none,15T:sister,1.12995,1.13145,15T,0,,0,,True,2,4,True,False,0,True,False,True,True,continuation,w_fvg,equal_hl,1.13385,0,29.0,0.0,0.0,0.0,0.0,0.0
NZDUSD,1,1,0.5922350000000001,0.59533194,27000,0.5932350000000001,0.59540694,1546.9215299999685,2025-05-23 08:00:00+00:00,2025-05-23 10:35:00+00:00,target,amd_ob_m5,momentum,fib_extension,near,,,False,,61.7,with,behind,ifvg,61.7,with,3,N-long,breakout,london_judas,london,,,False,3,2,240T|15T,0,True,240T,,False,1,D,D,,False,False,True,False,,True,single,15.1,31.0,3.0,3.0,low,5.3,True,2025-05-22 14:15:00+00:00,2025-05-22 21:45:00+00:00,2025-05-22 22:00:00+00:00,2025-05-22 22:00:00+00:00,False,premium,eql,m15_range,False,False,,,,,,,,,,,,,,,,,0,,0,,False,0,3,False,False,0,True,False,True,True,continuation,w_fvg,equal_hl,0.5944242857142857,0,35.0,,46.4,101.2,107.7,107.7
EURUSD,1,1,1.1316499999999998,1.1356173,14062,1.1326499999999997,1.1356573,1032.0811931000596,2025-05-23 08:00:00+00:00,2025-05-23 11:15:00+00:00,target,amd_fvg_m5,judas,fib_extension,near,ifvg,D,True,240T,24.4,against,ahead,ob,12.7,against,1,3b,breakout,london_judas,london,,,False,6,2,240T|15T,0,True,240T,,False,1,D,,,False,False,True,False,,False,,8.3,8.0,2.0,4.0,low,0.5,True,2025-05-22 20:00:00+00:00,2025-05-22 21:45:00+00:00,2025-05-22 22:00:00+00:00,2025-05-22 22:00:00+00:00,False,premium,eql,m15_range,False,False,confirmed,golden,,,,,,,,,,,,,,,0,,0,,False,0,3,False,False,0,True,False,True,True,continuation,w_fvg,equal_hl,1.134045,0,40.7,3.0,47.2,65.2,257.3,257.3
EURUSD,1,-1,1.13721,1.13825,9000,1.13821,1.12787,-173.15999999998832,2025-05-26 13:15:00+00:00,2025-05-26 14:35:00+00:00,stop,amd_ob_m5,momentum,pdh_pdl,near,ob,W,True,240T,13.6,against,ahead,ob,0.0,with,0,3a,breakout,ny_judas,ny,,240T,False,3,2,W,-1,False,,D,False,0,,D,,False,False,True,False,,True,dual,12.1,9.0,2.0,4.0,high,1.3,True,2025-05-26 03:15:00+00:00,2025-05-26 05:15:00+00:00,2025-05-26 06:45:00+00:00,2025-05-26 06:55:00+00:00,,,,m15_range,False,False,,against,,,,,,,,,,,,,,,0,,0,,False,0,3,True,False,0,True,False,False,True,,,equal_hl,1.13694,0,3.3,,117.2,307.9,307.9,640.2
EURUSD,1,-1,1.13791,1.1337602400000002,22500,1.13691,1.1337202400000002,1727.3375999999087,2025-05-27 07:45:00+00:00,2025-05-27 08:55:00+00:00,target,amd_fvg_m15,judas,fib_extension,near,ob,W,False,,20.6,against,ahead,fvg,20.6,against,2,3a,breakout,london_judas,london,,,False,1,2,W,-1,False,,D,False,1,D,240T,,False,False,True,False,,True,single,34.2,71.0,3.0,2.0,high,4.1,True,2025-05-26 08:15:00+00:00,2025-05-27 01:45:00+00:00,2025-05-27 02:00:00+00:00,2025-05-27 02:05:00+00:00,False,discount,eqh,m15_range,False,False,,against,,,,,,,,,,,,,,,0,,0,,False,0,3,True,False,0,True,False,False,True,,,equal_hl,1.135815,0,42.1,1.4,101.3,314.9,314.9,647.2
EURUSD,1,1,1.12879,1.12775,14062,1.12779,1.13330004,-270.55287999998177,2025-05-29 11:15:00+00:00,2025-05-29 12:40:00+00:00,stop,amd_fvg_h1,momentum,fib_extension,near,ob,W,False,,57.5,against,ahead,fvg,57.5,against,1,3b,breakout,ny_judas,ny,,,False,2,1,240T|15T,0,False,240T,240T,False,1,D,D,,False,False,True,False,,True,single,17.0,31.0,2.0,3.0,low,73.4,True,2025-05-28 16:15:00+00:00,2025-05-28 23:45:00+00:00,2025-05-29 00:30:00+00:00,2025-05-29 00:40:00+00:00,True,discount,pdl,m15_range,False,False,,golden,,,,,,,,,,,,,,,0,,0,,False,0,4,True,False,0,True,False,True,True,continuation,d1_fvg,equal_hl,1.1287449999999999,0,3.2,9.9,131.5,,137.8,285.9
GBPUSD,1,1,1.3504099999999999,1.3538966399999999,27000,1.3514099999999998,1.35394664,1741.5766799999926,2025-06-02 07:00:00+00:00,2025-06-02 08:05:00+00:00,target,amd_fvg_h1,momentum,fib_extension,d3,ob,D,False,,0.0,with,inside,fvg,0.0,with,3,2b_ip,judas,london_judas,london,,,False,3,1,15T,0,False,15T,,False,-1,60T,,,False,False,True,False,,True,single,28.4,13.0,2.0,2.0,low,4.7,True,2025-06-02 01:15:00+00:00,2025-06-02 04:15:00+00:00,2025-06-02 04:30:00+00:00,2025-06-02 04:35:00+00:00,,,,m15_range,False,False,,against,,,,,,,,,,,,,,,0,,0,,False,0,4,True,True,0,True,False,False,True,,,equal_hl,1.35404,0,35.6,2.5,7.3,38.8,89.8,89.8
EURUSD,1,1,1.1406999999999998,1.1416599999999997,22500,1.1416999999999997,1.14552712,399.5999999999375,2025-06-02 08:00:00+00:00,2025-06-02 09:25:00+00:00,stop,amd_fvg_m5,momentum,fib_extension,d30,,,False,,189.2,with,behind,ob,0.0,against,2,3b,breakout,london_judas,london,,,False,2,1,15T,0,False,15T,,False,-1,60T,,,False,False,True,False,,True,single,33.7,41.0,4.0,5.0,low,10.8,True,2025-05-30 03:15:00+00:00,2025-05-30 13:15:00+00:00,2025-05-30 14:45:00+00:00,2025-05-30 14:45:00+00:00,,,,m15_range,False,False,,golden,,,,,,,,,,,,,,,0,,0,,False,0,5,True,True,0,True,False,True,True,continuation,breaker,equal_hl,1.1439,0,29.7,,,,18.7,166.8
EURUSD,1,-1,1.14053,1.13739428,28125,1.1395300000000002,1.13735428,1631.5543124999756,2025-06-03 11:05:00+00:00,2025-06-03 15:00:00+00:00,target,amd_ob_m15,momentum,fib_extension,near,ob,W,True,240T,187.5,against,ahead,ob,185.8,against,2,3a,judas,ny_judas,ny,,,False,4,2,W|D|240T,-1,False,D,D|240T,False,1,60T,D,,False,False,True,False,,True,single,20.3,20.0,2.0,2.0,high,0.6,True,2025-06-02 20:00:00+00:00,2025-06-03 00:45:00+00:00,2025-06-03 01:00:00+00:00,2025-06-03 01:00:00+00:00,True,discount,pdh,m15_range,False,False,,against,,,,,,,,,,,,,,,0,,0,,False,0,4,True,True,0,True,False,False,True,,,equal_hl,1.1367566666666666,0,32.6,,93.9,234.1,341.1,673.4
EURUSD,1,1,1.14248,1.14244,14062,1.14248,1.14572,-10.405880000010407,2025-06-09 07:20:00+00:00,2025-06-09 11:00:00+00:00,stop,mss_ob_m5,momentum,swing,near,,,False,,60.9,with,behind,ifvg,60.9,with,1,3b,judas,london_judas,london,,,False,5,1,240T|15T,0,False,240T,240T,False,-1,60T,,,False,False,False,False,,True,single,34.8,34.0,2.0,3.0,high,0.2,False,2025-06-06 19:00:00+00:00,2025-06-09 03:15:00+00:00,2025-06-09 03:30:00+00:00,2025-06-09 03:30:00+00:00,,,,m15_range,False,False,,golden,,,,,,,,,,,,,,,0,,0,,False,0,3,True,False,0,False,False,True,True,continuation,d1_fvg,equal_hl,1.143675,0,14.3,1.4,70.9,,70.9,149.0
NZDUSD,1,1,0.604465,0.60439,33750,0.604465,0.60797,-46.8281250000295,2025-06-09 07:40:00+00:00,2025-06-09 13:10:00+00:00,stop,amd_ob_m5,momentum,pdh_pdl,near,ob,240T,False,,57.4,with,behind,fvg,57.4,with,3,N-long,judas,london_judas,london,,,False,5,2,D|240T|15T,1,False,D,240T,False,-1,60T,D,,False,False,True,False,,True,single,14.9,22.0,2.0,2.0,low,6.5,True,2025-06-06 16:30:00+00:00,2025-06-06 21:45:00+00:00,2025-06-08 22:00:00+00:00,2025-06-08 22:05:00+00:00,,,,m15_range,False,False,,,,,,,,,,,,,,,,,0,,0,,False,0,4,True,False,0,True,False,True,True,continuation,w_fvg,equal_hl,0.6052150000000001,0,20.4,,36.3,,36.3,36.3
EURUSD,1,-1,1.1406,1.14064,7812,1.1406,1.13715,-5.780880000005782,2025-06-09 13:20:00+00:00,2025-06-09 15:10:00+00:00,stop,amd_ob_m5,momentum,swing,near,ifvg,D,False,,42.1,against,ahead,ifvg,42.1,against,1,3a,judas,ny_judas,ny,,,False,4,2,W|60T,-1,False,60T,60T,False,0,,240T,,False,False,False,False,,True,single,25.1,29.0,2.0,3.0,high,3.2,True,2025-06-09 02:45:00+00:00,2025-06-09 09:45:00+00:00,2025-06-09 10:15:00+00:00,2025-06-09 10:20:00+00:00,,,,m15_range,False,False,,against,,,,,,,,,,,,,,,0,,0,,False,0,3,True,False,0,True,False,False,True,,,equal_hl,1.1389733333333334,0,19.6,1.4,35.4,196.6,341.8,628.7
EURUSD,1,1,1.15872,1.15768,15625,1.15772,1.1645866000000002,-300.62499999997976,2025-06-12 11:15:00+00:00,2025-06-12 11:20:00+00:00,stop,amd_fvg_m5,momentum,fib_extension,near,,,False,,223.3,with,behind,ifvg,223.3,with,2,2a,judas,ny_judas,ny,,,False,2,1,60T,0,False,60T,60T,False,0,,,,False,False,True,False,,True,single,15.6,11.0,2.0,2.0,low,4.7,True,2025-06-12 04:00:00+00:00,2025-06-12 06:30:00+00:00,2025-06-12 08:30:00+00:00,2025-06-12 08:40:00+00:00,True,premium,eql,m15_range,False,False,,golden,,,,,,,,,,,,,,,0,,0,,False,0,1,False,False,0,True,False,False,False,,,,0.0,0,0.0,,,,,
EURUSD,1,1,1.15624,1.1571999999999998,15625,1.1572399999999998,1.16068236,277.4999999999566,2025-06-16 07:45:00+00:00,2025-06-16 11:15:00+00:00,stop,amd_fvg_m5,momentum,fib_extension,near,,,False,,60.7,with,behind,ifvg,60.7,with,2,3b,breakout,london_judas,london,,,False,4,1,240T,0,False,240T,240T,False,-1,60T,,,False,False,True,False,,True,dual,21.3,25.0,2.0,5.0,low,1.8,True,2025-06-15 22:00:00+00:00,2025-06-16 04:00:00+00:00,2025-06-16 04:15:00+00:00,2025-06-16 04:20:00+00:00,,,,m15_range,False,False,opposing,golden,,,,,,,,,,,,,,,0,,0,,False,0,3,True,False,0,True,False,False,True,,,equal_hl,1.1614499999999999,0,24.1,,69.6,,69.6,69.6
GBPUSD,1,1,1.34652,1.3464699999999998,5000,1.34652,1.35607,-4.62500000000976,2025-06-18 07:20:00+00:00,2025-06-18 08:00:00+00:00,stop,amd_fvg_m15,momentum,pdh_pdl,near,ob,D,True,240T,130.7,with,behind,fvg,130.7,with,0,2b_ip,breakout,london_judas,london,,,False,3,2,D|240T,1,False,D,,False,0,,D,,False,False,True,False,,True,single,32.6,35.0,6.0,2.0,low,-24.0,True,2025-06-17 22:15:00+00:00,2025-06-18 06:45:00+00:00,2025-06-18 07:00:00+00:00,2025-06-18 07:00:00+00:00,False,discount,eql,session_range,False,False,confirmed,against,,,,,,,,,,,,,,,0,,0,,False,0,3,True,False,-1,True,False,False,True,,,equal_hl,1.347026666666667,0,11.1,,157.8,151.9,167.8,167.8
GBPUSD,1,-1,1.3601,1.36105,7812,1.361,1.35613,-137.29590000000093,2025-06-25 13:15:00+00:00,2025-06-25 14:15:00+00:00,stop,amd_fvg_m5,momentum,fib_extension,near,fvg,D,True,D,70.4,against,ahead,fvg,70.4,against,0,1a_ip,breakout,ny_judas,ny,,240T,False,2,0,,0,False,,,False,1,60T,240T,,False,False,False,False,,True,single,30.2,16.0,2.0,4.0,high,-16.1,True,2025-06-25 07:00:00+00:00,2025-06-25 10:45:00+00:00,2025-06-25 12:15:00+00:00,2025-06-25 12:15:00+00:00,False,premium,pwh,session_range,False,False,confirmed,golden,,,,,,,,,,,,,,,0,,0,,False,0,3,True,False,0,True,False,False,True,,,equal_hl,1.3535625,0,10.7,0.5,231.9,146.0,231.9,462.6
GBPUSD,1,1,1.37224,1.3721899999999998,5000,1.37224,1.3754250399999999,-4.62500000000976,2025-06-26 08:00:00+00:00,2025-06-26 08:30:00+00:00,stop,amd_fvg_m5,momentum,fib_extension,near,,,False,,132.1,with,behind,fvg,132.1,with,1,2b_ip,breakout,london_judas,london,,,False,2,2,D|15T,1,False,D,60T,False,0,,,,False,False,False,False,,True,single,32.4,71.0,2.0,2.0,low,10.7,True,2025-06-24 19:30:00+00:00,2025-06-25 13:00:00+00:00,2025-06-25 13:30:00+00:00,2025-06-25 13:30:00+00:00,False,premium,eql,m15_range,False,False,confirmed,against,,,,,,,,,,,,,,,0,,0,,False,0,1,False,False,0,True,False,False,False,,,,0.0,0,17.8,3.2,,,,
EURUSD,1,1,1.17103,1.1719899999999999,15625,1.17203,1.17425,277.4999999999566,2025-06-27 11:50:00+00:00,2025-06-27 13:30:00+00:00,stop,amd_m1_shift_ifvg,golden,equal_hl,,,,False,,51.2,with,behind,fvg,51.2,with,2,golden,mm_golden,ny_golden,ny,,,False,5,0,,0,False,,,False,0,,,,False,False,False,False,,False,,25.5,15.0,3.0,2.0,low,,True,,,,,,,,m15_range,False,False,,golden,cascade,240T,failed,,2a,60T,ifvg,,,s2:cont:eu+gu+dxy,240T:pair+dxy,1.16935,1.17068,60T,0,,0,,True,1,3,False,False,0,True,False,True,True,continuation,d1_fvg,equal_hl,1.1749399999999999,0,27.5,0.0,0.0,0.0,0.0,0.0
EURUSD,1,1,1.17373,1.17269,22500,1.17273,1.1771881000000002,-432.8999999999708,2025-06-27 13:30:00+00:00,2025-06-27 14:25:00+00:00,stop,amd_fvg_m15,momentum,fib_extension,d60,,,False,,78.2,with,behind,fvg,78.2,with,2,2a,breakout,ny_judas,ny,,240T,False,1,2,D|240T,1,False,D,,False,-1,60T,,,False,False,True,False,,True,single,25.5,15.0,3.0,2.0,low,0.3,True,2025-06-27 07:45:00+00:00,2025-06-27 11:15:00+00:00,2025-06-27 11:30:00+00:00,2025-06-27 11:30:00+00:00,False,premium,eql,m15_range,False,False,,golden,,,,,,,,,,,,,,,0,,0,,False,0,3,False,False,0,True,False,True,True,continuation,d1_fvg,equal_hl,1.1749399999999999,0,16.6,,8.5,,8.5,8.5
EURUSD,1,1,1.1739499999999998,1.17291,15625,1.17295,1.1782853399999997,-300.62499999997976,2025-06-30 07:40:00+00:00,2025-06-30 08:25:00+00:00,stop,amd_fvg_m15,momentum,fib_extension,d60,,,False,,56.7,with,behind,fvg,56.7,with,2,3b,judas,london_judas,london,,,False,2,2,D|240T,1,False,D,,False,1,60T,240T,,False,False,True,False,,True,single,19.8,16.0,3.0,3.0,low,3.4,True,2025-06-30 00:30:00+00:00,2025-06-30 04:15:00+00:00,2025-06-30 04:45:00+00:00,2025-06-30 04:55:00+00:00,,,,m15_range,False,False,,golden,,,,,,,,,,,,,,,0,,0,,False,0,5,True,True,0,True,False,True,True,continuation,d1_fvg,equal_hl,1.1749399999999999,0,11.1,,15.3,,15.3,15.3
GBPUSD,1,-1,1.37021,1.3692600000000001,12500,1.36921,1.36659,219.68749999995012,2025-06-30 13:00:00+00:00,2025-06-30 15:20:00+00:00,stop,amd_ob_m15,judas,pdh_pdl,near,fvg,D,True,240T,19.4,against,ahead,fvg,19.4,against,2,1a_h4,judas,ny_judas,ny,,,False,2,1,60T,0,False,60T,,False,1,60T,,,False,False,True,False,,False,,14.2,13.0,3.0,3.0,high,7.0,True,2025-06-30 09:00:00+00:00,2025-06-30 12:00:00+00:00,2025-06-30 12:15:00+00:00,2025-06-30 12:25:00+00:00,,,,m15_range,False,False,,golden,,,,,,,,,,,,,,,0,,0,,False,0,4,True,True,0,True,False,False,True,,,equal_hl,1.367835,0,28.1,12.8,37.2,320.7,333.0,563.7
EURUSD,1,-1,1.17609,1.17263,6250,1.17259,1.17169,400.06250000000216,2025-07-07 07:25:00+00:00,2025-07-07 13:40:00+00:00,stop,amd_ob_m5,momentum,pdh_pdl,near,,,True,D,0.0,against,inside,ifvg,0.0,against,1,3a,judas,london_judas,london,,,False,6,2,W|240T,-1,False,240T,60T,False,0,,D,,False,False,True,False,,True,single,13.5,39.0,2.0,3.0,high,4.8,True,2025-07-04 15:15:00+00:00,2025-07-07 00:45:00+00:00,2025-07-07 01:15:00+00:00,2025-07-07 01:15:00+00:00,,,,m15_range,False,False,,against,,,,,,,,,,,,,,,0,,0,,False,0,3,True,False,0,True,False,False,True,,,equal_hl,1.1751200000000002,0,43.0,,44.9,308.5,411.2,696.7
NZDUSD,1,-1,0.600555,0.60063,10000,0.600555,0.59696336,-13.875000000008741,2025-07-07 08:40:00+00:00,2025-07-07 14:35:00+00:00,stop,mss_fvg_m5,momentum,fib_extension,near,ifvg,D,True,240T,0.0,against,inside,fvg,0.0,against,2,N-short,breakout,london_judas,london,,,False,2,2,W|60T,-1,False,W,60T,False,0,,,,False,False,True,False,,True,single,30.5,19.0,2.0,2.0,low,1.9,False,2025-07-07 02:45:00+00:00,2025-07-07 07:15:00+00:00,2025-07-07 07:30:00+00:00,2025-07-07 07:35:00+00:00,,,,m15_range,False,False,,,,,,,,,,,,,,,,,0,,0,,False,0,3,True,False,0,False,False,True,True,continuation,breaker,equal_hl,0.60036,0,17.5,,,124.2,124.2,160.6
GBPUSD,1,-1,1.35914,1.35569,9765,1.35564,1.3555151600000002,623.2511249999915,2025-07-08 11:00:00+00:00,2025-07-08 14:25:00+00:00,stop,amd_fvg_m5,momentum,fib_extension,d3,ifvg,D,True,240T,1.1,against,ahead,ifvg,1.1,against,1,1a,judas,ny_judas,ny,,,False,4,1,240T|60T,0,False,240T,60T,False,1,60T,240T,,False,False,False,False,,True,dual,10.8,9.0,2.0,2.0,high,12.0,True,2025-07-08 05:45:00+00:00,2025-07-08 07:45:00+00:00,2025-07-08 08:45:00+00:00,2025-07-08 08:50:00+00:00,False,discount,eqh,m15_range,False,False,,golden,,,,,,,,,,,,,,,0,,0,,False,0,4,True,False,0,True,False,True,True,continuation,pdhl,equal_hl,1.3535625,0,43.8,,17.5,222.3,222.3,453.0
EURUSD,1,1,1.17318,1.1726699999999999,22500,1.17271,1.1764495800000003,-212.28750000000437,2025-07-10 11:45:00+00:00,2025-07-10 12:00:00+00:00,stop,amd_m1_shift_fvg,golden,fib_extension,,,,False,,33.2,against,ahead,fvg,33.2,against,2,golden,mm_golden,ny_golden,ny,,,False,3,0,,0,False,,,False,0,,,,False,False,False,False,,False,,18.5,29.0,3.0,2.0,low,,True,,,,,,,,m15_range,False,False,,golden,cascade,240T,failed,,2a,60T,fvg,,,s2:smt:gu,15T:pair+sister,1.17249,1.17354,15T,0,,0,,True,1,4,True,False,0,True,False,True,True,continuation,w_fvg,equal_hl,1.17494,0,0.0,0.0,0.0,0.0,0.0,0.0
GBPUSD,1,-1,1.35571,1.35676,21971,1.3567099999999999,1.35256,-426.7866749999981,2025-07-10 13:30:00+00:00,2025-07-10 14:00:00+00:00,stop,amd_fvg_m5,momentum,swing,near,ifvg,D,False,,0.0,against,inside,ifvg,0.0,against,1,1a,breakout,ny_judas,ny,,,False,5,1,240T,0,False,240T,,False,1,60T,240T,,False,False,False,False,,True,dual,29.2,35.0,2.0,2.0,high,2.1,True,2025-07-09 23:15:00+00:00,2025-07-10 07:45:00+00:00,2025-07-10 08:15:00+00:00,2025-07-10 08:15:00+00:00,True,discount,pdh,m15_range,False,False,,golden,,,,,,,,,,,,,,,0,,0,,False,0,3,False,False,0,True,False,True,True,continuation,pdhl,equal_hl,1.3535080000000002,0,0.3,,32.5,188.0,188.0,418.7
EURUSD,1,-1,1.17269,1.1694499999999999,11250,1.1716900000000001,1.1694099999999998,674.3250000000274,2025-07-10 12:00:00+00:00,2025-07-10 14:30:00+00:00,target,amd_breaker_m5,momentum,fib_extension,near,fvg,W,False,,38.1,with,behind,fvg,38.1,with,1,3a,judas,ny_judas,ny,,,False,5,2,W|240T|60T|15T,-1,False,240T,,False,1,60T,,,False,False,False,False,,True,single,24.2,9.0,2.0,4.0,high,2.4,True,2025-07-09 23:15:00+00:00,2025-07-10 01:15:00+00:00,2025-07-10 01:30:00+00:00,2025-07-10 01:40:00+00:00,False,premium,eqh,m15_range,False,False,,against,,,,,,,,,,,,,,,0,,0,,False,0,2,False,False,0,True,False,False,True,,,equal_hl,1.1686266666666665,0,35.3,16.1,45.3,274.5,356.3,662.7
GBPUSD,1,-1,1.35433,1.35538,22500,1.35533,1.35072,-437.06249999999807,2025-07-11 07:00:00+00:00,2025-07-11 08:25:00+00:00,stop,amd_m1_shift_ifvg,golden,swing,,,,False,,3.2,against,behind,ifvg,3.2,against,2,golden,mm_golden,london_golden,london,,,False,3,0,,0,False,,,False,0,,,,False,False,False,False,,False,,30.3,31.0,2.0,2.0,high,,True,,,,,,,,m15_range,False,False,,golden,cascade,240T,failed,,1a,15T,ifvg,,,s3:cont:eu+gu+dxy,240T:sister+dxy,1.35563,1.3567,60T,0,,0,,True,1,3,False,False,0,True,False,True,True,continuation,pdhl,equal_hl,1.3535080000000002,0,11.0,0.0,0.0,0.0,0.0,0.0
EURUSD,1,1,1.16889,1.16785,11250,1.16789,1.1724799999999997,-216.4499999999854,2025-07-15 08:30:00+00:00,2025-07-15 11:20:00+00:00,stop,amd_fvg_m5,momentum,fib_extension,d3,ifvg,240T,True,240T,29.8,with,behind,ifvg,29.8,with,1,3b,judas,london_judas,london,,D,False,3,3,D|15T,1,True,D,D,True,-1,60T,D,,False,False,True,False,,True,single,21.2,17.0,2.0,2.0,low,15.6,True,2025-07-14 12:30:00+00:00,2025-07-14 16:30:00+00:00,2025-07-14 18:30:00+00:00,2025-07-14 18:40:00+00:00,False,premium,eql,m15_range,False,False,confirmed,golden,,,,,,,,,,,,,,,0,,0,,False,0,4,True,False,0,True,False,True,True,continuation,w_fvg,equal_hl,1.169515,0,3.6,,25.8,141.8,141.8,141.8
EURUSD,1,-1,1.1673900000000001,1.16843,12500,1.16839,1.15898,-240.49999999998377,2025-07-15 12:15:00+00:00,2025-07-15 13:30:00+00:00,stop,amd_ob_m5,momentum,itl_liquidity,d3,ob,W,False,,14.8,against,ahead,ifvg,14.8,against,2,1b_ip,judas,ny_judas,ny,,,False,1,2,W|240T,-1,False,240T,240T|60T,False,-1,60T,240T,,False,False,True,False,,True,single,28.9,62.0,2.0,4.0,high,4.6,True,2025-07-14 17:00:00+00:00,2025-07-15 08:15:00+00:00,2025-07-15 08:30:00+00:00,2025-07-15 08:40:00+00:00,False,discount,eqh,m15_range,False,False,confirmed,against,,,,,,,,,,,,,,,0,,0,,False,0,3,True,False,0,True,False,False,True,,,equal_hl,1.16628,0,9.2,14.8,20.7,,301.9,609.7
EURUSD,1,1,1.16224,1.1618,9596,1.16184,1.16843,-78.11143999999928,2025-07-16 07:30:00+00:00,2025-07-16 08:35:00+00:00,stop,mss_ob_m5,momentum,pdh_pdl,near,fvg,W,True,240T,42.6,with,behind,fvg,42.6,with,1,3b,judas,london_judas,london,,,False,2,2,D,1,False,D,D,False,0,,D,,False,False,True,False,,True,single,31.0,63.0,2.0,5.0,high,1.9,False,2025-07-15 15:45:00+00:00,2025-07-16 07:15:00+00:00,2025-07-16 07:30:00+00:00,2025-07-16 07:40:00+00:00,False,discount,eqh,m15_range,False,False,,golden,,,,,,,,,,,,,,,0,,0,,False,0,2,False,False,0,False,False,True,True,continuation,d1_fvg,equal_hl,1.1688399999999999,0,5.7,,76.3,208.3,208.3,208.3
EURUSD,1,-1,1.1612900000000002,1.1603300000000003,10000,1.1602900000000003,1.1572900000000002,177.59999999997223,2025-07-17 07:00:00+00:00,2025-07-17 09:25:00+00:00,stop,amd_fvg_m5,momentum,fib_extension,near,ifvg,D,False,,33.1,against,ahead,ifvg,33.1,against,2,1b,breakout,london_judas,london,,,False,2,2,W|240T|15T,-1,False,240T,240T,False,1,60T,D,,False,False,True,False,,False,,28.9,40.0,8.0,9.0,high,-24.9,True,2025-07-16 21:00:00+00:00,2025-07-17 06:45:00+00:00,2025-07-17 07:00:00+00:00,2025-07-17 07:00:00+00:00,False,discount,eqh,session_range,False,False,,against,,,,,,,,,,,,,,,0,,0,,False,0,3,True,False,0,True,False,False,True,,,equal_hl,1.155945,0,39.6,0.2,51.5,,167.7,548.7
EURUSD,1,-1,1.15845,1.15849,10000,1.15845,1.1539001,-7.400000000007401,2025-07-17 12:15:00+00:00,2025-07-17 13:10:00+00:00,stop,amd_ob_m5,momentum,fib_extension,d3,ifvg,D,False,,4.7,against,ahead,ifvg,4.7,against,2,1b,breakout,ny_judas,ny,,,False,1,2,W|240T,-1,False,240T,240T,False,1,60T,D,,False,False,True,False,,True,single,31.1,72.0,3.0,7.0,high,93.1,True,2025-07-15 19:15:00+00:00,2025-07-16 13:00:00+00:00,2025-07-16 16:30:00+00:00,2025-07-16 16:30:00+00:00,False,discount,eqh,m15_range,False,False,confirmed,against,,,,,,,,,,,,,,,0,,0,,False,0,3,True,False,0,True,False,False,True,,,equal_hl,1.155945,0,14.5,,23.1,,139.3,520.3
EURUSD,1,1,1.1642299999999999,1.1651899999999997,7812,1.1652299999999998,1.16837,138.7411199999783,2025-07-18 12:00:00+00:00,2025-07-18 15:15:00+00:00,stop,amd_fvg_h1,momentum,fib_extension,near,fvg,W,True,240T,62.5,with,behind,ifvg,62.5,with,1,3b,breakout,ny_judas,ny,240T,240T,False,2,2,D|15T,1,False,D,D|60T,False,-1,60T,D,,False,False,True,False,,True,single,14.1,13.0,3.0,3.0,low,5.7,True,2025-07-18 03:00:00+00:00,2025-07-18 06:00:00+00:00,2025-07-18 07:00:00+00:00,2025-07-18 07:05:00+00:00,False,premium,eql,m15_range,False,False,,golden,,,,,,,,,,,,,,,0,,0,,False,0,3,False,False,0,True,False,True,True,continuation,w_fvg,equal_hl,1.16683,0,29.3,,79.8,188.4,188.4,188.4
GBPUSD,1,1,1.34251,1.3466199999999997,11020,1.34351,1.3466699999999998,837.9056999999212,2025-07-21 07:15:00+00:00,2025-07-21 12:00:00+00:00,target,amd_ob_m5,momentum,fib_extension,near,ob,240T,False,,42.1,against,ahead,ifvg,42.1,against,2,2b,breakout,london_judas,london,,,False,2,2,60T,1,False,60T,D,False,0,,D,,False,False,True,False,,True,dual,24.8,33.0,2.0,2.0,low,2.3,True,2025-07-18 17:30:00+00:00,2025-07-21 01:30:00+00:00,2025-07-21 02:00:00+00:00,2025-07-21 02:00:00+00:00,,,,m15_range,False,False,,against,,,,,,,,,,,,,,,0,,0,,False,0,3,True,False,0,True,False,False,True,,,equal_hl,1.3469975,0,41.6,4.9,51.0,233.3,364.4,364.4
EURUSD,1,1,1.16512,1.16867482,28125,1.1661199999999998,1.16871482,1849.6172812499785,2025-07-21 12:00:00+00:00,2025-07-21 15:30:00+00:00,target,amd_fvg_m15,momentum,fib_extension,d3,fvg,W,False,,71.4,with,behind,ifvg,71.4,with,2,3b,breakout,ny_judas,ny,W,,False,3,2,,1,False,,D,False,0,,,,False,False,True,False,,True,single,19.2,36.0,2.0,5.0,low,2.5,True,2025-07-18 17:45:00+00:00,2025-07-21 02:30:00+00:00,2025-07-21 03:00:00+00:00,2025-07-21 03:00:00+00:00,,,,m15_range,False,False,opposing,golden,,,,,,,,,,,,,,,0,,0,,False,0,4,True,False,0,True,False,True,True,continuation,w_fvg,equal_hl,1.16683,0,37.3,,21.3,139.8,179.5,179.5
EURUSD,1,1,1.16878,1.1681599999999999,28125,1.1682,1.1720000000000002,-322.59375000003376,2025-07-22 07:20:00+00:00,2025-07-22 08:50:00+00:00,stop,amd_m1_shift_ifvg,golden,round_number,,,,False,,77.2,against,ahead,fvg,77.2,against,2,golden,mm_golden,london_golden,london,,,False,5,0,,0,False,,,False,0,,,,False,False,False,False,,False,,22.3,38.0,2.0,2.0,low,,True,,,,,,,,m15_range,False,False,,golden,cascade,240T,failed,,2a,60T,ifvg,,,s3:noref:eu,60T:sister+dxy,1.16654,1.16954,60T,0,,0,,True,1,4,True,False,0,True,False,True,True,continuation,d1_fvg,equal_hl,1.1688399999999999,0,4.4,0.0,0.0,0.0,0.0,0.0
NZDUSD,1,-1,0.604435,0.605325,11250,0.60525,0.60039,-185.23125000001195,2025-07-24 07:55:00+00:00,2025-07-24 09:25:00+00:00,stop,amd_breaker_m5,momentum,pdh_pdl,near,fvg,D,True,240T,0.0,with,inside,ifvg,0.0,with,0,N-short_h4,breakout,london_judas,london,D,,False,3,2,W|240T,-1,False,W,,False,-1,60T,D,,False,False,True,False,,True,single,32.7,82.0,2.0,3.0,high,0.2,True,2025-07-23 08:15:00+00:00,2025-07-24 04:30:00+00:00,2025-07-24 04:45:00+00:00,2025-07-24 04:45:00+00:00,False,premium,pwh,m15_range,False,False,,,,,,,,,,,,,,,,,0,,0,,False,0,3,False,False,0,True,False,True,True,continuation,w_fvg,d1_fvg,0.60424,0,0.2,9.1,107.4,70.1,163.0,185.3
EURUSD,2,-1,1.1754600000000002,1.1745000000000003,9000,1.1744600000000003,1.172215,159.839999999975,2025-07-24 13:05:00+00:00,2025-07-24 14:05:00+00:00,stop,pyramid_im0.8_ob_m15,no_open,equal_hl,near,ifvg,240T,True,240T,0.0,with,inside,fvg,0.0,with,1,3a,judas,london_judas,london,,,False,4,2,W,-1,False,,,False,-1,60T,D,,False,False,True,False,,True,single,17.8,38.0,5.0,2.0,high,0.1,True,2025-07-23 19:15:00+00:00,2025-07-24 04:30:00+00:00,2025-07-24 04:45:00+00:00,2025-07-24 04:45:00+00:00,True,premium,pdh,m15_range,False,False,opposing,against,,,,,,,,,,,,,,,0,,0,,False,0,2,False,False,0,True,False,False,True,,,equal_hl,1.1751200000000002,0,24.3,10.2,157.8,111.2,326.2,641.5
EURUSD,1,-1,1.17714,1.1761800000000002,14062,1.1761400000000002,1.172215,249.74111999996094,2025-07-24 07:00:00+00:00,2025-07-24 14:10:00+00:00,stop,amd_ob_m15,momentum,equal_hl,near,ifvg,240T,True,240T,0.0,with,inside,fvg,0.0,with,1,3a,judas,london_judas,london,,,False,4,2,W,-1,False,,,False,-1,60T,D,,False,False,True,False,,True,single,17.8,38.0,5.0,2.0,high,0.1,True,2025-07-23 19:15:00+00:00,2025-07-24 04:30:00+00:00,2025-07-24 04:45:00+00:00,2025-07-24 04:45:00+00:00,True,premium,pdh,m15_range,False,False,opposing,against,,,,,,,,,,,,,,,0,,0,,False,0,2,False,False,0,True,False,False,True,,,equal_hl,1.1751200000000002,0,41.1,10.2,157.8,111.2,326.2,641.5
GBPUSD,1,-1,1.35398,1.35503,17577,1.3549799999999999,1.3498684200000002,-341.4332249999985,2025-07-24 13:30:00+00:00,2025-07-24 14:30:00+00:00,stop,amd_fvg_h1,momentum,fib_extension,near,fvg,W,True,240T,24.7,against,ahead,fvg,24.7,against,1,1a_h4,breakout,ny_judas,ny,W,,False,2,0,,0,False,,,False,1,60T,D,,False,False,True,False,,True,single,34.0,42.0,2.0,3.0,high,1.4,True,2025-07-23 16:00:00+00:00,2025-07-24 02:15:00+00:00,2025-07-24 02:30:00+00:00,2025-07-24 02:35:00+00:00,True,discount,pdh,m15_range,False,False,,golden,,,,,,,,,,,,,,,0,,0,,False,0,4,True,False,0,True,False,True,True,continuation,breaker,equal_hl,1.3535080000000002,0,8.3,5.7,138.9,61.3,176.2,290.5
GBPUSD,1,-1,1.34511,1.3451600000000001,11250,1.34511,1.3416728,-10.406250000021961,2025-07-25 12:10:00+00:00,2025-07-25 12:50:00+00:00,stop,mss_fvg_h1,momentum,fib_extension,near,ifvg,W,True,240T,0.0,against,inside,fvg,0.0,against,1,1a_h4,judas,ny_judas,ny,,240T,False,3,1,15T,0,False,15T,,False,0,,D,,False,False,True,False,,True,single,,,,,,,,,,,,,discount,,,False,False,,golden,,,,,,,,,,,,,,,0,,0,,False,0,5,True,False,1,True,False,True,True,continuation,w_fvg,equal_hl,1.3449060000000002,0,12.4,,,,87.5,201.8
EURUSD,1,-1,1.1736600000000001,1.170555,11250,1.1726600000000003,1.170515,646.2281250000283,2025-07-28 07:00:00+00:00,2025-07-28 08:30:00+00:00,target,mss_fvg_h1,momentum,equal_hl,near,fvg,W,True,240T,28.4,with,behind,ifvg,28.4,with,1,1b,judas,london_judas,london,,,False,5,2,W|15T,-1,False,15T,60T,False,-1,60T,,,False,False,False,False,,True,single,34.5,48.0,2.0,2.0,low,1.3,False,2025-07-25 19:00:00+00:00,2025-07-28 06:45:00+00:00,2025-07-28 07:00:00+00:00,2025-07-28 07:10:00+00:00,,,,m15_range,False,False,,against,,,,,,,,,,,,,,,0,,0,,False,0,3,True,True,0,False,False,False,True,,,equal_hl,1.17139,0,41.0,,34.7,180.9,284.2,565.4
EURUSD,1,-1,1.1572500000000001,1.1572900000000002,9000,1.1572500000000001,1.1534044399999999,-6.660000000006661,2025-07-29 07:25:00+00:00,2025-07-29 07:30:00+00:00,stop,amd_ob_m5,momentum,fib_extension,d30,ifvg,D,True,D,0.0,against,inside,ifvg,0.0,against,1,1b,judas,london_judas,london,,,False,1,2,W|60T,-1,False,60T,60T,False,0,,,,False,False,False,False,,True,dual,14.1,36.0,4.0,4.0,high,0.7,True,2025-07-28 18:15:00+00:00,2025-07-29 03:00:00+00:00,2025-07-29 03:15:00+00:00,2025-07-29 03:20:00+00:00,False,discount,eqh,m15_range,False,False,,against,,,,,,,,,,,,,,,0,,0,,False,0,4,True,True,0,True,False,False,True,,,equal_hl,1.1522733333333335,0,18.0,,,16.8,16.8,363.1
NZDUSD,1,-1,0.596065,0.59614,11250,0.596065,0.59301,-15.609375000009834,2025-07-29 07:30:00+00:00,2025-07-29 09:55:00+00:00,stop,mss_ob_m5,momentum,swing,near,ifvg,W,True,240T,74.3,with,behind,ifvg,74.3,with,1,N-short_h4,breakout,london_judas,london,,,False,1,2,W|60T,-1,False,W,60T,False,0,,,,False,False,False,False,,True,dual,25.7,69.0,2.0,2.0,low,1.6,False,2025-07-28 14:15:00+00:00,2025-07-29 07:15:00+00:00,2025-07-29 07:30:00+00:00,2025-07-29 07:35:00+00:00,True,discount,pdl,m15_range,False,False,,,,,,,,,,,,,,,,,0,,0,,False,0,4,True,True,0,False,False,True,True,continuation,d1_fvg,equal_hl,0.59428,0,15.4,1.0,,57.4,57.4,79.3
EURUSD,1,-1,1.15362,1.1536600000000001,9000,1.15362,1.1500000000000001,-6.660000000006661,2025-07-29 13:00:00+00:00,2025-07-29 14:45:00+00:00,stop,amd_fvg_m5,momentum,round_number,near,ifvg,D,False,,0.0,against,inside,ifvg,0.0,against,1,1b_h4,breakout,ny_judas,ny,,,False,1,2,W|60T|15T,-1,False,60T,60T,False,0,,,,False,False,False,False,,True,single,14.1,36.0,4.0,4.0,high,0.7,True,2025-07-28 18:15:00+00:00,2025-07-29 03:00:00+00:00,2025-07-29 03:15:00+00:00,2025-07-29 03:20:00+00:00,False,discount,eqh,m15_range,False,False,,against,,,,,,,,,,,,,,,0,,0,,False,0,4,True,True,0,True,False,False,True,,,equal_hl,1.1522733333333335,0,17.4,10.6,,,,326.8
GBPUSD,1,-1,1.3162800000000001,1.3153300000000003,22500,1.3152800000000002,1.31216976,395.43749999991024,2025-08-01 12:35:00+00:00,2025-08-01 13:25:00+00:00,stop,amd_m1_shift_ifvg,golden,fib_extension,,,,False,,119.1,with,behind,ob,69.5,against,2,golden,mm_golden,ny_golden,ny,,,False,2,0,,0,False,,,False,0,,,,False,False,False,False,,False,,13.8,14.0,2.0,2.0,high,,True,,,,,,,,m15_range,False,False,,golden,own_ob,,respected,,1a,15T,ifvg,,,s3:cont:eu+gu+dxy,60T:sister,1.31698,1.31787,60T,0,,0,,True,2,1,False,False,0,True,False,False,False,,,,0.0,0,20.5,0.0,0.0,0.0,0.0,0.0
EURUSD,1,1,1.1588399999999999,1.1622999999999999,11250,1.16234,1.16298908,720.1125000000039,2025-08-06 11:00:00+00:00,2025-08-06 14:05:00+00:00,stop,amd_ob_m5,momentum,fib_extension,d3,fvg,D,True,240T,3.4,against,behind,fvg,3.4,against,1,2a,judas,ny_judas,ny,,,False,2,0,,0,False,,,False,0,,D,,False,False,True,False,,True,dual,21.5,43.0,2.0,2.0,low,0.3,True,2025-08-05 16:15:00+00:00,2025-08-06 02:45:00+00:00,2025-08-06 03:00:00+00:00,2025-08-06 03:00:00+00:00,False,premium,eql,m15_range,False,False,,golden,,,,,,,,,,,,,,,0,,0,,False,0,4,True,False,0,True,False,True,True,continuation,d1_fvg,equal_hl,1.1614499999999999,0,40.5,,8.8,201.2,222.5,242.3
EURUSD,1,1,1.1672799999999999,1.1682399999999997,11250,1.1682799999999998,1.17031,199.79999999996875,2025-08-07 07:15:00+00:00,2025-08-07 09:05:00+00:00,stop,mss_ob_m5,momentum,fib_extension,near,fvg,D,True,240T,0.0,against,inside,fvg,0.0,against,1,3b,breakout,london_judas,london,,,False,3,1,60T|15T,0,False,60T,60T,False,0,,,,False,False,False,False,,True,dual,,,,,,,,,,,,,premium,,,False,False,,golden,,,,,,,,,,,,,,,0,,0,,False,0,4,True,False,0,True,False,True,True,continuation,d1_fvg,equal_hl,1.1688399999999999,0,25.8,,,116.8,138.1,157.9
EURUSD,1,-1,1.16663,1.1656700000000002,22500,1.1656300000000002,1.1580000000000001,399.5999999999375,2025-08-11 07:20:00+00:00,2025-08-11 09:30:00+00:00,stop,amd_m1_shift_ifvg,golden,round_number,,,,False,,0.0,with,inside,fvg,0.0,with,2,golden,mm_golden,london_golden,london,,,False,1,0,,0,False,,,False,0,,,,False,False,False,False,,False,,31.9,63.0,4.0,3.0,high,,True,,,,,,,,m15_range,False,False,,golden,cascade,,failed,,1b,60T,ifvg,,,s2:cont:eu+gu+dxy,240T:sister,1.16717,1.16755,60T,0,,0,,True,1,3,True,False,0,True,False,False,True,,,equal_hl,1.16628,0,22.4,0.0,0.0,0.0,0.0,0.0
EURUSD,1,-1,1.1641400000000002,1.16112,18000,1.1631400000000003,1.16108,1005.6600000000815,2025-08-11 12:10:00+00:00,2025-08-11 15:00:00+00:00,target,mss_fvg_m5,judas,pdh_pdl,near,fvg,D,False,,0.0,with,inside,fvg,0.0,with,2,1b_h4,judas,ny_judas,ny,,,False,2,2,,-1,False,,D,False,1,60T,,,False,False,True,False,,True,single,33.9,50.0,4.0,3.0,low,3.2,False,2025-08-10 22:00:00+00:00,2025-08-11 10:15:00+00:00,2025-08-11 10:45:00+00:00,2025-08-11 10:55:00+00:00,,,,m15_range,False,False,,against,,,,,,,,,,,,,,,0,,0,,False,0,2,True,False,0,False,False,False,True,,,equal_hl,1.1621766666666666,0,36.5,0.6,31.5,250.8,250.8,291.7
GBPUSD,1,1,1.35208,1.3530299999999997,18000,1.3530799999999998,1.3555772799999999,316.3499999999282,2025-08-13 08:00:00+00:00,2025-08-13 08:10:00+00:00,stop,amd_fvg_m15,momentum,fib_extension,d3,ifvg,W,False,,5.7,against,behind,ob,0.0,against,2,2b,breakout,london_judas,london,,,False,3,1,,0,False,,60T,False,0,,,,False,False,True,False,,True,single,29.7,13.0,2.0,2.0,low,3.8,True,2025-08-12 16:45:00+00:00,2025-08-12 19:45:00+00:00,2025-08-12 20:00:00+00:00,2025-08-12 20:10:00+00:00,False,premium,eql,m15_range,False,False,,against,,,,,,,,,,,,,,,0,,0,,False,0,3,True,False,0,True,False,False,True,,,equal_hl,1.3564299999999998,0,21.4,,3.8,,99.5,268.7
EURUSD,1,1,1.16854,1.17171948,22500,1.1695399999999998,1.17175948,1323.458550000005,2025-08-13 07:00:00+00:00,2025-08-13 09:15:00+00:00,target,mss_ob_m5,momentum,fib_extension,d3,fvg,D,True,240T,0.0,against,inside,fvg,0.0,against,2,3b,judas,london_judas,london,,,False,3,1,60T,0,False,60T,60T,False,0,,,,False,False,True,False,,True,dual,22.3,47.0,4.0,3.0,high,0.8,False,2025-08-12 17:00:00+00:00,2025-08-13 04:30:00+00:00,2025-08-13 04:45:00+00:00,2025-08-13 04:45:00+00:00,False,premium,eqh,m15_range,False,False,,golden,,,,,,,,,,,,,,,0,,0,,False,0,3,True,False,0,False,False,True,True,continuation,d1_fvg,equal_hl,1.1696066666666667,0,32.9,3.0,12.6,85.5,104.2,145.3
NZDUSD,1,1,0.595805,0.5987799999999999,18000,0.596805,0.5988549999999999,990.6749999999463,2025-08-13 07:00:00+00:00,2025-08-13 10:20:00+00:00,target,amd_breaker_m15,judas,equal_hl,d3,ifvg,D,False,,17.8,against,ahead,fvg,17.8,against,2,N-long,judas,london_judas,london,,,False,3,1,240T|60T|15T,0,False,240T,60T,False,0,,D,,False,False,True,False,,True,single,12.3,18.0,3.0,2.0,low,0.9,True,2025-08-12 22:15:00+00:00,2025-08-13 02:30:00+00:00,2025-08-13 02:45:00+00:00,2025-08-13 02:55:00+00:00,False,premium,eql,m15_range,False,False,,,,,,,,,,,,,,,,,0,,0,,False,0,4,True,False,0,True,False,True,True,continuation,w_fvg,equal_hl,0.598025,0,31.9,4.1,8.8,75.7,102.2,163.2
EURUSD,1,-1,1.1684,1.1684400000000001,9000,1.1684,1.165,-6.660000000006661,2025-08-14 08:15:00+00:00,2025-08-14 10:10:00+00:00,stop,amd_fvg_h1,momentum,round_number,near,fvg,D,False,,0.0,with,inside,fvg,0.0,with,1,1b_ip,judas,london_judas,london,D,,False,2,2,15T,-1,False,15T,D,False,0,,,,False,False,False,False,,False,,28.8,15.0,3.0,2.0,high,1.8,True,2025-08-13 11:45:00+00:00,2025-08-13 15:15:00+00:00,2025-08-13 15:30:00+00:00,2025-08-13 15:30:00+00:00,False,discount,eqh,m15_range,False,False,confirmed,against,,,,,,,,,,,,,,,0,,0,,False,0,3,True,False,0,True,False,False,True,,,d1_fvg,1.16748,0,16.2,,94.9,293.4,293.4,313.4
EURUSD,1,-1,1.16822,1.16504,9000,1.16822,1.165,529.4699999999934,2025-08-14 13:15:00+00:00,2025-08-14 13:30:00+00:00,target,amd_ob_m5,judas,round_number,near,fvg,D,False,,0.0,with,inside,fvg,0.0,with,1,3a,judas,ny_judas,ny,,,True,3,2,15T,-1,False,15T,D,False,0,,,,False,False,False,False,,False,,18.9,11.0,3.0,2.0,high,10.5,True,2025-08-14 08:30:00+00:00,2025-08-14 11:00:00+00:00,2025-08-14 11:30:00+00:00,2025-08-14 11:35:00+00:00,False,discount,eqh,m15_range,False,False,,against,,,,,,,,,,,,,,,0,,0,,False,0,3,True,False,0,True,False,False,True,,,equal_hl,1.166246,0,33.0,15.3,93.1,291.6,291.6,311.6
EURUSD,1,1,1.16723,1.1681899999999998,17577,1.1682299999999999,1.1703799999999998,312.1675199999512,2025-08-15 07:00:00+00:00,2025-08-15 13:35:00+00:00,stop,amd_ob_m5,momentum,fib_extension,near,fvg,D,True,D,0.0,against,inside,fvg,0.0,against,1,3b,breakout,london_judas,london,,,False,5,1,15T,0,False,15T,,False,-1,60T,,,False,False,False,False,,True,single,34.8,13.0,2.0,2.0,low,0.4,True,2025-08-14 14:30:00+00:00,2025-08-14 17:30:00+00:00,2025-08-14 17:45:00+00:00,2025-08-14 17:55:00+00:00,True,discount,pdl,m15_range,False,False,confirmed,golden,,,,,,,,,,,,,,,0,,0,,False,0,3,False,False,0,True,False,True,True,continuation,d1_fvg,equal_hl,1.167185,0,22.7,,58.7,98.6,117.3,158.4
EURUSD,1,1,1.1695499999999999,1.16851,28125,1.16855,1.17281662,-541.1249999999635,2025-08-15 13:40:00+00:00,2025-08-15 14:15:00+00:00,stop,amd_m1_shift_ifvg,golden,fib_extension,,,,False,,0.0,against,inside,fvg,0.0,against,2,golden,mm_golden,ny_golden,ny,,,False,4,0,,0,False,,,False,0,,,,False,False,False,False,,False,,34.8,13.0,2.0,2.0,low,,True,,,,,,,,m15_range,False,False,,golden,cascade,240T,failed,,2a,60T,ifvg,,,s3:cont:eu+gu+dxy,15T:sister,1.16713,1.16826,60T,0,,0,,False,0,3,False,False,0,True,False,True,True,continuation,d1_fvg,equal_hl,1.1696066666666667,0,6.1,0.0,0.0,0.0,0.0,0.0
EURUSD,1,1,1.1664299999999999,1.1673899999999997,14062,1.1674299999999997,1.16971,249.74111999996094,2025-08-19 07:30:00+00:00,2025-08-19 13:30:00+00:00,stop,mss_ob_m5,momentum,swing,near,fvg,D,True,240T,0.0,against,inside,fvg,0.0,against,1,3b,judas,london_judas,london,,,False,4,1,,0,False,,240T,False,-1,60T,,,False,False,False,False,,True,single,15.1,13.0,2.0,3.0,high,0.1,False,2025-08-19 03:15:00+00:00,2025-08-19 06:15:00+00:00,2025-08-19 06:30:00+00:00,2025-08-19 06:30:00+00:00,False,discount,eqh,m15_range,False,False,,golden,,,,,,,,,,,,,,,0,,0,,False,0,3,True,False,0,False,False,True,True,continuation,d1_fvg,equal_hl,1.1677300000000002,0,28.5,11.2,52.3,35.2,125.3,166.4
EURUSD,1,1,1.1651799999999999,1.1651399999999998,14062,1.1651799999999999,1.16928,-10.405880000010407,2025-08-20 13:05:00+00:00,2025-08-20 15:20:00+00:00,stop,mss_fvg_m5,momentum,pdh_pdl,near,fvg,D,True,240T,0.0,against,inside,fvg,0.0,against,1,2a,judas,ny_judas,ny,,,False,6,1,15T,0,False,15T,240T,False,-1,60T,D,,False,False,True,False,,True,dual,32.9,66.0,2.0,2.0,high,2.5,False,2025-08-19 19:00:00+00:00,2025-08-20 11:15:00+00:00,2025-08-20 11:30:00+00:00,2025-08-20 11:30:00+00:00,False,premium,none,m15_range,False,False,confirmed,golden,,,,,,,,,,,,,,,0,,0,,False,0,3,True,False,0,False,False,True,True,continuation,d1_fvg,equal_hl,1.1672433333333332,0,21.8,6.6,64.8,47.7,137.8,178.9
EURUSD,1,-1,1.16422,1.16426,18000,1.16422,1.159,-13.320000000013321,2025-08-21 07:05:00+00:00,2025-08-21 08:15:00+00:00,stop,amd_ob_m5,momentum,itl_liquidity,d3,ifvg,D,True,240T,0.0,with,inside,fvg,0.0,with,2,1b,judas,london_judas,london,,,False,2,3,D,-1,True,D,D|60T,False,1,60T,,,False,False,True,False,,True,single,32.9,66.0,2.0,2.0,high,18.6,True,2025-08-19 19:00:00+00:00,2025-08-20 11:15:00+00:00,2025-08-20 13:45:00+00:00,2025-08-20 13:55:00+00:00,False,discount,eqh,m15_range,False,False,,against,,,,,,,,,,,,,,,0,,0,,False,0,2,False,False,0,True,False,False,True,,,equal_hl,1.1627233333333333,0,17.3,2.2,21.0,115.4,251.6,251.6
EURUSD,1,-1,1.16937,1.16995,9000,1.16991,1.16626,-96.57000000000416,2025-08-25 11:15:00+00:00,2025-08-25 12:55:00+00:00,stop,amd_fvg_m5,judas,pdh_pdl,near,fvg,D,False,,0.0,with,inside,fvg,0.0,with,1,3a,breakout,ny_judas,ny,,,False,2,2,D,-1,False,D,D,False,0,,,,False,False,False,False,,True,single,20.7,9.0,2.0,2.0,high,10.0,True,2025-08-22 16:00:00+00:00,2025-08-22 18:00:00+00:00,2025-08-22 18:45:00+00:00,2025-08-22 18:45:00+00:00,,,,m15_range,False,False,,against,,,,,,,,,,,,,,,0,,0,,False,0,3,True,False,0,True,False,False,True,,,equal_hl,1.16844,0,8.6,1.1,111.8,104.6,303.1,303.1
EURUSD,1,1,1.16488,1.1648399999999999,14062,1.16488,1.1680000000000001,-10.405880000010407,2025-08-26 12:00:00+00:00,2025-08-26 13:30:00+00:00,stop,amd_fvg_m5,momentum,round_number,near,fvg,D,True,240T,0.0,against,inside,fvg,0.0,against,1,3b,judas,ny_judas,ny,240T,240T,False,3,0,,0,False,,,False,-1,60T,240T,,False,False,False,False,,True,dual,23.6,20.0,2.0,4.0,low,21.5,True,2025-08-26 02:15:00+00:00,2025-08-26 07:00:00+00:00,2025-08-26 08:15:00+00:00,2025-08-26 08:15:00+00:00,False,discount,eql,m15_range,False,False,,golden,,,,,,,,,,,,,,,0,,0,,False,0,4,True,False,0,True,False,True,True,continuation,d1_fvg,equal_hl,1.16639,0,11.7,12.1,94.6,82.2,140.8,181.9
EURUSD,1,-1,1.1609800000000001,1.1600200000000003,22500,1.1599800000000002,1.1573300000000002,399.5999999999375,2025-08-27 08:10:00+00:00,2025-08-27 14:50:00+00:00,stop,amd_ob_m15,momentum,fib_extension,d3,ifvg,D,True,D,0.0,with,inside,fvg,0.0,with,2,1b,judas,london_judas,london,,,False,2,3,D|15T,-1,True,D,D|60T,False,-1,60T,,,False,False,True,False,,True,single,31.4,20.0,2.0,2.0,high,4.7,True,2025-08-26 10:15:00+00:00,2025-08-26 15:00:00+00:00,2025-08-26 15:15:00+00:00,2025-08-26 15:25:00+00:00,True,discount,pdh,m15_range,False,False,,against,,,,,,,,,,,,,,,0,,0,,False,0,2,False,False,0,True,False,False,True,,,equal_hl,1.160245,0,35.8,,8.6,20.7,219.2,219.2
EURUSD,1,1,1.16583,1.1667899999999998,14062,1.1668299999999998,1.1695,249.74111999996094,2025-08-28 11:15:00+00:00,2025-08-28 13:55:00+00:00,stop,amd_ob_m5,momentum,fib_extension,near,fvg,D,True,D,0.0,against,inside,fvg,0.0,against,1,2a,judas,ny_judas,ny,,,False,4,0,,0,False,,,False,0,,D,,False,False,True,False,,True,dual,25.6,57.0,3.0,5.0,low,0.1,True,2025-08-27 19:15:00+00:00,2025-08-28 09:15:00+00:00,2025-08-28 09:30:00+00:00,2025-08-28 09:30:00+00:00,False,premium,eql,m15_range,False,False,,golden,,,,,,,,,,,,,,,0,,0,,False,0,4,True,False,0,True,False,True,True,continuation,d1_fvg,equal_hl,1.16745,0,28.6,,63.0,72.7,131.3,172.4
GBPUSD,1,-1,1.34528,1.34633,14062,1.34628,1.34165,-273.1543499999988,2025-08-29 12:00:00+00:00,2025-08-29 14:00:00+00:00,stop,amd_fvg_m5,momentum,pdh_pdl,near,ifvg,D,False,,35.1,against,ahead,ifvg,35.1,against,1,1a_ip,judas,ny_judas,ny,,,False,6,2,15T,0,True,15T,,True,1,60T,,,False,False,True,False,,True,single,6.8,13.0,5.0,3.0,high,0.2,True,2025-08-28 22:15:00+00:00,2025-08-29 01:15:00+00:00,2025-08-29 02:00:00+00:00,2025-08-29 02:00:00+00:00,False,discount,eqh,m15_range,False,False,,golden,,,,,,,,,,,,,,,0,,0,,False,0,3,False,False,0,True,False,True,True,continuation,d1_fvg,equal_hl,1.34465,0,6.7,,37.3,54.8,312.8,312.8
GBPUSD,1,1,1.3531199999999999,1.35218,42187,1.35223,1.35621772,-733.6319299999539,2025-09-01 12:05:00+00:00,2025-09-01 12:55:00+00:00,stop,amd_m1_shift_ifvg,golden,fib_extension,,,,False,,0.0,against,inside,ifvg,0.0,against,3,golden,mm_golden,ny_golden,ny,,,False,4,0,,0,False,,,False,0,,,,False,False,False,False,,False,,24.3,21.0,2.0,3.0,low,,True,,,,,,,,m15_range,False,False,,golden,cascade,,failed,,2b,15T,ifvg,,,s2:cont:eu+gu+dxy,15T:pair,1.35245,1.35295,15T,0,,0,,True,2,4,True,True,0,True,False,False,True,,,equal_hl,1.35468,0,1.6,0.0,0.0,0.0,0.0,0.0
GBPUSD,1,-1,1.35228,1.35233,35156,1.35228,1.34465,-32.519300000068625,2025-09-02 08:00:00+00:00,2025-09-02 08:05:00+00:00,stop,amd_ob_m15,momentum,equal_hl,near,,,False,,8.2,with,behind,ifvg,8.2,with,2,1a,breakout,london_judas,london,,,False,5,0,,0,False,,,False,1,60T,,,False,False,True,False,,True,single,29.7,49.0,2.0,2.0,high,4.9,True,2025-09-01 03:15:00+00:00,2025-09-01 15:15:00+00:00,2025-09-01 15:45:00+00:00,2025-09-01 15:55:00+00:00,True,discount,pdh,m15_range,False,False,,golden,,,,,,,,,,,,,,,0,,0,,False,0,4,True,True,0,True,False,False,True,,,equal_hl,1.340265,0,19.1,0.3,77.7,133.3,382.8,382.8
NZDUSD,1,-1,0.5886349999999999,0.5854483333333333,42187,0.5876349999999999,0.5853733333333333,2487.06427333325,2025-09-02 08:00:00+00:00,2025-09-02 08:50:00+00:00,target,amd_ob_m5,judas,equal_hl,d3,ifvg,W,False,,6.2,against,ahead,fvg,6.2,against,3,N-short_h4,breakout,london_judas,london,,,False,4,2,D,-1,False,D,,False,1,60T,D,,False,False,True,False,,False,,21.7,24.0,2.0,2.0,high,2.9,True,2025-09-01 03:45:00+00:00,2025-09-01 09:30:00+00:00,2025-09-01 09:45:00+00:00,2025-09-01 09:55:00+00:00,True,discount,pdh,m15_range,False,False,,,,,,,,,,,,,,,,,0,,0,,False,0,5,True,True,0,True,False,True,True,continuation,d1_fvg,equal_hl,0.5845233333333334,0,37.4,2.7,7.5,88.1,88.1,88.1
GBPUSD,2,-1,1.33413,1.33518,9000,1.33513,1.3302177599999998,-174.82499999999922,2025-09-02 13:35:00+00:00,2025-09-02 13:50:00+00:00,stop,pyramid_im0.8_fvg_m5,no_open,fib_extension,near,,,True,D,5.9,against,behind,ifvg,5.9,against,2,1a_h4,breakout,ny_judas,ny,,,False,2,0,,0,False,,,False,0,,,,False,False,True,False,,True,single,29.7,49.0,2.0,2.0,high,4.9,True,2025-09-01 03:15:00+00:00,2025-09-01 15:15:00+00:00,2025-09-01 15:45:00+00:00,2025-09-01 15:55:00+00:00,True,discount,pdh,m15_range,False,False,,golden,,,,,,,,,,,,,,,0,,0,,False,0,4,True,True,0,True,False,False,True,,,equal_hl,1.334805,0,1.3,,,,222.1,222.1
GBPUSD,1,-1,1.3362100000000001,1.3362600000000002,28125,1.3362100000000001,1.3302177599999998,-26.0156250000549,2025-09-02 13:15:00+00:00,2025-09-02 14:05:00+00:00,stop,amd_fvg_m5,momentum,fib_extension,near,,,True,D,5.9,against,behind,ifvg,5.9,against,2,1a_h4,breakout,ny_judas,ny,,,False,2,0,,0,False,,,False,0,,,,False,False,True,False,,True,single,29.7,49.0,2.0,2.0,high,4.9,True,2025-09-01 03:15:00+00:00,2025-09-01 15:15:00+00:00,2025-09-01 15:45:00+00:00,2025-09-01 15:55:00+00:00,True,discount,pdh,m15_range,False,False,,golden,,,,,,,,,,,,,,,0,,0,,False,0,4,True,True,0,True,False,False,True,,,equal_hl,1.334805,0,22.1,,,,222.1,222.1
EURUSD,1,1,1.1728299999999998,1.1727899999999998,28125,1.1728299999999998,1.17593,-20.812500000020815,2025-09-08 08:30:00+00:00,2025-09-08 09:25:00+00:00,stop,amd_fvg_m5,momentum,pdh_pdl,near,ifvg,D,False,,0.0,against,inside,fvg,0.0,against,2,3b,judas,london_judas,london,,240T,False,4,2,W|D|60T,1,False,W,W|60T,False,0,,,,False,False,True,False,,True,single,23.0,15.0,2.0,2.0,low,9.3,True,2025-09-05 18:15:00+00:00,2025-09-05 21:45:00+00:00,2025-09-07 23:45:00+00:00,2025-09-07 23:45:00+00:00,,,,m15_range,False,False,,golden,,,,,,,,,,,,,,,0,,0,,False,0,4,True,False,0,True,False,True,True,continuation,breaker,equal_hl,1.1739350000000002,0,14.4,,31.9,,31.9,102.4
NZDUSD,1,1,0.591975,0.5919,18000,0.591975,0.5957,-24.975000000015733,2025-09-08 08:00:00+00:00,2025-09-08 10:25:00+00:00,stop,amd_fvg_m15,momentum,fib_extension,near,,,True,D,10.4,against,behind,ifvg,10.4,against,2,N-long,judas,london_judas,london,,240T,False,3,2,60T,1,False,60T,W|60T,False,0,,,,False,False,True,False,,True,single,10.4,12.0,2.0,4.0,low,0.5,True,2025-09-07 22:15:00+00:00,2025-09-08 01:00:00+00:00,2025-09-08 01:15:00+00:00,2025-09-08 01:20:00+00:00,,,,m15_range,False,False,,,,,,,,,,,,,,,,,0,,0,,False,0,4,True,False,0,True,False,True,True,continuation,w_fvg,equal_hl,0.5926533333333334,0,10.9,,,,77.1,201.5
EURUSD,1,-1,1.1729500000000002,1.17399,6250,1.17395,1.1695116799999998,-120.24999999999189,2025-09-09 13:30:00+00:00,2025-09-09 14:15:00+00:00,stop,amd_fvg_m5,momentum,fib_extension,near,ifvg,D,True,240T,25.9,against,ahead,ob,0.0,with,0,3a,breakout,ny_judas,ny,,,False,3,1,15T,0,False,15T,,False,1,D,D,,False,False,True,False,,True,dual,25.6,12.0,2.0,2.0,high,2.5,True,2025-09-09 07:30:00+00:00,2025-09-09 10:15:00+00:00,2025-09-09 10:30:00+00:00,2025-09-09 10:35:00+00:00,True,premium,pdh,m15_range,False,False,,against,,,,,,,,,,,,,,,0,,0,,False,0,3,True,False,0,True,False,False,True,,,equal_hl,1.1711925,0,2.0,,81.9,156.4,202.7,338.9
EURUSD,1,-1,1.16877,1.1688100000000001,5000,1.16877,1.1656,-3.7000000000037003,2025-09-11 07:00:00+00:00,2025-09-11 13:25:00+00:00,stop,amd_ob_m5,momentum,swing,d3,fvg,240T,True,240T,0.0,against,inside,ifvg,0.0,against,0,3a,breakout,london_judas,london,,,False,3,1,240T,0,False,240T,,False,-1,60T,,,False,False,False,False,,False,,20.4,10.0,2.0,3.0,high,19.2,True,2025-09-10 08:15:00+00:00,2025-09-10 10:30:00+00:00,2025-09-10 15:45:00+00:00,2025-09-10 15:45:00+00:00,False,discount,eqh,m15_range,False,False,,against,,,,,,,,,,,,,,,0,,0,,False,0,2,False,False,0,True,False,False,True,,,equal_hl,1.1685775,0,23.8,,6.2,114.6,114.6,297.1
NZDUSD,1,-1,0.5929949999999999,0.5938950000000001,6250,0.59382,0.5899937800000001,-104.06250000001421,2025-09-11 07:00:00+00:00,2025-09-11 13:30:00+00:00,stop,amd_ob_m5,momentum,fib_extension,near,ifvg,W,True,240T,8.2,against,ahead,ifvg,8.2,against,1,N-short,breakout,london_judas,london,,,False,5,2,D,-1,False,D,,False,-1,60T,D,,False,False,True,False,,True,single,27.0,47.0,2.0,2.0,high,6.3,True,2025-09-10 03:15:00+00:00,2025-09-10 14:45:00+00:00,2025-09-10 15:00:00+00:00,2025-09-10 15:10:00+00:00,False,discount,eqh,m15_range,False,False,,,,,,,,,,,,,,,,,0,,0,,False,0,4,True,False,0,True,False,True,True,continuation,d1_fvg,equal_hl,0.59208,0,16.6,3.2,49.4,113.3,131.7,131.7
GBPUSD,1,1,1.35977,1.3597199999999998,15000,1.35977,1.36316652,-13.875000000029281,2025-09-15 11:00:00+00:00,2025-09-15 14:50:00+00:00,stop,amd_fvg_m5,momentum,fib_extension,near,ob,D,False,,78.0,against,ahead,ob,41.5,against,3,2b_h4,judas,ny_judas,ny,,,False,2,2,W|60T|15T,1,False,W,W|240T,False,0,,,,False,False,True,False,,True,dual,9.8,9.0,3.0,3.0,low,2.5,True,2025-09-14 23:00:00+00:00,2025-09-15 01:00:00+00:00,2025-09-15 01:30:00+00:00,2025-09-15 01:30:00+00:00,,,,m15_range,False,False,,against,,,,,,,,,,,,,,,0,,0,,False,0,3,True,False,0,True,False,False,True,,,equal_hl,1.3619366666666668,0,21.9,,,,,60.7
EURUSD,1,1,1.1764,1.17547,12500,1.17551,1.1798518000000002,-215.06249999997118,2025-09-15 13:00:00+00:00,2025-09-15 15:00:00+00:00,stop,amd_ob_m5,momentum,fib_extension,d60,,,True,D,1.0,against,ahead,ifvg,1.0,against,2,3b,breakout,ny_judas,ny,,,False,2,2,W|D|240T|15T,1,False,W,W|240T,False,0,,,,False,False,True,False,,True,single,19.8,54.0,2.0,5.0,low,5.8,True,2025-09-12 17:45:00+00:00,2025-09-15 07:00:00+00:00,2025-09-15 07:30:00+00:00,2025-09-15 07:30:00+00:00,,,,m15_range,False,False,,golden,,,,,,,,,,,,,,,0,,0,,False,0,4,True,False,0,True,False,True,True,continuation,breaker,equal_hl,1.17699,0,9.1,,,,16.8,27.0
NZDUSD,1,1,0.597655,0.596595,6250,0.59667,0.6009551,-122.56250000000703,2025-09-16 08:00:00+00:00,2025-09-16 09:40:00+00:00,stop,amd_ob_m5,momentum,fib_extension,d30,ifvg,W,True,D,0.0,against,inside,ifvg,0.0,against,1,N-long,breakout,london_judas,london,,,False,2,2,240T|15T,1,False,240T,W|240T,False,0,,,,False,False,False,False,,True,single,18.2,40.0,20.0,2.0,low,-14.4,True,2025-09-15 21:00:00+00:00,2025-09-16 06:45:00+00:00,2025-09-16 07:45:00+00:00,2025-09-16 07:50:00+00:00,True,premium,pdl,session_range,False,False,,,,,,,,,,,,,,,,,0,,0,,False,0,4,True,False,0,True,False,True,True,continuation,d1_fvg,equal_hl,0.59713125,0,3.9,,2.9,,20.3,83.7
EURUSD,1,1,1.17817,1.18156,15625,1.1791699999999998,1.1816,979.9218750000011,2025-09-16 07:00:00+00:00,2025-09-16 10:40:00+00:00,target,amd_fvg_h1,momentum,fib_extension,d60,,,False,,8.5,against,behind,ifvg,8.5,against,2,3b,breakout,london_judas,london,,,False,4,2,W|D|240T,1,False,W,W|240T,False,0,,,,False,False,True,False,,True,single,14.9,31.0,3.0,2.0,low,0.7,True,2025-09-15 18:00:00+00:00,2025-09-16 01:30:00+00:00,2025-09-16 01:45:00+00:00,2025-09-16 01:50:00+00:00,False,premium,eql,m15_range,False,False,opposing,golden,,,,,,,,,,,,,,,0,,0,,False,0,3,True,False,0,True,False,True,False,continuation,d1_fvg,,0.0,0,34.4,5.8,,,,7.9
EURUSD,1,-1,1.1846400000000001,1.1846800000000002,9000,1.1846400000000001,1.17344,-6.660000000006661,2025-09-17 08:05:00+00:00,2025-09-17 14:05:00+00:00,stop,amd_fvg_m5,momentum,pdh_pdl,near,fvg,D,True,240T,89.2,against,ahead,fvg,89.2,against,0,3a,breakout,london_judas,london,,W,False,1,1,15T,0,False,15T,,False,0,,D,,False,False,True,False,,True,single,14.0,22.0,4.0,3.0,high,1.9,True,2025-09-16 18:45:00+00:00,2025-09-17 00:00:00+00:00,2025-09-17 00:30:00+00:00,2025-09-17 00:35:00+00:00,False,premium,eqh,m15_range,False,False,,against,,,,,,,,,,,,,,,0,,0,,False,0,3,True,False,-1,True,False,False,True,,,equal_hl,1.175395,0,13.8,,131.3,239.2,273.3,455.8
GBPUSD,1,-1,1.35307,1.3500500000000002,14062,1.35207,1.35,785.6439399999482,2025-09-19 07:00:00+00:00,2025-09-19 07:30:00+00:00,target,amd_ob_m15,momentum,round_number,near,ifvg,W,False,,15.6,against,ahead,ifvg,15.6,against,1,1a,judas,london_judas,london,,W,False,3,2,D|60T,-1,False,D,60T,False,0,,240T,,False,False,False,False,,True,dual,34.9,13.0,2.0,2.0,high,39.5,True,2025-09-18 05:15:00+00:00,2025-09-18 08:15:00+00:00,2025-09-18 12:00:00+00:00,2025-09-18 12:00:00+00:00,False,discount,none,m15_range,False,False,,golden,,,,,,,,,,,,,,,0,,0,,False,0,3,False,False,1,True,False,False,True,,,equal_hl,1.3501180000000002,0,32.9,1.1,,198.6,198.6,390.7
NZDUSD,1,-1,0.586325,0.5873750000000001,28125,0.5873,0.58324,-546.3281250000554,2025-09-19 07:00:00+00:00,2025-09-19 08:15:00+00:00,stop,amd_fvg_m15,momentum,pwh_pwl,near,ifvg,W,True,240T,5.0,against,ahead,ifvg,5.0,against,2,N-short,judas,london_judas,london,,W,False,4,1,60T,0,False,60T,60T,False,0,,240T,,False,False,True,False,,True,dual,19.5,42.0,2.0,3.0,high,0.7,True,2025-09-18 14:15:00+00:00,2025-09-19 00:30:00+00:00,2025-09-19 01:00:00+00:00,2025-09-19 01:00:00+00:00,False,discount,eqh,m15_range,False,False,,,,,,,,,,,,,,,,,0,,0,,False,0,4,True,False,1,True,False,False,True,,,equal_hl,0.5855225000000001,0,9.2,,,32.1,65.0,65.0
EURUSD,1,-1,1.17558,1.1746200000000002,18000,1.1745800000000002,1.17251912,319.67999999995,2025-09-19 12:00:00+00:00,2025-09-19 14:00:00+00:00,stop,amd_ob_m5,momentum,fib_extension,d3,ifvg,240T,True,240T,0.0,against,inside,ifvg,0.0,against,2,3a,breakout,ny_judas,ny,,W,False,2,1,60T|15T,0,False,60T,60T,False,0,,,,False,False,True,False,,True,single,20.5,40.0,3.0,2.0,high,0.1,True,2025-09-18 18:45:00+00:00,2025-09-19 04:30:00+00:00,2025-09-19 04:45:00+00:00,2025-09-19 04:45:00+00:00,False,discount,eqh,m15_range,False,False,,against,,,,,,,,,,,,,,,0,,0,,False,0,4,True,False,1,True,False,False,True,,,equal_hl,1.1728833333333333,0,27.2,,6.7,148.6,182.7,365.2
NZDUSD,1,-1,0.5849749999999999,0.585775,11250,0.5857,0.58179,-166.50000000002785,2025-09-24 07:45:00+00:00,2025-09-24 08:40:00+00:00,stop,amd_ob_m5,momentum,swing,d3,ob,W,False,,0.0,against,inside,ifvg,0.0,against,1,N-short_h4,judas,london_judas,london,,W,False,3,1,240T|60T,0,False,240T,,False,1,60T,240T,,False,False,False,False,,True,single,15.0,18.0,2.0,2.0,high,3.8,True,2025-09-23 22:30:00+00:00,2025-09-24 02:45:00+00:00,2025-09-24 03:15:00+00:00,2025-09-24 03:20:00+00:00,False,discount,eqh,m15_range,False,False,,,,,,,,,,,,,,,,,0,,0,,False,0,2,False,False,0,True,False,False,True,,,equal_hl,0.584638,0,1.4,13.9,13.9,,51.5,51.5
EURUSD,1,-1,1.1794200000000001,1.1759,22500,1.1784200000000002,1.17586,1465.200000000079,2025-09-24 07:15:00+00:00,2025-09-24 11:10:00+00:00,target,amd_fvg_m5,momentum,fib_extension,near,ifvg,D,False,,15.5,against,ahead,ob,0.0,with,2,3a,judas,london_judas,london,,W,False,2,1,15T,0,False,15T,,False,1,60T,,,False,False,True,False,,False,,34.5,58.0,3.0,4.0,high,0.7,True,2025-09-23 08:30:00+00:00,2025-09-23 22:45:00+00:00,2025-09-23 23:00:00+00:00,2025-09-23 23:05:00+00:00,True,discount,pdh,m15_range,False,False,opposing,against,,,,,,,,,,,,,,,0,,0,,False,0,3,True,False,0,True,False,False,True,,,equal_hl,1.17536,0,36.3,0.4,68.9,136.2,221.1,403.6
EURUSD,1,-1,1.17581,1.1748500000000002,28125,1.1748100000000001,1.1727400000000001,499.49999999992184,2025-09-24 11:10:00+00:00,2025-09-25 02:00:00+00:00,stop,amd_fvg_m5,momentum,equal_hl,near,ifvg,D,True,240T,0.0,against,inside,fvg,0.0,against,2,1b,breakout,ny_judas,ny,,W,False,6,1,15T,0,False,15T,,False,1,60T,,,False,False,True,False,,True,single,34.5,58.0,3.0,4.0,high,0.7,True,2025-09-23 08:30:00+00:00,2025-09-23 22:45:00+00:00,2025-09-23 23:00:00+00:00,2025-09-23 23:05:00+00:00,True,discount,pdh,m15_range,False,False,,against,,,,,,,,,,,,,,,0,,0,,False,0,3,True,False,0,True,False,False,True,,,equal_hl,1.17328,0,30.1,,32.8,100.1,185.0,367.5
GBPUSD,1,-1,1.34199,1.3410400000000002,22500,1.3409900000000001,1.3382764000000003,395.43749999991024,2025-09-25 13:00:00+00:00,2025-09-25 13:30:00+00:00,stop,amd_fvg_m5,momentum,fib_extension,near,,,False,,2.2,against,ahead,ifvg,2.2,against,2,1a_h4,judas,ny_judas,ny,,W,False,3,1,240T,0,False,240T,60T,False,0,,,,False,False,True,False,,True,single,26.0,65.0,4.0,2.0,high,2.4,True,2025-09-24 15:30:00+00:00,2025-09-25 07:30:00+00:00,2025-09-25 07:45:00+00:00,2025-09-25 07:50:00+00:00,False,discount,eqh,m15_range,False,False,confirmed,golden,,,,,,,,,,,,,,,0,,0,,False,0,4,True,False,0,True,False,True,True,continuation,d1_fvg,equal_hl,1.334805,0,30.2,3.3,,,87.8,279.9
EURUSD,1,-1,1.16744,1.16748,22500,1.16744,1.16081,-16.65000000001665,2025-09-26 11:15:00+00:00,2025-09-26 12:50:00+00:00,stop,amd_ob_m5,momentum,itl_liquidity,d3,ifvg,D,False,,63.6,against,ahead,ifvg,63.6,against,2,3a,judas,ny_judas,ny,,W,False,2,1,60T,0,False,60T,60T,False,0,,240T,,False,False,True,False,,True,single,33.7,56.0,2.0,2.0,high,4.0,True,2025-09-25 19:30:00+00:00,2025-09-26 09:15:00+00:00,2025-09-26 09:30:00+00:00,2025-09-26 09:40:00+00:00,False,discount,eqh,m15_range,False,False,,against,,,,,,,,,,,,,,,0,,0,,False,0,3,True,False,0,True,False,False,True,,,equal_hl,1.1658400000000002,0,12.9,18.5,29.9,16.4,101.3,283.8
EURUSD,1,1,1.17393,1.1738899999999999,11250,1.17393,1.177,-8.325000000008325,2025-09-29 13:35:00+00:00,2025-09-29 14:20:00+00:00,stop,amd_fvg_m5,momentum,swing,d3,ifvg,D,True,240T,11.3,against,behind,fvg,11.3,against,1,2a,judas,ny_judas,ny,,,False,2,2,W|D,1,False,W,W|D,False,0,,,,False,False,False,False,,True,single,25.4,16.0,4.0,1.0,low,-1.6,True,2025-09-29 07:00:00+00:00,2025-09-29 10:45:00+00:00,2025-09-29 12:30:00+00:00,2025-09-29 12:30:00+00:00,,,,session_range,False,False,confirmed,golden,,,,,,,,,,,,,,,0,,0,,False,0,5,True,True,0,True,False,True,True,continuation,breaker,equal_hl,1.1749880000000001,0,12.2,,15.4,180.2,180.2,180.2
EURUSD,1,1,1.1734099999999998,1.1743699999999997,14062,1.1744099999999997,1.17672,249.74111999996094,2025-09-30 07:15:00+00:00,2025-09-30 11:10:00+00:00,stop,amd_fvg_m15,momentum,fib_extension,d3,ifvg,D,True,240T,6.1,against,behind,fvg,6.1,against,1,3b,breakout,london_judas,london,,,False,2,2,W|D,1,False,W,W|D,False,1,60T,240T,,False,False,False,False,,True,single,22.2,45.0,4.0,2.0,low,0.5,True,2025-09-29 15:45:00+00:00,2025-09-30 02:45:00+00:00,2025-09-30 03:00:00+00:00,2025-09-30 03:00:00+00:00,False,premium,pwl,m15_range,False,False,confirmed,golden,,,,,,,,,,,,,,,0,,0,,False,0,5,True,True,0,True,False,True,True,continuation,breaker,equal_hl,1.1742383333333333,0,27.4,,21.2,185.4,185.4,185.4
GBPUSD,1,1,1.35047,1.3514199999999998,28125,1.35147,1.35362,494.2968749998878,2025-10-01 13:20:00+00:00,2025-10-01 14:50:00+00:00,stop,amd_m1_shift_ifvg,golden,swing,,,,False,,0.0,against,inside,ifvg,0.0,against,2,golden,mm_golden,ny_golden,ny,,,False,4,0,,0,False,,,False,0,,,,False,False,False,False,,False,,22.6,10.0,4.0,3.0,low,,True,,,,,,,,m15_range,False,False,,golden,cascade,,failed,,2b,5T,ifvg,,,s3:cont:eu+gu+dxy,60T:sister+dxy,1.34633,1.34698,15T,0,,0,,True,1,2,False,False,0,True,False,False,True,,,equal_hl,1.3504333333333332,0,22.6,0.0,0.0,0.0,0.0,0.0
GBPUSD,1,1,1.34409,1.3450399999999998,28125,1.34509,1.3472658800000004,494.2968749998878,2025-10-03 08:10:00+00:00,2025-10-03 10:00:00+00:00,stop,amd_m1_shift_fvg,golden,fib_extension,,,,False,,26.0,against,ahead,ob,0.0,with,2,golden,mm_golden,london_golden,london,,,False,5,0,,0,False,,,False,0,,,,False,False,False,False,,False,,16.4,19.0,3.0,2.0,low,,True,,,,,,,,m15_range,False,False,,golden,cascade,,failed,,2b,60T,fvg,,,s3:cont:eu+gu+dxy,15T:dxy,1.34268,1.34354,15T,0,,0,,False,0,2,False,False,0,True,False,False,True,,,equal_hl,1.345106,0,26.2,0.0,0.0,0.0,0.0,0.0
EURUSD,1,-1,1.1714200000000001,1.1704600000000003,22500,1.1704200000000002,1.16829,399.5999999999375,2025-10-06 07:00:00+00:00,2025-10-06 08:10:00+00:00,stop,amd_fvg_m5,momentum,pdh_pdl,near,,,True,D,2.3,against,ahead,ifvg,2.3,against,2,1b,judas,london_judas,london,,,False,6,1,240T|15T,0,False,240T,,False,0,,,,False,False,True,False,,True,dual,32.3,84.0,3.0,3.0,high,14.7,True,2025-10-02 18:00:00+00:00,2025-10-03 14:45:00+00:00,2025-10-03 15:00:00+00:00,2025-10-03 15:05:00+00:00,,,,m15_range,False,False,confirmed,against,,,,,,,,,,,,,,,0,,0,,False,0,3,True,False,0,True,False,False,True,,,equal_hl,1.1684125,0,24.1,9.1,32.2,69.7,107.0,323.6
NZDUSD,1,-1,0.5826049999999999,0.58268,22500,0.5826049999999999,0.5787100000000001,-31.218750000019668,2025-10-06 08:40:00+00:00,2025-10-06 13:30:00+00:00,stop,amd_ob_m5,momentum,equal_hl,d3,ob,W,True,240T,4.9,with,behind,ifvg,4.9,with,2,N-short,judas,london_judas,london,240T,,False,4,0,,0,False,,,False,0,,,,False,False,True,False,,True,single,25.5,25.0,3.0,2.0,high,1.4,True,2025-10-05 22:15:00+00:00,2025-10-06 04:15:00+00:00,2025-10-06 04:30:00+00:00,2025-10-06 04:40:00+00:00,,,,m15_range,False,False,,,,,,,,,,,,,,,,,0,,0,,False,0,4,True,False,0,True,False,True,True,continuation,d1_fvg,equal_hl,0.5815075,0,16.0,22.3,30.6,73.5,73.5,73.5
EURUSD,1,-1,1.1685,1.1675400000000002,28125,1.1675000000000002,1.16525,499.49999999992184,2025-10-07 07:15:00+00:00,2025-10-07 11:40:00+00:00,stop,amd_m1_shift_ifvg,golden,swing,,,,False,,20.7,against,behind,ifvg,20.7,against,2,golden,mm_golden,london_golden,london,,,False,6,0,,0,False,,,False,0,,,,False,False,False,False,,False,,12.9,17.0,3.0,5.0,high,,True,,,,,,,,m15_range,False,False,,golden,cascade,,failed,,1b,5T,ifvg,,,s2:cont:eu+gu+dxy,15T:sister+dxy,1.1693,1.16963,60T,0,,0,,True,1,3,True,False,0,True,False,False,True,,,equal_hl,1.1684125,0,24.6,0.0,0.0,0.0,0.0,0.0
GBPUSD,1,-1,1.3403100000000001,1.337175,28125,1.3393100000000002,1.337125,1631.1796875000573,2025-10-09 07:00:00+00:00,2025-10-09 07:30:00+00:00,target,amd_ob_m5,momentum,equal_hl,near,ob,240T,False,,2.6,against,behind,ob,0.0,against,2,1a,judas,london_judas,london,,,False,4,1,240T|60T,0,False,240T,,False,1,60T,,,False,False,True,False,,True,dual,19.6,22.0,2.0,2.0,high,5.7,True,2025-10-08 20:30:00+00:00,2025-10-09 01:45:00+00:00,2025-10-09 02:00:00+00:00,2025-10-09 02:05:00+00:00,False,discount,eqh,m15_range,False,False,confirmed,golden,,,,,,,,,,,,,,,0,,0,,False,0,2,False,False,0,True,False,False,True,,,equal_hl,1.3342800000000001,0,33.9,8.0,33.4,80.6,80.6,263.1
NZDUSD,1,-1,0.577085,0.57716,33750,0.577085,0.57365,-46.8281250000295,2025-10-09 07:40:00+00:00,2025-10-09 10:00:00+00:00,stop,amd_fvg_m15,momentum,pdh_pdl,near,ob,W,True,240T,30.0,with,behind,fvg,30.0,with,3,N-short,breakout,london_judas,london,,,False,2,0,,0,False,,,False,1,60T,,,False,False,True,False,,True,single,34.5,71.0,3.0,3.0,high,0.4,True,2025-10-08 12:00:00+00:00,2025-10-09 05:30:00+00:00,2025-10-09 05:45:00+00:00,2025-10-09 05:50:00+00:00,True,discount,pdh,m15_range,False,False,,,,,,,,,,,,,,,,,0,,0,,False,0,3,False,False,0,True,False,True,True,continuation,d1_fvg,equal_hl,0.5768500000000001,0,10.7,,35.6,18.3,35.6,35.6
EURUSD,1,-1,1.16101,1.15765,33750,1.1600100000000002,1.15761,2097.9000000000187,2025-10-13 08:00:00+00:00,2025-10-13 12:40:00+00:00,target,amd_fvg_m15,momentum,fib_extension,near,ifvg,D,True,240T,32.0,against,ahead,ifvg,32.0,against,3,1b_h4,judas,london_judas,london,,,False,3,1,240T,0,False,240T,240T,False,0,,240T,,False,False,True,False,,True,single,27.5,30.0,2.0,4.0,high,2.2,True,2025-10-12 23:45:00+00:00,2025-10-13 07:00:00+00:00,2025-10-13 07:15:00+00:00,2025-10-13 07:20:00+00:00,,,,m15_range,False,False,,against,,,,,,,,,,,,,,,0,,0,,False,0,3,True,False,0,True,False,False,True,,,equal_hl,1.159505,0,37.6,19.2,69.0,,69.0,83.3
EURUSD,1,-1,1.1573200000000001,1.1573600000000002,33750,1.1573200000000001,1.1542,-24.975000000024977,2025-10-13 12:40:00+00:00,2025-10-13 14:40:00+00:00,stop,amd_fvg_h1,momentum,pdh_pdl,near,ifvg,D,False,,0.0,against,inside,ifvg,0.0,against,3,1b,breakout,ny_judas,ny,,,False,4,1,240T|15T,0,False,240T,240T,False,1,60T,,,False,False,True,False,,True,single,27.5,30.0,2.0,4.0,high,2.2,True,2025-10-12 23:45:00+00:00,2025-10-13 07:00:00+00:00,2025-10-13 07:15:00+00:00,2025-10-13 07:20:00+00:00,,,,m15_range,False,False,confirmed,against,,,,,,,,,,,,,,,0,,0,,False,0,3,True,False,0,True,False,False,True,,,equal_hl,1.1563074999999998,0,11.6,,32.1,,32.1,46.4
GBPUSD,1,-1,1.32725,1.3273000000000001,42187,1.32725,1.3233591999999998,-39.022975000082354,2025-10-14 08:15:00+00:00,2025-10-14 09:30:00+00:00,stop,amd_fvg_m5,momentum,fib_extension,d60,ifvg,W,False,,194.4,with,behind,ob,0.0,against,3,1a_ip,breakout,london_judas,london,,,False,2,1,,0,False,,240T,False,0,,240T,,False,False,True,False,,True,single,29.0,40.0,6.0,2.0,high,-11.7,True,2025-10-13 21:00:00+00:00,2025-10-14 06:45:00+00:00,2025-10-14 07:00:00+00:00,2025-10-14 07:00:00+00:00,False,discount,eqh,session_range,False,False,confirmed,golden,,,,,,,,,,,,,,,0,,0,,False,0,3,True,False,0,True,False,True,False,continuation,breaker,,0.0,0,20.1,,12.3,,12.3,14.2
EURUSD,1,1,1.16377,1.16273,14062,1.16277,1.16751,-270.55287999998177,2025-10-15 07:50:00+00:00,2025-10-15 11:05:00+00:00,stop,amd_fvg_m5,momentum,fib_extension,near,ifvg,240T,False,,59.6,with,behind,ifvg,59.6,with,1,3b,judas,london_judas,london,,,False,4,2,W|15T,1,False,W,W,False,0,,D,,False,False,True,False,,False,,27.0,40.0,9.0,8.0,low,-17.8,True,2025-10-14 21:00:00+00:00,2025-10-15 06:45:00+00:00,2025-10-15 07:00:00+00:00,2025-10-15 07:00:00+00:00,False,premium,eql,session_range,False,False,opposing,golden,,,,,,,,,,,,,,,0,,0,,False,0,4,True,False,0,True,False,True,True,continuation,pdhl,equal_hl,1.16479,0,7.6,,,141.7,281.8,281.8
EURUSD,1,-1,1.1620700000000002,1.16311,22500,1.16307,1.15828,-432.8999999999708,2025-10-15 12:50:00+00:00,2025-10-15 14:50:00+00:00,stop,amd_m1_shift_ifvg,golden,swing,,,,False,,42.6,against,ahead,ifvg,42.6,against,2,golden,mm_golden,ny_golden,ny,,,False,2,0,,0,False,,,False,0,,,,False,False,False,False,,False,,24.2,25.0,2.0,3.0,high,,True,,,,,,,,m15_range,False,False,,golden,cascade,,failed,,1b,5T,ifvg,,,s2:smt:eu,15T:pair+dxy,1.16306,1.16338,5T,0,,0,,True,1,2,False,False,0,True,False,False,True,,,equal_hl,1.1610399999999998,0,10.4,0.0,0.0,0.0,0.0,0.0
EURUSD,1,-1,1.16812,1.1671600000000002,11250,1.1671200000000002,1.16438404,199.79999999996875,2025-10-17 13:00:00+00:00,2025-10-17 15:40:00+00:00,stop,amd_ob_m5,momentum,fib_extension,near,fvg,D,False,,38.7,against,ahead,ob,33.4,with,1,1b_ip,breakout,ny_judas,ny,,,False,4,0,,0,False,,,False,1,60T,D,,False,False,True,False,,True,dual,31.9,47.0,5.0,2.0,high,16.1,True,2025-10-16 18:15:00+00:00,2025-10-17 05:45:00+00:00,2025-10-17 06:45:00+00:00,2025-10-17 06:55:00+00:00,False,premium,eqh,m15_range,False,False,,against,,,,,,,,,,,,,,,0,,0,,False,0,2,False,False,0,True,False,False,True,,,equal_hl,1.16545,0,24.9,1.9,139.8,,140.1,140.1
GBPUSD,1,-1,1.33285,1.3319000000000003,28125,1.3318500000000002,1.32867268,494.2968749998878,2025-10-22 08:00:00+00:00,2025-10-22 12:40:00+00:00,stop,amd_fvg_m5,momentum,fib_extension,near,fvg,240T,True,240T,23.5,against,behind,ob,0.0,against,2,1a_ip,breakout,london_judas,london,,,False,3,2,D,-1,False,D,,False,0,,240T,,False,False,True,False,,True,dual,22.1,34.0,3.0,3.0,high,1.0,True,2025-10-21 22:15:00+00:00,2025-10-22 06:30:00+00:00,2025-10-22 06:45:00+00:00,2025-10-22 06:50:00+00:00,False,discount,eqh,m15_range,False,False,,golden,,,,,,,,,,,,,,,0,,0,,False,0,4,True,False,0,True,False,True,True,continuation,d1_fvg,equal_hl,1.332155,0,23.1,,,68.3,81.1,81.1
EURUSD,1,-1,1.15921,1.15965,9000,1.15961,1.1559,-73.25999999999932,2025-10-23 11:30:00+00:00,2025-10-23 13:30:00+00:00,stop,amd_ob_m5,momentum,swing,d3,ifvg,D,True,240T,14.0,against,ahead,ob,0.0,against,1,3a,judas,ny_judas,ny,,,False,2,2,D,-1,False,D,,False,0,,,,False,False,False,False,,True,single,24.6,11.0,4.0,3.0,high,5.6,True,2025-10-22 14:45:00+00:00,2025-10-22 17:15:00+00:00,2025-10-22 17:30:00+00:00,2025-10-22 17:30:00+00:00,False,discount,eqh,m15_range,False,False,opposing,against,,,,,,,,,,,,,,,0,,0,,False,0,2,False,False,0,True,False,False,True,,,equal_hl,1.158212,0,6.8,1.0,16.3,51.0,51.0,51.0
EURUSD,1,1,1.16431,1.1634499999999999,17577,1.16349,1.167345,-279.650070000027,2025-10-27 11:45:00+00:00,2025-10-27 13:40:00+00:00,stop,amd_ob_m5,momentum,equal_hl,d3,fvg,240T,False,,4.9,against,behind,fvg,4.9,against,0,3b,breakout,ny_judas,ny,,,False,4,2,W,1,False,W,W,False,0,,240T,,False,False,False,False,,True,dual,13.4,23.0,5.0,5.0,low,2.1,True,2025-10-27 02:15:00+00:00,2025-10-27 07:45:00+00:00,2025-10-27 08:00:00+00:00,2025-10-27 08:05:00+00:00,,,,m15_range,False,False,,golden,,,,,,,,,,,,,,,0,,0,,False,0,4,True,False,0,True,False,True,True,continuation,d1_fvg,equal_hl,1.165172,0,8.3,5.3,6.8,86.1,177.7,276.4
GBPUSD,1,-1,1.33086,1.3260633333333334,33750,1.3273599999999999,1.3260133333333333,2994.9187499999334,2025-10-28 12:00:00+00:00,2025-10-28 13:30:00+00:00,target,mss_fvg_h1,momentum,equal_hl,d3,ob,D,False,,48.3,with,behind,ob,26.7,against,3,1a_h4,judas,ny_judas,ny,,D,False,3,2,D|240T,-1,False,D,,False,1,60T,D,,False,False,True,False,,True,single,29.0,14.0,2.0,2.0,low,1.1,False,2025-10-28 08:30:00+00:00,2025-10-28 11:45:00+00:00,2025-10-28 12:00:00+00:00,2025-10-28 12:10:00+00:00,False,discount,eql,m15_range,False,False,confirmed,golden,,,,,,,,,,,,,,,0,,0,,False,0,3,True,False,0,False,False,True,True,continuation,d1_fvg,equal_hl,1.328325,0,52.2,,22.6,61.2,61.2,61.2
GBPUSD,1,-1,1.32202,1.3210700000000002,33750,1.32102,1.3169567,593.1562499998654,2025-10-29 08:00:00+00:00,2025-10-29 09:30:00+00:00,stop,amd_fvg_h1,momentum,fib_extension,near,ifvg,W,False,,136.7,with,behind,ob,0.0,against,3,1a_h4,judas,london_judas,london,,240T,False,1,2,D|240T|15T,-1,False,D,240T,False,0,,D,,False,False,True,False,,True,single,24.4,9.0,2.0,2.0,high,7.7,True,2025-10-28 14:15:00+00:00,2025-10-28 16:15:00+00:00,2025-10-28 16:45:00+00:00,2025-10-28 16:55:00+00:00,False,discount,eqh,m15_range,False,False,confirmed,golden,,,,,,,,,,,,,,,0,,0,,False,0,3,True,False,0,True,False,True,False,continuation,d1_fvg,,0.0,0,22.9,,,,,
EURUSD,1,-1,1.1603700000000001,1.15706,28125,1.1593700000000002,1.15702,1722.234375000076,2025-10-30 11:00:00+00:00,2025-10-30 12:40:00+00:00,target,mss_fvg_h1,momentum,fib_extension,d3,ifvg,D,True,240T,25.6,against,ahead,ob,0.0,against,2,3a,judas,ny_judas,ny,,,False,5,2,D|60T,-1,False,D,240T|60T,False,0,,240T,,False,False,True,False,,True,single,28.0,26.0,3.0,2.0,low,2.0,False,2025-10-30 04:30:00+00:00,2025-10-30 10:45:00+00:00,2025-10-30 11:00:00+00:00,2025-10-30 11:00:00+00:00,False,discount,eql,m15_range,False,False,,against,,,,,,,,,,,,,,,0,,0,,False,0,2,True,False,0,False,False,False,True,,,equal_hl,1.1595419999999999,0,36.8,7.9,27.3,62.3,62.6,62.6
GBPUSD,1,-1,1.31324,1.31429,22500,1.3142399999999999,1.31000418,-437.06249999999807,2025-10-31 07:00:00+00:00,2025-10-31 07:45:00+00:00,stop,amd_m1_shift_ifvg,golden,fib_extension,,,,False,,86.1,with,behind,ob,39.1,against,2,golden,mm_golden,london_golden,london,,,False,2,0,,0,False,,,False,0,,,,False,False,False,False,,False,,19.2,22.0,2.0,2.0,high,,True,,,,,,,,m15_range,False,False,,golden,cascade,240T,untested,,1a,15T,ifvg,,,s2:smt:gu,15T:sister,1.31538,1.31605,60T,0,,0,,False,0,3,True,False,0,True,False,True,False,continuation,d1_fvg,,0.0,0,7.7,0.0,0.0,0.0,0.0,0.0
EURUSD,1,-1,1.1553,1.1543400000000001,27000,1.1543,1.1510991599999998,479.51999999992495,2025-10-31 13:00:00+00:00,2025-10-31 13:40:00+00:00,stop,mss_fvg_m5,momentum,fib_extension,d60,ifvg,D,True,D,0.0,against,inside,ifvg,0.0,against,3,1b_h4,judas,ny_judas,ny,,,False,1,2,D|240T|60T,-1,False,D,240T|60T,False,0,,,,False,False,True,False,,True,single,33.0,95.0,3.0,3.0,low,3.6,False,2025-10-30 13:15:00+00:00,2025-10-31 12:45:00+00:00,2025-10-31 13:00:00+00:00,2025-10-31 13:05:00+00:00,False,discount,eql,m15_range,False,False,,against,,,,,,,,,,,,,,,0,,0,,False,0,1,True,False,0,False,False,False,False,,,,0.0,0,21.4,0.8,6.9,11.6,11.9,11.9
EURUSD,1,-1,1.1532900000000001,1.1523300000000003,18000,1.1522900000000003,1.13915,319.67999999995,2025-11-03 08:00:00+00:00,2025-11-03 15:55:00+00:00,stop,mss_ob_m5,momentum,itl_liquidity,d60,,,True,D,0.0,against,inside,ifvg,0.0,against,2,1b,judas,london_judas,london,,,False,2,2,D|240T|60T,-1,False,D,240T,False,0,,,,False,False,True,False,,True,single,21.4,19.0,3.0,5.0,low,0.5,False,2025-10-31 13:45:00+00:00,2025-10-31 18:15:00+00:00,2025-10-31 18:30:00+00:00,2025-10-31 18:40:00+00:00,,,,m15_range,False,False,,against,,,,,,,,,,,,,,,0,,0,,False,0,2,True,True,0,False,False,False,False,,,,0.0,0,27.9,12.3,12.4,,12.4,12.4
EURUSD,2,-1,1.15161,1.15265,9000,1.15261,1.13915,-173.15999999998832,2025-11-03 08:35:00+00:00,2025-11-03 16:00:00+00:00,stop,pyramid_im1.0_fvg_m15,no_open,itl_liquidity,d60,,,True,D,0.0,against,inside,ifvg,0.0,against,2,1b,judas,london_judas,london,,,False,2,2,D|240T|60T,-1,False,D,240T,False,0,,,,False,False,True,False,,True,single,21.4,19.0,3.0,5.0,low,0.5,False,2025-10-31 13:45:00+00:00,2025-10-31 18:15:00+00:00,2025-10-31 18:30:00+00:00,2025-10-31 18:40:00+00:00,,,,m15_range,False,False,,against,,,,,,,,,,,,,,,0,,0,,False,0,2,True,True,0,False,False,False,False,,,,0.0,0,11.1,12.3,12.4,,12.4,12.4
NZDUSD,1,-1,0.5719449999999999,0.57102,22500,0.5709449999999999,0.56823,385.0312499999807,2025-11-03 08:00:00+00:00,2025-11-03 17:15:00+00:00,stop,mss_ob_m5,momentum,itl_liquidity,d3,ob,W,False,,25.2,with,behind,fvg,25.2,with,2,N-short,judas,london_judas,london,,,False,3,2,W|D|60T,-1,False,W,240T,False,0,,240T,,False,False,True,False,,True,dual,29.7,96.0,3.0,7.0,low,1.2,False,2025-10-31 00:30:00+00:00,2025-11-03 01:15:00+00:00,2025-11-03 01:30:00+00:00,2025-11-03 01:40:00+00:00,,,,m15_range,False,False,,,,,,,,,,,,,,,,,0,,0,,False,0,4,True,True,0,False,False,True,True,continuation,d1_fvg,equal_hl,0.5718371428571428,0,27.5,8.4,7.2,11.3,38.4,38.4
EURUSD,1,1,1.15766,1.1586199999999998,22500,1.1586599999999998,1.1609700000000003,399.5999999999375,2025-11-11 13:00:00+00:00,2025-11-11 19:50:00+00:00,stop,mss_ob_m5,momentum,fib_extension,d3,ifvg,240T,True,240T,47.2,with,behind,ob,43.2,with,2,3b,judas,ny_judas,ny,,,False,2,2,W|15T,1,False,W,W,False,-1,60T,,,False,False,True,False,,True,single,30.9,78.0,2.0,3.0,high,1.9,False,2025-11-10 17:30:00+00:00,2025-11-11 12:45:00+00:00,2025-11-11 13:00:00+00:00,2025-11-11 13:10:00+00:00,False,premium,eqh,m15_range,False,False,,golden,,,,,,,,,,,,,,,0,,0,,False,0,3,True,False,0,False,False,True,True,continuation,d1_fvg,equal_hl,1.161584,0,29.1,,15.3,92.9,152.6,342.9
EURUSD,1,1,1.1614499999999999,1.1614099999999998,14062,1.1614499999999999,1.1649,-10.405880000010407,2025-11-13 08:00:00+00:00,2025-11-13 09:35:00+00:00,stop,amd_fvg_m5,momentum,swing,near,ob,D,True,240T,85.1,with,behind,ob,11.0,against,1,3b,judas,london_judas,london,,240T,False,2,2,W|240T|60T,1,False,W,W|240T|60T,False,0,,,,False,False,False,False,,True,dual,34.8,89.0,3.0,4.0,low,2.1,True,2025-11-11 15:45:00+00:00,2025-11-12 13:45:00+00:00,2025-11-12 14:15:00+00:00,2025-11-12 14:25:00+00:00,True,premium,pdl,m15_range,False,False,,golden,,,,,,,,,,,,,,,0,,0,,False,0,3,False,False,0,True,False,True,True,continuation,d1_fvg,equal_hl,1.16294,0,20.2,,,55.0,114.7,305.0
GBPUSD,1,1,1.31689,1.3168399999999998,11250,1.31689,1.3198949999999998,-10.406250000021961,2025-11-14 12:45:00+00:00,2025-11-14 13:00:00+00:00,stop,amd_fvg_m5,momentum,equal_hl,near,fvg,W,True,240T,49.6,against,ahead,ob,29.9,with,0,2b_ip,breakout,ny_judas,ny,,240T,False,3,2,W|240T|15T,1,False,W,W|240T|60T,False,0,,240T,,False,False,False,False,,True,dual,10.1,9.0,4.0,3.0,low,33.5,True,2025-11-14 01:00:00+00:00,2025-11-14 03:00:00+00:00,2025-11-14 08:15:00+00:00,2025-11-14 08:20:00+00:00,False,premium,eql,m15_range,False,False,confirmed,against,,,,,,,,,,,,,,,0,,0,,False,0,2,False,False,0,True,False,False,True,,,equal_hl,1.31919,0,11.9,29.5,47.8,201.5,303.5,558.2
EURUSD,1,-1,1.15918,1.16008,18000,1.16004,1.1554686,-299.699999999967,2025-11-17 13:05:00+00:00,2025-11-17 16:15:00+00:00,stop,amd_ob_m5,momentum,fib_extension,d3,ifvg,240T,True,240T,5.9,against,behind,fvg,5.9,against,2,1b_h4,judas,ny_judas,ny,,W,False,3,2,D,-1,False,D,60T,False,0,,,,False,False,True,False,,True,single,14.1,22.0,7.0,3.0,high,0.8,True,2025-11-14 17:30:00+00:00,2025-11-16 22:45:00+00:00,2025-11-16 23:00:00+00:00,2025-11-16 23:05:00+00:00,,,,m15_range,False,False,confirmed,against,,,,,,,,,,,,,,,0,,0,,False,0,3,True,False,0,True,False,False,True,,,equal_hl,1.1580825,0,10.0,,13.8,124.0,124.0,124.0
GBPUSD,1,-1,1.3125,1.3115500000000002,33750,1.3115,1.3093500000000002,593.1562499998654,2025-11-19 09:35:00+00:00,2025-11-19 10:45:00+00:00,stop,amd_ob_m5,momentum,fib_extension,near,ifvg,D,False,,30.5,against,ahead,ob,0.0,against,3,1a_h4,breakout,london_judas,london,,W,False,3,2,D|60T,-1,False,D,60T,False,0,,,,False,False,True,False,,True,dual,21.2,15.0,2.0,2.0,high,0.5,True,2025-11-18 16:00:00+00:00,2025-11-18 19:30:00+00:00,2025-11-18 19:45:00+00:00,2025-11-18 19:50:00+00:00,False,discount,eqh,m15_range,False,False,confirmed,golden,,,,,,,,,,,,,,,0,,0,,False,0,3,False,False,0,True,False,True,True,continuation,d1_fvg,equal_hl,1.3111975,0,20.9,,,116.2,116.2,116.2
EURUSD,1,-1,1.15707,1.15361,18000,1.15357,1.15307,1152.1800000000062,2025-11-19 14:00:00+00:00,2025-11-19 17:20:00+00:00,stop,amd_fvg_m5,momentum,fib_extension,d3,ifvg,D,True,240T,36.9,with,behind,fvg,36.9,with,2,3a,breakout,ny_judas,ny,,W,False,2,2,D|240T|60T,-1,False,D,60T,False,0,,,,False,False,True,False,,True,dual,20.2,62.0,4.0,4.0,high,5.6,True,2025-11-18 16:00:00+00:00,2025-11-19 07:15:00+00:00,2025-11-19 07:30:00+00:00,2025-11-19 07:40:00+00:00,False,discount,pwh,m15_range,False,False,opposing,against,,,,,,,,,,,,,,,0,,0,,False,0,3,True,False,0,True,False,False,True,,,equal_hl,1.1554119999999999,0,41.6,5.9,0.3,102.9,102.9,102.9
NZDUSD,1,-1,0.563535,0.5594950000000001,33750,0.562535,0.55942,2522.4749999999576,2025-11-19 08:05:00+00:00,2025-11-19 17:25:00+00:00,target,mss_ob_m15,momentum,fib_extension,d60,ob,W,False,,30.9,with,behind,ob,9.9,against,3,N-short_h4,judas,london_judas,london,,W,False,3,2,W|D|15T,-1,False,W,60T,False,0,,,,False,False,True,False,,True,single,35.0,36.0,3.0,2.0,low,5.3,False,2025-11-18 18:45:00+00:00,2025-11-19 03:30:00+00:00,2025-11-19 04:00:00+00:00,2025-11-19 04:00:00+00:00,True,discount,pdl,m15_range,False,False,,,,,,,,,,,,,,,,,0,,0,,False,0,2,False,False,0,False,False,True,True,continuation,breaker,equal_hl,0.562636,0,42.3,8.9,,30.9,30.9,30.9
EURUSD,1,-1,1.15152,1.1522000000000001,22500,1.15216,1.14687,-283.0500000000058,2025-11-20 12:00:00+00:00,2025-11-20 13:30:00+00:00,stop,mss_fvg_h1,judas,pwh_pwl,near,ob,D,True,240T,0.0,against,inside,ifvg,0.0,against,2,1b_h4,judas,ny_judas,ny,,W,False,3,2,D|240T|60T,-1,False,D,60T,False,-1,D,240T,,False,False,True,False,,False,,18.2,32.0,3.0,2.0,low,0.7,False,2025-11-20 04:00:00+00:00,2025-11-20 11:45:00+00:00,2025-11-20 12:00:00+00:00,2025-11-20 12:10:00+00:00,False,discount,eql,m15_range,False,False,,against,,,,,,,,,,,,,,,0,,0,,False,0,1,False,False,0,False,False,False,True,,,equal_hl,1.150315,0,13.9,6.0,,47.4,47.4,47.4
EURUSD,1,-1,1.1536600000000001,1.1547,28125,1.15466,1.15013,-541.1249999999635,2025-11-21 08:00:00+00:00,2025-11-21 08:15:00+00:00,stop,amd_m1_shift_ifvg,golden,swing,,,,False,,7.2,against,ahead,ob,3.2,against,2,golden,mm_golden,london_golden,london,,,False,4,0,,0,False,,,False,0,,,,False,False,False,False,,False,,23.8,63.0,4.0,5.0,high,,True,,,,,,,,m15_range,False,False,,golden,cascade,,failed,,1b,60T,ifvg,,,s3:smt:eu+dxy,60T:dxy,1.15476,1.15547,60T,0,,0,,True,1,2,False,False,0,True,False,False,True,,,equal_hl,1.1524066666666666,0,1.4,0.0,0.0,0.0,0.0,0.0
GBPUSD,1,1,1.31252,1.3124699999999998,17577,1.31252,1.31576,-16.25872500003431,2025-11-25 09:15:00+00:00,2025-11-25 10:40:00+00:00,stop,amd_fvg_m5,momentum,swing,near,ifvg,240T,False,,0.0,against,inside,fvg,0.0,against,1,2b_ip,breakout,london_judas,london,,,False,4,2,,1,False,,W,False,-1,D,240T,,False,False,False,False,,True,single,34.3,90.0,3.0,2.0,low,3.4,True,2025-11-21 16:45:00+00:00,2025-11-24 15:00:00+00:00,2025-11-24 15:45:00+00:00,2025-11-24 15:50:00+00:00,True,premium,pwl,m15_range,False,False,opposing,against,,,,,,,,,,,,,,,0,,0,,False,0,3,True,False,0,True,False,False,True,,,equal_hl,1.314065,0,15.1,,,91.5,291.7,601.9
GBPUSD,1,1,1.31193,1.31495,11250,1.31293,1.3150000000000002,628.5375000000048,2025-11-25 12:20:00+00:00,2025-11-25 13:15:00+00:00,target,mss_ob_m15,momentum,round_number,near,,,False,,4.2,against,ahead,ob,0.0,with,1,2b_h4,judas,ny_judas,ny,,,True,4,2,15T,1,False,15T,W,False,-1,D,,,False,False,False,False,,True,single,29.5,11.0,2.0,2.0,high,2.3,False,2025-11-25 07:15:00+00:00,2025-11-25 09:45:00+00:00,2025-11-25 10:00:00+00:00,2025-11-25 10:10:00+00:00,False,premium,eqh,m15_range,False,False,,against,,,,,,,,,,,,,,,0,,0,,False,0,2,True,False,0,False,False,False,True,,,equal_hl,1.314065,0,36.9,,,97.4,297.6,607.8
EURUSD,1,-1,1.15636,1.1574,11250,1.15736,1.1519,-216.4499999999854,2025-11-26 13:35:00+00:00,2025-11-26 13:40:00+00:00,stop,amd_fvg_m5,momentum,fib_extension,near,ifvg,D,True,240T,0.0,with,inside,ifvg,0.0,with,1,1b,judas,ny_judas,ny,,,False,4,3,240T,-1,True,240T,D,True,-1,D,,,False,False,True,False,,True,dual,28.3,36.0,4.0,3.0,high,4.3,True,2025-11-25 21:00:00+00:00,2025-11-26 05:45:00+00:00,2025-11-26 06:15:00+00:00,2025-11-26 06:25:00+00:00,False,premium,eqh,m15_range,False,False,,against,,,,,,,,,,,,,,,0,,0,,False,0,3,True,False,0,True,False,False,True,,,equal_hl,1.15469,0,4.5,1.3,62.7,23.6,95.8,95.8
GBPUSD,1,-1,1.3217700000000001,1.32282,22500,1.32277,1.31773314,-437.06249999999807,2025-11-27 09:00:00+00:00,2025-11-27 11:00:00+00:00,stop,amd_fvg_m5,momentum,fib_extension,near,ifvg,W,True,240T,0.8,with,behind,fvg,0.8,with,2,1a_ip,breakout,london_judas,london,,,False,3,2,,-1,False,,D,False,1,60T,D,,False,False,True,False,,True,single,26.7,27.0,2.0,2.0,high,11.9,True,2025-11-26 19:00:00+00:00,2025-11-27 01:30:00+00:00,2025-11-27 05:30:00+00:00,2025-11-27 05:35:00+00:00,False,premium,none,m15_range,False,False,confirmed,golden,,,,,,,,,,,,,,,0,,0,,False,0,3,False,False,0,True,False,True,True,continuation,d1_fvg,equal_hl,1.3137133333333333,0,7.8,,138.5,134.4,208.9,208.9
GBPUSD,1,-1,1.32123,1.3218,22500,1.32175,1.3170700000000002,-237.26250000007553,2025-11-28 08:00:00+00:00,2025-11-28 09:20:00+00:00,stop,amd_fvg_m15,momentum,fib_extension,near,ifvg,W,True,240T,6.2,with,behind,fvg,6.2,with,2,1a_ip,breakout,london_judas,london,,240T,False,1,2,15T,-1,False,15T,D,False,0,,D,,False,False,True,False,,True,dual,34.7,25.0,2.0,3.0,high,10.2,True,2025-11-27 07:15:00+00:00,2025-11-27 13:15:00+00:00,2025-11-27 16:15:00+00:00,2025-11-27 16:15:00+00:00,False,discount,eqh,m15_range,False,False,confirmed,golden,,,,,,,,,,,,,,,0,,0,,False,0,3,False,False,0,True,False,True,True,continuation,d1_fvg,equal_hl,1.3137133333333333,0,11.5,,117.9,129.0,203.5,203.5
EURUSD,1,1,1.15808,1.1612799999999999,28125,1.1590799999999999,1.16132,1664.9999999999322,2025-11-28 14:00:00+00:00,2025-12-01 01:10:00+00:00,target,amd_ob_m5,momentum,pdh_pdl,near,ifvg,D,True,D,26.8,against,ahead,ifvg,26.8,against,2,3b,judas,ny_judas,ny,,,False,4,3,W|60T,1,True,W,W|240T,False,-1,60T,,,False,False,True,False,,True,single,32.6,38.0,2.0,3.0,low,11.0,True,2025-11-28 00:30:00+00:00,2025-11-28 09:45:00+00:00,2025-11-28 10:45:00+00:00,2025-11-28 10:55:00+00:00,False,discount,eql,m15_range,False,False,confirmed,golden,,,,,,,,,,,,,,,0,,0,,False,0,3,False,False,0,True,False,True,True,continuation,d1_fvg,equal_hl,1.1584400000000001,0,34.1,9.8,33.3,76.0,88.7,240.0
EURUSD,1,1,1.16298,1.1639399999999998,22500,1.1639799999999998,1.1666,399.5999999999375,2025-12-01 12:00:00+00:00,2025-12-01 13:20:00+00:00,stop,amd_fvg_m5,momentum,ith_liquidity,near,ob,D,False,,18.4,against,behind,ob,0.0,against,2,3b,judas,ny_judas,ny,,240T,False,3,2,W|240T|60T|15T,1,False,W,W|240T,False,-1,60T,,,False,False,True,False,,True,single,24.6,44.0,3.0,2.0,low,1.9,True,2025-11-28 16:00:00+00:00,2025-12-01 02:45:00+00:00,2025-12-01 03:00:00+00:00,2025-12-01 03:05:00+00:00,,,,m15_range,False,False,,golden,,,,,,,,,,,,,,,0,,0,,False,0,5,True,True,0,True,False,True,True,continuation,d1_fvg,equal_hl,1.16525375,0,22.4,,,,39.7,191.0
GBPUSD,1,1,1.33377,1.3337199999999998,33750,1.33377,1.336775,-31.21875000006588,2025-12-04 08:05:00+00:00,2025-12-04 09:00:00+00:00,stop,amd_m1_shift_ob2,golden,equal_hl,,,,False,,19.2,against,ahead,ifvg,19.2,against,3,golden,mm_golden,london_golden,london,,,False,3,0,,0,False,,,False,0,,,,False,False,False,False,,False,,25.6,46.0,3.0,3.0,low,,True,,,,,,,,m15_range,False,False,,golden,cascade,,failed,,2b,5T,ob2,,,s3:none:none,60T:sister,1.33314,1.33328,60T,0,,0,,True,2,3,True,False,0,True,False,False,True,,,equal_hl,1.33533,0,21.0,0.0,0.0,0.0,0.0,0.0
GBPUSD,1,1,1.33529,1.33424,18750,1.3342900000000002,1.33852,-364.2187499999984,2025-12-09 09:15:00+00:00,2025-12-09 09:35:00+00:00,stop,amd_fvg_m15,momentum,ith_liquidity,d3,fvg,D,True,D,4.0,against,ahead,ifvg,4.0,against,3,2b_ip,breakout,london_judas,london,,D,False,4,3,15T,1,True,15T,W,True,1,D,D,,False,False,True,False,,True,dual,5.6,12.0,5.0,9.0,low,2.7,True,2025-12-09 02:15:00+00:00,2025-12-09 05:00:00+00:00,2025-12-09 07:15:00+00:00,2025-12-09 07:20:00+00:00,False,premium,eql,m15_range,False,False,,against,,,,,,,,,,,,,,,0,,0,,False,0,3,True,False,0,True,False,False,True,,,equal_hl,1.335095,0,3.0,,10.4,,33.3,175.4
EURUSD,1,1,1.17116,1.17446,28398,1.1721599999999999,1.1745,1733.6979000000424,2025-12-11 12:00:00+00:00,2025-12-11 14:20:00+00:00,target,amd_ob_m5,judas,equal_hl,near,,,False,,42.2,against,ahead,ob,3.0,against,3,3b,judas,ny_judas,ny,,,False,3,3,W|D|60T,1,True,W,W,False,0,,,,False,False,True,False,,True,single,21.4,19.0,2.0,2.0,low,2.6,True,2025-12-11 01:15:00+00:00,2025-12-11 05:45:00+00:00,2025-12-11 06:15:00+00:00,2025-12-11 06:20:00+00:00,False,premium,eql,m15_range,False,False,,golden,,,,,,,,,,,,,,,0,,0,,False,0,4,True,False,0,True,False,True,True,continuation,d1_fvg,equal_hl,1.1728833333333333,0,35.2,,,,,48.4
GBPUSD,1,1,1.34143,1.3423799999999997,18750,1.3424299999999998,1.3459092400000001,329.5312499999252,2025-12-11 14:00:00+00:00,2025-12-11 16:05:00+00:00,stop,amd_fvg_m5,momentum,fib_extension,near,ifvg,D,False,,14.6,against,behind,ob,2.4,against,3,2b_ip,breakout,ny_judas,ny,,,False,2,2,240T,1,False,240T,W,False,0,,240T,,False,False,True,False,,True,dual,32.5,53.0,3.0,4.0,low,4.7,True,2025-12-10 20:00:00+00:00,2025-12-11 09:00:00+00:00,2025-12-11 09:30:00+00:00,2025-12-11 09:35:00+00:00,False,premium,eql,m15_range,False,False,,against,,,,,,,,,,,,,,,0,,0,,False,0,2,False,False,0,True,False,False,True,,,equal_hl,1.343365,0,23.7,1.9,,,,96.8
GBPUSD,1,1,1.33734,1.3382899999999998,11250,1.3383399999999999,1.34035,197.71874999995512,2025-12-15 09:00:00+00:00,2025-12-15 14:00:00+00:00,stop,amd_ob_m5,momentum,swing,near,ifvg,D,True,D,13.2,against,ahead,ifvg,13.2,against,1,2b,judas,london_judas,london,,,False,5,2,240T|15T,1,False,240T,W|60T,False,0,,,,False,False,False,False,,True,single,21.7,43.0,2.0,3.0,low,0.4,True,2025-12-12 17:30:00+00:00,2025-12-15 04:00:00+00:00,2025-12-15 04:15:00+00:00,2025-12-15 04:15:00+00:00,,,,m15_range,False,False,confirmed,against,,,,,,,,,,,,,,,0,,0,,False,0,3,True,False,0,True,False,False,True,,,equal_hl,1.3387633333333333,0,22.8,1.6,65.6,12.8,65.6,117.4
EURUSD,1,1,1.1733799999999999,1.1743399999999997,22500,1.1743799999999998,1.177,399.5999999999375,2025-12-15 08:25:00+00:00,2025-12-15 18:15:00+00:00,stop,amd_m1_shift_ifvg,golden,swing,,,,False,,14.3,with,behind,fvg,14.3,with,2,golden,mm_golden,london_golden,london,,,False,3,0,,0,False,,,False,0,,,,False,False,False,False,,False,,33.5,72.0,2.0,4.0,low,,True,,,,,,,,m15_range,False,False,,golden,cascade,240T,failed,,2a,60T,ifvg,,,s2:noref:eu,60T:sister+dxy,1.17191,1.17302,60T,0,,0,,True,1,4,True,False,0,True,False,True,True,continuation,d1_fvg,equal_hl,1.174515,0,35.0,0.0,0.0,0.0,0.0,0.0
GBPUSD,1,1,1.34311,1.34248,22500,1.34253,1.347005,-262.2375000000543,2025-12-16 12:15:00+00:00,2025-12-16 13:40:00+00:00,stop,amd_fvg_m5,judas,equal_hl,d30,ifvg,D,False,,31.4,against,behind,ifvg,31.4,against,2,2b_ip,breakout,ny_judas,ny,,,False,3,2,,1,False,,W|60T,False,0,,,,False,False,True,False,,False,,23.4,55.0,3.0,3.0,low,4.2,True,2025-12-15 16:30:00+00:00,2025-12-16 06:00:00+00:00,2025-12-16 06:15:00+00:00,2025-12-16 06:20:00+00:00,True,premium,pdl,m15_range,False,False,,against,,,,,,,,,,,,,,,0,,0,,False,0,3,True,False,0,True,False,False,True,,,equal_hl,1.3437075,0,24.9,,,,7.9,56.9
GBPUSD,1,1,1.33636,1.33531,11250,1.33536,1.3397963,-218.53124999999903,2025-12-17 14:00:00+00:00,2025-12-17 14:20:00+00:00,stop,amd_fvg_m15,momentum,fib_extension,near,fvg,240T,True,240T,43.4,with,behind,ifvg,43.4,with,1,2b_ip,judas,ny_judas,ny,,,False,5,2,,1,False,,W,False,-1,60T,D,,False,False,True,False,,True,single,25.7,16.0,3.0,2.0,low,-14.7,True,2025-12-17 08:00:00+00:00,2025-12-17 11:45:00+00:00,2025-12-17 12:00:00+00:00,2025-12-17 12:00:00+00:00,False,discount,none,session_range,False,False,,against,,,,,,,,,,,,,,,0,,0,,False,0,3,True,False,-1,True,False,False,True,,,equal_hl,1.3366716666666667,0,0.0,27.1,93.4,22.6,93.4,108.8
EURUSD,1,-1,1.1728100000000001,1.1728500000000002,14062,1.1728100000000001,1.16829,-10.405880000010407,2025-12-18 08:50:00+00:00,2025-12-18 13:15:00+00:00,stop,amd_fvg_m5,momentum,swing,d3,fvg,D,True,240T,8.6,against,ahead,ifvg,8.6,against,1,3a,judas,london_judas,london,,,False,4,1,60T,0,False,60T,,False,0,,240T,,False,False,False,False,,True,dual,10.5,20.0,3.0,5.0,high,2.4,True,2025-12-18 02:00:00+00:00,2025-12-18 06:45:00+00:00,2025-12-18 07:00:00+00:00,2025-12-18 07:05:00+00:00,False,premium,eqh,m15_range,False,False,,against,,,,,,,,,,,,,,,0,,0,,False,0,3,False,False,1,True,False,False,True,,,equal_hl,1.17307,0,15.8,,26.0,139.7,238.1,260.3
GBPUSD,1,1,1.34145,1.3445799999999999,11250,1.34245,1.34463,651.4312499999699,2025-12-22 08:30:00+00:00,2025-12-22 14:25:00+00:00,target,mss_fvg_m5,momentum,swing,near,,,False,,52.4,against,ahead,ifvg,52.4,against,1,2b_h4,breakout,london_judas,london,,,False,6,2,D,1,False,D,W,False,1,60T,,,False,False,False,False,,False,,28.6,28.0,2.0,3.0,high,2.0,False,2025-12-22 01:15:00+00:00,2025-12-22 08:00:00+00:00,2025-12-22 08:15:00+00:00,2025-12-22 08:20:00+00:00,,,,m15_range,False,False,,against,,,,,,,,,,,,,,,0,,0,,False,0,2,True,False,0,False,False,False,True,,,equal_hl,1.3431333333333333,0,34.1,,32.8,24.5,42.5,57.9
EURUSD,1,1,1.1748699999999999,1.1748299999999998,42187,1.1748699999999999,1.17792,-31.21838000003122,2025-12-22 13:35:00+00:00,2025-12-22 16:50:00+00:00,stop,amd_fvg_h1,momentum,equal_hl,d3,ifvg,D,True,D,5.1,against,ahead,ifvg,5.1,against,3,3b,breakout,ny_judas,ny,,,False,4,2,W|D|60T,1,False,W,W,False,0,,,,False,False,True,False,,True,single,29.4,37.0,2.0,2.0,low,0.1,True,2025-12-19 14:30:00+00:00,2025-12-21 23:30:00+00:00,2025-12-21 23:45:00+00:00,2025-12-21 23:55:00+00:00,,,,m15_range,False,False,,golden,,,,,,,,,,,,,,,0,,0,,False,0,4,True,False,0,True,False,True,True,continuation,d1_fvg,equal_hl,1.176035,0,20.6,,14.9,14.9,56.2,56.2
GBPUSD,1,1,1.35076,1.34971,11250,1.34976,1.35419,-218.53124999999903,2025-12-23 08:00:00+00:00,2025-12-23 09:20:00+00:00,stop,amd_fvg_h1,momentum,swing,near,ifvg,W,False,,0.0,against,inside,ifvg,0.0,against,1,2b,breakout,london_judas,london,,,False,4,2,D,1,False,D,W,False,0,,,,False,False,False,False,,False,,11.9,15.0,2.0,2.0,low,1.9,True,2025-12-22 18:15:00+00:00,2025-12-22 21:45:00+00:00,2025-12-22 22:00:00+00:00,2025-12-22 22:05:00+00:00,False,premium,eql,m15_range,False,False,,against,,,,,,,,,,,,,,,0,,0,,False,0,2,True,False,0,True,False,False,False,,,,0.0,0,10.8,,,,,
GBPUSD,1,1,1.34984,1.3507899999999997,11250,1.3508399999999998,1.35333,197.71874999995512,2025-12-26 13:00:00+00:00,2025-12-26 14:45:00+00:00,stop,amd_ob_m5,momentum,fib_extension,near,ifvg,W,False,,11.6,with,behind,fvg,11.6,with,1,2b,judas,ny_judas,ny,,D,False,5,2,D|240T,1,False,D,W,False,1,D,D,,False,False,True,False,,True,single,27.9,16.0,2.0,2.0,low,6.4,True,2025-12-26 03:30:00+00:00,2025-12-26 07:15:00+00:00,2025-12-26 08:00:00+00:00,2025-12-26 08:00:00+00:00,False,premium,eql,m15_range,False,False,,against,,,,,,,,,,,,,,,0,,0,,False,0,2,False,False,0,True,False,False,True,,,equal_hl,1.35259,0,28.6,25.1,36.6,,36.6,36.6
GBPUSD,1,-1,1.34951,1.3463100000000001,14062,1.34851,1.34626,832.470399999966,2025-12-30 13:00:00+00:00,2025-12-30 15:10:00+00:00,target,amd_fvg_m5,momentum,fib_extension,d3,fvg,D,True,240T,8.3,against,ahead,ifvg,8.3,against,1,1a,judas,ny_judas,ny,,,False,5,2,W|240T,-1,False,W,60T,False,1,D,D,,False,False,True,False,,True,dual,24.6,60.0,3.0,4.0,high,8.5,True,2025-12-29 19:30:00+00:00,2025-12-30 10:15:00+00:00,2025-12-30 10:30:00+00:00,2025-12-30 10:40:00+00:00,False,discount,eqh,m15_range,False,False,,golden,,,,,,,,,,,,,,,0,,0,,False,0,3,True,False,0,True,False,False,True,,,equal_hl,1.348475,0,35.0,,27.1,184.7,400.7,486.3
EURUSD,1,-1,1.17626,1.1763000000000001,9000,1.17626,1.17286,-6.660000000006661,2025-12-30 12:00:00+00:00,2025-12-30 16:20:00+00:00,stop,amd_ob_m5,momentum,swing,d3,ifvg,D,True,240T,0.0,against,inside,ifvg,0.0,against,1,3a,judas,ny_judas,ny,,,False,2,1,60T|15T,0,False,60T,60T,False,1,D,,,False,False,False,False,,True,dual,29.5,57.0,2.0,2.0,high,0.9,True,2025-12-29 16:00:00+00:00,2025-12-30 06:00:00+00:00,2025-12-30 06:15:00+00:00,2025-12-30 06:15:00+00:00,False,discount,eqh,m15_range,False,False,,against,,,,,,,,,,,,,,,0,,0,,False,0,3,True,False,0,True,False,False,True,,,equal_hl,1.17462,0,17.3,,14.2,61.4,252.1,294.8
GBPUSD,1,-1,1.34571,1.3447600000000002,14062,1.34471,1.34187,247.1396499999439,2025-12-31 08:15:00+00:00,2025-12-31 11:15:00+00:00,stop,amd_breaker_m5,judas,fib_extension,d3,fvg,D,True,240T,0.0,against,inside,fvg,0.0,against,1,1a,judas,london_judas,london,,240T,False,4,2,W|240T,-1,False,W,60T,False,1,D,D,,False,False,True,False,,False,,24.6,60.0,3.0,4.0,high,8.5,True,2025-12-29 19:30:00+00:00,2025-12-30 10:15:00+00:00,2025-12-30 10:30:00+00:00,2025-12-30 10:40:00+00:00,False,discount,eqh,m15_range,False,False,,golden,,,,,,,,,,,,,,,0,,0,,False,0,3,True,False,0,True,False,False,True,,,equal_hl,1.3358949999999998,0,31.3,1.4,8.6,146.7,334.2,448.3
EURUSD,1,1,1.17515,1.17411,14062,1.17415,1.17827,-270.55287999998177,2025-12-31 12:00:00+00:00,2025-12-31 13:50:00+00:00,stop,amd_fvg_h1,momentum,equal_hl,near,ob,D,False,,0.0,with,inside,ifvg,0.0,with,1,3b,judas,ny_judas,ny,,D,False,5,3,W|D,1,True,W,W,True,1,D,D,,False,False,True,False,,True,single,29.5,59.0,2.0,2.0,low,9.8,True,2025-12-30 17:30:00+00:00,2025-12-31 08:00:00+00:00,2025-12-31 09:00:00+00:00,2025-12-31 09:00:00+00:00,False,discount,eql,m15_range,False,False,,golden,,,,,,,,,,,,,,,0,,0,,False,0,4,True,False,0,True,False,True,True,continuation,d1_fvg,equal_hl,1.1759966666666666,0,7.7,,38.4,53.4,57.3,57.3
