pair,leg_idx,direction,entry,exit,units,stop,target,pnl,opened_at,closed_at,reason,entry_type,session_side,target_type,target_rung,target_pd,target_pd_tf,path_blocked,path_block_tf,d1_fvg_dist_pips,d1_fvg_align,d1_fvg_pos,d1_pd_type,d1_pd_dist_pips,d1_pd_align,draw_score,im_scenario,entry_model,session_phase,profile,htf_fvg,dxy_fvg_tf,ny_cont,target_confluence,mstruct_pts,mstruct_align,mstruct_htf_dir,mstruct_minor_sweep,mstruct_intact_tf,dxy_mstruct_align,dxy_mstruct_sweep,dxy_rev_day,dxy_rev_tf,crt_tf,nwog,smt_idx,smt_dxy,target_escalated,tp_runner,tp1_price,soj_sweep,soj_type,amd_range_pips,amd_range_bars,amd_touches_hi,amd_touches_lo,amd_sweep_side,amd_sweep_depth,amd_sweep_aligned,amd_accum_start,amd_accum_end,amd_sweep_time,amd_sweep_time_m5,amd_swept_pdliq,amd_entry_zone,amd_liq_run,amd_source,bond_confirm,htf_smt,smt_pair_pref,golden_rule,golden_via,golden_ob_tf,golden_ob_state,golden_retrace_tf,mm_scenario,mm_ifvg_tf,mm_pd_stage,m1_diag,m1_smtz,m1_smtx,htf_smt_tf,mm_zone_lo,mm_zone_hi,mm_ifvg_zone_tf,mm_dxy_dir,mm_dxy_tf,mm_eurgbp_dir,mm_eurgbp_tf,golden_smt,golden_score,narrative_score,narrative_weekly_profile,narrative_nfp,narrative_rate,narrative_pd_prov,narrative_seasonal,narrative_htf_ob,narrative_d1_draw,htf_ob_context,htf_ob_liq_type,d1_draw_type,d1_draw_price,mm_adds,mfe_pips,lad_sess,lad_d3,lad_wk,lad_d30,lad_d60
EURUSD,1,-1,1.13137,1.13141,2000,1.13137,1.1280366666666666,-1.4800000000014801,2022-01-10 13:30:00+00:00,2022-01-10 13:40:00+00:00,stop,amd_ob_m5,momentum,equal_hl,d3,ob,240T,False,,8.7,with,behind,ob,0.0,against,0,3a,breakout,ny_judas,ny,,,False,6,1,15T,0,False,15T,,False,1,60T,,,False,False,False,False,,True,single,23.9,16.0,1.0,7.0,high,-15.0,True,2022-01-10 08:00:00+00:00,2022-01-10 11:45:00+00:00,2022-01-10 12:00:00+00:00,2022-01-10 12:05:00+00:00,,,,session_range,False,False,,against,,,,,,,,,,,,,,,0,,0,,False,0,3,True,False,0,True,False,False,True,,,equal_hl,1.12873,0,13.9,,30.1,,,
GBPUSD,1,-1,1.35491,1.3549600000000002,1000,1.35491,1.35158382,-0.925000000001952,2022-01-10 14:00:00+00:00,2022-01-10 15:30:00+00:00,stop,amd_fvg_m5,momentum,fib_extension,near,,,False,,9.4,against,behind,ob,0.0,against,1,1a,breakout,ny_judas,ny,,,False,4,0,,0,False,,,False,1,60T,D,,False,False,True,False,,True,dual,26.1,66.0,7.0,2.0,high,6.1,True,2022-01-07 16:45:00+00:00,2022-01-10 09:00:00+00:00,2022-01-10 09:15:00+00:00,2022-01-10 09:15:00+00:00,,,,m15_range,False,False,,golden,,,,,,,,,,,,,,,0,,0,,False,0,3,True,False,0,True,False,False,True,,,equal_hl,1.352935,0,17.4,,60.1,30.2,,
GBPUSD,1,1,1.35986,1.35981,1000,1.35986,1.36328464,-0.925000000001952,2022-01-11 08:00:00+00:00,2022-01-11 08:05:00+00:00,stop,amd_ob_m5,momentum,fib_extension,d3,,,False,,25.2,with,behind,ifvg,25.2,with,0,2b_ip,breakout,london_judas,london,,240T,False,1,1,240T|60T,0,False,240T,240T,False,-1,60T,,,False,False,False,False,,True,single,27.1,11.0,3.0,2.0,low,32.1,True,2022-01-10 10:45:00+00:00,2022-01-10 13:15:00+00:00,2022-01-10 15:00:00+00:00,2022-01-10 15:00:00+00:00,False,premium,eql,m15_range,False,False,,against,,,,,,,,,,,,,,,0,,0,,False,0,2,True,False,0,True,False,False,False,,,,0.0,0,21.0,2.3,5.6,,,
NZDUSD,1,1,0.677135,0.676385,1000,0.6764600000000001,0.68032,-13.875000000000526,2022-01-11 08:00:00+00:00,2022-01-11 10:30:00+00:00,stop,mss_fvg_m15,momentum,swing,d3,fvg,240T,True,240T,11.4,against,ahead,fvg,11.4,against,0,N-long,breakout,london_judas,london,,240T,False,3,1,,0,False,,240T,False,-1,60T,,,False,False,False,False,,True,dual,34.9,66.0,4.0,2.0,high,1.7,False,2022-01-10 15:30:00+00:00,2022-01-11 07:45:00+00:00,2022-01-11 08:00:00+00:00,2022-01-11 08:05:00+00:00,False,premium,eqh,m15_range,False,False,,,,,,,,,,,,,,,,,0,,0,,False,0,2,True,False,0,False,False,False,True,,,equal_hl,0.67806,0,7.0,3.6,12.7,75.3,,
EURUSD,1,-1,1.14474,1.1437800000000002,1000,1.1437400000000002,1.14166856,17.759999999997223,2022-01-14 12:15:00+00:00,2022-01-14 15:00:00+00:00,stop,amd_ob_m5,momentum,fib_extension,near,fvg,D,True,240T,11.7,against,ahead,fvg,11.7,against,1,3a,breakout,ny_judas,ny,,,False,2,0,,0,False,,,False,-1,60T,,,False,False,False,False,,True,dual,30.4,57.0,3.0,2.0,high,5.2,True,2022-01-13 15:00:00+00:00,2022-01-14 05:00:00+00:00,2022-01-14 05:30:00+00:00,2022-01-14 05:40:00+00:00,True,discount,pdh,m15_range,False,False,,against,,,,,,,,,,,,,,,0,,0,,False,0,2,False,False,0,True,False,False,True,,,equal_hl,1.13522,0,23.1,,135.3,83.4,,
GBPUSD,1,-1,1.36446,1.36551,2000,1.36546,1.36124428,-38.84999999999983,2022-01-17 12:45:00+00:00,2022-01-17 14:10:00+00:00,stop,amd_fvg_m5,momentum,fib_extension,near,fvg,D,True,240T,0.0,against,inside,fvg,0.0,against,0,1a_ip,breakout,ny_judas,ny,,,False,2,1,60T,0,False,60T,,False,0,,240T,,False,False,False,False,,True,dual,32.9,63.0,2.0,2.0,high,3.6,True,2022-01-14 16:15:00+00:00,2022-01-17 07:45:00+00:00,2022-01-17 08:00:00+00:00,2022-01-17 08:00:00+00:00,,,,m15_range,False,False,,golden,,,,,,,,,,,,,,,0,,0,,False,0,4,True,False,0,True,False,True,True,continuation,d1_fvg,equal_hl,1.352935,0,7.5,,,215.2,,
GBPUSD,1,-1,1.35969,1.3597400000000002,1000,1.35969,1.35612,-0.925000000001952,2022-01-18 12:00:00+00:00,2022-01-18 13:35:00+00:00,stop,amd_fvg_m5,momentum,swing,near,ifvg,D,True,240T,6.3,against,behind,ob,0.0,against,0,1a,breakout,ny_judas,ny,,,False,2,1,60T|15T,0,False,60T,60T,False,0,,,,False,False,False,False,,True,dual,13.2,11.0,2.0,2.0,high,10.8,True,2022-01-18 04:00:00+00:00,2022-01-18 06:30:00+00:00,2022-01-18 08:00:00+00:00,2022-01-18 08:05:00+00:00,True,discount,eqh,m15_range,False,False,,golden,,,,,,,,,,,,,,,0,,0,,False,0,4,True,False,0,True,False,True,True,continuation,breaker,equal_hl,1.3572950000000001,0,17.0,,,167.5,,
GBPUSD,1,1,1.36011,1.3635801799999998,1000,1.3611099999999998,1.36363018,64.19832999999775,2022-01-19 09:00:00+00:00,2022-01-19 11:05:00+00:00,target,mss_breaker_h1,judas,fib_extension,near,,,False,,27.7,with,behind,ifvg,27.7,with,0,2b_h4,breakout,london_judas,london,,,False,2,1,240T,0,False,240T,240T,False,0,,,,False,False,False,False,,True,single,33.7,51.0,3.0,2.0,high,7.4,False,2022-01-18 18:15:00+00:00,2022-01-19 06:45:00+00:00,2022-01-19 07:00:00+00:00,2022-01-19 07:00:00+00:00,False,discount,eqh,m15_range,False,False,opposing,against,,,,,,,,,,,,,,,0,,0,,False,0,2,True,False,0,False,False,False,True,,,equal_hl,1.374555,0,36.2,9.2,89.4,,,
GBPUSD,1,-1,1.3481,1.3471500000000003,2000,1.3471000000000002,1.345,35.14999999999202,2022-01-24 12:45:00+00:00,2022-01-24 15:00:00+00:00,stop,amd_fvg_h1,momentum,round_number,near,,,False,,74.0,with,behind,fvg,74.0,with,0,1a_h4,breakout,ny_judas,ny,,,False,1,1,60T|15T,0,False,60T,240T,False,0,,,,False,False,False,False,,True,single,13.1,12.0,4.0,2.0,high,4.7,True,2022-01-21 15:30:00+00:00,2022-01-21 18:15:00+00:00,2022-01-21 18:45:00+00:00,2022-01-21 18:50:00+00:00,,,,m15_range,False,False,,golden,,,,,,,,,,,,,,,0,,0,,False,0,4,True,False,0,True,False,True,True,continuation,d1_fvg,equal_hl,1.34352,0,28.7,,,,,
EURUSD,1,-1,1.1299700000000001,1.1269272200000002,2000,1.1289700000000003,1.1268872200000002,112.58285999999673,2022-01-25 08:30:00+00:00,2022-01-25 11:50:00+00:00,target,mss_fvg_m5,momentum,fib_extension,d3,,,False,,57.4,with,behind,ifvg,57.4,with,1,1b,judas,london_judas,london,,,False,2,1,240T|60T|15T,0,False,240T,240T|60T,False,0,,,,False,False,False,False,,True,single,33.6,68.0,2.0,2.0,low,9.6,False,2022-01-24 15:30:00+00:00,2022-01-25 08:15:00+00:00,2022-01-25 08:30:00+00:00,2022-01-25 08:35:00+00:00,False,discount,eql,m15_range,False,False,confirmed,against,,,,,,,,,,,,,,,0,,0,,False,0,2,True,False,0,False,False,False,True,,,equal_hl,1.1288333333333334,0,31.2,,10.2,15.9,,
NZDUSD,1,-1,0.6684549999999999,0.66953,2000,0.6694549999999999,0.6651111999999999,-39.77500000000178,2022-01-26 08:50:00+00:00,2022-01-26 10:10:00+00:00,stop,amd_ob_m5,judas,fib_extension,d3,,,False,,37.1,with,behind,ifvg,37.1,with,1,N-short_h4,breakout,london_judas,london,,,False,2,2,240T,0,True,240T,240T|60T,False,-1,60T,240T,,False,False,True,False,,True,single,26.4,18.0,2.0,4.0,high,7.7,True,2022-01-25 15:15:00+00:00,2022-01-25 19:30:00+00:00,2022-01-25 19:45:00+00:00,2022-01-25 19:55:00+00:00,False,premium,eqh,m15_range,False,False,,,,,,,,,,,,,,,,,0,,0,,False,0,4,True,False,-1,True,False,True,True,continuation,d1_fvg,equal_hl,0.66597,0,0.6,8.8,26.1,,,
EURUSD,1,-1,1.1289,1.12894,2000,1.1289,1.12577,-1.4800000000014801,2022-01-26 08:45:00+00:00,2022-01-26 14:10:00+00:00,stop,amd_fvg_h1,momentum,fib_extension,d3,,,False,,35.0,with,behind,fvg,35.0,with,2,1b_h4,breakout,london_judas,london,,,False,5,1,240T|60T,0,False,240T,240T|60T,False,-1,60T,,,False,False,True,False,,True,single,26.8,39.0,2.0,3.0,high,1.9,True,2022-01-25 16:45:00+00:00,2022-01-26 02:15:00+00:00,2022-01-26 02:30:00+00:00,2022-01-26 02:40:00+00:00,False,discount,eqh,m15_range,False,False,confirmed,against,,,,,,,,,,,,,,,0,,0,,False,0,2,False,False,-1,True,False,False,True,,,equal_hl,1.128755,0,17.5,,26.8,5.2,,
EURUSD,1,-1,1.1143100000000001,1.11535,2000,1.11531,1.11097488,-38.4799999999974,2022-01-27 13:30:00+00:00,2022-01-27 13:55:00+00:00,stop,amd_fvg_m5,momentum,fib_extension,near,,,False,,180.9,with,behind,fvg,180.9,with,2,1b_h4,breakout,ny_judas,ny,,,False,1,1,240T|15T,0,False,240T,240T|60T,False,0,,,,False,False,True,False,,True,single,17.4,13.0,3.0,2.0,high,6.2,True,2022-01-26 15:45:00+00:00,2022-01-26 18:45:00+00:00,2022-01-26 19:00:00+00:00,2022-01-26 19:00:00+00:00,False,discount,eqh,m15_range,False,False,,against,,,,,,,,,,,,,,,0,,0,,False,0,2,False,False,1,True,False,False,False,,,,0.0,0,8.3,,,,,
EURUSD,1,-1,1.11351,1.11428,2000,1.11424,1.1099979,-28.489999999997686,2022-01-28 12:45:00+00:00,2022-01-28 13:30:00+00:00,stop,mss_ob_m5,judas,fib_extension,d3,,,False,,108.1,with,behind,fvg,108.1,with,1,3a,judas,ny_judas,ny,,,False,2,2,240T,0,True,240T,240T|60T,True,0,,,,False,False,True,False,,False,,31.1,65.0,3.0,2.0,low,3.8,False,2022-01-27 16:15:00+00:00,2022-01-28 08:15:00+00:00,2022-01-28 08:30:00+00:00,2022-01-28 08:40:00+00:00,False,discount,eql,m15_range,False,False,opposing,against,,,,,,,,,,,,,,,0,,0,,False,0,1,False,False,0,False,False,False,True,,,equal_hl,1.112625,0,9.8,,4.8,,,
GBPUSD,1,1,1.34115,1.3411,2000,1.34115,1.3442539999999998,-1.850000000003904,2022-01-28 13:45:00+00:00,2022-01-28 13:55:00+00:00,stop,amd_fvg_m15,momentum,fib_extension,near,fvg,D,True,D,106.9,against,ahead,ifvg,106.9,against,0,2b_ip,breakout,ny_judas,ny,,,False,3,0,,0,False,,,False,-1,60T,240T,,False,False,False,False,,True,single,23.9,21.0,4.0,2.0,low,26.3,True,2022-01-28 02:00:00+00:00,2022-01-28 07:00:00+00:00,2022-01-28 09:15:00+00:00,2022-01-28 09:20:00+00:00,False,premium,none,m15_range,False,False,confirmed,against,,,,,,,,,,,,,,,0,,0,,False,0,3,True,False,0,True,False,False,True,,,equal_hl,1.352145,0,14.9,4.6,114.0,338.2,,
GBPUSD,1,1,1.35683,1.3567799999999999,2000,1.35683,1.36050568,-1.850000000003904,2022-02-11 12:00:00+00:00,2022-02-11 12:05:00+00:00,stop,amd_fvg_m15,momentum,fib_extension,near,ob,240T,False,,51.9,with,behind,ifvg,51.9,with,2,2b_h4,judas,ny_judas,ny,,240T,False,4,1,15T,0,False,15T,240T,False,-1,60T,D,,False,False,True,False,,True,dual,33.4,24.0,2.0,2.0,low,14.2,True,2022-02-10 22:45:00+00:00,2022-02-11 04:30:00+00:00,2022-02-11 06:30:00+00:00,2022-02-11 06:35:00+00:00,True,discount,pdl,m15_range,False,False,,against,,,,,,,,,,,,,,,0,,0,,False,0,2,False,False,0,True,False,False,True,,,equal_hl,1.358825,0,14.1,,75.9,,181.4,
EURUSD,1,-1,1.1332600000000002,1.1343,2000,1.13426,1.13009,-38.4799999999974,2022-02-14 08:00:00+00:00,2022-02-14 08:20:00+00:00,stop,mss_ob_m15,momentum,swing,d3,ifvg,240T,False,,0.0,against,inside,ifvg,0.0,against,1,3a,judas,london_judas,london,,,False,2,2,60T,-1,False,60T,D|60T,False,0,,,,False,False,False,False,,True,single,33.3,47.0,2.0,4.0,low,6.8,False,2022-02-11 20:15:00+00:00,2022-02-14 07:45:00+00:00,2022-02-14 08:00:00+00:00,2022-02-14 08:05:00+00:00,,,,m15_range,False,False,,against,,,,,,,,,,,,,,,0,,0,,False,0,2,True,False,0,False,False,False,True,,,equal_hl,1.1301999999999999,0,3.7,,3.9,189.5,212.2,
EURUSD,1,1,1.1313099999999998,1.1312699999999998,2000,1.1313099999999998,1.1349264000000001,-1.4800000000014801,2022-02-15 08:00:00+00:00,2022-02-15 08:05:00+00:00,stop,amd_ob_m15,judas,fib_extension,near,ifvg,240T,False,,46.6,with,behind,fvg,46.6,with,0,3b,breakout,london_judas,london,,,False,3,2,15T,0,True,15T,,False,-1,60T,,,False,False,True,False,,False,,18.2,12.0,4.0,3.0,low,16.2,True,2022-02-14 16:00:00+00:00,2022-02-14 18:45:00+00:00,2022-02-14 19:15:00+00:00,2022-02-14 19:20:00+00:00,False,premium,eql,m15_range,False,False,opposing,golden,,,,,,,,,,,,,,,0,,0,,False,0,4,True,False,0,True,False,True,True,continuation,d1_fvg,equal_hl,1.1358350000000002,0,21.2,10.2,105.8,171.5,182.6,
GBPUSD,1,-1,1.3543,1.35511,2000,1.35506,1.35092,-29.969999999999164,2022-02-15 13:00:00+00:00,2022-02-15 13:35:00+00:00,stop,amd_m1_shift_ifvg,golden,swing,,,,False,,26.6,against,ahead,ifvg,26.6,against,2,golden,mm_golden,ny_golden,ny,,,False,4,0,,0,False,,,False,0,,,,False,False,False,False,,False,,31.2,59.0,2.0,2.0,high,,True,,,,,,,,m15_range,False,False,,golden,cascade,240T,failed,,1a,60T,ifvg,,,s2:cont:eu+gu+dxy,,1.35457,1.35531,60T,0,,0,,True,1,4,True,False,0,True,False,True,True,continuation,d1_fvg,equal_hl,1.354375,0,13.9,0.0,0.0,0.0,0.0,0.0
GBPUSD,1,-1,1.35331,1.3533600000000001,1000,1.35331,1.34948,-0.925000000001952,2022-02-15 14:15:00+00:00,2022-02-15 14:25:00+00:00,stop,amd_ob_m5,momentum,pdh_pdl,near,ifvg,D,False,,16.7,against,ahead,ifvg,16.7,against,2,1a,judas,ny_judas,ny,,,False,5,3,,-1,True,,D|60T,True,-1,60T,240T,,False,False,True,False,,True,single,31.2,59.0,2.0,2.0,high,20.8,True,2022-02-14 17:15:00+00:00,2022-02-15 07:45:00+00:00,2022-02-15 09:00:00+00:00,2022-02-15 09:00:00+00:00,False,discount,eqh,m15_range,False,False,confirmed,golden,,,,,,,,,,,,,,,0,,0,,False,0,4,True,False,0,True,False,True,True,continuation,d1_fvg,equal_hl,1.34385,0,11.2,6.9,39.3,141.4,176.4,
GBPUSD,1,1,1.36052,1.3637079799999998,1000,1.36052,1.36375798,58.97762999999756,2022-02-17 09:40:00+00:00,2022-02-17 14:30:00+00:00,target,amd_m1_shift_ifvg,golden,fib_extension,,,,False,,55.9,against,ahead,ifvg,55.9,against,2,golden,mm_golden,london_golden,london,,,False,3,0,,0,False,,,False,0,,,,False,False,False,False,,False,,31.0,52.0,2.0,2.0,low,,True,,,,,,,,m15_range,False,False,,golden,cascade,,failed,,2b,5T,ifvg,,,s2:noref:eu,,1.3574,1.35777,60T,0,,0,,True,1,3,True,False,0,True,False,False,True,,,equal_hl,1.360515,0,32.6,0.0,0.0,0.0,0.0,0.0
EURUSD,1,-1,1.1356300000000001,1.1323400000000001,2000,1.1356300000000001,1.1323,121.73000000000056,2022-02-18 13:00:00+00:00,2022-02-18 16:05:00+00:00,target,amd_m1_shift_ifvg,golden,swing,,,,False,,10.9,with,behind,ifvg,10.9,with,2,golden,mm_golden,ny_golden,ny,,,False,5,0,,0,False,,,False,0,,,,False,False,False,False,,False,,17.6,66.0,5.0,5.0,high,,True,,,,,,,,m15_range,False,False,,golden,cascade,,failed,,1b,60T,ifvg,,,s3:cont:eu+gu+dxy,,1.13642,1.13787,60T,0,,0,,True,1,3,True,False,0,True,False,False,True,,,equal_hl,1.13498,0,41.6,0.0,0.0,0.0,0.0,0.0
EURUSD,1,-1,1.1344,1.1344400000000001,2000,1.1344,1.1314,-1.4800000000014801,2022-02-21 12:00:00+00:00,2022-02-21 14:15:00+00:00,stop,amd_fvg_m5,momentum,pdh_pdl,near,ifvg,240T,True,240T,23.2,with,behind,ifvg,23.2,with,1,1b,judas,ny_judas,ny,,240T,False,5,1,60T,0,False,60T,,False,1,60T,D,,False,False,True,False,,True,single,26.0,24.0,2.0,3.0,high,11.7,True,2022-02-21 02:00:00+00:00,2022-02-21 07:45:00+00:00,2022-02-21 08:15:00+00:00,2022-02-21 08:15:00+00:00,,,,m15_range,False,False,,against,,,,,,,,,,,,,,,0,,0,,False,0,3,True,False,0,True,False,False,True,,,equal_hl,1.13297,0,23.5,31.9,31.8,15.3,223.6,
GBPUSD,1,-1,1.34482,1.3417693600000002,2000,1.34382,1.3417193600000001,112.87367999998743,2022-02-24 09:30:00+00:00,2022-02-24 10:50:00+00:00,target,amd_fvg_m5,momentum,fib_extension,near,,,False,,11.8,against,behind,ifvg,11.8,against,2,1a_ip,breakout,london_judas,london,,,False,2,1,60T|15T,0,False,60T,240T,False,1,60T,,,False,False,True,False,,True,single,32.3,14.0,2.0,2.0,high,-21.4,True,2022-02-24 03:45:00+00:00,2022-02-24 07:00:00+00:00,2022-02-24 07:15:00+00:00,2022-02-24 07:15:00+00:00,False,discount,none,session_range,False,False,confirmed,golden,,,,,,,,,,,,,,,0,,0,,False,0,3,False,False,0,True,False,True,True,continuation,pdhl,equal_hl,1.338905,0,32.4,,,,91.5,
NZDUSD,1,-1,0.6714749999999999,0.67055,2000,0.6704749999999999,0.66828,34.22499999999828,2022-02-24 09:35:00+00:00,2022-02-24 11:45:00+00:00,stop,amd_ob_m5,momentum,equal_hl,near,ifvg,W,True,240T,56.6,against,ahead,fvg,56.6,against,2,N-short,breakout,london_judas,london,,,False,5,1,,0,False,,240T,False,1,60T,,,False,False,True,False,,True,single,34.7,26.0,2.0,3.0,high,9.7,True,2022-02-23 06:30:00+00:00,2022-02-23 12:45:00+00:00,2022-02-23 14:00:00+00:00,2022-02-23 14:00:00+00:00,False,discount,eqh,m15_range,False,False,,,,,,,,,,,,,,,,,0,,0,,False,0,3,False,False,0,True,False,True,True,continuation,breaker,equal_hl,0.66858,0,25.8,13.5,36.1,113.3,187.1,
GBPUSD,1,-1,1.33442,1.33547,2000,1.3354199999999998,1.32930528,-38.84999999999983,2022-02-24 14:15:00+00:00,2022-02-24 14:35:00+00:00,stop,amd_fvg_m5,momentum,fib_extension,near,,,False,,60.3,against,behind,fvg,60.3,against,2,1a,breakout,ny_judas,ny,,,False,2,1,60T|15T,0,False,60T,240T,False,1,60T,,,False,False,True,False,,True,single,29.5,4.0,2.0,1.0,high,-12.2,True,2022-02-24 10:15:00+00:00,2022-02-24 11:00:00+00:00,2022-02-24 12:30:00+00:00,2022-02-24 12:30:00+00:00,False,discount,none,session_range,False,False,confirmed,golden,,,,,,,,,,,,,,,0,,0,,False,0,1,False,False,0,True,False,False,False,,,,0.0,0,6.8,,,,,
EURUSD,1,-1,1.12029,1.11709758,2000,1.1192900000000001,1.11705758,118.11953999999902,2022-02-25 08:00:00+00:00,2022-02-25 08:50:00+00:00,target,mss_fvg_m15,judas,fib_extension,near,fvg,D,True,D,0.0,against,inside,fvg,0.0,against,1,3a,judas,london_judas,london,,,False,1,1,240T|60T,0,False,240T,240T,False,0,,240T,,False,False,False,False,,False,,30.4,13.0,2.0,2.0,low,48.9,False,2022-02-24 10:30:00+00:00,2022-02-24 13:30:00+00:00,2022-02-24 16:00:00+00:00,2022-02-24 16:00:00+00:00,False,discount,eql,m15_range,False,False,opposing,against,,,,,,,,,,,,,,,0,,0,,False,0,1,False,False,0,False,False,False,True,,,equal_hl,1.1141,0,32.8,17.4,97.6,,97.6,
EURUSD,1,-1,1.11687,1.11691,2000,1.11687,1.1130479599999998,-1.4800000000014801,2022-03-01 12:15:00+00:00,2022-03-01 13:05:00+00:00,stop,amd_fvg_h1,momentum,fib_extension,near,,,False,,0.0,against,inside,fvg,0.0,against,1,1b_ip,judas,ny_judas,ny,,,False,4,2,D,-1,False,D,240T,False,0,,240T,,False,False,False,False,,True,dual,30.2,14.0,2.0,3.0,high,8.9,True,2022-03-01 04:15:00+00:00,2022-03-01 07:30:00+00:00,2022-03-01 08:00:00+00:00,2022-03-01 08:00:00+00:00,False,discount,eqh,m15_range,False,False,,against,,,,,,,,,,,,,,,0,,0,,False,0,4,True,True,0,True,False,False,True,,,equal_hl,1.1143049999999999,0,12.7,,47.1,,63.4,
EURUSD,1,-1,1.1089900000000001,1.11003,2000,1.10999,1.105,-38.4799999999974,2022-03-02 08:00:00+00:00,2022-03-02 08:30:00+00:00,stop,amd_m1_shift_ifvg,golden,round_number,,,,False,,184.0,with,behind,fvg,184.0,with,2,golden,mm_golden,london_golden,london,,,False,2,0,,0,False,,,False,0,,,,False,False,False,False,,False,,16.5,17.0,3.0,2.0,high,,True,,,,,,,,m15_range,False,False,,golden,own_ob,,respected,,1b,15T,ifvg,,,s2:cont:eu+gu+dxy,,1.11055,1.11121,60T,0,,0,,True,2,2,True,False,0,True,False,False,False,,,,0.0,0,10.3,0.0,0.0,0.0,0.0,0.0
GBPUSD,1,-1,1.31807,1.31912,2000,1.31907,1.3150000000000002,-38.84999999999983,2022-03-07 14:05:00+00:00,2022-03-07 14:20:00+00:00,stop,amd_m1_shift_ifvg,golden,round_number,,,,False,,61.2,with,behind,fvg,61.2,with,2,golden,mm_golden,ny_golden,ny,,,False,3,0,,0,False,,,False,0,,,,False,False,False,False,,False,,30.8,8.0,2.0,2.0,high,,True,,,,,,,,m15_range,False,False,,golden,cascade,240T,untested,,1a,60T,ifvg,,,s2:cont:eu+gu+dxy,,1.31786,1.32004,60T,0,,0,,True,1,3,True,False,0,True,False,True,False,continuation,breaker,,0.0,0,2.7,0.0,0.0,0.0,0.0,0.0
NZDUSD,1,1,0.681845,0.68177,2000,0.681845,0.68487,-2.7750000000017483,2022-03-08 08:00:00+00:00,2022-03-08 08:30:00+00:00,stop,mss_fvg_m5,momentum,swing,near,ifvg,240T,False,,0.0,with,inside,fvg,0.0,with,1,N-long,judas,london_judas,london,240T,,False,3,1,240T,0,False,240T,,False,-1,60T,,,False,False,False,False,,True,single,33.6,21.0,4.0,3.0,high,0.1,False,2022-03-08 02:45:00+00:00,2022-03-08 07:45:00+00:00,2022-03-08 08:00:00+00:00,2022-03-08 08:10:00+00:00,False,discount,eqh,session_range,False,False,,,,,,,,,,,,,,,,,0,,0,,False,0,3,True,False,0,False,False,True,True,continuation,d1_fvg,equal_hl,0.6820900000000001,0,15.0,32.8,108.0,,108.0,
EURUSD,1,1,1.09883,1.10229,2000,1.10233,1.10187168,128.0200000000007,2022-03-09 13:00:00+00:00,2022-03-09 14:05:00+00:00,stop,amd_fvg_m5,momentum,fib_extension,near,,,False,,0.0,against,inside,ifvg,0.0,against,1,2a,breakout,ny_judas,ny,,,False,2,1,60T|15T,0,False,60T,60T,False,0,,,,False,False,False,False,,True,single,23.2,17.0,2.0,2.0,low,3.8,True,2022-03-08 19:00:00+00:00,2022-03-08 23:00:00+00:00,2022-03-08 23:15:00+00:00,2022-03-08 23:15:00+00:00,False,premium,eql,m15_range,False,False,confirmed,golden,,,,,,,,,,,,,,,0,,0,,False,0,3,False,False,0,True,False,True,True,continuation,breaker,equal_hl,1.114805,0,61.4,,,403.1,507.4,
EURUSD,1,-1,1.1047600000000002,1.1048000000000002,2000,1.1047600000000002,1.1010043999999999,-1.4800000000014801,2022-03-10 08:00:00+00:00,2022-03-10 09:00:00+00:00,stop,mss_ob_m15,momentum,fib_extension,near,ifvg,240T,True,240T,226.3,with,behind,ob,94.5,with,1,1b,judas,london_judas,london,,,False,1,2,D|240T,-1,False,D,,False,0,,D,,False,False,True,False,,True,single,32.2,34.0,2.0,2.0,low,5.5,False,2022-03-09 23:30:00+00:00,2022-03-10 07:45:00+00:00,2022-03-10 08:00:00+00:00,2022-03-10 08:10:00+00:00,False,premium,none,m15_range,False,False,,against,,,,,,,,,,,,,,,0,,0,,False,0,1,True,False,0,False,False,False,False,,,,0.0,0,21.5,7.0,242.6,,242.6,
EURUSD,1,1,1.10994,1.1096899999999998,2000,1.10994,1.1141872,-9.250000000003089,2022-03-10 12:45:00+00:00,2022-03-10 12:50:00+00:00,stop,news_fvg_m15,momentum,fib_extension,near,fvg,240T,True,240T,174.5,against,ahead,ob,42.7,against,1,2a,judas,ny_judas,ny,,240T,False,2,2,60T,0,True,60T,60T,True,-1,60T,,,False,False,True,False,,True,dual,32.2,34.0,2.0,2.0,low,16.0,True,2022-03-09 23:30:00+00:00,2022-03-10 07:45:00+00:00,2022-03-10 10:45:00+00:00,2022-03-10 10:45:00+00:00,False,premium,eql,m15_range,False,False,opposing,golden,,,,,,,,,,,,,,,0,,0,,False,0,2,False,False,0,True,False,False,True,,,equal_hl,1.11182,0,21.8,,,294.1,398.4,
GBPUSD,1,-1,1.31618,1.3127329600000002,2000,1.31518,1.31268296,127.54047999999018,2022-03-10 14:10:00+00:00,2022-03-10 14:35:00+00:00,target,amd_ob_m15,judas,fib_extension,near,fvg,240T,True,240T,0.0,with,inside,fvg,0.0,with,1,1a_ip,judas,ny_judas,ny,,,True,2,3,D|240T,-1,True,D,,True,1,60T,D,,False,False,True,False,,True,single,20.4,16.0,3.0,2.0,high,7.2,True,2022-03-09 20:45:00+00:00,2022-03-10 00:30:00+00:00,2022-03-10 08:00:00+00:00,2022-03-10 08:00:00+00:00,True,discount,pdh,m15_range,False,False,,golden,,,,,,,,,,,,,,,0,,0,,False,0,2,False,False,0,True,False,False,True,,,equal_hl,1.30996,0,37.8,21.5,81.1,,81.1,
EURUSD,1,-1,1.09823,1.09827,2000,1.09823,1.0943401200000002,-1.4800000000014801,2022-03-11 08:00:00+00:00,2022-03-11 09:20:00+00:00,stop,amd_fvg_h1,momentum,fib_extension,near,ifvg,240T,True,240T,6.3,against,ahead,fvg,6.3,against,1,3a,breakout,london_judas,london,,,False,2,3,D|60T,-1,True,D,,True,1,60T,D,,False,False,True,False,,True,single,18.3,11.0,3.0,2.0,high,5.0,True,2022-03-11 01:45:00+00:00,2022-03-11 04:15:00+00:00,2022-03-11 04:45:00+00:00,2022-03-11 04:45:00+00:00,False,discount,eqh,m15_range,False,False,confirmed,against,,,,,,,,,,,,,,,0,,0,,False,0,4,True,False,1,True,False,False,True,,,equal_hl,1.089915,0,16.7,2.8,134.3,,177.3,
NZDUSD,1,1,0.678875,0.6788,2000,0.678875,0.68188,-2.7750000000017483,2022-03-14 08:05:00+00:00,2022-03-14 11:45:00+00:00,stop,amd_ob_m5,momentum,swing,near,ifvg,240T,False,,48.2,with,behind,fvg,48.2,with,1,N-long,breakout,london_judas,london,,,False,5,2,D,1,False,D,,False,0,,240T,,False,False,False,False,,True,single,16.8,18.0,3.0,2.0,low,3.6,True,2022-03-14 02:15:00+00:00,2022-03-14 06:30:00+00:00,2022-03-14 07:15:00+00:00,2022-03-14 07:15:00+00:00,,,,m15_range,False,False,,,,,,,,,,,,,,,,,0,,0,,False,0,4,True,False,0,True,False,True,True,inside,breaker,equal_hl,0.6793333333333335,0,15.0,26.6,87.0,91.7,137.7,137.7
EURUSD,1,-1,1.09844,1.09948,2000,1.09944,1.09304,-38.4799999999974,2022-03-15 13:15:00+00:00,2022-03-15 13:55:00+00:00,stop,amd_m1_shift_ifvg,golden,judas_origin_60T,,,,False,,8.4,with,ahead,fvg,8.4,with,2,golden,mm_golden,ny_golden,ny,,,False,2,0,,0,False,,,False,0,,,,False,False,False,False,,False,,18.5,19.0,3.0,2.0,high,,True,,,,,,,,m15_range,False,False,,golden,cascade,,failed,,1b,5T,ifvg,,,s2:noref:gu,,1.09985,1.10056,60T,0,,0,,True,1,3,True,False,0,True,False,False,True,,,d1_fvg,1.095735,0,10.6,0.0,0.0,0.0,0.0,0.0
EURUSD,1,1,1.1007399999999998,1.10046,2000,1.09974,1.10435,-10.35999999999393,2022-03-16 11:00:00+00:00,2022-03-16 11:05:00+00:00,session_handover,amd_fvg_m5,momentum,ith_liquidity,d3,,,True,240T,31.4,against,behind,fvg,31.4,against,2,3b,judas,ny_judas,ny,,,False,4,1,,0,False,,60T,False,0,,,,False,False,True,False,,True,dual,26.0,9.0,2.0,2.0,low,47.8,True,2022-03-15 13:00:00+00:00,2022-03-15 15:00:00+00:00,2022-03-15 18:30:00+00:00,2022-03-15 18:30:00+00:00,False,premium,eql,m15_range,False,False,,golden,,,,,,,,,,,,,,,0,,0,,False,0,3,False,False,-1,True,False,True,True,continuation,breaker,equal_hl,1.104505,0,3.2,,13.1,239.9,488.3,488.3
GBPUSD,1,1,1.31715,1.3171,2000,1.31715,1.32108686,-1.850000000003904,2022-03-17 07:00:00+00:00,2022-03-17 10:00:00+00:00,stop,amd_fvg_m5,momentum,fib_extension,near,,,True,D,0.0,against,inside,ifvg,0.0,against,1,2b_h4,judas,london_judas,london,,,False,2,1,60T|15T,0,False,60T,,False,-1,60T,,,False,False,False,False,,True,single,11.6,15.0,2.0,2.0,low,3.7,True,2022-03-17 02:30:00+00:00,2022-03-17 06:00:00+00:00,2022-03-17 06:15:00+00:00,2022-03-17 06:20:00+00:00,True,premium,eql,m15_range,False,False,confirmed,against,,,,,,,,,,,,,,,0,,0,,False,0,3,False,False,1,True,False,False,True,,,equal_hl,1.319205,0,19.5,,,266.5,472.7,578.2
EURUSD,1,-1,1.10602,1.10706,2000,1.10702,1.1,-38.4799999999974,2022-03-18 08:30:00+00:00,2022-03-18 09:05:00+00:00,stop,amd_fvg_m5,momentum,round_number,near,,,False,,213.7,with,behind,ob,81.9,with,0,3a,breakout,london_judas,london,,,False,1,2,D|15T,-1,False,D,D,False,0,,,,False,False,False,False,,True,single,11.1,20.0,3.0,5.0,high,18.4,True,2022-03-17 19:00:00+00:00,2022-03-17 23:45:00+00:00,2022-03-18 00:15:00+00:00,2022-03-18 00:15:00+00:00,False,discount,vah,m15_range,False,False,,against,,,,,,,,,,,,,,,0,,0,,False,0,4,True,False,1,True,False,False,True,,,equal_hl,1.09052,0,5.1,,135.1,197.7,255.2,255.2
EURUSD,1,-1,1.1027600000000002,1.1018000000000003,2000,1.1017600000000003,1.09801,35.51999999999445,2022-03-18 11:45:00+00:00,2022-03-18 13:45:00+00:00,stop,amd_fvg_m5,momentum,swing,near,,,False,,246.3,with,behind,ob,114.5,with,0,1b,breakout,ny_judas,ny,,,False,4,2,D|15T,-1,False,D,D,False,0,,,,False,False,False,False,,True,single,11.1,20.0,3.0,5.0,high,18.4,True,2022-03-17 19:00:00+00:00,2022-03-17 23:45:00+00:00,2022-03-18 00:15:00+00:00,2022-03-18 00:15:00+00:00,False,discount,vah,m15_range,False,False,,against,,,,,,,,,,,,,,,0,,0,,False,0,4,True,False,1,True,False,False,True,,,equal_hl,1.09052,0,24.6,,102.5,165.1,222.6,222.6
EURUSD,2,-1,1.10101,1.10205,2000,1.10201,1.09801,-38.4799999999974,2022-03-18 13:05:00+00:00,2022-03-18 13:55:00+00:00,stop,pyramid_wamd1.0_fvg_m5,no_open,swing,near,,,False,,246.3,with,behind,ob,114.5,with,0,1b,breakout,ny_judas,ny,,,False,4,2,D|15T,-1,False,D,D,False,0,,,,False,False,False,False,,True,single,11.1,20.0,3.0,5.0,high,18.4,True,2022-03-17 19:00:00+00:00,2022-03-17 23:45:00+00:00,2022-03-18 00:15:00+00:00,2022-03-18 00:15:00+00:00,False,discount,vah,m15_range,False,False,,against,,,,,,,,,,,,,,,0,,0,,False,0,4,True,False,1,True,False,False,True,,,equal_hl,1.09052,0,7.1,,102.5,165.1,222.6,222.6
GBPUSD,1,1,1.3228,1.32578208,2000,1.3237999999999999,1.32583208,110.33695999999993,2022-03-22 12:00:00+00:00,2022-03-22 13:25:00+00:00,target,amd_fvg_m5,momentum,fib_extension,near,fvg,W,False,,13.9,against,ahead,fvg,13.9,against,1,2b_h4,breakout,ny_judas,ny,,D,False,1,1,240T|60T,0,False,240T,240T,False,0,,D,,False,False,True,False,,True,dual,13.2,9.0,2.0,3.0,low,21.3,True,2022-03-22 02:00:00+00:00,2022-03-22 04:00:00+00:00,2022-03-22 07:00:00+00:00,2022-03-22 07:00:00+00:00,False,premium,eql,m15_range,False,False,,against,,,,,,,,,,,,,,,0,,0,,False,0,3,True,False,0,True,False,False,True,,,equal_hl,1.34059,0,34.2,,,1.1,415.5,521.7
GBPUSD,1,-1,1.32405,1.3231000000000002,2000,1.32305,1.321,35.14999999999202,2022-03-23 08:15:00+00:00,2022-03-23 09:10:00+00:00,stop,amd_fvg_m5,momentum,pdh_pdl,near,fvg,240T,False,,1.4,with,behind,fvg,1.4,with,1,1a,breakout,london_judas,london,,,False,1,2,D,-1,False,D,D|60T,False,0,,D,,False,False,True,False,,True,dual,30.0,34.0,2.0,2.0,high,27.2,True,2022-03-22 15:30:00+00:00,2022-03-22 23:45:00+00:00,2022-03-23 02:00:00+00:00,2022-03-23 02:05:00+00:00,True,premium,pdh,m15_range,False,False,,golden,,,,,,,,,,,,,,,0,,0,,False,0,4,True,False,0,True,False,True,True,continuation,d1_fvg,equal_hl,1.320125,0,23.7,,121.7,214.4,241.5,241.5
GBPUSD,1,-1,1.32068,1.3197300000000003,2000,1.3196800000000002,1.31760336,35.14999999999202,2022-03-23 11:15:00+00:00,2022-03-23 12:50:00+00:00,stop,amd_fvg_m5,momentum,fib_extension,near,fvg,240T,True,240T,35.1,with,behind,fvg,35.1,with,1,1a_ip,breakout,ny_judas,ny,,,False,3,2,D,-1,False,D,D|60T,False,0,,D,,False,False,True,False,,True,single,30.0,34.0,2.0,2.0,high,27.2,True,2022-03-22 15:30:00+00:00,2022-03-22 23:45:00+00:00,2022-03-23 02:00:00+00:00,2022-03-23 02:05:00+00:00,True,premium,pdh,m15_range,False,False,confirmed,golden,,,,,,,,,,,,,,,0,,0,,False,0,4,True,False,0,True,False,True,True,continuation,d1_fvg,equal_hl,1.320125,0,28.8,,88.0,180.7,207.8,207.8
EURUSD,1,-1,1.09755,1.09859,2000,1.09855,1.0929676,-38.4799999999974,2022-03-23 13:20:00+00:00,2022-03-23 14:10:00+00:00,stop,amd_fvg_m5,momentum,fib_extension,d3,,,False,,298.4,with,behind,ob,166.6,with,1,3a,judas,ny_judas,ny,,240T,True,4,3,15T,-1,True,15T,D|60T,False,0,,,,False,False,True,False,,True,single,13.9,26.0,5.0,3.0,high,5.1,True,2022-03-22 23:00:00+00:00,2022-03-23 05:15:00+00:00,2022-03-23 05:45:00+00:00,2022-03-23 05:45:00+00:00,False,discount,eqh,m15_range,False,False,opposing,against,,,,,,,,,,,,,,,0,,0,,False,0,2,False,False,0,True,False,False,True,,,equal_hl,1.096235,0,11.6,1.6,15.6,170.5,170.5,170.5
EURUSD,1,-1,1.0977000000000001,1.09874,2000,1.0987,1.0936800000000002,-38.4799999999974,2022-03-24 07:45:00+00:00,2022-03-24 08:15:00+00:00,stop,mss_ob_m5,judas,fib_extension,d3,,,False,,296.9,with,behind,ob,165.1,with,0,3a,breakout,london_judas,london,,,False,2,2,60T|15T,-1,False,60T,D,False,-1,60T,,,False,False,False,False,,False,,33.9,22.0,2.0,2.0,low,1.4,False,2022-03-24 00:30:00+00:00,2022-03-24 05:45:00+00:00,2022-03-24 06:00:00+00:00,2022-03-24 06:10:00+00:00,False,discount,eql,m15_range,False,False,confirmed,against,,,,,,,,,,,,,,,0,,0,,False,0,1,False,False,0,False,False,False,True,,,equal_hl,1.09649,0,4.9,,17.1,172.0,172.0,172.0
NZDUSD,1,-1,0.693525,0.694355,2000,0.69428,0.6903881199999999,-30.710000000004012,2022-03-28 08:10:00+00:00,2022-03-28 08:25:00+00:00,stop,amd_fvg_m15,momentum,fib_extension,d3,ifvg,240T,True,240T,0.2,against,ahead,ifvg,0.2,against,2,N-short_h4,judas,london_judas,london,,,False,2,2,240T|60T,-1,False,240T,D|240T|60T,False,0,,,,False,False,True,False,,True,single,27.2,29.0,4.0,2.0,high,0.1,True,2022-03-25 07:15:00+00:00,2022-03-25 14:15:00+00:00,2022-03-25 14:30:00+00:00,2022-03-25 14:40:00+00:00,,,,m15_range,False,False,,,,,,,,,,,,,,,,,0,,0,,False,0,4,True,True,0,True,False,False,True,,,equal_hl,0.6939100000000001,0,0.3,2.8,2.8,208.5,306.4,407.6
EURUSD,1,1,1.09877,1.0997299999999999,2000,1.09977,1.10254,35.51999999999445,2022-03-29 07:00:00+00:00,2022-03-29 08:15:00+00:00,stop,amd_breaker_m5,momentum,fib_extension,near,,,False,,286.2,against,ahead,ob,154.4,against,2,3b,judas,london_judas,london,,,False,2,2,60T,0,True,60T,,False,0,,D,,False,False,True,False,,True,single,30.4,29.0,2.0,2.0,low,0.1,True,2022-03-28 01:45:00+00:00,2022-03-28 08:45:00+00:00,2022-03-28 09:00:00+00:00,2022-03-28 09:00:00+00:00,True,premium,pdl,m15_range,False,False,confirmed,golden,,,,,,,,,,,,,,,0,,0,,False,0,5,True,True,0,True,False,True,True,continuation,breaker,equal_hl,1.1016599999999999,0,21.3,11.0,50.8,150.7,379.9,508.0
EURUSD,1,1,1.1062299999999998,1.1071899999999997,2000,1.1072299999999997,1.1095742400000002,35.51999999999445,2022-03-29 12:40:00+00:00,2022-03-29 12:45:00+00:00,stop,amd_fvg_m5,momentum,fib_extension,near,,,False,,211.6,against,ahead,ob,79.8,against,2,2a,judas,ny_judas,ny,,,True,2,1,60T,0,False,60T,,False,0,,D,,False,False,True,False,,True,dual,28.2,5.0,2.0,1.0,low,4.1,True,2022-03-29 08:45:00+00:00,2022-03-29 09:45:00+00:00,2022-03-29 10:00:00+00:00,2022-03-29 10:00:00+00:00,False,premium,eql,session_range,False,False,,golden,,,,,,,,,,,,,,,0,,0,,False,0,4,True,True,0,True,False,False,True,,,equal_hl,1.1118333333333335,0,40.2,,,76.1,305.3,433.4
EURUSD,1,-1,1.1033000000000002,1.10034,2000,1.1023000000000003,1.1003,109.52000000000272,2022-04-04 08:05:00+00:00,2022-04-04 11:35:00+00:00,target,amd_fvg_m5,momentum,swing,d3,,,False,,0.0,against,inside,fvg,0.0,against,1,1b,judas,london_judas,london,,,False,3,2,,-1,False,,D|240T|60T,False,0,,,,False,False,False,False,,True,dual,25.7,50.0,2.0,2.0,high,0.8,True,2022-04-01 14:00:00+00:00,2022-04-04 02:15:00+00:00,2022-04-04 02:30:00+00:00,2022-04-04 02:35:00+00:00,,,,m15_range,False,False,confirmed,against,,,,,,,,,,,,,,,0,,0,,False,0,3,True,False,0,True,False,False,True,,,equal_hl,1.1029,0,31.3,3.8,6.0,73.1,228.0,228.0
EURUSD,1,-1,1.10016,1.0992000000000002,2000,1.0991600000000001,1.0969,35.51999999999445,2022-04-04 11:35:00+00:00,2022-04-04 15:55:00+00:00,stop,amd_fvg_m5,momentum,swing,near,,,False,,0.0,against,inside,fvg,0.0,against,1,1b_h4,breakout,ny_judas,ny,,,False,3,2,,-1,False,,D|240T|60T,False,0,,,,False,False,False,False,,True,dual,25.7,50.0,2.0,2.0,high,0.8,True,2022-04-01 14:00:00+00:00,2022-04-04 02:15:00+00:00,2022-04-04 02:30:00+00:00,2022-04-04 02:35:00+00:00,,,,m15_range,False,False,,against,,,,,,,,,,,,,,,0,,0,,False,0,3,True,False,0,True,False,False,True,,,equal_hl,1.09795,0,22.5,,,41.7,196.6,196.6
EURUSD,1,1,1.09226,1.09222,2000,1.09226,1.09603,-1.4800000000014801,2022-04-06 13:05:00+00:00,2022-04-06 14:35:00+00:00,stop,amd_fvg_m5,momentum,pdh_pdl,near,fvg,D,True,240T,66.0,against,ahead,fvg,66.0,against,1,2a,breakout,ny_judas,ny,,,False,3,2,D|15T,1,False,D,,False,1,60T,,,False,False,False,False,,True,dual,30.4,54.0,3.0,4.0,low,16.1,True,2022-04-05 17:15:00+00:00,2022-04-06 06:30:00+00:00,2022-04-06 07:00:00+00:00,2022-04-06 07:10:00+00:00,False,discount,eql,m15_range,False,False,,golden,,,,,,,,,,,,,,,0,,0,,False,0,4,True,False,0,True,False,True,True,continuation,pdhl,equal_hl,1.093445,0,15.3,5.4,132.7,148.4,263.1,573.1
EURUSD,1,-1,1.08606,1.0865,2364,1.08646,1.0830515399999998,-19.242959999999822,2022-04-08 13:30:00+00:00,2022-04-08 13:35:00+00:00,stop,amd_fvg_m5,momentum,fib_extension,near,,,False,,77.3,with,behind,ifvg,77.3,with,2,3a,judas,ny_judas,ny,,,False,1,2,15T,-1,False,15T,D|240T|60T,False,0,,,,False,False,True,False,,True,dual,21.8,25.0,2.0,3.0,high,2.3,True,2022-04-07 18:30:00+00:00,2022-04-08 00:30:00+00:00,2022-04-08 11:45:00+00:00,2022-04-08 11:50:00+00:00,False,discount,eqh,m15_range,False,False,opposing,against,,,,,,,,,,,,,,,0,,0,,False,0,1,False,False,0,True,False,False,False,,,,0.0,0,-0.0,13.5,,,55.6,55.6
GBPUSD,1,-1,1.30086,1.30091,2000,1.30086,1.2976599999999998,-1.850000000003904,2022-04-11 07:10:00+00:00,2022-04-11 08:20:00+00:00,stop,amd_m1_shift_ifvg,golden,fib_extension,,,,False,,30.8,with,behind,fvg,30.8,with,2,golden,mm_golden,london_golden,london,,,False,4,0,,0,False,,,False,0,,,,False,False,False,False,,False,,7.7,9.0,2.0,2.0,high,,True,,,,,,,,m15_range,False,False,,golden,cascade,240T,untested,,1a,5T,ifvg,,,s3:cont:eu+gu+dxy,,1.30208,1.30279,60T,0,,0,,True,1,4,True,False,0,True,False,True,True,continuation,d1_fvg,equal_hl,1.300025,0,20.1,0.0,0.0,0.0,0.0,0.0
EURUSD,1,-1,1.08712,1.0871600000000001,2000,1.08712,1.08364,-1.4800000000014801,2022-04-12 07:00:00+00:00,2022-04-12 08:55:00+00:00,stop,mss_fvg_m5,momentum,pdh_pdl,near,,,False,,66.7,with,behind,ifvg,66.7,with,2,1b,breakout,london_judas,london,,,False,3,2,15T,-1,False,15T,D|240T,False,1,60T,D,,False,False,True,False,,True,single,28.0,59.0,2.0,5.0,low,2.1,False,2022-04-11 16:15:00+00:00,2022-04-12 06:45:00+00:00,2022-04-12 07:00:00+00:00,2022-04-12 07:00:00+00:00,False,discount,eql,m15_range,False,False,confirmed,against,,,,,,,,,,,,,,,0,,0,,False,0,1,True,False,0,False,False,False,False,,,,0.0,0,17.9,5.6,35.7,,35.7,66.2
EURUSD,1,-1,1.08681,1.08806,2000,1.08781,1.08260582,-46.24999999999901,2022-04-14 12:50:00+00:00,2022-04-14 13:10:00+00:00,stop,news_fvg_m5,momentum,fib_extension,near,,,False,,69.8,with,behind,ifvg,69.8,with,2,1b,breakout,ny_judas,ny,,,False,4,3,240T|15T,-1,True,240T,D|240T,True,1,60T,D,,False,False,True,False,,True,dual,16.7,18.0,4.0,4.0,high,4.9,True,2022-04-14 03:00:00+00:00,2022-04-14 07:15:00+00:00,2022-04-14 07:30:00+00:00,2022-04-14 07:35:00+00:00,False,premium,eqh,m15_range,False,False,confirmed,against,,,,,,,,,,,,,,,0,,0,,False,0,2,False,False,0,True,False,False,True,,,equal_hl,1.080735,0,3.1,,62.3,,62.3,65.2
GBPUSD,1,-1,1.30382,1.30421,2672,1.30416,1.3007900000000001,-19.27848000000556,2022-04-18 13:25:00+00:00,2022-04-18 13:30:00+00:00,stop,amd_m1_shift_ifvg,golden,equal_hl,,,,False,,121.0,with,behind,ob,81.6,with,2,golden,mm_golden,ny_golden,ny,,,False,3,0,,0,False,,,False,0,,,,False,False,False,False,,False,,33.7,38.0,3.0,2.0,high,,True,,,,,,,,m15_range,False,False,,golden,cascade,240T,failed,,1a,15T,ifvg,,,s3:noref:eu,,1.30393,1.30427,15T,0,,0,,True,1,4,True,False,0,True,False,True,True,continuation,breaker,equal_hl,1.3030125000000001,0,-0.0,0.0,0.0,0.0,0.0,0.0
GBPUSD,1,-1,1.29965,1.3003200000000001,2000,1.30027,1.2956699999999999,-24.79000000000631,2022-04-19 07:10:00+00:00,2022-04-19 07:20:00+00:00,stop,amd_m1_shift_ob2,golden,fib_extension,,,,False,,162.7,with,behind,ob,123.3,with,2,golden,mm_golden,london_golden,london,,,False,2,0,,0,False,,,False,0,,,,False,False,False,False,,False,,34.5,40.0,3.0,2.0,high,,True,,,,,,,,m15_range,False,False,,golden,cascade,240T,untested,,1a,5T,ob2,,,s2:none:none,,1.29987,1.30017,15T,0,,0,,True,1,4,True,False,0,True,False,True,True,continuation,d1_fvg,equal_hl,1.2987533333333332,0,3.2,0.0,0.0,0.0,0.0,0.0
GBPUSD,1,-1,1.29699,1.29398728,2000,1.2959900000000002,1.29393728,111.10064000000052,2022-04-22 07:45:00+00:00,2022-04-22 08:10:00+00:00,target,amd_fvg_m5,momentum,fib_extension,near,,,False,,189.3,with,behind,ob,149.9,with,0,1a,breakout,london_judas,london,,,False,1,3,D|60T|15T,-1,True,D,D,True,1,60T,D,,False,False,True,False,,True,single,11.6,8.0,2.0,2.0,high,1.7,True,2022-04-22 02:00:00+00:00,2022-04-22 03:45:00+00:00,2022-04-22 06:00:00+00:00,2022-04-22 06:10:00+00:00,False,discount,eqh,m15_range,False,False,,golden,,,,,,,,,,,,,,,0,,0,,False,0,1,False,False,0,True,False,False,False,,,,0.0,0,32.8,,,,,
EURUSD,1,-1,1.07751,1.0765500000000001,2362,1.07651,1.0709723999999998,41.94911999999344,2022-04-25 07:00:00+00:00,2022-04-25 07:10:00+00:00,stop,amd_ob_m15,judas,fib_extension,d60,,,False,,40.2,with,behind,fvg,40.2,with,3,3a,breakout,london_judas,london,,,False,1,2,60T,-1,False,60T,D|240T|60T,False,0,,,,False,False,True,False,,False,,22.4,17.0,3.0,2.0,high,15.1,True,2022-04-22 17:30:00+00:00,2022-04-22 21:30:00+00:00,2022-04-24 23:00:00+00:00,2022-04-24 23:00:00+00:00,,,,m15_range,False,False,confirmed,against,,,,,,,,,,,,,,,0,,0,,False,0,2,True,False,0,True,False,False,False,,,,0.0,0,42.8,,5.3,18.5,18.5,18.5
EURUSD,1,-1,1.07236,1.06918502,2000,1.07236,1.06914502,117.47426000000183,2022-04-26 07:05:00+00:00,2022-04-26 08:15:00+00:00,target,amd_m1_shift_ob,golden,fib_extension,,,,False,,91.7,with,behind,fvg,91.7,with,2,golden,mm_golden,london_golden,london,,,False,4,0,,0,False,,,False,0,,,,False,False,False,False,,False,,10.9,8.0,4.0,2.0,high,,True,,,,,,,,m15_range,False,False,,golden,own_ob,,respected,15T,1b,15T,ob,,,s2:none:none,,1.07198,1.07522,60T,0,,0,,True,2,2,True,False,0,True,False,False,False,,,,0.0,0,32.9,0.0,0.0,0.0,0.0,0.0
EURUSD,1,-1,1.06932,1.06936,2000,1.06932,1.06504348,-1.4800000000014801,2022-04-26 08:15:00+00:00,2022-04-26 10:20:00+00:00,stop,amd_fvg_m15,momentum,fib_extension,near,,,False,,122.1,with,behind,fvg,122.1,with,2,1b,breakout,london_judas,london,,,False,2,2,,-1,False,,D|240T|60T,False,0,,240T,,False,False,True,False,,True,dual,10.9,8.0,4.0,2.0,high,0.9,True,2022-04-26 05:00:00+00:00,2022-04-26 06:45:00+00:00,2022-04-26 07:00:00+00:00,2022-04-26 07:00:00+00:00,False,discount,eqh,m15_range,False,False,,against,,,,,,,,,,,,,,,0,,0,,False,0,2,True,False,0,True,False,False,False,,,,0.0,0,20.7,,,,,
GBPUSD,1,-1,1.26953,1.2695800000000002,2000,1.26953,1.26619176,-1.850000000003904,2022-04-26 12:45:00+00:00,2022-04-26 14:05:00+00:00,stop,amd_fvg_m5,momentum,fib_extension,near,,,False,,144.8,with,behind,fvg,144.8,with,0,1a_ip,breakout,ny_judas,ny,,,False,1,2,D|60T|15T,-1,False,D,D|240T|60T,False,0,,,,False,False,False,False,,True,single,33.9,12.0,2.0,2.0,high,2.7,True,2022-04-26 01:30:00+00:00,2022-04-26 04:15:00+00:00,2022-04-26 04:30:00+00:00,2022-04-26 04:30:00+00:00,False,discount,eqh,m15_range,False,False,,golden,,,,,,,,,,,,,,,0,,0,,False,0,3,True,False,0,True,False,True,False,continuation,d1_fvg,,0.0,0,25.7,,,,,
EURUSD,1,-1,1.06448,1.0613728800000002,2000,1.0634800000000002,1.0613328800000001,114.96343999999658,2022-04-27 07:00:00+00:00,2022-04-27 08:15:00+00:00,target,amd_breaker_m5,momentum,fib_extension,d60,,,False,,93.8,with,behind,fvg,93.8,with,2,1b,judas,london_judas,london,,,False,2,2,,-1,False,,D|240T|60T,False,0,,,,False,False,True,False,,True,dual,19.1,10.0,2.0,3.0,high,0.1,True,2022-04-26 09:15:00+00:00,2022-04-26 11:30:00+00:00,2022-04-26 11:45:00+00:00,2022-04-26 11:50:00+00:00,False,discount,eqh,m15_range,False,False,,against,,,,,,,,,,,,,,,0,,0,,False,0,2,True,False,0,True,False,False,False,,,,0.0,0,36.7,12.1,10.9,,10.9,10.9
EURUSD,1,-1,1.0575100000000002,1.05855,2000,1.05851,1.05240274,-38.4799999999974,2022-04-27 13:00:00+00:00,2022-04-27 13:15:00+00:00,stop,amd_fvg_m15,momentum,fib_extension,near,,,False,,163.5,with,behind,fvg,163.5,with,2,1b_ip,judas,ny_judas,ny,,,True,2,2,60T,-1,False,60T,D|240T|60T,False,0,,,,False,False,True,False,,True,single,34.7,4.0,2.0,1.0,high,1.9,True,2022-04-27 10:00:00+00:00,2022-04-27 10:45:00+00:00,2022-04-27 11:15:00+00:00,2022-04-27 11:25:00+00:00,False,discount,none,session_range,False,False,,against,,,,,,,,,,,,,,,0,,0,,False,0,2,True,False,0,True,False,False,False,,,,0.0,0,0.5,,,,,
GBPUSD,1,-1,1.24674,1.24329,2000,1.24324,1.24349896,127.64999999999827,2022-04-28 12:00:00+00:00,2022-04-28 12:55:00+00:00,stop,amd_fvg_m15,momentum,fib_extension,near,,,False,,134.1,with,behind,fvg,134.1,with,0,1a,breakout,ny_judas,ny,,,False,1,2,D|60T,-1,False,D,D|240T|60T,False,0,,240T,,False,False,False,False,,True,dual,34.0,27.0,4.0,2.0,high,24.2,True,2022-04-27 22:00:00+00:00,2022-04-28 04:30:00+00:00,2022-04-28 08:30:00+00:00,2022-04-28 08:35:00+00:00,False,discount,eqh,m15_range,False,False,,golden,,,,,,,,,,,,,,,0,,0,,False,0,1,False,False,0,True,False,False,False,,,,0.0,0,43.8,,,,,
GBPUSD,1,1,1.25207,1.25592,2000,1.25307,1.25597,142.44999999999663,2022-04-29 07:15:00+00:00,2022-04-29 08:35:00+00:00,target,amd_fvg_m5,momentum,pdh_pdl,near,,,False,,80.8,against,ahead,fvg,80.8,against,1,2b,breakout,london_judas,london,,,False,1,1,15T,0,False,15T,,False,0,,,,False,False,False,False,,True,single,24.6,9.0,2.0,2.0,low,6.7,True,2022-04-29 01:15:00+00:00,2022-04-29 03:15:00+00:00,2022-04-29 03:45:00+00:00,2022-04-29 03:45:00+00:00,False,premium,eql,m15_range,False,False,,against,,,,,,,,,,,,,,,0,,0,,False,0,2,False,False,0,True,False,False,True,,,equal_hl,1.28362,0,42.9,,252.5,627.4,704.9,1122.8
GBPUSD,1,-1,1.25123,1.25228,2000,1.25223,1.248,-38.84999999999983,2022-05-03 07:00:00+00:00,2022-05-03 07:35:00+00:00,stop,amd_m1_shift_ifvg,golden,round_number,,,,False,,89.2,with,behind,ifvg,89.2,with,2,golden,mm_golden,london_golden,london,,,False,5,0,,0,False,,,False,0,,,,False,False,False,False,,False,,23.4,15.0,2.0,3.0,high,,True,,,,,,,,m15_range,False,False,,golden,cascade,240T,failed,,1a,60T,ifvg,,,s3:none:none,,1.25214,1.25346,60T,0,,0,,True,1,5,True,True,0,True,False,True,True,continuation,d1_fvg,equal_hl,1.247135,0,7.2,0.0,0.0,0.0,0.0,0.0
EURUSD,1,1,1.05148,1.054584,2000,1.0524799999999999,1.054624,114.84799999999984,2022-05-03 12:25:00+00:00,2022-05-03 13:00:00+00:00,target,mss_breaker_m5,momentum,fib_extension,near,,,False,,49.9,against,ahead,ifvg,49.9,against,1,2a,judas,ny_judas,ny,,,False,3,0,,0,False,,,False,0,,D,,False,False,True,False,,True,dual,,,,,,,,,,,,,premium,,,False,False,,golden,,,,,,,,,,,,,,,0,,0,,False,0,4,True,True,0,True,False,False,True,,,equal_hl,1.0563950000000002,0,37.5,12.6,78.9,422.3,670.9,852.8
GBPUSD,1,-1,1.22715,1.22812,2000,1.22807,1.2215353199999999,-35.89000000000509,2022-05-09 07:40:00+00:00,2022-05-09 08:10:00+00:00,stop,mss_ob_m15,momentum,fib_extension,near,,,False,,108.5,with,behind,fvg,108.5,with,2,1a,judas,london_judas,london,,,False,2,2,D|60T|15T,-1,False,D,D,False,1,60T,D,,False,False,True,False,,True,single,31.9,13.0,2.0,1.0,low,1.8,False,2022-05-09 03:45:00+00:00,2022-05-09 06:45:00+00:00,2022-05-09 07:15:00+00:00,2022-05-09 07:25:00+00:00,,,,session_range,False,False,,golden,,,,,,,,,,,,,,,0,,0,,False,0,1,True,False,0,False,False,False,False,,,,0.0,0,10.7,,,,,
GBPUSD,1,1,1.23187,1.2328199999999998,2000,1.23287,1.25682,35.14999999999202,2022-05-09 11:00:00+00:00,2022-05-09 12:10:00+00:00,stop,amd_fvg_m5,momentum,equal_hl,near,ob,D,True,240T,61.3,against,ahead,fvg,61.3,against,2,2b,breakout,ny_judas,ny,,,False,2,1,,0,False,,240T,False,-1,60T,D,,False,False,True,False,,True,single,26.8,14.0,2.0,4.0,low,22.1,True,2022-05-09 02:15:00+00:00,2022-05-09 05:30:00+00:00,2022-05-09 07:45:00+00:00,2022-05-09 07:55:00+00:00,,,,m15_range,False,False,,against,,,,,,,,,,,,,,,0,,0,,False,0,3,True,False,0,True,False,False,True,,,equal_hl,1.25682,0,29.2,31.3,315.0,514.6,848.9,1119.3
GBPUSD,2,1,1.23387,1.23282,2000,1.2328700000000001,1.25682,-38.84999999999983,2022-05-09 11:45:00+00:00,2022-05-09 12:10:00+00:00,stop,pyramid_im1.0_fvg_m5,no_open,equal_hl,near,ob,D,True,240T,61.3,against,ahead,fvg,61.3,against,2,2b,breakout,ny_judas,ny,,,False,2,1,,0,False,,240T,False,-1,60T,D,,False,False,True,False,,True,single,26.8,14.0,2.0,4.0,low,22.1,True,2022-05-09 02:15:00+00:00,2022-05-09 05:30:00+00:00,2022-05-09 07:45:00+00:00,2022-05-09 07:55:00+00:00,,,,m15_range,False,False,,against,,,,,,,,,,,,,,,0,,0,,False,0,3,True,False,0,True,False,False,True,,,equal_hl,1.25682,0,9.2,31.3,315.0,514.6,848.9,1119.3
EURUSD,1,1,1.0549,1.0558599999999998,2000,1.0558999999999998,1.05852,35.51999999999445,2022-05-11 08:00:00+00:00,2022-05-11 10:25:00+00:00,stop,amd_ob_m5,momentum,pdh_pdl,near,ifvg,D,False,,15.7,against,ahead,ifvg,15.7,against,2,3b,breakout,london_judas,london,,,False,5,1,15T,0,False,15T,,False,0,,,,False,False,True,False,,True,single,34.6,68.0,3.0,2.0,low,25.3,True,2022-05-09 17:45:00+00:00,2022-05-10 10:30:00+00:00,2022-05-10 16:00:00+00:00,2022-05-10 16:05:00+00:00,False,discount,eql,m15_range,False,False,opposing,golden,,,,,,,,,,,,,,,0,,0,,False,0,3,True,False,0,True,False,False,True,,,equal_hl,1.0563950000000002,0,26.6,,44.3,264.0,390.2,636.7
EURUSD,1,-1,1.0494,1.0484400000000003,2000,1.0484000000000002,1.04353352,35.51999999999445,2022-05-12 08:00:00+00:00,2022-05-12 08:10:00+00:00,stop,amd_fvg_m5,momentum,fib_extension,d60,,,False,,70.7,with,behind,ifvg,70.7,with,2,1b,breakout,london_judas,london,,,False,1,2,W|240T,-1,False,W,D,False,1,60T,,,False,False,True,False,,True,single,33.9,27.0,2.0,3.0,high,14.2,True,2022-05-11 02:45:00+00:00,2022-05-11 09:15:00+00:00,2022-05-11 14:45:00+00:00,2022-05-11 14:45:00+00:00,False,discount,eqh,m15_range,False,False,,against,,,,,,,,,,,,,,,0,,0,,False,0,1,False,False,0,True,False,False,False,,,,0.0,0,38.7,,,23.9,23.9,23.9
EURUSD,1,-1,1.0421200000000002,1.038968,2000,1.0411200000000003,1.0389279999999999,116.62400000000983,2022-05-12 12:25:00+00:00,2022-05-12 12:55:00+00:00,target,mss_fvg_m5,momentum,fib_extension,near,,,False,,143.5,with,behind,ifvg,143.5,with,2,1b,judas,ny_judas,ny,,,True,1,2,W|240T,-1,False,W,D,False,0,,,,False,False,True,False,,True,single,24.0,4.0,2.0,3.0,low,2.8,False,2022-05-12 10:00:00+00:00,2022-05-12 10:45:00+00:00,2022-05-12 12:15:00+00:00,2022-05-12 12:25:00+00:00,False,discount,eql,session_range,False,False,opposing,against,,,,,,,,,,,,,,,0,,0,,False,0,0,False,False,0,False,False,False,False,,,,0.0,0,32.4,,,,,
EURUSD,1,-1,1.03816,1.0392,2000,1.0391599999999999,1.0350000000000001,-38.4799999999974,2022-05-13 12:55:00+00:00,2022-05-13 13:05:00+00:00,stop,amd_m1_shift_ifvg,golden,round_number,,,,False,,183.1,with,behind,ifvg,183.1,with,3,golden,mm_golden,ny_golden,ny,,,False,4,0,,0,False,,,False,0,,,,False,False,False,False,,False,,31.6,46.0,2.0,2.0,high,,True,,,,,,,,m15_range,False,False,,golden,cascade,,failed,,1b,60T,ifvg,,,s2:none:none,,1.03891,1.03988,60T,0,,0,,True,2,2,False,False,0,True,False,False,True,,,equal_hl,1.0351750000000002,0,-0.0,0.0,0.0,0.0,0.0,0.0
GBPUSD,1,1,1.23634,1.23529,2000,1.23534,1.23957854,-38.84999999999983,2022-05-17 07:00:00+00:00,2022-05-17 07:15:00+00:00,stop,amd_fvg_m5,momentum,fib_extension,near,ifvg,240T,False,,16.6,against,ahead,ifvg,16.6,against,3,2b,breakout,london_judas,london,,,False,4,1,60T|15T,0,False,60T,60T,False,0,,,,False,False,True,False,,True,single,30.8,14.0,2.0,2.0,low,3.6,True,2022-05-16 11:30:00+00:00,2022-05-16 14:45:00+00:00,2022-05-16 16:30:00+00:00,2022-05-16 16:35:00+00:00,False,premium,eql,m15_range,False,False,opposing,against,,,,,,,,,,,,,,,0,,0,,False,0,3,True,False,0,True,False,False,True,,,equal_hl,1.240285,0,1.1,,,275.4,784.7,936.0
GBPUSD,1,1,1.24748,1.24643,2000,1.24648,1.25332328,-38.84999999999983,2022-05-17 11:15:00+00:00,2022-05-17 11:40:00+00:00,stop,amd_fvg_m5,momentum,fib_extension,near,ob,D,False,,23.6,against,behind,ob,0.0,against,3,2b_h4,breakout,ny_judas,ny,,,False,1,1,60T|15T,0,False,60T,60T,False,0,,,,False,False,True,False,,True,single,30.8,14.0,2.0,2.0,low,3.6,True,2022-05-16 11:30:00+00:00,2022-05-16 14:45:00+00:00,2022-05-16 16:30:00+00:00,2022-05-16 16:35:00+00:00,False,premium,eql,m15_range,False,False,,against,,,,,,,,,,,,,,,0,,0,,False,0,3,True,False,0,True,False,False,True,,,equal_hl,1.25682,0,5.6,,,164.0,673.3,824.6
GBPUSD,1,-1,1.24474,1.2437900000000002,2000,1.24374,1.2405014399999998,35.14999999999202,2022-05-18 07:30:00+00:00,2022-05-18 08:00:00+00:00,stop,amd_fvg_m5,momentum,fib_extension,near,fvg,W,True,240T,127.1,against,ahead,ob,3.8,with,0,1a,breakout,london_judas,london,240T,,False,3,2,D|240T,-1,False,D,D|240T,False,1,60T,D,,False,False,True,False,,True,dual,32.2,20.0,2.0,2.0,high,1.3,True,2022-05-18 02:00:00+00:00,2022-05-18 06:45:00+00:00,2022-05-18 07:00:00+00:00,2022-05-18 07:00:00+00:00,True,premium,pdh,m15_range,False,False,opposing,golden,,,,,,,,,,,,,,,0,,0,,False,0,4,True,False,0,True,False,True,True,continuation,breaker,equal_hl,1.2326300000000001,0,21.6,,231.7,172.7,293.4,293.4
GBPUSD,1,1,1.24132,1.24027,2000,1.24032,1.2465913000000002,-38.84999999999983,2022-05-19 11:05:00+00:00,2022-05-19 11:15:00+00:00,stop,amd_fvg_m5,momentum,fib_extension,near,ifvg,240T,True,240T,92.9,with,behind,ob,38.0,against,2,2b_ip,judas,ny_judas,ny,,,False,1,1,15T,0,False,15T,,False,-1,60T,,,False,False,True,False,,True,dual,33.8,14.0,2.0,2.0,low,23.4,True,2022-05-19 03:45:00+00:00,2022-05-19 07:00:00+00:00,2022-05-19 08:00:00+00:00,2022-05-19 08:05:00+00:00,False,premium,eql,m15_range,False,False,,against,,,,,,,,,,,,,,,0,,0,,False,0,2,False,False,0,True,False,False,True,,,equal_hl,1.24998,0,4.2,,88.6,225.6,734.9,886.2
EURUSD,1,1,1.0531199999999998,1.05632,2000,1.0541199999999997,1.05636,118.40000000000339,2022-05-19 13:30:00+00:00,2022-05-19 14:45:00+00:00,target,amd_fvg_m5,momentum,swing,near,ifvg,D,False,,33.5,against,ahead,ob,2.0,with,1,3b,breakout,ny_judas,ny,,,False,3,1,,0,False,,240T,False,-1,60T,240T,,False,False,False,False,,True,single,27.9,25.0,3.0,3.0,low,13.7,True,2022-05-19 01:30:00+00:00,2022-05-19 07:30:00+00:00,2022-05-19 08:00:00+00:00,2022-05-19 08:00:00+00:00,False,premium,pwl,m15_range,False,False,opposing,golden,,,,,,,,,,,,,,,0,,0,,False,0,3,False,False,0,True,False,True,True,continuation,ob,equal_hl,1.05596,0,39.9,8.9,33.3,111.4,405.9,654.5
EURUSD,1,1,1.07194,1.0709,2000,1.07094,1.075,-38.4799999999974,2022-05-24 12:35:00+00:00,2022-05-24 13:20:00+00:00,stop,amd_m1_shift_ifvg,golden,round_number,,,,False,,19.2,against,ahead,fvg,19.2,against,2,golden,mm_golden,ny_golden,ny,,,False,2,0,,0,False,,,False,0,,,,False,False,False,False,,False,,11.0,11.0,3.0,3.0,low,,True,,,,,,,,m15_range,False,False,,golden,cascade,240T,untested,,2a,15T,ifvg,,,s2:cont:eu+gu+dxy,,1.06933,1.07157,60T,0,,0,,True,1,4,True,False,0,True,False,True,True,continuation,d1_fvg,equal_hl,1.0743550000000002,0,6.8,0.0,0.0,0.0,0.0,0.0
EURUSD,1,-1,1.06877,1.0678100000000001,2000,1.06777,1.0646574,35.51999999999445,2022-05-25 08:00:00+00:00,2022-05-25 10:50:00+00:00,stop,amd_ob_m5,momentum,fib_extension,near,fvg,W,False,,26.9,against,ahead,fvg,26.9,against,2,1b,judas,london_judas,london,,,False,2,2,W|D,-1,False,W,D,False,1,60T,,,False,False,True,False,,True,single,26.5,8.0,2.0,2.0,high,1.5,True,2022-05-24 15:00:00+00:00,2022-05-24 16:45:00+00:00,2022-05-24 17:00:00+00:00,2022-05-24 17:10:00+00:00,True,discount,pdh,m15_range,False,False,confirmed,against,,,,,,,,,,,,,,,0,,0,,False,0,3,True,False,0,True,False,False,True,,,equal_hl,1.0638450000000002,0,25.6,,133.4,339.0,339.0,339.0
EURUSD,1,-1,1.0662500000000001,1.06729,2000,1.06725,1.0622918800000003,-38.4799999999974,2022-05-25 11:30:00+00:00,2022-05-25 12:30:00+00:00,stop,amd_fvg_h1,momentum,fib_extension,near,ifvg,D,True,240T,1.7,against,ahead,fvg,1.7,against,2,3a,breakout,ny_judas,ny,,,False,2,2,W|D,-1,False,W,D,False,1,60T,,,False,False,True,False,,True,single,26.5,8.0,2.0,2.0,high,1.5,True,2022-05-24 15:00:00+00:00,2022-05-24 16:45:00+00:00,2022-05-24 17:00:00+00:00,2022-05-24 17:10:00+00:00,True,discount,pdh,m15_range,False,False,opposing,against,,,,,,,,,,,,,,,0,,0,,False,0,3,True,False,0,True,False,False,True,,,equal_hl,1.0638450000000002,0,7.0,,108.2,313.8,313.8,313.8
GBPUSD,1,1,1.26031,1.26026,2000,1.26031,1.26378,-1.850000000003904,2022-05-26 11:00:00+00:00,2022-05-26 11:30:00+00:00,stop,amd_fvg_m5,judas,ith_liquidity,near,fvg,W,False,,0.0,against,inside,ifvg,0.0,against,1,2b_ip,breakout,ny_judas,ny,,,False,3,2,60T,0,True,60T,240T,True,-1,60T,,,False,False,True,False,,True,single,32.6,15.0,2.0,2.0,low,12.7,True,2022-05-26 02:30:00+00:00,2022-05-26 06:00:00+00:00,2022-05-26 07:30:00+00:00,2022-05-26 07:40:00+00:00,False,premium,eql,m15_range,False,False,,against,,,,,,,,,,,,,,,0,,0,,False,0,3,True,False,0,True,False,False,True,,,equal_hl,1.261745,0,16.2,9.8,,,487.8,696.3
EURUSD,1,-1,1.07084,1.07188,2000,1.07184,1.06709942,-38.4799999999974,2022-05-27 11:00:00+00:00,2022-05-27 12:50:00+00:00,stop,amd_fvg_m5,momentum,fib_extension,near,fvg,W,False,,30.2,with,behind,ifvg,30.2,with,1,1b,breakout,ny_judas,ny,W,,False,1,2,W|D,-1,False,W,D,False,1,60T,D,,False,False,True,False,,True,dual,27.6,31.0,4.0,2.0,high,24.8,True,2022-05-26 18:45:00+00:00,2022-05-27 02:15:00+00:00,2022-05-27 02:45:00+00:00,2022-05-27 02:50:00+00:00,False,premium,eqh,m15_range,False,False,,against,,,,,,,,,,,,,,,0,,0,,False,0,3,True,False,0,True,False,False,True,,,equal_hl,1.06967,0,11.6,,67.2,359.7,359.7,359.7
EURUSD,1,-1,1.07197,1.0726900000000001,2000,1.07297,1.0683877400000001,-26.640000000001997,2022-05-31 11:00:00+00:00,2022-05-31 11:05:00+00:00,session_handover,mss_fvg_m5,momentum,fib_extension,d3,fvg,W,False,,18.9,with,behind,ifvg,18.9,with,2,1b,judas,ny_judas,ny,W,,False,2,2,W|D|15T,-1,False,W,D|60T,False,1,60T,,,False,False,True,False,,True,single,34.7,31.0,2.0,2.0,low,2.8,False,2022-05-31 03:15:00+00:00,2022-05-31 10:45:00+00:00,2022-05-31 11:00:00+00:00,2022-05-31 11:00:00+00:00,False,discount,none,m15_range,False,False,confirmed,against,,,,,,,,,,,,,,,0,,0,,False,0,3,True,True,0,False,False,False,True,,,equal_hl,1.06616,0,0.2,,23.8,331.7,371.0,371.0
EURUSD,1,-1,1.04783,1.04887,2000,1.04883,1.0446801200000002,-38.4799999999974,2022-06-13 07:00:00+00:00,2022-06-13 07:20:00+00:00,stop,amd_ob_m5,momentum,fib_extension,near,ob,D,False,,18.6,against,ahead,ob,0.0,against,3,3a,judas,london_judas,london,,,False,2,2,W|15T,-1,False,W,240T|60T,False,0,,,,False,False,True,False,,True,single,12.9,13.0,3.0,4.0,high,1.4,True,2022-06-13 03:00:00+00:00,2022-06-13 06:00:00+00:00,2022-06-13 06:15:00+00:00,2022-06-13 06:25:00+00:00,,,,m15_range,False,False,,against,,,,,,,,,,,,,,,0,,0,,False,0,3,True,False,0,True,False,False,True,,,equal_hl,1.0468,0,2.0,3.6,,,129.6,129.6
GBPUSD,1,-1,1.22483,1.2217200000000001,2000,1.2238300000000002,1.22167,115.069999999998,2022-06-13 08:40:00+00:00,2022-06-13 09:15:00+00:00,target,amd_fvg_m5,momentum,swing,near,ob,W,False,,17.3,against,behind,ob,0.0,against,1,1a_h4,breakout,london_judas,london,,,False,3,1,240T|60T,0,False,240T,240T|60T,False,0,,,,False,False,False,False,,True,dual,26.2,13.0,2.0,2.0,high,9.0,True,2022-06-13 03:00:00+00:00,2022-06-13 06:00:00+00:00,2022-06-13 06:30:00+00:00,2022-06-13 06:30:00+00:00,,,,m15_range,False,False,,golden,,,,,,,,,,,,,,,0,,0,,False,0,3,True,False,0,True,False,False,True,,,equal_hl,1.223695,0,36.2,,,,94.3,94.3
GBPUSD,1,-1,1.2191,1.2191500000000002,2000,1.2191,1.2155,-1.850000000003904,2022-06-13 12:00:00+00:00,2022-06-13 12:05:00+00:00,stop,amd_fvg_m5,momentum,swing,near,ob,W,False,,74.6,against,behind,ob,0.0,against,1,1a,breakout,ny_judas,ny,,,False,2,1,240T|60T,0,False,240T,240T|60T,False,0,,,,False,False,False,False,,True,single,26.2,13.0,2.0,2.0,high,9.0,True,2022-06-13 03:00:00+00:00,2022-06-13 06:00:00+00:00,2022-06-13 06:30:00+00:00,2022-06-13 06:30:00+00:00,,,,m15_range,False,False,,golden,,,,,,,,,,,,,,,0,,0,,False,0,3,True,False,0,True,False,False,True,,,equal_hl,1.216,0,12.0,,,,37.0,37.0
GBPUSD,1,-1,1.21059,1.20585568,2000,1.2095900000000002,1.2058056799999999,175.16984000000258,2022-06-16 08:00:00+00:00,2022-06-16 08:15:00+00:00,target,amd_fvg_m5,momentum,fib_extension,near,ifvg,240T,False,,101.8,with,behind,fvg,101.8,with,2,1a,breakout,london_judas,london,,,False,2,1,240T,0,False,240T,240T,False,1,60T,,,False,False,True,False,,True,dual,19.7,13.0,2.0,3.0,high,11.7,True,2022-06-15 21:45:00+00:00,2022-06-16 00:45:00+00:00,2022-06-16 01:15:00+00:00,2022-06-16 01:15:00+00:00,False,discount,none,m15_range,False,False,,golden,,,,,,,,,,,,,,,0,,0,,False,0,2,False,False,1,True,False,False,False,,,,0.0,0,48.0,,173.7,,173.7,173.7
EURUSD,1,-1,1.04227,1.0392008000000001,2000,1.0412700000000001,1.0391608,113.56039999999568,2022-06-16 07:30:00+00:00,2022-06-16 08:15:00+00:00,target,amd_fvg_m5,momentum,fib_extension,near,,,False,,61.9,with,behind,ifvg,61.9,with,2,3a,breakout,london_judas,london,,,False,4,2,W|240T|60T,-1,False,W,240T,False,1,60T,,,False,False,True,False,,True,dual,16.4,11.0,2.0,5.0,high,10.5,True,2022-06-15 22:15:00+00:00,2022-06-16 00:45:00+00:00,2022-06-16 01:00:00+00:00,2022-06-16 01:00:00+00:00,False,discount,eqh,m15_range,False,False,,against,,,,,,,,,,,,,,,0,,0,,False,0,3,False,False,1,True,False,False,True,,,equal_hl,1.039835,0,36.5,,64.6,,74.0,74.0
GBPUSD,1,1,1.21748,1.2184299999999997,2000,1.2184799999999998,1.22061,35.14999999999202,2022-06-16 13:20:00+00:00,2022-06-16 13:30:00+00:00,stop,amd_fvg_m5,momentum,equal_hl,near,ob,W,False,,32.9,against,ahead,fvg,32.9,against,1,2b,breakout,ny_judas,ny,,,False,4,1,60T,0,False,60T,60T,False,1,60T,240T,,False,False,False,False,,True,dual,19.7,13.0,2.0,3.0,low,117.5,True,2022-06-15 21:45:00+00:00,2022-06-16 00:45:00+00:00,2022-06-16 12:15:00+00:00,2022-06-16 12:15:00+00:00,False,premium,vah,m15_range,False,False,opposing,against,,,,,,,,,,,,,,,0,,0,,False,0,4,True,False,1,True,False,False,True,,,equal_hl,1.226345,0,25.5,9.1,126.4,485.8,492.5,973.3
GBPUSD,1,-1,1.22749,1.22854,2000,1.2284899999999999,1.22214902,-38.84999999999983,2022-06-17 07:00:00+00:00,2022-06-17 07:10:00+00:00,stop,amd_fvg_m5,momentum,fib_extension,near,fvg,240T,True,240T,45.1,with,behind,fvg,45.1,with,1,1a_ip,breakout,london_judas,london,,,False,3,2,D|240T|15T,-1,False,D,,False,-1,D,,,False,False,False,False,,True,single,19.7,8.0,2.0,2.0,high,2.0,True,2022-06-16 22:15:00+00:00,2022-06-17 00:00:00+00:00,2022-06-17 00:45:00+00:00,2022-06-17 00:50:00+00:00,False,premium,eqh,m15_range,False,False,,golden,,,,,,,,,,,,,,,0,,0,,False,0,3,False,False,1,True,False,False,True,,,equal_hl,1.223695,0,0.2,,342.7,,342.7,342.7
EURUSD,1,-1,1.05041,1.0494500000000002,2000,1.0494100000000002,1.0465163,35.51999999999445,2022-06-17 12:35:00+00:00,2022-06-17 13:30:00+00:00,stop,mss_ob_m5,momentum,fib_extension,near,fvg,240T,False,,16.0,with,behind,fvg,16.0,with,2,1b_ip,judas,ny_judas,ny,,,True,2,2,W|240T,-1,False,W,,False,-1,D,,,False,False,True,False,,True,single,,,,,,,,,,,,,discount,,,False,False,opposing,against,,,,,,,,,,,,,,,0,,0,,False,0,3,False,False,1,True,False,False,True,,,equal_hl,1.0468,0,28.6,,146.0,,155.4,155.4
EURUSD,1,1,1.05352,1.05723,2000,1.05452,1.05727,137.26999999999555,2022-06-21 08:00:00+00:00,2022-06-21 09:40:00+00:00,target,amd_fvg_h1,momentum,fib_extension,d3,ifvg,D,True,240T,0.0,against,inside,ifvg,0.0,against,0,3b,breakout,london_judas,london,,,False,2,1,60T|15T,0,False,60T,,False,0,,,,False,False,False,False,,True,dual,16.0,12.0,2.0,2.0,low,7.5,True,2022-06-21 03:15:00+00:00,2022-06-21 06:00:00+00:00,2022-06-21 06:30:00+00:00,2022-06-21 06:35:00+00:00,False,premium,eql,m15_range,False,False,confirmed,golden,,,,,,,,,,,,,,,0,,0,,False,0,4,True,False,0,True,False,True,True,continuation,d1_fvg,equal_hl,1.055982,0,38.5,8.1,17.7,239.5,252.4,401.9
NZDUSD,1,1,0.634175,0.6351,2000,0.635175,0.6375000000000001,34.22499999999828,2022-06-21 08:00:00+00:00,2022-06-21 10:55:00+00:00,stop,amd_ob_m5,momentum,fib_extension,d3,ifvg,D,True,D,7.9,against,ahead,ifvg,7.9,against,0,N-long,breakout,london_judas,london,,,False,5,0,,0,False,,,False,0,,240T,,False,False,False,False,,True,dual,22.0,59.0,5.0,3.0,low,2.8,True,2022-06-20 14:15:00+00:00,2022-06-21 04:45:00+00:00,2022-06-21 06:45:00+00:00,2022-06-21 06:45:00+00:00,False,premium,eql,m15_range,False,False,,,,,,,,,,,,,,,,,0,,0,,False,0,4,True,False,0,True,False,True,True,continuation,breaker,equal_hl,0.63634,0,21.3,5.6,29.2,195.7,235.3,560.5
GBPUSD,1,-1,1.22161,1.2179632,2000,1.2206100000000002,1.2179132,134.93160000000225,2022-06-23 08:15:00+00:00,2022-06-23 08:40:00+00:00,target,amd_fvg_m5,momentum,fib_extension,near,ifvg,240T,False,,10.8,against,behind,ifvg,10.8,against,3,1a_ip,breakout,london_judas,london,,,False,3,2,D|240T|15T,-1,False,D,,False,1,60T,,,False,False,True,False,,True,single,13.9,10.0,2.0,4.0,high,0.7,True,2022-06-23 04:00:00+00:00,2022-06-23 06:15:00+00:00,2022-06-23 06:30:00+00:00,2022-06-23 06:35:00+00:00,False,discount,eqh,m15_range,False,False,confirmed,golden,,,,,,,,,,,,,,,0,,0,,False,0,2,False,False,0,True,False,False,True,,,equal_hl,1.21709,0,41.3,,56.5,,283.9,283.9
GBPUSD,1,1,1.22983,1.2307799999999998,5000,1.2308299999999999,1.2351956,87.87499999998005,2022-06-27 08:15:00+00:00,2022-06-27 08:25:00+00:00,stop,amd_fvg_m5,momentum,fib_extension,d3,ifvg,D,True,240T,21.7,against,ahead,ifvg,21.7,against,0,2b,breakout,london_judas,london,,,False,2,1,,0,False,,60T,False,0,,D,,False,False,True,False,,True,dual,32.0,34.0,2.0,2.0,low,0.2,True,2022-06-26 22:45:00+00:00,2022-06-27 07:00:00+00:00,2022-06-27 07:15:00+00:00,2022-06-27 07:25:00+00:00,,,,m15_range,False,False,opposing,against,,,,,,,,,,,,,,,0,,0,,False,0,4,True,True,0,True,False,False,True,,,equal_hl,1.23227,0,33.8,,22.9,108.7,369.0,792.6
GBPUSD,1,-1,1.2258,1.22235,6250,1.2223,1.22176,398.9062499999946,2022-06-28 11:35:00+00:00,2022-06-28 13:15:00+00:00,stop,mss_fvg_m5,momentum,fib_extension,d3,ifvg,240T,True,240T,13.4,against,ahead,ifvg,13.4,against,1,1a,breakout,ny_judas,ny,,,False,3,2,D|60T|15T,-1,False,D,,False,0,,D,,False,False,True,False,,True,dual,32.2,9.0,3.0,2.0,low,0.4,False,2022-06-28 08:45:00+00:00,2022-06-28 10:45:00+00:00,2022-06-28 11:00:00+00:00,2022-06-28 11:00:00+00:00,False,discount,eql,session_range,False,False,,golden,,,,,,,,,,,,,,,0,,0,,False,0,3,True,True,0,False,False,False,True,,,equal_hl,1.2239900000000001,0,40.1,,21.2,325.8,325.8,325.8
EURUSD,1,-1,1.0432700000000001,1.04399,18750,1.04395,1.03824,-249.7499999999417,2022-07-04 07:15:00+00:00,2022-07-04 10:00:00+00:00,stop,amd_m1_shift_ifvg,golden,judas_origin_60T,,,,False,,56.0,with,behind,fvg,56.0,with,3,golden,mm_golden,london_golden,london,,,False,3,0,,0,False,,,False,0,,,,False,False,False,False,,False,,23.0,23.0,4.0,2.0,high,,True,,,,,,,,m15_range,False,False,,golden,cascade,,failed,,1b,15T,ifvg,,,s3:smt:eu+dxy,,1.04358,1.04399,60T,0,,0,,True,2,3,True,False,0,True,False,False,True,,,equal_hl,1.04335,0,12.2,0.0,0.0,0.0,0.0,0.0
EURUSD,1,-1,1.04321,1.04325,12500,1.04321,1.0389636800000002,-9.250000000009251,2022-07-05 08:00:00+00:00,2022-07-05 08:05:00+00:00,stop,amd_fvg_m5,momentum,fib_extension,near,,,False,,56.6,with,behind,fvg,56.6,with,2,1b,breakout,london_judas,london,,,False,2,2,W|D|240T,-1,False,W,240T,False,1,60T,240T,,False,False,True,False,,True,single,26.3,55.0,2.0,4.0,high,4.1,True,2022-07-04 16:45:00+00:00,2022-07-05 06:15:00+00:00,2022-07-05 06:45:00+00:00,2022-07-05 06:45:00+00:00,False,discount,vah,m15_range,False,False,,against,,,,,,,,,,,,,,,0,,0,,False,0,3,True,False,0,True,False,False,True,,,equal_hl,1.03624,0,21.5,13.0,67.2,,74.0,83.4
EURUSD,1,-1,1.0402,1.03662,12500,1.0402,1.03658,827.8749999999807,2022-07-05 08:10:00+00:00,2022-07-05 08:50:00+00:00,target,amd_m1_shift_ifvg,golden,swing,,,,False,,86.7,with,behind,fvg,86.7,with,2,golden,mm_golden,london_golden,london,,,False,3,0,,0,False,,,False,0,,,,False,False,False,False,,False,,26.3,55.0,2.0,4.0,high,,True,,,,,,,,m15_range,False,False,,golden,cascade,,failed,,1b,60T,ifvg,,,s3:cont:eu+gu+dxy,,1.04346,1.04441,60T,0,,0,,True,1,3,True,False,0,True,False,False,True,,,equal_hl,1.039835,0,36.4,0.0,0.0,0.0,0.0,0.0
EURUSD,1,-1,1.02197,1.0182051200000002,18750,1.0209700000000002,1.0181651200000001,1305.9427499999513,2022-07-06 11:30:00+00:00,2022-07-06 12:50:00+00:00,target,amd_fvg_m15,momentum,fib_extension,near,,,False,,269.0,with,behind,fvg,269.0,with,3,1b,breakout,ny_judas,ny,,,False,2,2,W|D|240T,-1,False,W,240T|60T,False,0,,240T,,False,False,True,False,,True,dual,33.5,57.0,8.0,2.0,high,5.0,True,2022-07-05 17:30:00+00:00,2022-07-06 07:30:00+00:00,2022-07-06 07:45:00+00:00,2022-07-06 07:55:00+00:00,False,discount,eqh,m15_range,False,False,,against,,,,,,,,,,,,,,,0,,0,,False,0,2,True,False,0,True,False,False,False,,,,0.0,0,39.6,,,,,
GBPUSD,1,-1,1.19964,1.19619,23437,1.19614,1.1947641199999999,1495.8665249999797,2022-07-08 08:00:00+00:00,2022-07-08 08:35:00+00:00,stop,amd_fvg_h1,momentum,fib_extension,near,,,False,,0.0,with,inside,fvg,0.0,with,3,1a_ip,breakout,london_judas,london,,,False,3,2,D|240T,-1,False,D,240T,False,0,,D,,False,False,True,False,,True,dual,30.2,18.0,3.0,2.0,high,25.9,True,2022-07-07 18:30:00+00:00,2022-07-07 22:45:00+00:00,2022-07-08 02:00:00+00:00,2022-07-08 02:10:00+00:00,True,discount,pdh,m15_range,False,False,,golden,,,,,,,,,,,,,,,0,,0,,False,0,3,False,False,0,True,False,True,True,continuation,d1_fvg,equal_hl,1.19034,0,50.2,,121.8,,121.8,121.8
EURUSD,1,-1,1.0140900000000002,1.0131300000000003,18000,1.0130900000000003,1.0103158399999999,319.67999999995,2022-07-11 07:00:00+00:00,2022-07-11 09:35:00+00:00,stop,amd_fvg_m5,momentum,fib_extension,near,,,False,,80.0,with,behind,fvg,80.0,with,2,3a,breakout,london_judas,london,,,False,2,2,W|D|240T|60T|15T,-1,False,W,240T|60T,False,0,,,,False,False,True,False,,True,single,20.0,15.0,2.0,3.0,high,2.5,True,2022-07-08 18:00:00+00:00,2022-07-08 21:30:00+00:00,2022-07-08 21:45:00+00:00,2022-07-08 21:55:00+00:00,,,,m15_range,False,False,,against,,,,,,,,,,,,,,,0,,0,,False,0,2,True,False,0,True,False,False,False,,,,0.0,0,35.3,7.0,69.8,,69.8,69.8
EURUSD,1,1,1.0057399999999999,1.0056999999999998,11250,1.0057399999999999,1.00950864,-8.325000000008325,2022-07-13 11:30:00+00:00,2022-07-13 12:55:00+00:00,stop,amd_fvg_m5,momentum,fib_extension,near,ifvg,D,True,240T,16.4,against,ahead,fvg,16.4,against,0,3b,breakout,ny_judas,ny,,,False,2,1,,0,True,,,True,0,,D,,False,False,True,False,,True,dual,32.2,51.0,2.0,2.0,low,16.4,True,2022-07-12 19:30:00+00:00,2022-07-13 08:00:00+00:00,2022-07-13 08:45:00+00:00,2022-07-13 08:45:00+00:00,False,premium,eql,m15_range,False,False,confirmed,golden,,,,,,,,,,,,,,,0,,0,,False,0,3,True,False,0,True,False,False,True,,,equal_hl,1.017945,0,12.1,,126.9,558.5,717.3,730.2
EURUSD,1,-1,1.0016500000000002,1.0016900000000002,9000,1.0016500000000002,0.998,-6.660000000006661,2022-07-14 07:45:00+00:00,2022-07-14 08:00:00+00:00,stop,amd_ob_m5,momentum,round_number,d60,,,False,,57.3,with,behind,ifvg,57.3,with,1,3a,breakout,london_judas,london,,,False,2,2,W|D|240T|15T,-1,False,W,D|240T,False,1,60T,,,False,False,False,False,,True,single,32.2,51.0,2.0,2.0,high,67.4,True,2022-07-12 19:30:00+00:00,2022-07-13 08:00:00+00:00,2022-07-13 15:45:00+00:00,2022-07-13 15:55:00+00:00,False,discount,eqh,m15_range,False,False,opposing,against,,,,,,,,,,,,,,,0,,0,,False,0,2,False,False,0,True,False,False,True,,,equal_hl,0.99989,0,11.3,3.8,19.5,,19.5,19.5
EURUSD,1,1,1.00478,1.0057399999999999,14062,1.00578,1.00788054,249.74111999996094,2022-07-15 11:40:00+00:00,2022-07-15 13:30:00+00:00,stop,amd_fvg_m15,momentum,fib_extension,near,ifvg,D,True,240T,26.0,against,ahead,ifvg,26.0,against,1,2a,breakout,ny_judas,ny,,,False,4,0,,0,False,,,False,0,,D,,False,False,True,False,,True,dual,24.0,14.0,2.0,2.0,low,4.0,True,2022-07-15 04:15:00+00:00,2022-07-15 07:30:00+00:00,2022-07-15 08:15:00+00:00,2022-07-15 08:15:00+00:00,False,premium,eql,m15_range,False,False,,golden,,,,,,,,,,,,,,,0,,0,,False,0,3,True,False,0,True,False,False,True,,,equal_hl,1.017945,0,23.1,,75.3,568.1,595.3,739.8
EURUSD,1,1,1.01146,1.01142,11250,1.01146,1.0150000000000001,-8.325000000008325,2022-07-18 08:00:00+00:00,2022-07-18 08:05:00+00:00,stop,amd_fvg_m5,momentum,round_number,near,ifvg,D,True,D,0.0,against,inside,ifvg,0.0,against,0,3b,breakout,london_judas,london,,,False,1,1,60T|15T,0,False,60T,60T,False,0,,,,False,False,False,False,,True,dual,18.7,9.0,3.0,3.0,low,5.7,True,2022-07-18 04:45:00+00:00,2022-07-18 06:45:00+00:00,2022-07-18 07:15:00+00:00,2022-07-18 07:15:00+00:00,,,,m15_range,False,False,,golden,,,,,,,,,,,,,,,0,,0,,False,0,4,True,False,0,True,False,True,True,continuation,ob,equal_hl,1.017945,0,23.9,0.6,,349.0,501.3,673.0
NZDUSD,1,1,0.619155,0.62289018,11250,0.622655,0.62296518,777.3843374999893,2022-07-19 08:00:00+00:00,2022-07-19 10:40:00+00:00,target,amd_fvg_m5,momentum,fib_extension,d3,ob,240T,False,,26.5,against,behind,ifvg,26.5,against,1,N-long,breakout,london_judas,london,,,False,1,1,,0,False,,60T,False,0,,D,,False,False,True,False,,True,single,31.7,34.0,2.0,3.0,low,2.7,True,2022-07-18 17:30:00+00:00,2022-07-19 01:45:00+00:00,2022-07-19 02:15:00+00:00,2022-07-19 02:15:00+00:00,True,premium,pdl,m15_range,False,False,,,,,,,,,,,,,,,,,0,,0,,False,0,4,True,False,0,True,False,True,True,continuation,d1_fvg,equal_hl,0.6245833333333334,0,43.8,,9.8,61.1,204.9,385.5
EURUSD,1,-1,1.0235500000000002,1.0225900000000003,18000,1.0225500000000003,1.02011,319.67999999995,2022-07-20 11:15:00+00:00,2022-07-20 11:30:00+00:00,stop,mss_ob_m5,momentum,pdh_pdl,near,fvg,W,False,,41.0,with,behind,fvg,41.0,with,2,3a,judas,ny_judas,ny,,,False,3,3,W|D|240T,-1,True,W,D|240T,True,1,60T,D,,False,False,True,False,,True,single,27.3,16.0,2.0,2.0,low,9.0,False,2022-07-19 15:30:00+00:00,2022-07-19 19:15:00+00:00,2022-07-20 09:00:00+00:00,2022-07-20 09:00:00+00:00,False,premium,eql,m15_range,False,False,opposing,against,,,,,,,,,,,,,,,0,,0,,False,0,2,True,False,0,False,False,False,True,,,equal_hl,1.0162133333333332,0,24.5,15.0,157.9,164.4,284.3,284.3
EURUSD,1,1,1.0243499999999999,1.0253099999999997,17577,1.0253499999999998,1.0276066400000001,312.1675199999512,2022-07-21 13:15:00+00:00,2022-07-21 13:35:00+00:00,stop,amd_ob_m5,momentum,fib_extension,d3,fvg,W,True,240T,33.0,against,ahead,fvg,33.0,against,1,2a,judas,ny_judas,ny,,240T,False,5,2,,0,True,,240T,True,-1,60T,240T,,False,False,True,False,,True,single,34.5,13.0,2.0,2.0,low,25.2,True,2022-07-21 02:45:00+00:00,2022-07-21 05:45:00+00:00,2022-07-21 10:30:00+00:00,2022-07-21 10:35:00+00:00,False,premium,none,m15_range,False,False,confirmed,golden,,,,,,,,,,,,,,,0,,0,,False,0,3,False,False,0,True,False,True,True,continuation,d1_fvg,equal_hl,1.0273333333333332,0,22.6,,30.3,220.1,372.4,544.1
EURUSD,1,-1,1.01425,1.01529,9000,1.01525,1.0102336799999998,-173.15999999998832,2022-07-22 08:30:00+00:00,2022-07-22 09:20:00+00:00,stop,amd_fvg_m5,momentum,fib_extension,d3,fvg,D,True,240T,23.0,against,ahead,fvg,23.0,against,1,1b,breakout,london_judas,london,,,False,2,2,W|D|15T,-1,False,W,D,False,-1,60T,D,,False,False,True,False,,True,single,28.4,25.0,3.0,2.0,high,4.7,True,2022-07-22 01:45:00+00:00,2022-07-22 07:45:00+00:00,2022-07-22 08:00:00+00:00,2022-07-22 08:00:00+00:00,False,discount,eqh,m15_range,False,False,,against,,,,,,,,,,,,,,,0,,0,,False,0,4,True,False,1,True,False,False,True,,,equal_hl,1.00793,0,12.8,,23.9,71.4,191.3,191.3
EURUSD,1,-1,1.0195100000000001,1.02055,28125,1.02051,1.01553,-541.1249999999635,2022-07-25 07:30:00+00:00,2022-07-25 07:45:00+00:00,stop,amd_m1_shift_ifvg,golden,swing,,,,False,,75.6,against,ahead,fvg,75.6,against,2,golden,mm_golden,london_golden,london,,,False,5,0,,0,False,,,False,0,,,,False,False,False,False,,False,,23.6,10.0,2.0,2.0,high,,True,,,,,,,,m15_range,False,False,,golden,cascade,,failed,,1b,60T,ifvg,,,s3:smt:eu+gu,,1.02034,1.02085,60T,0,,0,,True,1,3,True,False,0,True,False,False,True,,,equal_hl,1.0174050000000001,0,0.7,0.0,0.0,0.0,0.0,0.0
EURUSD,1,-1,1.02261,1.02265,22500,1.02261,1.0185279999999999,-16.65000000001665,2022-07-26 07:45:00+00:00,2022-07-26 08:10:00+00:00,stop,amd_fvg_h1,judas,fib_extension,near,fvg,W,True,240T,50.4,with,behind,ifvg,50.4,with,2,3a,breakout,london_judas,london,,,False,5,2,W|D,-1,False,W,D,False,1,60T,D,,False,False,True,False,,False,,3.7,9.0,3.0,6.0,high,27.6,True,2022-07-25 22:15:00+00:00,2022-07-26 00:15:00+00:00,2022-07-26 02:30:00+00:00,2022-07-26 02:35:00+00:00,False,discount,eqh,m15_range,False,False,,against,,,,,,,,,,,,,,,0,,0,,False,0,3,True,False,0,True,False,False,True,,,equal_hl,1.0174050000000001,0,17.9,12.2,97.3,274.9,274.9,274.9
EURUSD,1,-1,1.01702,1.01356,22500,1.01352,1.01297,1440.2250000000079,2022-07-26 11:00:00+00:00,2022-07-26 12:40:00+00:00,stop,amd_fvg_m5,momentum,pdh_pdl,near,ob,240T,True,240T,50.7,against,ahead,fvg,50.7,against,2,1b,breakout,ny_judas,ny,,,False,4,2,W|D,-1,False,W,D,False,1,60T,D,,False,False,True,False,,True,dual,3.7,9.0,3.0,6.0,high,27.6,True,2022-07-25 22:15:00+00:00,2022-07-26 00:15:00+00:00,2022-07-26 02:30:00+00:00,2022-07-26 02:35:00+00:00,False,discount,eqh,m15_range,False,False,,against,,,,,,,,,,,,,,,0,,0,,False,0,3,True,False,0,True,False,False,True,,,equal_hl,1.01485,0,45.5,,41.4,219.0,219.0,219.0
EURUSD,1,-1,1.01583,1.0116852,22500,1.0148300000000001,1.0116452,1725.2729999999785,2022-07-28 11:30:00+00:00,2022-07-28 12:50:00+00:00,target,amd_fvg_m5,judas,fib_extension,near,ifvg,D,False,,38.8,against,ahead,ifvg,38.8,against,2,1b,breakout,ny_judas,ny,,,False,3,2,W|D,-1,False,W,D,False,1,60T,240T,,False,False,True,False,,True,single,32.1,20.0,2.0,2.0,high,6.3,True,2022-07-28 02:30:00+00:00,2022-07-28 07:15:00+00:00,2022-07-28 07:30:00+00:00,2022-07-28 07:30:00+00:00,False,discount,none,m15_range,False,False,,against,,,,,,,,,,,,,,,0,,0,,False,0,3,False,False,1,True,False,False,True,,,equal_hl,1.0116649999999998,0,42.8,,62.6,207.1,207.1,207.1
GBPUSD,1,1,1.21965,1.2205999999999997,9000,1.2206499999999998,1.2231374,158.1749999999641,2022-07-29 07:00:00+00:00,2022-07-29 07:20:00+00:00,stop,amd_fvg_h1,momentum,fib_extension,near,ifvg,D,True,D,16.2,against,ahead,fvg,16.2,against,1,2b,breakout,london_judas,london,,,False,1,0,,0,False,,,False,0,,,,False,False,False,False,,True,dual,19.3,9.0,2.0,2.0,low,2.4,True,2022-07-28 20:45:00+00:00,2022-07-28 22:45:00+00:00,2022-07-28 23:00:00+00:00,2022-07-28 23:10:00+00:00,False,premium,eql,m15_range,False,False,,against,,,,,,,,,,,,,,,0,,0,,False,0,2,False,False,0,True,False,False,True,,,equal_hl,1.228425,0,21.9,1.4,,,136.6,470.8
GBPUSD,1,-1,1.21464,1.2136900000000002,28125,1.21364,1.21076424,494.2968749998878,2022-07-29 13:00:00+00:00,2022-07-29 13:30:00+00:00,stop,amd_fvg_m5,momentum,fib_extension,near,ifvg,D,True,240T,43.5,against,ahead,fvg,43.5,against,2,1a_ip,judas,ny_judas,ny,,,False,4,2,D|15T,-1,False,D,D,False,1,60T,D,,False,False,True,False,,True,dual,21.7,33.0,3.0,3.0,high,61.9,True,2022-07-28 20:30:00+00:00,2022-07-29 04:30:00+00:00,2022-07-29 08:00:00+00:00,2022-07-29 08:05:00+00:00,False,discount,eqh,m15_range,False,False,confirmed,golden,,,,,,,,,,,,,,,0,,0,,False,0,3,True,False,0,True,False,False,True,,,equal_hl,1.2105066666666666,0,40.9,10.3,183.9,387.5,387.5,387.5
EURUSD,1,-1,1.0236,1.02464,11250,1.0246,1.02053,-216.4499999999854,2022-08-02 08:05:00+00:00,2022-08-02 08:15:00+00:00,stop,amd_fvg_m5,momentum,pdh_pdl,near,fvg,W,False,,40.5,with,behind,ifvg,40.5,with,1,3a,judas,london_judas,london,,,False,4,2,W|D,-1,False,W,D,False,1,60T,D,,False,False,True,False,,True,dual,8.1,13.0,2.0,3.0,high,30.6,True,2022-08-01 20:45:00+00:00,2022-08-01 23:45:00+00:00,2022-08-02 01:30:00+00:00,2022-08-02 01:40:00+00:00,False,discount,eqh,m15_range,False,False,,against,,,,,,,,,,,,,,,0,,0,,False,0,4,True,True,0,True,False,False,True,,,equal_hl,1.0207066666666667,0,1.5,,90.9,156.8,284.8,284.8
GBPUSD,1,1,1.20907,1.2100199999999999,9000,1.21007,1.21234472,158.1749999999641,2022-08-08 08:00:00+00:00,2022-08-08 09:10:00+00:00,stop,amd_ob_m15,momentum,fib_extension,near,fvg,240T,True,240T,166.1,with,behind,ifvg,166.1,with,0,2b_ip,breakout,london_judas,london,,,False,2,2,,1,False,,D,False,-1,60T,,,False,False,False,False,,True,single,24.8,26.0,2.0,4.0,low,9.4,True,2022-08-05 18:30:00+00:00,2022-08-08 00:45:00+00:00,2022-08-08 01:15:00+00:00,2022-08-08 01:25:00+00:00,,,,m15_range,False,False,confirmed,against,,,,,,,,,,,,,,,0,,0,,False,0,3,True,False,0,True,False,False,True,,,equal_hl,1.21239,0,31.9,,125.0,155.7,203.4,569.9
EURUSD,1,1,1.0233999999999999,1.0243599999999997,11250,1.0243999999999998,1.0269799999999998,199.79999999996875,2022-08-10 11:35:00+00:00,2022-08-10 13:25:00+00:00,stop,amd_ob_m5,momentum,fib_extension,d3,fvg,W,True,240T,42.5,against,ahead,ifvg,42.5,against,0,2a,breakout,ny_judas,ny,,,False,2,2,D,1,False,D,D|60T,False,1,D,,,False,False,False,False,,True,dual,17.6,61.0,2.0,5.0,low,0.4,True,2022-08-09 17:45:00+00:00,2022-08-10 08:45:00+00:00,2022-08-10 09:00:00+00:00,2022-08-10 09:05:00+00:00,False,premium,eql,m15_range,False,False,confirmed,golden,,,,,,,,,,,,,,,0,,0,,False,0,3,False,False,0,True,False,True,True,continuation,d1_fvg,equal_hl,1.02496,0,26.7,,14.1,24.7,60.8,540.7
GBPUSD,1,-1,1.22008,1.2163350000000002,14062,1.21658,1.216285,974.2505149999707,2022-08-12 08:00:00+00:00,2022-08-12 10:05:00+00:00,target,mss_breaker_m15,judas,fib_extension,near,fvg,D,True,240T,19.0,against,ahead,fvg,19.0,against,1,1a_h4,judas,london_judas,london,,,False,2,1,60T,0,False,60T,,False,1,D,240T,,False,False,False,False,,False,,12.3,10.0,2.0,2.0,low,14.3,False,2022-08-11 22:00:00+00:00,2022-08-12 00:15:00+00:00,2022-08-12 01:45:00+00:00,2022-08-12 01:45:00+00:00,False,discount,eql,m15_range,False,False,,golden,,,,,,,,,,,,,,,0,,0,,False,0,2,True,False,0,False,False,False,True,,,equal_hl,1.2178200000000001,0,42.0,25.1,139.1,241.8,441.9,441.9
GBPUSD,1,-1,1.21411,1.2131600000000002,14062,1.2131100000000001,1.2106569600000001,247.1396499999439,2022-08-12 11:00:00+00:00,2022-08-12 12:05:00+00:00,stop,amd_fvg_m5,momentum,fib_extension,near,fvg,240T,False,,0.0,against,inside,fvg,0.0,against,1,1a_h4,breakout,ny_judas,ny,,,False,3,1,60T,0,False,60T,,False,1,D,240T,,False,False,False,False,,True,dual,18.3,17.0,2.0,4.0,high,19.7,True,2022-08-12 02:00:00+00:00,2022-08-12 06:00:00+00:00,2022-08-12 07:00:00+00:00,2022-08-12 07:00:00+00:00,False,discount,eqh,m15_range,False,False,confirmed,golden,,,,,,,,,,,,,,,0,,0,,False,0,3,True,False,0,True,False,False,True,,,equal_hl,1.2102840000000001,0,25.4,,79.4,182.1,382.2,382.2
EURUSD,1,-1,1.02345,1.02449,22500,1.0244499999999999,1.0202200000000001,-432.8999999999708,2022-08-15 07:30:00+00:00,2022-08-15 08:25:00+00:00,stop,amd_ob_m5,momentum,equal_hl,near,fvg,W,True,240T,12.7,against,behind,fvg,12.7,against,2,3a,judas,london_judas,london,,,False,5,2,W|60T|15T,-1,False,W,60T,False,-1,60T,,,False,False,True,False,,True,single,16.7,37.0,3.0,2.0,high,0.5,True,2022-08-12 16:45:00+00:00,2022-08-15 01:45:00+00:00,2022-08-15 02:00:00+00:00,2022-08-15 02:00:00+00:00,,,,m15_range,False,False,,against,,,,,,,,,,,,,,,0,,0,,False,0,3,True,False,0,True,False,False,True,,,equal_hl,1.0205799999999998,0,4.6,,,112.8,283.3,283.3
NZDUSD,1,-1,0.6414249999999999,0.638445,9000,0.6404249999999999,0.63837,496.16999999997864,2022-08-15 07:15:00+00:00,2022-08-15 09:40:00+00:00,target,amd_fvg_h1,momentum,swing,near,fvg,D,False,,30.5,against,ahead,fvg,30.5,against,1,N-short_h4,judas,london_judas,london,,,False,3,1,,0,False,,60T,False,-1,60T,,,False,False,False,False,,True,single,34.0,47.0,5.0,3.0,high,3.1,True,2022-08-12 08:45:00+00:00,2022-08-12 20:15:00+00:00,2022-08-12 20:30:00+00:00,2022-08-12 20:35:00+00:00,,,,m15_range,False,False,,,,,,,,,,,,,,,,,0,,0,,False,0,4,True,False,0,True,False,True,True,continuation,w_fvg,equal_hl,0.63815,0,30.8,,31.8,203.7,355.4,355.4
GBPUSD,1,-1,1.20198,1.20303,22500,1.20298,1.1985890000000001,-437.06249999999807,2022-08-16 08:10:00+00:00,2022-08-16 08:30:00+00:00,stop,amd_m1_shift_ifvg,golden,fib_extension,,,,False,,95.2,against,ahead,ifvg,95.2,against,2,golden,mm_golden,london_golden,london,,,False,2,0,,0,False,,,False,0,,,,False,False,False,False,,False,,24.4,35.0,4.0,2.0,high,,True,,,,,,,,m15_range,False,False,,golden,cascade,240T,failed,,1a,15T,ifvg,,,s2:none:none,,1.20501,1.20531,60T,0,,0,,True,1,4,True,False,0,True,False,True,True,continuation,d1_fvg,equal_hl,1.200515,0,12.5,0.0,0.0,0.0,0.0,0.0
EURUSD,1,-1,1.0122,1.0131700000000001,9000,1.01313,1.0075200000000002,-161.50500000002287,2022-08-16 12:30:00+00:00,2022-08-16 13:10:00+00:00,stop,mss_ob_m5,momentum,fib_extension,near,fvg,D,True,D,2.5,against,ahead,ifvg,2.5,against,1,1b_ip,judas,ny_judas,ny,,240T,False,3,3,W|60T|15T,-1,True,W,60T,True,1,D,,,False,False,True,False,,True,single,17.8,10.0,3.0,2.0,low,1.9,False,2022-08-16 10:00:00+00:00,2022-08-16 12:15:00+00:00,2022-08-16 12:30:00+00:00,2022-08-16 12:30:00+00:00,False,discount,pwl,m15_range,False,False,,against,,,,,,,,,,,,,,,0,,0,,False,0,2,True,False,0,False,False,False,True,,,equal_hl,1.0124933333333332,0,-0.0,,,0.3,170.8,170.8
EURUSD,1,-1,1.01617,1.01621,11250,1.01617,1.01297,-8.325000000008325,2022-08-18 07:00:00+00:00,2022-08-18 08:55:00+00:00,stop,mss_fvg_m15,momentum,swing,near,,,False,,33.1,with,behind,ifvg,33.1,with,1,3a,breakout,london_judas,london,,,False,6,2,W|60T|15T,-1,False,W,240T,False,1,60T,,,False,False,False,False,,True,dual,30.1,44.0,2.0,2.0,low,2.8,False,2022-08-17 20:00:00+00:00,2022-08-18 06:45:00+00:00,2022-08-18 07:00:00+00:00,2022-08-18 07:00:00+00:00,False,discount,eql,m15_range,False,False,,against,,,,,,,,,,,,,,,0,,0,,False,0,1,False,False,0,False,False,False,True,,,equal_hl,1.01493,0,15.9,,40.1,40.0,210.5,210.5
GBPUSD,2,-1,1.18397,1.18402,9000,1.18397,1.1805420800000002,-8.325000000017567,2022-08-19 11:50:00+00:00,2022-08-19 13:00:00+00:00,stop,pyramid_im1.0_fvg_m5,no_open,fib_extension,near,,,False,,13.5,against,behind,ob,0.0,against,2,1a,breakout,ny_judas,ny,,,False,3,1,240T,0,False,240T,240T,False,0,,,,False,False,True,False,,True,single,28.5,7.0,3.0,3.0,high,-26.7,True,2022-08-19 09:15:00+00:00,2022-08-19 10:45:00+00:00,2022-08-19 11:00:00+00:00,2022-08-19 11:00:00+00:00,False,discount,eqh,session_range,False,False,confirmed,golden,,,,,,,,,,,,,,,0,,0,,False,0,2,False,False,0,True,False,False,True,,,equal_hl,1.18057,0,24.6,,,,56.3,100.6
GBPUSD,1,-1,1.18595,1.1850000000000003,22500,1.1849500000000002,1.1805420800000002,395.43749999991024,2022-08-19 11:00:00+00:00,2022-08-19 13:50:00+00:00,stop,amd_fvg_m5,momentum,fib_extension,near,,,False,,13.5,against,behind,ob,0.0,against,2,1a,breakout,ny_judas,ny,,,False,3,1,240T,0,False,240T,240T,False,0,,,,False,False,True,False,,True,single,28.5,7.0,3.0,3.0,high,-26.7,True,2022-08-19 09:15:00+00:00,2022-08-19 10:45:00+00:00,2022-08-19 11:00:00+00:00,2022-08-19 11:00:00+00:00,False,discount,eqh,session_range,False,False,confirmed,golden,,,,,,,,,,,,,,,0,,0,,False,0,2,False,False,0,True,False,False,True,,,equal_hl,1.18057,0,44.4,,,,56.3,100.6
EURUSD,1,-1,1.0015100000000001,1.0015500000000002,18000,1.0015100000000001,0.99754736,-13.320000000013321,2022-08-22 08:00:00+00:00,2022-08-22 09:55:00+00:00,stop,mss_fvg_h1,momentum,fib_extension,near,,,False,,25.3,with,behind,ob,0.0,against,2,3a,judas,london_judas,london,,,False,2,2,W|60T,-1,False,W,240T|60T,False,0,,,,False,False,True,False,,True,dual,29.5,66.0,2.0,2.0,low,6.2,False,2022-08-19 15:30:00+00:00,2022-08-22 07:45:00+00:00,2022-08-22 08:00:00+00:00,2022-08-22 08:05:00+00:00,,,,m15_range,False,False,,against,,,,,,,,,,,,,,,0,,0,,False,0,2,True,False,0,False,False,False,True,,,equal_hl,1.000235,0,26.1,,,,,63.9
EURUSD,1,1,1.0001099999999998,1.0000699999999998,11250,1.0001099999999998,1.0035895400000001,-8.325000000008325,2022-08-25 07:10:00+00:00,2022-08-25 07:15:00+00:00,stop,amd_fvg_m15,momentum,fib_extension,near,ifvg,D,True,240T,17.0,against,ahead,fvg,17.0,against,1,3b,judas,london_judas,london,,,False,1,2,D|15T,1,False,15T,D|60T,False,0,,,,False,False,False,False,,True,single,25.2,21.0,4.0,2.0,low,24.1,True,2022-08-24 06:15:00+00:00,2022-08-24 11:15:00+00:00,2022-08-24 15:00:00+00:00,2022-08-24 15:05:00+00:00,False,premium,eql,m15_range,False,False,,golden,,,,,,,,,,,,,,,0,,0,,False,0,3,True,False,0,True,False,False,True,,,equal_hl,1.0040133333333332,0,22.9,,46.4,368.3,368.3,614.8
EURUSD,1,-1,0.99719,0.9972300000000001,11250,0.99719,0.99277446,-8.325000000008325,2022-08-25 13:00:00+00:00,2022-08-25 15:00:00+00:00,stop,amd_fvg_m5,momentum,fib_extension,near,,,False,,46.2,with,behind,fvg,46.2,with,1,3a,judas,ny_judas,ny,,,False,4,2,W|240T|60T,-1,False,W,240T,False,1,60T,D,,False,False,True,False,,True,single,10.5,12.0,2.0,2.0,high,42.0,True,2022-08-25 02:45:00+00:00,2022-08-25 05:30:00+00:00,2022-08-25 07:30:00+00:00,2022-08-25 07:35:00+00:00,False,premium,eqh,m15_range,False,False,,against,,,,,,,,,,,,,,,0,,0,,False,0,2,False,False,0,True,False,False,True,,,equal_hl,0.995055,0,16.9,0.5,72.6,,72.6,72.6
GBPUSD,1,-1,1.17922,1.17927,28125,1.17922,1.17552,-26.0156250000549,2022-08-26 07:45:00+00:00,2022-08-26 08:55:00+00:00,stop,amd_fvg_m15,momentum,pdh_pdl,near,,,False,,38.9,with,behind,ifvg,38.9,with,2,1a_ip,breakout,london_judas,london,,,False,4,0,,0,False,,,False,1,60T,D,,False,False,True,False,,True,single,15.2,9.0,2.0,2.0,high,1.8,True,2022-08-26 02:15:00+00:00,2022-08-26 04:15:00+00:00,2022-08-26 04:30:00+00:00,2022-08-26 04:35:00+00:00,False,discount,none,m15_range,False,False,,golden,,,,,,,,,,,,,,,0,,0,,False,0,2,False,False,0,True,False,False,True,,,equal_hl,1.17874,0,17.5,,76.2,,76.2,76.2
EURUSD,1,1,0.99658,0.99754,11250,0.99758,1.00051934,199.79999999999185,2022-08-29 11:00:00+00:00,2022-08-29 12:20:00+00:00,stop,amd_fvg_m5,momentum,fib_extension,near,,,True,240T,52.3,against,ahead,ifvg,52.3,against,1,2a,breakout,ny_judas,ny,,,False,3,2,D|15T,1,False,15T,D,False,1,60T,D,,False,False,True,False,,True,dual,30.8,22.0,2.0,2.0,low,0.3,True,2022-08-29 00:30:00+00:00,2022-08-29 05:45:00+00:00,2022-08-29 06:00:00+00:00,2022-08-29 06:05:00+00:00,,,,m15_range,False,False,,golden,,,,,,,,,,,,,,,0,,0,,False,0,4,True,True,0,True,False,False,True,,,equal_hl,1.0031249999999998,0,29.1,2.1,124.9,303.3,403.6,650.1
EURUSD,1,1,0.99271,0.9926699999999999,11250,0.99271,0.99709046,-8.325000000008325,2022-09-05 11:00:00+00:00,2022-09-05 12:05:00+00:00,stop,amd_fvg_m5,momentum,fib_extension,near,fvg,240T,True,240T,113.3,against,ahead,ifvg,113.3,against,0,3b,breakout,ny_judas,ny,,,False,2,1,240T,0,False,,,False,-1,60T,D,,False,False,True,False,,True,single,24.3,19.0,2.0,2.0,low,23.5,True,2022-09-05 01:15:00+00:00,2022-09-05 05:45:00+00:00,2022-09-05 07:00:00+00:00,2022-09-05 07:00:00+00:00,,,,m15_range,False,False,,golden,,,,,,,,,,,,,,,0,,0,,False,0,3,True,False,0,True,False,False,True,,,equal_hl,1.00313,0,16.9,8.5,124.5,163.6,442.3,688.8
EURUSD,1,-1,0.99356,0.9946,22500,0.99456,0.9903,-432.900000000017,2022-09-06 11:15:00+00:00,2022-09-06 11:20:00+00:00,stop,amd_fvg_h1,momentum,pdh_pdl,near,,,False,,104.8,with,behind,ifvg,104.8,with,2,1b_h4,judas,ny_judas,ny,,,False,5,2,W|D|60T,-1,False,W,240T|60T,False,0,,D,,False,False,True,False,,True,dual,30.8,34.0,3.0,4.0,high,15.6,True,2022-09-05 23:15:00+00:00,2022-09-06 07:30:00+00:00,2022-09-06 08:30:00+00:00,2022-09-06 08:40:00+00:00,False,premium,eqh,m15_range,False,False,confirmed,against,,,,,,,,,,,,,,,0,,0,,False,0,3,True,False,0,True,False,False,True,,,equal_hl,0.99124,0,0.3,12.1,59.3,36.3,59.3,59.3
EURUSD,1,-1,0.99452,0.99145,28125,0.99452,0.99141,1597.3593749999511,2022-09-06 11:20:00+00:00,2022-09-06 13:50:00+00:00,target,amd_m1_shift_fvg,golden,swing,,,,False,,95.2,with,behind,ifvg,95.2,with,2,golden,mm_golden,ny_golden,ny,,,False,4,0,,0,False,,,False,0,,,,False,False,False,False,,False,,30.8,34.0,3.0,4.0,high,,True,,,,,,,,m15_range,False,False,,golden,cascade,,failed,,1b,60T,fvg,,,s3:smt:gu+dxy,,0.99601,0.99644,60T,0,,0,,True,1,3,True,False,0,True,False,False,True,,,equal_hl,0.9946050000000001,0,34.4,0.0,0.0,0.0,0.0,0.0
GBPUSD,1,-1,1.14261,1.14366,22500,1.1436099999999998,1.13740198,-437.06249999999807,2022-09-07 12:00:00+00:00,2022-09-07 12:10:00+00:00,stop,amd_fvg_m5,momentum,fib_extension,near,,,False,,162.3,with,behind,ifvg,162.3,with,2,1a_h4,judas,ny_judas,ny,,,False,2,1,,0,False,,240T|60T,False,0,,D,,False,False,True,False,,True,dual,27.4,4.0,1.0,1.0,high,-20.4,True,2022-09-07 09:15:00+00:00,2022-09-07 10:00:00+00:00,2022-09-07 10:15:00+00:00,2022-09-07 10:15:00+00:00,False,discount,val,session_range,False,False,,golden,,,,,,,,,,,,,,,0,,0,,False,0,2,True,False,0,True,False,False,False,,,,0.0,0,9.5,,,,,
GBPUSD,1,-1,1.15052,1.15157,22500,1.1515199999999999,1.14590292,-437.06249999999807,2022-09-08 07:40:00+00:00,2022-09-08 08:00:00+00:00,stop,amd_m1_shift_ifvg,golden,fib_extension,,,,False,,83.2,with,behind,ifvg,83.2,with,2,golden,mm_golden,london_golden,london,,,False,1,0,,0,False,,,False,0,,,,False,False,False,False,,False,,26.3,23.0,5.0,2.0,high,,True,,,,,,,,session_range,False,False,,golden,cascade,,failed,,1a,60T,ifvg,,,s3:noref:eu,,1.15211,1.1545,60T,0,,0,,True,1,2,False,False,0,True,False,False,True,,,equal_hl,1.1495733333333333,0,1.8,0.0,0.0,0.0,0.0,0.0
GBPUSD,1,1,1.16045,1.1603999999999999,6250,1.16045,1.165,-5.7812500000122,2022-09-09 08:00:00+00:00,2022-09-09 08:10:00+00:00,stop,amd_fvg_h1,momentum,round_number,d3,ifvg,240T,True,D,5.7,against,behind,ifvg,5.7,against,1,2b_ip,breakout,london_judas,london,,,False,3,1,15T,0,False,15T,,False,-1,60T,,,False,False,False,False,,True,single,32.2,14.0,5.0,3.0,low,-14.8,True,2022-09-09 03:30:00+00:00,2022-09-09 06:45:00+00:00,2022-09-09 07:00:00+00:00,2022-09-09 07:05:00+00:00,True,premium,none,session_range,False,False,,against,,,,,,,,,,,,,,,0,,0,,False,0,3,False,False,1,True,False,False,True,,,equal_hl,1.173935,0,18.1,,5.4,297.2,673.1,689.6
GBPUSD,1,-1,1.15556,1.15661,6250,1.1565599999999998,1.1520000000000001,-121.40624999999947,2022-09-09 12:30:00+00:00,2022-09-09 12:40:00+00:00,stop,amd_fvg_m5,momentum,round_number,near,ifvg,240T,True,240T,32.8,with,behind,ifvg,32.8,with,0,1a_ip,breakout,ny_judas,ny,,,False,3,1,,0,False,,240T,False,-1,60T,,,False,False,False,False,,True,single,32.9,6.0,2.0,3.0,high,-12.3,True,2022-09-09 09:30:00+00:00,2022-09-09 10:45:00+00:00,2022-09-09 11:00:00+00:00,2022-09-09 11:05:00+00:00,False,premium,none,session_range,False,False,,golden,,,,,,,,,,,,,,,0,,0,,False,0,3,False,False,1,True,False,False,True,,,equal_hl,1.1495733333333333,0,-0.0,61.3,151.9,,151.9,151.9
EURUSD,1,1,1.0167599999999999,1.0167199999999998,7812,1.0167599999999999,1.01977,-5.780880000005782,2022-09-13 11:30:00+00:00,2022-09-13 13:25:00+00:00,stop,amd_fvg_m5,momentum,swing,near,ifvg,W,False,,22.3,against,behind,ifvg,22.3,against,1,3b,breakout,ny_judas,ny,,,False,4,1,240T|60T|15T,0,False,240T,60T,False,0,,,,False,False,False,False,,True,single,13.9,15.0,2.0,3.0,low,4.5,True,2022-09-13 01:45:00+00:00,2022-09-13 05:15:00+00:00,2022-09-13 05:30:00+00:00,2022-09-13 05:40:00+00:00,False,premium,eql,m15_range,False,False,confirmed,golden,,,,,,,,,,,,,,,0,,0,,False,0,4,True,False,0,True,False,True,True,continuation,breaker,equal_hl,1.0182799999999999,0,19.4,,31.0,,201.8,281.8
EURUSD,1,1,0.99848,0.99844,15625,0.99848,1.00200904,-11.562500000011564,2022-09-15 13:30:00+00:00,2022-09-15 13:35:00+00:00,stop,amd_ob_m5,judas,fib_extension,near,fvg,D,False,,38.6,against,ahead,fvg,38.6,against,2,2a,judas,ny_judas,ny,,,False,4,1,240T|15T,0,False,240T,240T,False,0,,,,False,False,True,False,,True,single,30.7,47.0,2.0,4.0,low,13.3,True,2022-09-14 18:00:00+00:00,2022-09-15 05:30:00+00:00,2022-09-15 07:15:00+00:00,2022-09-15 07:20:00+00:00,False,premium,eql,m15_range,False,False,confirmed,golden,,,,,,,,,,,,,,,0,,0,,False,0,3,False,False,0,True,False,True,True,inside,d1_fvg,equal_hl,1.001525,0,12.7,16.5,213.8,95.1,380.3,384.6
GBPUSD,1,-1,1.1412,1.13575,12500,1.1357,1.1365292800000002,1260.3124999999895,2022-09-16 08:30:00+00:00,2022-09-16 08:45:00+00:00,stop,amd_fvg_m5,momentum,fib_extension,d60,,,False,,177.3,with,behind,fvg,177.3,with,2,1a,breakout,london_judas,london,,,False,1,2,60T,-1,False,60T,D,False,1,60T,,,False,False,True,False,,True,dual,14.6,11.0,3.0,3.0,high,2.3,True,2022-09-16 02:45:00+00:00,2022-09-16 05:15:00+00:00,2022-09-16 05:30:00+00:00,2022-09-16 05:40:00+00:00,False,discount,eqh,m15_range,False,False,confirmed,golden,,,,,,,,,,,,,,,0,,0,,False,0,2,True,False,0,True,False,False,False,,,,0.0,0,61.9,,,,8.3,8.3
EURUSD,1,-1,0.99813,0.99817,14062,0.99813,0.995,-10.405880000010407,2022-09-19 07:00:00+00:00,2022-09-19 08:45:00+00:00,stop,amd_fvg_m5,momentum,round_number,near,ifvg,240T,True,240T,42.1,with,behind,ifvg,42.1,with,1,1b,breakout,london_judas,london,,,False,4,2,W,-1,False,W,D,False,1,60T,240T,,False,False,False,False,,True,single,26.9,21.0,2.0,2.0,high,0.6,True,2022-09-16 19:45:00+00:00,2022-09-19 00:45:00+00:00,2022-09-19 01:00:00+00:00,2022-09-19 01:00:00+00:00,,,,m15_range,False,False,,against,,,,,,,,,,,,,,,0,,0,,False,0,3,True,False,0,True,False,False,True,,,equal_hl,0.996845,0,15.6,,37.4,118.4,118.4,118.4
EURUSD,1,-1,0.99917,0.9957233333333334,22500,0.99817,0.9956833333333334,1434.6749999999713,2022-09-20 12:40:00+00:00,2022-09-20 13:45:00+00:00,target,amd_fvg_m5,momentum,equal_hl,near,ifvg,240T,True,240T,31.7,with,behind,ifvg,31.7,with,2,1b,judas,ny_judas,ny,,,False,3,2,W|15T,-1,False,W,D,False,1,60T,D,,False,False,True,False,,True,dual,31.5,37.0,3.0,3.0,high,18.2,True,2022-09-19 15:45:00+00:00,2022-09-20 00:45:00+00:00,2022-09-20 01:00:00+00:00,2022-09-20 01:10:00+00:00,True,discount,pdh,m15_range,False,False,,against,,,,,,,,,,,,,,,0,,0,,False,0,3,True,False,0,True,False,False,True,,,equal_hl,0.996845,0,36.7,,47.8,128.8,128.8,128.8
EURUSD,1,-1,0.9943099999999999,0.99535,33750,0.9953099999999999,0.99124,-649.3500000000255,2022-09-21 07:00:00+00:00,2022-09-21 07:05:00+00:00,stop,amd_fvg_m5,momentum,equal_hl,near,,,False,,80.3,with,behind,ifvg,80.3,with,3,1b,breakout,london_judas,london,,,False,4,2,W|15T,-1,False,W,D,False,0,,D,,False,False,True,False,,True,single,29.1,40.0,3.0,1.0,high,-23.4,True,2022-09-20 21:00:00+00:00,2022-09-21 06:45:00+00:00,2022-09-21 07:00:00+00:00,2022-09-21 07:05:00+00:00,False,discount,eqh,session_range,False,False,,against,,,,,,,,,,,,,,,0,,0,,False,0,3,True,False,-1,True,False,False,True,,,equal_hl,0.9876400000000001,0,-0.0,,,80.2,80.2,80.2
GBPUSD,1,-1,1.12346,1.1200500000000002,22500,1.12346,1.12,1419.4124999998714,2022-09-23 07:20:00+00:00,2022-09-23 08:00:00+00:00,target,amd_m1_shift_ifvg,golden,round_number,,,,False,,195.3,with,behind,ifvg,195.3,with,2,golden,mm_golden,london_golden,london,,,False,1,0,,0,False,,,False,0,,,,False,False,False,False,,False,,20.8,14.0,2.0,2.0,high,,True,,,,,,,,m15_range,False,False,,golden,cascade,,failed,,1a,15T,ifvg,,,s3:cont:eu+gu+dxy,,1.12411,1.12444,60T,0,,0,,True,1,3,True,False,1,True,False,False,False,,,,0.0,0,47.2,0.0,0.0,0.0,0.0,0.0
EURUSD,1,-1,0.9823,0.97884,18000,0.9788,0.9791995800000001,1152.1799999999694,2022-09-23 07:30:00+00:00,2022-09-23 08:00:00+00:00,stop,mss_fvg_m5,judas,fib_extension,d60,,,False,,84.4,with,behind,fvg,84.4,with,2,3a,breakout,london_judas,london,,,False,1,2,W,-1,False,W,D|240T,False,0,,,,False,False,True,False,,True,single,33.6,60.0,2.0,2.0,low,3.5,False,2022-09-22 16:30:00+00:00,2022-09-23 07:15:00+00:00,2022-09-23 07:30:00+00:00,2022-09-23 07:40:00+00:00,False,discount,eql,m15_range,False,False,,against,,,,,,,,,,,,,,,0,,0,,False,0,2,False,False,1,False,False,False,True,,,equal_hl,0.98104,0,53.4,3.3,15.9,,15.9,15.9
GBPUSD,1,-1,1.11939,1.12044,11250,1.12039,1.1163872000000001,-218.53124999999903,2022-09-23 08:00:00+00:00,2022-09-23 08:05:00+00:00,stop,amd_fvg_m5,momentum,fib_extension,near,,,False,,236.0,with,behind,ifvg,236.0,with,1,1a_h4,breakout,london_judas,london,,,False,1,2,D|240T,-1,False,D,D|240T,False,0,,,,False,False,False,False,,True,single,20.8,14.0,2.0,2.0,high,1.2,True,2022-09-23 03:30:00+00:00,2022-09-23 06:45:00+00:00,2022-09-23 07:00:00+00:00,2022-09-23 07:10:00+00:00,False,discount,eqh,m15_range,False,False,confirmed,golden,,,,,,,,,,,,,,,0,,0,,False,0,3,True,False,1,True,False,False,False,,,,0.0,0,0.3,,,,,
EURUSD,1,-1,0.95565,0.95569,9000,0.95565,0.9520000000000001,-6.660000000006661,2022-09-28 07:45:00+00:00,2022-09-28 08:00:00+00:00,stop,amd_ob_m5,judas,round_number,d60,,,False,,153.3,with,behind,fvg,153.3,with,1,3a,judas,london_judas,london,,,False,2,2,W|60T|15T,-1,False,W,D|240T|60T,False,0,,,,False,False,False,False,,False,,15.6,20.0,2.0,3.0,high,1.1,True,2022-09-27 20:00:00+00:00,2022-09-28 00:45:00+00:00,2022-09-28 01:00:00+00:00,2022-09-28 01:00:00+00:00,False,discount,eqh,m15_range,False,False,,against,,,,,,,,,,,,,,,0,,0,,False,0,1,False,False,0,True,False,False,False,,,,0.0,0,20.8,14.8,7.1,,7.1,7.1
EURUSD,1,-1,0.9663999999999999,0.96644,9000,0.9663999999999999,0.96269368,-6.660000000006661,2022-09-29 08:15:00+00:00,2022-09-29 08:25:00+00:00,stop,mss_fvg_h1,momentum,fib_extension,near,fvg,240T,False,,45.8,with,behind,fvg,45.8,with,1,1b_ip,breakout,london_judas,london,,240T,False,2,2,W|15T,-1,False,W,D|240T,False,1,60T,,,False,False,False,False,,True,single,,,,,,,,,,,,,premium,,,False,False,confirmed,against,,,,,,,,,,,,,,,0,,0,,False,0,1,False,False,0,True,False,False,False,,,,0.0,0,13.1,,129.2,,129.2,129.2
GBPUSD,1,1,1.08426,1.08421,9000,1.08426,1.088,-8.325000000017567,2022-09-29 12:00:00+00:00,2022-09-29 12:10:00+00:00,stop,amd_fvg_m5,judas,round_number,near,ifvg,D,False,,3.3,against,ahead,ifvg,3.3,against,1,2b_h4,breakout,ny_judas,ny,,,False,1,1,60T|15T,0,False,60T,,False,0,,,,False,False,False,False,,False,,34.4,15.0,2.0,2.0,low,19.9,True,2022-09-29 02:45:00+00:00,2022-09-29 06:15:00+00:00,2022-09-29 06:45:00+00:00,2022-09-29 06:45:00+00:00,False,premium,eql,m15_range,False,False,opposing,against,,,,,,,,,,,,,,,0,,0,,False,0,2,False,False,0,True,False,False,True,,,equal_hl,1.15441,0,12.7,52.0,88.2,896.3,1059.1,1451.5
GBPUSD,1,1,1.11463,1.1155799999999998,11250,1.11563,1.1198195999999998,197.71874999995512,2022-09-30 08:00:00+00:00,2022-09-30 08:05:00+00:00,stop,amd_fvg_m5,momentum,fib_extension,near,ifvg,D,True,240T,0.0,against,inside,ifvg,0.0,against,1,2b_ip,breakout,london_judas,london,,,False,5,2,60T|15T,0,True,60T,60T,True,0,,,,False,False,True,False,,True,dual,31.9,8.0,2.0,2.0,low,-12.9,True,2022-09-30 04:00:00+00:00,2022-09-30 05:45:00+00:00,2022-09-30 07:30:00+00:00,2022-09-30 07:35:00+00:00,False,premium,none,session_range,False,False,confirmed,against,,,,,,,,,,,,,,,0,,0,,False,0,2,False,False,0,True,False,False,True,,,equal_hl,1.15441,0,28.0,58.5,58.5,592.6,755.4,1147.8
GBPUSD,1,-1,1.1152900000000001,1.1143400000000003,11250,1.1142900000000002,1.10689984,197.71874999995512,2022-09-30 11:00:00+00:00,2022-09-30 11:10:00+00:00,stop,mss_fvg_m5,momentum,fib_extension,near,ifvg,D,False,,0.0,with,inside,ifvg,0.0,with,1,1a_ip,judas,ny_judas,ny,,D,False,2,3,D,-1,True,D,D|240T,True,0,,D,,False,False,True,False,,True,single,,,,,,,,,,,,,premium,,,False,False,,golden,,,,,,,,,,,,,,,0,,0,,False,0,2,False,False,0,True,False,False,True,,,d1_fvg,1.10286,0,21.5,84.3,615.0,,827.8,827.8
GBPUSD,1,1,1.13537,1.13432,9000,1.13437,1.1398183199999998,-174.82499999999922,2022-10-04 07:00:00+00:00,2022-10-04 07:25:00+00:00,stop,amd_fvg_m15,momentum,fib_extension,near,,,False,,76.2,against,ahead,ifvg,76.2,against,1,2b_ip,breakout,london_judas,london,,,False,2,1,60T,0,False,60T,,False,-1,60T,,,False,False,False,False,,True,dual,28.6,18.0,3.0,3.0,low,19.9,True,2022-10-03 19:30:00+00:00,2022-10-03 23:45:00+00:00,2022-10-04 03:00:00+00:00,2022-10-04 03:10:00+00:00,False,premium,none,m15_range,False,False,confirmed,against,,,,,,,,,,,,,,,0,,0,,False,0,4,True,True,0,True,False,False,True,,,equal_hl,1.148465,0,8.6,,,107.8,407.3,940.4
GBPUSD,1,-1,1.11552,1.1120500000000002,42187,1.11552,1.112,2708.1944649998923,2022-10-07 07:05:00+00:00,2022-10-07 07:35:00+00:00,target,amd_m1_shift_ifvg,golden,round_number,,,,False,,130.6,against,ahead,fvg,130.6,against,3,golden,mm_golden,london_golden,london,,,False,4,0,,0,False,,,False,0,,,,False,False,False,False,,False,,26.6,13.0,2.0,2.0,high,,True,,,,,,,,m15_range,False,False,,golden,cascade,,failed,,1a,15T,ifvg,,,s3:smt:gu,,1.11744,1.11776,60T,0,,0,,True,2,1,False,False,0,True,False,False,False,,,,0.0,0,40.3,0.0,0.0,0.0,0.0,0.0
GBPUSD,1,-1,1.10629,1.10734,22500,1.1072899999999999,1.10265,-437.06249999999807,2022-10-10 11:20:00+00:00,2022-10-10 13:55:00+00:00,stop,amd_m1_shift_ifvg,golden,swing,,,,False,,30.1,with,behind,fvg,30.1,with,2,golden,mm_golden,ny_golden,ny,,,False,2,0,,0,False,,,False,0,,,,False,False,False,False,,False,,27.8,12.0,2.0,2.0,high,,True,,,,,,,,m15_range,False,False,,golden,cascade,,failed,,1a,60T,ifvg,,,s2:smt:gu,,1.10751,1.10852,60T,0,,0,,True,1,3,True,False,0,True,False,False,True,,,equal_hl,1.105795,0,21.2,0.0,0.0,0.0,0.0,0.0
GBPUSD,1,1,1.10781,1.1077599999999999,5000,1.10781,1.1110449999999998,-4.62500000000976,2022-10-11 12:15:00+00:00,2022-10-11 12:20:00+00:00,stop,amd_fvg_m5,momentum,equal_hl,near,ifvg,D,True,D,14.9,against,ahead,ifvg,14.9,against,0,2b_ip,breakout,ny_judas,ny,,,False,3,0,,0,False,,,False,-1,60T,D,,False,False,True,False,,True,dual,8.1,10.0,4.0,5.0,low,55.7,True,2022-10-10 21:00:00+00:00,2022-10-10 23:15:00+00:00,2022-10-11 07:00:00+00:00,2022-10-11 07:10:00+00:00,False,premium,eql,m15_range,False,False,,against,,,,,,,,,,,,,,,0,,0,,False,0,3,True,False,0,True,False,False,True,,,equal_hl,1.119905,0,22.6,17.6,147.8,156.4,660.8,1201.9
GBPUSD,1,-1,1.10776,1.1078100000000002,12500,1.10776,1.1029491999999999,-11.5625000000244,2022-10-13 07:15:00+00:00,2022-10-13 07:45:00+00:00,stop,amd_ob_m5,momentum,fib_extension,near,ifvg,D,False,,15.4,with,behind,ifvg,15.4,with,2,1a,judas,london_judas,london,,D,False,2,2,D|60T,-1,False,D,D|240T,False,1,60T,,,False,False,True,False,,True,single,25.7,18.0,1.0,3.0,high,-9.8,True,2022-10-13 02:30:00+00:00,2022-10-13 06:45:00+00:00,2022-10-13 07:00:00+00:00,2022-10-13 07:05:00+00:00,False,premium,eqh,session_range,False,False,confirmed,golden,,,,,,,,,,,,,,,0,,0,,False,0,2,False,False,0,True,False,False,True,,,equal_hl,1.10587,0,17.2,1.1,155.9,752.5,752.5,752.5
GBPUSD,1,1,1.11727,1.1172199999999999,10000,1.11727,1.12311136,-9.25000000001952,2022-10-13 12:15:00+00:00,2022-10-13 12:20:00+00:00,stop,amd_fvg_m5,momentum,fib_extension,d3,ifvg,W,True,240T,60.3,against,behind,ifvg,60.3,against,2,2b,judas,ny_judas,ny,,,False,3,2,,0,True,,60T,True,0,,D,,False,False,True,False,,True,dual,14.1,8.0,3.0,2.0,low,21.9,True,2022-10-13 05:15:00+00:00,2022-10-13 07:00:00+00:00,2022-10-13 08:00:00+00:00,2022-10-13 08:00:00+00:00,False,premium,eql,m15_range,False,False,,against,,,,,,,,,,,,,,,0,,0,,False,0,2,False,False,0,True,False,False,True,,,equal_hl,1.1381649999999999,0,13.7,,7.7,61.8,566.2,1104.9
GBPUSD,1,-1,1.12509,1.12514,9353,1.12509,1.122,-8.651525000018257,2022-10-14 12:30:00+00:00,2022-10-14 12:35:00+00:00,stop,amd_ob_m5,judas,round_number,near,ifvg,240T,False,,226.3,against,ahead,ob,29.1,with,1,1a,breakout,ny_judas,ny,,,False,2,2,D|15T,-1,False,D,D,False,-1,60T,,,False,False,False,False,,False,,31.8,17.0,2.0,2.0,high,28.3,True,2022-10-13 20:30:00+00:00,2022-10-14 00:30:00+00:00,2022-10-14 02:45:00+00:00,2022-10-14 02:45:00+00:00,False,discount,none,m15_range,False,False,,golden,,,,,,,,,,,,,,,0,,0,,False,0,2,False,False,0,True,False,False,True,,,equal_hl,1.115075,0,14.9,,329.2,925.8,925.8,925.8
EURUSD,1,-1,0.9740599999999999,0.9751,15625,0.9750599999999999,0.97097,-300.6250000000118,2022-10-17 07:25:00+00:00,2022-10-17 08:00:00+00:00,stop,amd_m1_shift_ifvg,golden,equal_hl,,,,False,,0.0,with,inside,ifvg,0.0,with,2,golden,mm_golden,london_golden,london,,,False,4,0,,0,False,,,False,0,,,,False,False,False,False,,False,,15.4,12.0,5.0,2.0,high,,True,,,,,,,,m15_range,False,False,,golden,cascade,,failed,,1b,15T,ifvg,,,s2:noref:eu,,0.97354,0.97673,15T,0,,0,,True,1,3,True,False,0,True,False,False,True,,,equal_hl,0.9729833333333334,0,10.1,0.0,0.0,0.0,0.0,0.0
GBPUSD,1,1,1.13151,1.1324599999999998,5000,1.13251,1.135,87.87499999998005,2022-10-17 13:20:00+00:00,2022-10-17 13:40:00+00:00,stop,amd_ob_m5,momentum,round_number,near,ifvg,W,False,,164.0,with,behind,ob,0.0,against,1,2b_h4,judas,ny_judas,ny,,,False,1,1,240T|15T,0,False,240T,240T,False,0,,,,False,False,False,False,,True,dual,23.6,13.0,2.0,2.0,low,2.6,True,2022-10-17 02:00:00+00:00,2022-10-17 05:00:00+00:00,2022-10-17 05:30:00+00:00,2022-10-17 05:30:00+00:00,,,,m15_range,False,False,confirmed,against,,,,,,,,,,,,,,,0,,0,,False,0,3,True,False,0,True,False,False,True,,,equal_hl,1.136495,0,32.9,16.5,65.9,181.0,423.8,962.5
GBPUSD,1,-1,1.12683,1.12788,6250,1.1278299999999999,1.12233616,-121.40624999999947,2022-10-18 11:40:00+00:00,2022-10-18 12:00:00+00:00,stop,amd_fvg_m5,momentum,fib_extension,near,ifvg,240T,True,D,117.2,against,ahead,ob,11.7,with,1,1a_h4,breakout,ny_judas,ny,,,False,3,2,D|15T,-1,False,D,D,False,1,60T,D,,False,False,True,False,,True,dual,22.8,23.0,2.0,2.0,high,42.0,True,2022-10-17 20:30:00+00:00,2022-10-18 02:00:00+00:00,2022-10-18 05:30:00+00:00,2022-10-18 05:35:00+00:00,False,discount,eqh,m15_range,False,False,,golden,,,,,,,,,,,,,,,0,,0,,False,0,3,True,False,0,True,False,False,True,,,equal_hl,1.12307,0,13.2,,118.2,214.3,943.2,943.2
GBPUSD,1,-1,1.12963,1.1286800000000001,6250,1.12863,1.1265079999999998,109.84374999997506,2022-10-19 07:30:00+00:00,2022-10-19 07:55:00+00:00,stop,amd_fvg_m5,momentum,fib_extension,near,ifvg,W,False,,41.2,against,ahead,ob,0.0,with,0,1a,breakout,london_judas,london,,,False,1,2,D|15T,-1,False,D,D,False,1,60T,,,False,False,False,False,,True,dual,20.2,13.0,2.0,2.0,high,22.7,True,2022-10-18 20:45:00+00:00,2022-10-18 23:45:00+00:00,2022-10-19 00:00:00+00:00,2022-10-19 00:10:00+00:00,False,discount,eqh,m15_range,False,False,,golden,,,,,,,,,,,,,,,0,,0,,False,0,3,True,False,0,True,False,False,True,,,equal_hl,1.12307,0,30.1,,88.3,242.3,971.2,971.2
GBPUSD,1,-1,1.12731,1.12386,7812,1.12381,1.122,498.6008999999932,2022-10-19 11:15:00+00:00,2022-10-19 12:20:00+00:00,stop,amd_fvg_h1,momentum,round_number,near,ifvg,240T,False,,18.0,against,ahead,ob,6.9,with,0,1a_ip,breakout,ny_judas,ny,,,False,4,2,D|15T,-1,False,D,D,False,0,,,,False,False,False,False,,True,single,20.2,13.0,2.0,2.0,high,22.7,True,2022-10-18 20:45:00+00:00,2022-10-18 23:45:00+00:00,2022-10-19 00:00:00+00:00,2022-10-19 00:10:00+00:00,False,discount,eqh,m15_range,False,False,opposing,golden,,,,,,,,,,,,,,,0,,0,,False,0,4,True,False,0,True,False,True,True,continuation,w_fvg,equal_hl,1.12307,0,51.7,,65.1,219.1,948.0,948.0
EURUSD,1,-1,0.97749,0.97753,10000,0.97749,0.97377,-7.400000000007401,2022-10-19 12:00:00+00:00,2022-10-19 12:50:00+00:00,stop,amd_fvg_m5,momentum,pdh_pdl,near,fvg,D,False,,0.0,against,inside,fvg,0.0,against,2,1b_ip,breakout,ny_judas,ny,,,False,2,2,W|D,-1,False,W,D,False,0,,,,False,False,True,False,,True,single,21.9,26.0,5.0,3.0,high,8.6,True,2022-10-18 17:15:00+00:00,2022-10-18 23:30:00+00:00,2022-10-19 00:00:00+00:00,2022-10-19 00:10:00+00:00,False,discount,eqh,m15_range,False,False,,against,,,,,,,,,,,,,,,0,,0,,False,0,3,True,False,0,True,False,False,True,,,equal_hl,0.9754799999999999,0,15.7,,57.6,49.9,240.1,240.1
EURUSD,1,1,0.9805400000000001,0.9815,19531,0.9815400000000001,0.98489096,346.87055999998586,2022-10-20 12:00:00+00:00,2022-10-20 12:10:00+00:00,stop,amd_fvg_m5,momentum,fib_extension,near,ifvg,W,True,240T,0.0,with,inside,fvg,0.0,with,2,3b,breakout,ny_judas,ny,,,False,4,1,240T|15T,0,False,240T,240T,False,-1,60T,D,,False,False,True,False,,True,single,20.1,32.0,2.0,2.0,low,3.8,True,2022-10-19 18:15:00+00:00,2022-10-20 02:00:00+00:00,2022-10-20 02:30:00+00:00,2022-10-20 02:30:00+00:00,True,discount,pdl,m15_range,False,False,confirmed,golden,,,,,,,,,,,,,,,0,,0,,False,0,3,False,False,0,True,False,True,True,continuation,ob,equal_hl,0.98464,0,23.3,,71.0,195.0,245.9,559.7
GBPUSD,1,1,1.15123,1.1521799999999998,9000,1.1522299999999999,1.155,158.1749999999641,2022-10-26 08:15:00+00:00,2022-10-26 08:25:00+00:00,stop,amd_fvg_m5,momentum,round_number,near,,,False,,77.0,against,ahead,fvg,77.0,against,1,2b,breakout,london_judas,london,,,False,1,1,60T|15T,0,False,60T,,False,0,,,,False,False,False,False,,True,dual,29.7,12.0,2.0,2.0,low,11.3,True,2022-10-25 22:45:00+00:00,2022-10-26 01:30:00+00:00,2022-10-26 02:00:00+00:00,2022-10-26 02:05:00+00:00,False,premium,eql,m15_range,False,False,,against,,,,,,,,,,,,,,,0,,0,,False,0,3,True,False,0,True,False,False,True,,,equal_hl,1.1588850000000002,0,36.9,,,,,631.7
EURUSD,1,1,0.9968100000000001,0.99991,17577,0.9978100000000001,0.99995,1008.0409499999613,2022-10-26 07:00:00+00:00,2022-10-26 08:25:00+00:00,target,amd_fvg_m5,momentum,swing,d3,,,False,,55.3,against,ahead,ob,0.0,against,1,3b,breakout,london_judas,london,,,False,4,1,60T,0,False,60T,,False,0,,240T,,False,False,False,False,,True,dual,19.0,31.0,5.0,3.0,low,7.2,True,2022-10-25 18:00:00+00:00,2022-10-26 01:30:00+00:00,2022-10-26 01:45:00+00:00,2022-10-26 01:55:00+00:00,False,premium,eql,m15_range,False,False,confirmed,golden,,,,,,,,,,,,,,,0,,0,,False,0,4,True,False,0,True,False,True,True,continuation,w_fvg,equal_hl,0.99859,0,35.1,2.3,9.6,,32.3,235.7
EURUSD,1,-1,1.00323,1.0022700000000002,22500,1.0022300000000002,0.99915358,399.5999999999375,2022-10-27 13:05:00+00:00,2022-10-27 13:20:00+00:00,stop,amd_fvg_h1,momentum,fib_extension,near,ifvg,240T,False,,63.1,with,behind,ifvg,63.1,with,2,1b,judas,ny_judas,ny,,,False,1,3,W|15T,-1,True,W,D,False,-1,60T,D,,False,False,True,False,,True,single,21.6,28.0,3.0,2.0,high,4.9,True,2022-10-26 17:30:00+00:00,2022-10-27 00:15:00+00:00,2022-10-27 00:45:00+00:00,2022-10-27 00:55:00+00:00,True,discount,pdh,m15_range,False,False,,against,,,,,,,,,,,,,,,0,,0,,False,0,2,False,False,0,True,False,False,True,,,equal_hl,1.000295,0,29.7,5.1,226.5,401.7,497.5,497.5
GBPUSD,1,-1,1.1524,1.15345,11250,1.1534,1.14701612,-218.53124999999903,2022-10-28 08:00:00+00:00,2022-10-28 08:05:00+00:00,stop,amd_fvg_m15,momentum,fib_extension,near,fvg,240T,True,240T,0.0,against,inside,fvg,0.0,against,1,1a_ip,breakout,london_judas,london,,,False,1,2,60T,-1,False,60T,D|60T,False,0,,D,,False,False,True,False,,True,single,11.0,11.0,6.0,3.0,high,20.9,True,2022-10-27 22:15:00+00:00,2022-10-28 00:45:00+00:00,2022-10-28 02:45:00+00:00,2022-10-28 02:55:00+00:00,False,discount,eqh,m15_range,False,False,,golden,,,,,,,,,,,,,,,0,,0,,False,0,3,False,False,1,True,False,False,True,,,equal_hl,1.15065,0,0.4,,254.6,602.3,1198.9,1198.9
GBPUSD,1,-1,1.15665,1.1557000000000002,11250,1.15565,1.15333,197.71874999995512,2022-10-31 08:00:00+00:00,2022-10-31 09:05:00+00:00,stop,amd_fvg_m5,momentum,swing,near,ifvg,240T,False,,18.2,against,ahead,ifvg,18.2,against,1,1a,breakout,london_judas,london,,,False,2,2,60T,-1,False,60T,D,False,0,,,,False,False,False,False,,True,single,31.3,39.0,2.0,5.0,high,-6.6,True,2022-10-30 21:15:00+00:00,2022-10-31 06:45:00+00:00,2022-10-31 07:00:00+00:00,2022-10-31 07:00:00+00:00,,,,session_range,False,False,,golden,,,,,,,,,,,,,,,0,,0,,False,0,5,True,True,0,True,False,True,True,continuation,breaker,equal_hl,1.15065,0,24.6,,64.0,507.4,1241.4,1241.4
EURUSD,1,-1,0.9942599999999999,0.9933,11250,0.9932599999999999,0.99124,199.79999999999185,2022-10-31 07:15:00+00:00,2022-10-31 09:05:00+00:00,stop,amd_fvg_m5,momentum,equal_hl,d3,ifvg,240T,False,,0.0,against,inside,ifvg,0.0,against,1,3a,judas,london_judas,london,,,False,4,2,W,-1,False,W,D,False,-1,60T,,,False,False,False,False,,True,dual,14.5,8.0,2.0,2.0,high,6.4,True,2022-10-31 01:45:00+00:00,2022-10-31 03:30:00+00:00,2022-10-31 03:45:00+00:00,2022-10-31 03:55:00+00:00,,,,m15_range,False,False,confirmed,against,,,,,,,,,,,,,,,0,,0,,False,0,4,True,True,0,True,False,False,True,,,equal_hl,0.99284,0,28.6,0.4,17.0,238.7,407.8,407.8
GBPUSD,1,-1,1.1521,1.15315,11250,1.1530999999999998,1.14894776,-218.53124999999903,2022-10-31 12:35:00+00:00,2022-10-31 12:45:00+00:00,stop,mss_fvg_m5,momentum,fib_extension,d3,ifvg,240T,True,240T,0.0,against,inside,ifvg,0.0,against,1,1a_ip,judas,ny_judas,ny,,,True,1,2,60T,-1,False,60T,D,False,0,,,,False,False,False,False,,True,single,,,,,,,,,,,,,,,,False,False,,golden,,,,,,,,,,,,,,,0,,0,,False,0,5,True,True,0,True,False,True,True,continuation,breaker,equal_hl,1.1497674999999998,0,-0.0,,18.5,461.9,1195.9,1195.9
EURUSD,1,1,0.98196,0.9839,22500,0.98196,0.98394,807.5249999999758,2022-11-04 12:45:00+00:00,2022-11-04 12:55:00+00:00,target,amd_m1_shift_ob,golden,judas_origin_60T,,,,False,,7.2,with,behind,ifvg,7.2,with,2,golden,mm_golden,ny_golden,ny,,,False,3,0,,0,False,,,False,0,,,,False,False,False,False,,False,,20.8,10.0,2.0,3.0,low,,True,,,,,,,,m15_range,False,False,,golden,own_ob,,respected,15T,2a,15T,ob,,,s3:cont:eu+gu+dxy,,0.9707,0.98086,5T,0,,0,,True,2,3,False,False,1,True,False,False,True,,,equal_hl,0.98424,0,31.3,0.0,0.0,0.0,0.0,0.0
GBPUSD,1,1,1.13359,1.1345399999999999,9000,1.13459,1.1400000000000001,158.1749999999641,2022-11-07 08:10:00+00:00,2022-11-07 08:15:00+00:00,stop,amd_fvg_m5,momentum,round_number,near,ifvg,240T,False,,85.7,against,ahead,fvg,85.7,against,1,2b,judas,london_judas,london,,,False,1,2,D|15T,1,False,D,240T|60T,False,0,,,,False,False,False,False,,True,dual,31.8,6.0,2.0,1.0,low,16.7,True,2022-11-07 06:00:00+00:00,2022-11-07 07:15:00+00:00,2022-11-07 07:30:00+00:00,2022-11-07 07:35:00+00:00,,,,session_range,False,False,,against,,,,,,,,,,,,,,,0,,0,,False,0,3,True,False,0,True,False,False,True,,,equal_hl,1.14286,0,32.0,14.6,86.7,310.0,310.0,425.1
EURUSD,1,1,0.9991,0.99863,22500,0.9986700000000001,1.00236286,-195.6374999999877,2022-11-08 12:45:00+00:00,2022-11-08 12:55:00+00:00,stop,amd_m1_shift_ob2,golden,fib_extension,,,,False,,90.9,with,behind,fvg,90.9,with,2,golden,mm_golden,ny_golden,ny,,,False,3,0,,0,False,,,False,0,,,,False,False,False,False,,False,,28.8,26.0,5.0,3.0,low,,True,,,,,,,,m15_range,False,False,,golden,cascade,240T,failed,,2a,15T,ob2,,,s2:cont:eu+gu+dxy,,0.99785,0.99984,60T,0,,0,,True,1,4,True,False,0,True,False,True,True,continuation,d1_fvg,equal_hl,0.999635,0,3.3,0.0,0.0,0.0,0.0,0.0
GBPUSD,1,-1,1.15294,1.1494900000000001,15625,1.14944,1.1492600199999998,997.2656249999865,2022-11-09 09:00:00+00:00,2022-11-09 09:35:00+00:00,stop,amd_fvg_m5,judas,fib_extension,near,,,False,,36.5,with,behind,ifvg,36.5,with,2,1a,judas,london_judas,london,,,False,2,3,60T,-1,True,60T,D,True,1,D,240T,,False,False,True,False,,True,single,24.7,16.0,2.0,2.0,high,14.1,True,2022-11-09 03:45:00+00:00,2022-11-09 07:30:00+00:00,2022-11-09 08:15:00+00:00,2022-11-09 08:20:00+00:00,False,discount,eqh,m15_range,False,False,,golden,,,,,,,,,,,,,,,0,,0,,False,0,4,True,False,0,True,False,True,True,continuation,breaker,equal_hl,1.143985,0,57.0,8.1,240.5,273.0,607.7,1204.3
NZDUSD,1,-1,0.5935549999999999,0.59263,6250,0.5925549999999999,0.5901314800000002,106.95312499999464,2022-11-09 09:00:00+00:00,2022-11-09 09:45:00+00:00,stop,amd_ob_m5,judas,fib_extension,near,ifvg,W,False,,37.3,against,ahead,fvg,37.3,against,1,N-short,judas,london_judas,london,,,False,4,3,240T|15T,-1,True,240T,D,True,1,D,,,False,False,True,False,,False,,13.1,8.0,2.0,3.0,high,62.7,True,2022-11-08 12:45:00+00:00,2022-11-08 14:30:00+00:00,2022-11-08 16:45:00+00:00,2022-11-08 16:45:00+00:00,False,discount,eqh,m15_range,False,False,,,,,,,,,,,,,,,,,0,,0,,False,0,3,True,False,0,True,False,False,True,,,equal_hl,0.5872200000000001,0,23.3,3.3,89.2,280.5,425.0,425.0
GBPUSD,2,-1,1.1434900000000001,1.1435400000000002,9000,1.1434900000000001,1.13795312,-8.325000000017567,2022-11-09 13:10:00+00:00,2022-11-09 13:15:00+00:00,stop,pyramid_wamd1.0_fvg_h1,no_open,fib_extension,near,fvg,D,True,240T,25.1,against,ahead,fvg,25.1,against,2,1a_h4,breakout,ny_judas,ny,,,False,3,2,15T,-1,False,15T,D,False,1,60T,240T,,False,False,True,False,,True,single,24.7,16.0,2.0,2.0,high,14.1,True,2022-11-09 03:45:00+00:00,2022-11-09 07:30:00+00:00,2022-11-09 08:15:00+00:00,2022-11-09 08:20:00+00:00,False,discount,eqh,m15_range,False,False,,golden,,,,,,,,,,,,,,,0,,0,,False,0,3,True,False,0,True,False,False,True,,,equal_hl,1.140775,0,14.4,,165.9,198.4,533.1,1129.7
GBPUSD,1,-1,1.14548,1.14203,28125,1.14198,1.13795312,1795.0781249999754,2022-11-09 13:00:00+00:00,2022-11-09 13:20:00+00:00,stop,amd_ob_m5,momentum,fib_extension,near,fvg,D,True,240T,25.1,against,ahead,fvg,25.1,against,2,1a_h4,breakout,ny_judas,ny,,,False,3,2,15T,-1,False,15T,D,False,1,60T,240T,,False,False,True,False,,True,single,24.7,16.0,2.0,2.0,high,14.1,True,2022-11-09 03:45:00+00:00,2022-11-09 07:30:00+00:00,2022-11-09 08:15:00+00:00,2022-11-09 08:20:00+00:00,False,discount,eqh,m15_range,False,False,,golden,,,,,,,,,,,,,,,0,,0,,False,0,3,True,False,0,True,False,False,True,,,equal_hl,1.140775,0,47.2,,165.9,198.4,533.1,1129.7
GBPUSD,2,-1,1.14214,1.14219,9000,1.14214,1.13795312,-8.325000000017567,2022-11-09 13:15:00+00:00,2022-11-09 13:20:00+00:00,stop,pyramid_wamd1.0_fvg_m5,no_open,fib_extension,near,fvg,D,True,240T,25.1,against,ahead,fvg,25.1,against,2,1a_h4,breakout,ny_judas,ny,,,False,3,2,15T,-1,False,15T,D,False,1,60T,240T,,False,False,True,False,,True,single,24.7,16.0,2.0,2.0,high,14.1,True,2022-11-09 03:45:00+00:00,2022-11-09 07:30:00+00:00,2022-11-09 08:15:00+00:00,2022-11-09 08:20:00+00:00,False,discount,eqh,m15_range,False,False,,golden,,,,,,,,,,,,,,,0,,0,,False,0,3,True,False,0,True,False,False,True,,,equal_hl,1.140775,0,13.8,,165.9,198.4,533.1,1129.7
EURUSD,1,-1,0.99828,0.99482,14062,0.99478,0.99521,900.1086199999759,2022-11-10 09:00:00+00:00,2022-11-10 10:20:00+00:00,stop,amd_fvg_m5,momentum,swing,near,ifvg,D,True,D,11.3,against,ahead,fvg,11.3,against,1,1b,breakout,london_judas,london,,D,False,4,2,W,-1,False,W,D|60T,False,0,,240T,,False,False,False,False,,True,dual,32.0,41.0,3.0,6.0,high,4.1,True,2022-11-09 20:15:00+00:00,2022-11-10 06:15:00+00:00,2022-11-10 06:45:00+00:00,2022-11-10 06:45:00+00:00,False,discount,eqh,m15_range,False,False,,against,,,,,,,,,,,,,,,0,,0,,False,0,3,True,False,0,True,False,False,True,,,equal_hl,0.995866,0,44.8,,66.2,177.0,352.2,448.0
GBPUSD,1,1,1.13919,1.1391399999999998,18000,1.13919,1.1525050000000001,-16.650000000035135,2022-11-10 13:00:00+00:00,2022-11-10 13:10:00+00:00,stop,amd_fvg_m5,momentum,equal_hl,near,,,False,,0.0,with,inside,fvg,0.0,with,2,2b,judas,ny_judas,ny,,,False,3,2,D,1,False,D,,False,-1,60T,,,False,False,True,False,,True,dual,22.6,15.0,2.0,2.0,low,27.3,True,2022-11-10 03:15:00+00:00,2022-11-10 06:45:00+00:00,2022-11-10 09:45:00+00:00,2022-11-10 09:55:00+00:00,False,premium,eql,m15_range,False,False,confirmed,against,,,,,,,,,,,,,,,0,,0,,False,0,2,False,False,0,True,False,False,True,,,equal_hl,1.1609166666666668,0,12.0,20.8,207.9,254.0,254.0,347.0
EURUSD,1,1,1.0247899999999999,1.0247499999999998,22500,1.0247899999999999,1.02867656,-16.65000000001665,2022-11-11 08:30:00+00:00,2022-11-11 08:40:00+00:00,stop,amd_fvg_m5,momentum,fib_extension,near,ifvg,W,False,,0.0,against,inside,ifvg,0.0,against,2,3b,judas,london_judas,london,,,False,3,1,240T,0,False,240T,,False,-1,60T,D,,False,False,True,False,,True,dual,28.5,13.0,2.0,2.0,low,12.6,True,2022-11-10 22:15:00+00:00,2022-11-11 01:15:00+00:00,2022-11-11 01:45:00+00:00,2022-11-11 01:45:00+00:00,False,premium,eql,m15_range,False,False,,golden,,,,,,,,,,,,,,,0,,0,,False,0,2,False,False,0,True,False,True,False,continuation,d1_fvg,,0.0,0,12.4,,,,,
GBPUSD,1,1,1.19771,1.1986599999999998,18000,1.19871,1.21031096,316.3499999999282,2022-11-15 13:30:00+00:00,2022-11-15 13:35:00+00:00,stop,amd_fvg_m5,momentum,fib_extension,near,ob,W,True,D,0.0,against,inside,fvg,0.0,against,2,2b,breakout,ny_judas,ny,,,False,2,2,D|240T,1,False,D,240T,False,0,,,,False,False,True,False,,True,single,24.8,11.0,2.0,3.0,low,9.2,True,2022-11-14 20:15:00+00:00,2022-11-14 22:45:00+00:00,2022-11-15 01:00:00+00:00,2022-11-15 01:05:00+00:00,False,premium,eql,m15_range,False,False,confirmed,against,,,,,,,,,,,,,,,0,,0,,False,0,2,True,False,0,True,False,False,False,,,,0.0,0,51.4,,,,,
GBPUSD,1,1,1.2,1.19895,22500,1.199,1.20452,-437.06249999999807,2022-11-15 13:35:00+00:00,2022-11-15 13:40:00+00:00,stop,amd_m1_shift_ifvg,golden,swing,,,,False,,0.0,against,inside,fvg,0.0,against,2,golden,mm_golden,ny_golden,ny,,,False,2,0,,0,False,,,False,0,,,,False,False,False,False,,False,,24.8,11.0,2.0,3.0,low,,True,,,,,,,,m15_range,False,False,,golden,cascade,,failed,,2b,15T,ifvg,,,s3:cont:eu+gu+dxy,,1.18768,1.18857,60T,0,,0,,True,1,2,True,False,0,True,False,False,False,,,,0.0,0,1.4,0.0,0.0,0.0,0.0,0.0
NZDUSD,1,1,0.6172850000000001,0.61721,33750,0.6172850000000001,0.62063932,-46.8281250000295,2022-11-16 09:10:00+00:00,2022-11-16 11:05:00+00:00,stop,amd_fvg_h1,momentum,fib_extension,d60,ifvg,D,False,,0.0,against,inside,ifvg,0.0,against,3,N-long,judas,london_judas,london,,,False,4,2,D|240T|60T,1,False,D,240T|60T,False,0,,,,False,False,True,False,,True,single,32.0,15.0,2.0,2.0,low,6.0,True,2022-11-15 21:00:00+00:00,2022-11-16 00:30:00+00:00,2022-11-16 04:00:00+00:00,2022-11-16 04:10:00+00:00,False,premium,eql,m15_range,False,False,,,,,,,,,,,,,,,,,0,,0,,False,0,3,True,False,0,True,False,False,True,,,equal_hl,0.61981,0,20.5,,31.2,,31.2,31.2
GBPUSD,1,-1,1.17978,1.18083,14062,1.18078,1.17637,-273.1543499999988,2022-11-17 13:00:00+00:00,2022-11-17 13:30:00+00:00,stop,amd_fvg_m5,momentum,swing,near,ifvg,D,True,240T,33.3,with,behind,ob,0.0,against,0,1a,breakout,ny_judas,ny,,W,False,1,2,,-1,False,,D,False,0,,240T,,False,False,False,False,,True,dual,23.9,12.0,2.0,2.0,high,67.8,True,2022-11-17 02:15:00+00:00,2022-11-17 05:00:00+00:00,2022-11-17 08:15:00+00:00,2022-11-17 08:20:00+00:00,False,discount,eqh,m15_range,False,False,,golden,,,,,,,,,,,,,,,0,,0,,False,0,3,False,False,0,True,False,True,True,continuation,d1_fvg,equal_hl,1.176295,0,14.2,,89.0,653.8,742.3,1472.7
EURUSD,1,-1,1.02511,1.0241500000000001,9000,1.02411,1.022,159.839999999975,2022-11-21 08:50:00+00:00,2022-11-21 10:15:00+00:00,stop,mss_fvg_h1,momentum,round_number,near,ifvg,W,False,,0.0,against,inside,ifvg,0.0,against,1,1b_h4,breakout,london_judas,london,,,False,1,2,W|15T,-1,False,W,D,False,1,60T,,,False,False,False,False,,True,single,,,,,,,,,,,,,,,,False,False,,against,,,,,,,,,,,,,,,0,,0,,False,0,3,True,False,0,True,False,False,True,,,equal_hl,0.99649,0,25.1,,,334.5,547.2,716.3
GBPUSD,1,1,1.21229,1.21224,11250,1.21229,1.21648,-10.406250000021961,2022-11-24 14:15:00+00:00,2022-11-24 14:20:00+00:00,stop,amd_fvg_m5,judas,swing,near,ob,W,False,,359.2,with,behind,ob,5.4,against,1,2b_h4,judas,ny_judas,ny,,,False,2,2,D|60T|15T,1,False,D,60T,False,0,,,,False,False,False,False,,False,,18.6,8.0,2.0,2.0,low,18.8,True,2022-11-24 06:00:00+00:00,2022-11-24 07:45:00+00:00,2022-11-24 08:30:00+00:00,2022-11-24 08:30:00+00:00,True,premium,eql,m15_range,False,False,opposing,against,,,,,,,,,,,,,,,0,,0,,False,0,1,False,False,0,True,False,False,False,,,,0.0,0,12.7,9.5,,,,
EURUSD,1,-1,1.03803,1.0370700000000002,9000,1.0370300000000001,1.03380066,159.839999999975,2022-11-25 13:00:00+00:00,2022-11-25 14:35:00+00:00,stop,amd_fvg_m5,momentum,fib_extension,near,ifvg,W,True,240T,0.0,against,inside,fvg,0.0,against,0,1b_ip,breakout,ny_judas,ny,,240T,False,2,2,W|15T,-1,False,W,,False,0,,D,,False,False,True,False,,True,dual,12.2,11.0,3.0,2.0,high,13.5,True,2022-11-25 01:00:00+00:00,2022-11-25 03:30:00+00:00,2022-11-25 04:00:00+00:00,2022-11-25 04:10:00+00:00,False,discount,eqh,m15_range,False,False,,against,,,,,,,,,,,,,,,0,,0,,False,0,2,False,False,0,True,False,False,True,,,equal_hl,1.0326,0,25.7,,139.5,463.7,676.4,845.5
EURUSD,1,1,1.03907,1.0413999999999999,22500,1.03907,1.04144,969.8624999999764,2022-11-28 08:10:00+00:00,2022-11-28 08:30:00+00:00,target,amd_m1_shift_ifvg,golden,judas_origin_60T,,,,False,,9.1,with,behind,ifvg,9.1,with,2,golden,mm_golden,london_golden,london,,,False,3,0,,0,False,,,False,0,,,,False,False,False,False,,False,,12.9,10.0,2.0,2.0,low,,True,,,,,,,,m15_range,False,False,,golden,cascade,240T,failed,,2a,60T,ifvg,,,s2:cont:eu+gu+dxy,,1.03621,1.037,60T,0,,0,,True,1,5,True,True,0,True,False,True,True,continuation,d1_fvg,equal_hl,1.0438633333333334,0,30.1,0.0,0.0,0.0,0.0,0.0
GBPUSD,1,-1,1.20123,1.2002800000000002,28125,1.2002300000000001,1.1980600000000001,494.2968749998878,2022-11-29 13:30:00+00:00,2022-11-29 13:50:00+00:00,stop,mss_ob_m5,momentum,equal_hl,near,ifvg,D,True,240T,0.0,against,inside,ifvg,0.0,against,2,1a_ip,judas,ny_judas,ny,,,False,3,1,60T,0,False,60T,60T,False,0,,240T,,False,False,True,False,,True,single,19.6,10.0,2.0,2.0,low,3.6,False,2022-11-28 22:30:00+00:00,2022-11-29 00:45:00+00:00,2022-11-29 01:15:00+00:00,2022-11-29 01:20:00+00:00,False,discount,eql,m15_range,False,False,,golden,,,,,,,,,,,,,,,0,,0,,False,0,4,True,True,0,False,False,True,True,continuation,d1_fvg,equal_hl,1.19406,0,30.1,65.3,73.5,303.5,868.3,1687.2
EURUSD,1,1,1.0580999999999998,1.0570599999999999,42187,1.0571,1.0612344,-811.6778799999453,2022-12-05 12:50:00+00:00,2022-12-05 13:45:00+00:00,stop,amd_m1_shift_ifvg,golden,fib_extension,,,,False,,199.4,with,behind,ob,0.0,against,3,golden,mm_golden,ny_golden,ny,,,False,5,0,,0,False,,,False,0,,,,False,False,False,False,,False,,11.2,11.0,2.0,2.0,low,,True,,,,,,,,m15_range,False,False,,golden,cascade,240T,failed,,2a,15T,ifvg,,,s2:smt:gu,,1.05597,1.05635,60T,0,,0,,True,2,3,True,False,0,True,False,True,False,continuation,breaker,,0.0,0,13.8,0.0,0.0,0.0,0.0,0.0
EURUSD,1,1,1.04971,1.05284,33750,1.04971,1.05288,1954.2937500000482,2022-12-07 12:10:00+00:00,2022-12-07 12:55:00+00:00,target,amd_m1_shift_ifvg,golden,swing,,,,False,,115.5,with,behind,ifvg,115.5,with,3,golden,mm_golden,ny_golden,ny,,,False,3,0,,0,False,,,False,0,,,,False,False,False,False,,False,,29.0,51.0,3.0,2.0,low,,True,,,,,,,,m15_range,False,False,,golden,cascade,240T,failed,,2a,60T,ifvg,,,s2:cont:eu+gu+dxy,,1.04841,1.04891,60T,0,,0,,True,2,4,True,False,0,True,False,True,True,continuation,pdhl,equal_hl,1.0540075,0,42.2,0.0,0.0,0.0,0.0,0.0
EURUSD,1,1,1.0530899999999999,1.0530499999999998,33750,1.0530899999999999,1.0575388000000001,-24.975000000024977,2022-12-07 13:45:00+00:00,2022-12-07 13:50:00+00:00,stop,amd_fvg_m5,momentum,fib_extension,near,ob,W,False,,149.3,with,behind,ob,140.4,against,3,3b,breakout,ny_judas,ny,,,False,2,2,D|15T,1,False,D,D,False,-1,60T,D,,False,False,True,False,,True,single,29.0,51.0,3.0,2.0,low,4.2,True,2022-12-06 18:15:00+00:00,2022-12-07 06:45:00+00:00,2022-12-07 07:15:00+00:00,2022-12-07 07:15:00+00:00,False,premium,none,m15_range,False,False,,golden,,,,,,,,,,,,,,,0,,0,,False,0,4,True,False,0,True,False,True,True,continuation,pdhl,equal_hl,1.0546,0,15.7,,64.8,,64.8,64.8
GBPUSD,1,-1,1.2367,1.2357500000000001,22500,1.2357,1.23289604,395.43749999991024,2022-12-15 08:10:00+00:00,2022-12-15 08:35:00+00:00,stop,amd_fvg_h1,momentum,fib_extension,near,ifvg,240T,False,,25.6,against,ahead,fvg,25.6,against,2,1a,breakout,london_judas,london,,,False,1,0,,0,False,,,False,1,60T,D,,False,False,True,False,,True,single,30.3,10.0,2.0,2.0,high,23.2,True,2022-12-14 15:30:00+00:00,2022-12-14 17:45:00+00:00,2022-12-14 20:00:00+00:00,2022-12-14 20:10:00+00:00,False,discount,eqh,m15_range,False,False,,golden,,,,,,,,,,,,,,,0,,0,,False,0,5,True,False,1,True,False,True,True,continuation,w_fvg,equal_hl,1.220355,0,30.0,,162.6,468.1,1005.4,1445.3
GBPUSD,1,-1,1.22991,1.23096,22500,1.23091,1.22649,-437.06249999999807,2022-12-15 12:05:00+00:00,2022-12-15 12:10:00+00:00,stop,amd_m1_shift_ifvg,golden,swing,,,,False,,0.0,against,inside,fvg,0.0,against,2,golden,mm_golden,ny_golden,ny,,,False,1,0,,0,False,,,False,0,,,,False,False,False,False,,False,,30.3,10.0,2.0,2.0,high,,True,,,,,,,,m15_range,False,False,,golden,cascade,240T,untested,,1a,5T,ifvg,,,s3:smt:eu+dxy,,1.2338,1.23547,5T,0,,0,,True,1,5,True,False,1,True,False,True,True,continuation,w_fvg,equal_hl,1.220355,0,3.8,0.0,0.0,0.0,0.0,0.0
GBPUSD,1,-1,1.21237,1.21342,12500,1.2133699999999998,1.2064259599999998,-242.81249999999895,2022-12-16 09:10:00+00:00,2022-12-16 09:20:00+00:00,stop,amd_fvg_m5,momentum,fib_extension,near,ifvg,D,True,240T,0.0,against,inside,ifvg,0.0,against,2,1a_ip,judas,london_judas,london,,,False,2,1,60T,0,False,60T,60T,False,1,D,,,False,False,True,False,,True,dual,18.6,14.0,2.0,5.0,high,4.3,True,2022-12-16 03:00:00+00:00,2022-12-16 06:15:00+00:00,2022-12-16 06:45:00+00:00,2022-12-16 06:50:00+00:00,False,discount,eqh,m15_range,False,False,confirmed,golden,,,,,,,,,,,,,,,0,,0,,False,0,4,True,False,1,True,False,False,True,,,equal_hl,1.21301,0,4.4,,,224.8,478.1,1202.0
GBPUSD,1,-1,1.21297,1.21402,12500,1.21397,1.20993,-242.81249999999895,2022-12-16 09:20:00+00:00,2022-12-16 09:30:00+00:00,stop,amd_m1_shift_ifvg,golden,swing,,,,False,,0.0,against,inside,ifvg,0.0,against,2,golden,mm_golden,london_golden,london,,,False,3,0,,0,False,,,False,0,,,,False,False,False,False,,False,,18.6,14.0,2.0,5.0,high,,True,,,,,,,,m15_range,False,False,,golden,cascade,,failed,,1a,15T,ifvg,,,s3:cont:eu+gu+dxy,,1.21856,1.21896,60T,0,,0,,True,1,4,True,False,1,True,False,False,True,,,equal_hl,1.21301,0,2.6,0.0,0.0,0.0,0.0,0.0
EURUSD,1,1,1.06364,1.0645999999999998,15625,1.0646399999999998,1.0672284399999998,277.4999999999566,2022-12-19 08:00:00+00:00,2022-12-19 09:20:00+00:00,stop,amd_fvg_m5,momentum,fib_extension,near,ifvg,W,True,240T,17.7,with,behind,ifvg,17.7,with,2,3b,judas,london_judas,london,,,False,4,2,D|240T,1,False,D,D|240T,False,1,D,D,,False,False,True,False,,True,single,12.2,11.0,3.0,3.0,low,1.9,True,2022-12-16 21:00:00+00:00,2022-12-18 23:30:00+00:00,2022-12-19 00:00:00+00:00,2022-12-19 00:00:00+00:00,,,,m15_range,False,False,,golden,,,,,,,,,,,,,,,0,,0,,False,0,4,True,False,0,True,False,True,True,continuation,d1_fvg,equal_hl,1.06604,0,21.4,,100.6,,100.6,100.6
GBPUSD,1,1,1.21499,1.2159399999999998,10000,1.21599,1.23006,175.7499999999601,2022-12-20 08:00:00+00:00,2022-12-20 08:40:00+00:00,stop,mss_fvg_m15,momentum,equal_hl,d3,ifvg,D,True,240T,16.1,with,behind,ifvg,16.1,with,2,2b_ip,judas,london_judas,london,,,False,3,2,D,1,False,D,D|60T,False,0,,D,,False,False,True,False,,True,single,32.9,13.0,2.0,3.0,high,35.2,False,2022-12-19 12:15:00+00:00,2022-12-19 15:15:00+00:00,2022-12-20 03:00:00+00:00,2022-12-20 03:05:00+00:00,False,premium,eqh,m15_range,False,False,confirmed,against,,,,,,,,,,,,,,,0,,0,,False,0,2,True,False,0,False,False,False,True,,,equal_hl,1.222295,0,23.4,74.5,92.7,195.2,297.5,297.5
GBPUSD,1,-1,1.21387,1.21392,12500,1.21387,1.21058,-11.5625000000244,2022-12-21 14:00:00+00:00,2022-12-21 14:05:00+00:00,stop,amd_fvg_m5,judas,pwh_pwl,near,ob,240T,False,,4.9,against,ahead,ifvg,4.9,against,2,1a_ip,judas,ny_judas,ny,,,False,3,1,240T,0,False,240T,,False,0,,,,False,False,True,False,,False,,30.5,14.0,2.0,2.0,high,3.4,True,2022-12-20 19:45:00+00:00,2022-12-20 23:00:00+00:00,2022-12-20 23:15:00+00:00,2022-12-20 23:25:00+00:00,False,discount,eqh,m15_range,False,False,,golden,,,,,,,,,,,,,,,0,,0,,False,0,2,False,False,0,True,False,False,True,,,equal_hl,1.2055099999999999,0,10.4,54.3,55.0,33.9,377.5,1217.0
GBPUSD,1,-1,1.20306,1.20005,7812,1.2020600000000001,1.2,435.0112199999938,2022-12-22 13:30:00+00:00,2022-12-22 14:30:00+00:00,target,amd_fvg_m15,momentum,round_number,near,ifvg,D,False,,0.0,against,inside,ifvg,0.0,against,1,1a_ip,breakout,ny_judas,ny,,,False,3,1,240T,0,False,240T,,False,1,60T,240T,,False,False,False,False,,True,dual,33.5,27.0,2.0,2.0,high,13.0,True,2022-12-22 01:15:00+00:00,2022-12-22 07:45:00+00:00,2022-12-22 08:15:00+00:00,2022-12-22 08:25:00+00:00,False,discount,eqh,m15_range,False,False,,golden,,,,,,,,,,,,,,,0,,0,,False,0,2,False,False,0,True,False,False,True,,,equal_hl,1.19406,0,37.9,,,,269.4,975.1
EURUSD,1,1,1.06128,1.06024,22500,1.0602800000000001,1.06593,-432.8999999999708,2022-12-23 14:00:00+00:00,2022-12-23 14:20:00+00:00,stop,amd_m1_shift_ifvg,golden,judas_origin_60T,,,,False,,0.0,with,inside,ifvg,0.0,with,2,golden,mm_golden,ny_golden,ny,,,False,3,0,,0,False,,,False,0,,,,False,False,False,False,,False,,12.4,16.0,4.0,2.0,low,,True,,,,,,,,m15_range,False,False,,golden,cascade,240T,failed,,2a,15T,ifvg,,,s3:cont:eu+gu+dxy,,1.0594,1.05982,15T,0,,0,,True,1,3,False,False,0,True,False,True,True,continuation,breaker,equal_hl,1.06585,0,6.5,0.0,0.0,0.0,0.0,0.0
GBPUSD,1,-1,1.2038,1.2043300000000001,10408,1.20428,1.200515,-102.05044000002724,2022-12-27 12:00:00+00:00,2022-12-27 12:40:00+00:00,stop,amd_fvg_m5,judas,equal_hl,d3,ifvg,D,False,,0.0,against,inside,ifvg,0.0,against,1,1a_h4,judas,ny_judas,ny,,,False,4,1,240T|15T,0,False,240T,,False,1,60T,D,,False,False,True,False,,True,single,20.2,15.0,3.0,3.0,high,13.1,True,2022-12-27 02:15:00+00:00,2022-12-27 05:45:00+00:00,2022-12-27 07:00:00+00:00,2022-12-27 07:10:00+00:00,False,discount,eqh,m15_range,False,False,confirmed,golden,,,,,,,,,,,,,,,0,,0,,False,0,4,True,False,0,True,False,True,True,continuation,breaker,equal_hl,1.19406,0,10.5,,21.0,,217.0,978.9
GBPUSD,1,1,1.20834,1.2082899999999999,7812,1.20834,1.21144992,-7.226100000015249,2022-12-28 12:15:00+00:00,2022-12-28 13:10:00+00:00,stop,amd_fvg_m5,momentum,fib_extension,d3,,,False,,25.7,with,behind,ob,19.5,with,1,2b_ip,breakout,ny_judas,ny,,,False,5,3,D,1,True,D,D|60T,True,0,,,,False,False,True,False,,True,dual,25.6,33.0,4.0,2.0,low,5.3,True,2022-12-27 19:15:00+00:00,2022-12-28 03:15:00+00:00,2022-12-28 03:30:00+00:00,2022-12-28 03:35:00+00:00,True,premium,pdl,m15_range,False,False,,against,,,,,,,,,,,,,,,0,,0,,False,0,2,False,False,0,True,False,False,True,,,equal_hl,1.2089800000000002,0,16.4,,29.6,364.0,364.0,364.0
EURUSD,1,1,1.06643,1.06539,12500,1.06543,1.07,-240.49999999998377,2022-12-29 14:35:00+00:00,2022-12-29 14:55:00+00:00,stop,amd_m1_shift_ifvg,golden,round_number,,,,False,,45.6,with,behind,ifvg,45.6,with,2,golden,mm_golden,ny_golden,ny,,,False,2,0,,0,False,,,False,0,,,,False,False,False,False,,False,,14.5,21.0,4.0,3.0,low,,True,,,,,,,,m15_range,False,False,,golden,cascade,,failed,,2a,5T,ifvg,,,s2:cont:eu+gu+dxy,,1.06476,1.06531,60T,0,,0,,True,1,2,False,False,0,True,False,False,True,,,equal_hl,1.06718,0,5.5,0.0,0.0,0.0,0.0,0.0
EURUSD,1,1,1.06842,1.06738,18750,1.06742,1.0715456,-360.74999999997567,2022-12-30 12:35:00+00:00,2022-12-30 12:55:00+00:00,stop,amd_m1_shift_ifvg,golden,fib_extension,,,,False,,65.5,with,behind,ifvg,65.5,with,3,golden,mm_golden,ny_golden,ny,,,False,2,0,,0,False,,,False,0,,,,False,False,False,False,,False,,31.7,45.0,3.0,3.0,low,,True,,,,,,,,m15_range,False,False,,golden,cascade,,failed,,2a,5T,ifvg,,,s2:cont:eu+gu+dxy,,1.06699,1.06763,60T,0,,0,,True,2,2,False,False,0,True,False,False,True,,,equal_hl,1.0692599999999999,0,3.6,0.0,0.0,0.0,0.0,0.0
EURUSD,1,1,1.07483,1.07379,18750,1.07383,1.078,-360.74999999997567,2023-01-10 09:25:00+00:00,2023-01-10 09:40:00+00:00,stop,amd_m1_shift_ob2,golden,round_number,,,,False,,97.0,with,behind,fvg,97.0,with,3,golden,mm_golden,london_golden,london,,,False,3,0,,0,False,,,False,0,,,,False,False,False,False,,False,,20.1,8.0,2.0,2.0,low,,True,,,,,,,,m15_range,False,False,,golden,cascade,240T,failed,,2a,5T,ob2,,,s2:cont:eu+gu+dxy,,1.07294,1.0733,15T,0,,0,,True,2,4,True,False,0,True,False,True,True,continuation,d1_fvg,equal_hl,1.075985,0,3.3,0.0,0.0,0.0,0.0,0.0
EURUSD,1,1,1.0746399999999998,1.0735999999999999,15625,1.07364,1.0776952400000002,-300.62499999997976,2023-01-11 09:20:00+00:00,2023-01-11 12:10:00+00:00,stop,amd_m1_shift_ifvg,golden,fib_extension,,,,False,,34.5,with,behind,fvg,34.5,with,2,golden,mm_golden,london_golden,london,,,False,4,0,,0,False,,,False,0,,,,False,False,False,False,,False,,31.8,65.0,3.0,2.0,low,,True,,,,,,,,m15_range,False,False,,golden,cascade,240T,failed,,2a,60T,ifvg,,,s2:cont:eu+gu+dxy,,1.07251,1.07316,60T,0,,0,,True,1,4,True,False,0,True,False,True,True,continuation,d1_fvg,equal_hl,1.075985,0,8.6,0.0,0.0,0.0,0.0,0.0
GBPUSD,1,1,1.21584,1.2177499999999999,15625,1.21584,1.2178,552.1093749999585,2023-01-12 09:10:00+00:00,2023-01-12 09:35:00+00:00,target,amd_m1_shift_ifvg,golden,judas_origin_60T,,,,False,,64.1,against,ahead,ifvg,64.1,against,2,golden,mm_golden,london_golden,london,,,False,4,0,,0,False,,,False,0,,,,False,False,False,False,,False,,33.9,49.0,2.0,2.0,low,,True,,,,,,,,m15_range,False,False,,golden,cascade,,failed,,2b,60T,ifvg,,,s3:cont:eu+gu+dxy,,1.21254,1.21399,60T,0,,0,,True,1,3,True,False,0,True,False,False,True,,,equal_hl,1.2173500000000002,0,19.7,0.0,0.0,0.0,0.0,0.0
GBPUSD,1,1,1.22056,1.22375992,5000,1.22156,1.22380992,295.99259999999185,2023-01-13 08:00:00+00:00,2023-01-13 08:40:00+00:00,target,amd_fvg_m15,momentum,fib_extension,near,ifvg,D,False,,16.9,against,ahead,ifvg,16.9,against,1,2b,judas,london_judas,london,,,False,3,2,,1,False,,D|240T|60T,False,1,60T,D,,False,False,True,False,,True,single,29.7,16.0,2.0,3.0,low,13.4,True,2023-01-13 00:45:00+00:00,2023-01-13 04:30:00+00:00,2023-01-13 05:30:00+00:00,2023-01-13 05:35:00+00:00,False,premium,eql,m15_range,False,False,confirmed,against,,,,,,,,,,,,,,,0,,0,,False,0,3,True,False,0,True,False,False,True,,,equal_hl,1.223795,0,33.0,27.6,41.9,,241.8,241.8
EURUSD,1,-1,1.07949,1.07953,5000,1.07949,1.07592,-3.7000000000037003,2023-01-13 13:45:00+00:00,2023-01-13 14:05:00+00:00,stop,amd_fvg_h1,momentum,pdh_pdl,near,ifvg,W,True,240T,83.0,against,ahead,fvg,83.0,against,1,3a,breakout,ny_judas,ny,,,False,2,1,,0,True,,,False,1,60T,,,False,False,True,False,,True,single,24.8,29.0,3.0,3.0,high,7.7,True,2023-01-13 00:45:00+00:00,2023-01-13 07:45:00+00:00,2023-01-13 08:45:00+00:00,2023-01-13 08:45:00+00:00,False,discount,eqh,m15_range,False,False,opposing,against,,,,,,,,,,,,,,,0,,0,,False,0,2,False,False,0,True,False,False,True,,,equal_hl,1.072755,0,14.6,,83.9,197.9,313.5,1048.6
GBPUSD,1,-1,1.22198,1.2210300000000003,6250,1.2209800000000002,1.2176764,109.84374999997506,2023-01-16 08:00:00+00:00,2023-01-16 08:20:00+00:00,stop,amd_fvg_m5,momentum,fib_extension,near,,,False,,2.7,with,behind,ifvg,2.7,with,1,1a,breakout,london_judas,london,,W,False,3,0,,0,False,,,False,1,60T,D,,False,False,True,False,,True,dual,33.9,7.0,1.0,2.0,high,-24.9,True,2023-01-16 06:15:00+00:00,2023-01-16 07:45:00+00:00,2023-01-16 08:00:00+00:00,2023-01-16 08:00:00+00:00,,,,session_range,False,False,,golden,,,,,,,,,,,,,,,0,,0,,False,0,3,True,False,0,True,False,False,True,,,equal_hl,1.2157,0,22.1,10.4,132.9,380.0,380.0,930.9
GBPUSD,1,1,1.22574,1.22569,15000,1.22574,1.22887,-13.875000000029281,2023-01-17 12:15:00+00:00,2023-01-17 12:40:00+00:00,stop,amd_fvg_m5,momentum,pdh_pdl,near,ifvg,D,True,D,0.0,against,inside,ifvg,0.0,against,3,2b_h4,breakout,ny_judas,ny,,,False,2,2,15T,1,False,15T,D|240T,False,-1,60T,D,,False,False,True,False,,True,dual,23.7,10.0,3.0,2.0,low,14.2,True,2023-01-17 07:45:00+00:00,2023-01-17 10:00:00+00:00,2023-01-17 10:30:00+00:00,2023-01-17 10:35:00+00:00,False,premium,eql,m15_range,False,False,,against,,,,,,,,,,,,,,,0,,0,,False,0,3,True,False,0,True,False,False,True,,,equal_hl,1.22663,0,14.8,,32.3,,190.0,190.0
GBPUSD,1,1,1.23357,1.23252,10000,1.2325700000000002,1.2393718799999998,-194.24999999999915,2023-01-18 08:15:00+00:00,2023-01-18 08:20:00+00:00,stop,amd_fvg_m5,momentum,fib_extension,near,ob,240T,False,,0.0,against,inside,ifvg,0.0,against,2,2b_h4,breakout,london_judas,london,,,False,3,2,240T,1,False,240T,D|240T,False,-1,60T,D,,False,False,True,False,,True,dual,33.2,34.0,2.0,2.0,low,4.3,True,2023-01-17 18:00:00+00:00,2023-01-18 02:15:00+00:00,2023-01-18 02:30:00+00:00,2023-01-18 02:40:00+00:00,False,premium,eql,m15_range,False,False,,against,,,,,,,,,,,,,,,0,,0,,False,0,3,True,False,0,True,False,False,True,,,equal_hl,1.243055,0,2.3,,,,111.7,111.7
NZDUSD,1,1,0.6486550000000001,0.64758,10000,0.6476550000000001,0.6533251,-198.8750000000089,2023-01-18 08:15:00+00:00,2023-01-18 08:55:00+00:00,stop,mss_fvg_m5,momentum,fib_extension,d60,,,False,,160.1,with,behind,ifvg,160.1,with,2,N-long,breakout,london_judas,london,,,False,3,2,240T|60T|15T,1,False,240T,D|240T,False,-1,60T,,,False,False,True,False,,True,single,34.0,7.0,1.0,3.0,high,5.0,False,2023-01-18 06:15:00+00:00,2023-01-18 07:45:00+00:00,2023-01-18 08:15:00+00:00,2023-01-18 08:15:00+00:00,False,premium,none,session_range,False,False,,,,,,,,,,,,,,,,,0,,0,,False,0,1,True,False,0,False,False,False,False,,,,0.0,0,1.9,,,,27.8,27.8
EURUSD,1,-1,1.0813300000000001,1.08237,7812,1.08233,1.07821,-150.30287999998984,2023-01-20 13:45:00+00:00,2023-01-20 14:55:00+00:00,stop,amd_ob_m5,momentum,swing,near,ifvg,D,False,,33.0,against,ahead,ifvg,33.0,against,0,1b_ip,breakout,ny_judas,ny,,W,False,5,2,D,-1,False,D,,False,1,60T,240T,,False,False,False,False,,True,dual,33.6,56.0,2.0,2.0,high,12.3,True,2023-01-19 18:00:00+00:00,2023-01-20 07:45:00+00:00,2023-01-20 08:00:00+00:00,2023-01-20 08:10:00+00:00,False,discount,eqh,m15_range,False,False,,against,,,,,,,,,,,,,,,0,,0,,False,0,2,False,False,0,True,False,False,True,,,equal_hl,1.080175,0,11.1,,48.1,331.9,331.9,651.2
EURUSD,1,-1,1.08759,1.0866300000000002,5000,1.0865900000000002,1.08398,88.79999999998611,2023-01-23 12:00:00+00:00,2023-01-23 13:35:00+00:00,stop,amd_fvg_m5,momentum,pdh_pdl,near,ifvg,D,True,240T,14.8,against,ahead,fvg,14.8,against,0,3a,breakout,ny_judas,ny,,,False,3,2,D|15T,-1,False,D,,False,1,60T,,,False,False,False,False,,True,single,15.8,22.0,3.0,4.0,high,23.8,True,2023-01-23 01:15:00+00:00,2023-01-23 06:30:00+00:00,2023-01-23 07:00:00+00:00,2023-01-23 07:05:00+00:00,,,,m15_range,False,False,opposing,against,,,,,,,,,,,,,,,0,,0,,False,0,3,True,False,0,True,False,False,True,,,equal_hl,1.080175,0,20.9,15.7,94.7,225.5,394.5,654.1
GBPUSD,1,-1,1.23515,1.2352,7812,1.23515,1.2314908,-7.226100000015249,2023-01-23 13:30:00+00:00,2023-01-23 14:50:00+00:00,stop,amd_fvg_h1,momentum,fib_extension,near,fvg,D,False,,38.9,against,ahead,fvg,38.9,against,0,1a_ip,breakout,ny_judas,ny,,,False,6,0,,0,False,,,False,1,60T,D,,False,False,True,False,,True,dual,22.0,8.0,3.0,2.0,high,1.1,True,2023-01-23 07:45:00+00:00,2023-01-23 09:30:00+00:00,2023-01-23 09:45:00+00:00,2023-01-23 09:50:00+00:00,,,,m15_range,False,False,opposing,golden,,,,,,,,,,,,,,,0,,0,,False,0,3,True,False,0,True,False,False,True,,,equal_hl,1.2338200000000001,0,21.2,,39.9,264.6,511.7,642.7
GBPUSD,1,-1,1.23458,1.2336300000000002,6250,1.2335800000000001,1.23136,109.84374999997506,2023-01-24 09:30:00+00:00,2023-01-24 09:45:00+00:00,stop,amd_fvg_m5,momentum,equal_hl,d3,ifvg,D,False,,33.2,against,ahead,fvg,33.2,against,1,1a,breakout,london_judas,london,,,False,3,1,60T,0,False,60T,,False,0,,D,,False,False,True,False,,True,dual,34.6,34.0,2.0,2.0,high,5.7,True,2023-01-23 23:15:00+00:00,2023-01-24 07:30:00+00:00,2023-01-24 08:00:00+00:00,2023-01-24 08:00:00+00:00,False,discount,none,m15_range,False,False,,golden,,,,,,,,,,,,,,,0,,0,,False,0,3,True,False,0,True,False,False,True,,,equal_hl,1.226385,0,35.4,,23.7,258.9,506.0,606.4
EURUSD,1,1,1.08876,1.08772,15625,1.08776,1.08978,-300.62499999997976,2023-01-25 09:40:00+00:00,2023-01-25 10:00:00+00:00,stop,amd_m1_shift_ifvg,golden,judas_origin_60T,,,,False,,26.5,with,behind,ifvg,26.5,with,2,golden,mm_golden,london_golden,london,,,False,5,0,,0,False,,,False,0,,,,False,False,False,False,,False,,32.9,52.0,2.0,4.0,low,,True,,,,,,,,m15_range,False,False,,golden,cascade,240T,failed,,2a,15T,ifvg,,,s2:noref:eu,,1.08672,1.08723,60T,0,,0,,True,1,4,True,False,0,True,False,True,True,continuation,d1_fvg,equal_hl,1.0925150000000001,0,0.0,0.0,0.0,0.0,0.0,0.0
EURUSD,1,-1,1.09058,1.0906200000000001,6401,1.09058,1.0869399999999998,-4.736740000004737,2023-01-26 09:15:00+00:00,2023-01-26 10:35:00+00:00,stop,amd_fvg_m5,momentum,fib_extension,near,ifvg,240T,False,,44.7,against,ahead,ifvg,44.7,against,1,3a,judas,london_judas,london,,,False,3,2,D,-1,False,D,,False,1,60T,D,,False,False,True,False,,True,single,30.8,55.0,2.0,3.0,high,4.7,True,2023-01-25 17:00:00+00:00,2023-01-26 06:30:00+00:00,2023-01-26 06:45:00+00:00,2023-01-26 06:50:00+00:00,True,premium,pdh,m15_range,False,False,confirmed,against,,,,,,,,,,,,,,,0,,0,,False,0,2,False,False,0,True,False,False,True,,,equal_hl,1.08591,0,13.4,,71.8,255.4,424.4,684.0
EURUSD,1,-1,1.0837100000000002,1.0837500000000002,5000,1.0837100000000002,1.07992256,-3.7000000000037003,2023-01-31 08:00:00+00:00,2023-01-31 08:05:00+00:00,stop,amd_ob_m15,momentum,fib_extension,d3,,,False,,2.7,against,behind,ifvg,2.7,against,1,3a,breakout,london_judas,london,,,False,3,1,15T,0,False,15T,240T,False,0,,D,,False,False,True,False,,True,single,8.1,15.0,5.0,2.0,high,6.9,True,2023-01-30 20:45:00+00:00,2023-01-31 00:15:00+00:00,2023-01-31 01:45:00+00:00,2023-01-31 01:45:00+00:00,False,discount,eqh,m15_range,False,False,confirmed,against,,,,,,,,,,,,,,,0,,0,,False,0,4,True,True,0,True,False,False,True,,,equal_hl,1.0802049999999999,0,13.1,5.2,0.3,71.9,355.7,596.3
EURUSD,1,-1,1.07582,1.07224068,5000,1.07482,1.07220068,331.08710000000485,2023-02-06 14:00:00+00:00,2023-02-06 15:45:00+00:00,target,amd_fvg_m5,momentum,fib_extension,near,fvg,W,False,,18.0,against,behind,ifvg,18.0,against,1,1b,breakout,ny_judas,ny,,,False,2,1,60T|15T,0,False,60T,,False,1,D,,,False,False,False,False,,True,single,31.6,12.0,1.0,1.0,high,-5.1,True,2023-02-06 09:00:00+00:00,2023-02-06 11:45:00+00:00,2023-02-06 12:45:00+00:00,2023-02-06 12:45:00+00:00,,,,session_range,False,False,confirmed,against,,,,,,,,,,,,,,,0,,0,,False,0,3,True,False,0,True,False,False,True,,,equal_hl,1.072755,0,36.2,2.6,,,276.8,469.1
GBPUSD,1,1,1.21038,1.2113299999999998,5000,1.21138,1.21373,87.87499999998005,2023-02-09 08:15:00+00:00,2023-02-09 08:20:00+00:00,stop,amd_ob_m5,momentum,swing,d3,ifvg,D,False,,0.0,against,inside,ifvg,0.0,against,1,2b_h4,breakout,london_judas,london,,,False,1,2,60T|15T,1,False,60T,D,False,0,,,,False,False,False,False,,True,single,27.5,26.0,2.0,3.0,low,3.4,True,2023-02-08 18:30:00+00:00,2023-02-09 00:45:00+00:00,2023-02-09 01:00:00+00:00,2023-02-09 01:05:00+00:00,False,premium,eql,m15_range,False,False,confirmed,against,,,,,,,,,,,,,,,0,,0,,False,0,2,False,False,0,True,False,False,True,,,equal_hl,1.2173500000000002,0,22.6,,6.4,344.8,344.8,344.8
GBPUSD,1,1,1.21584,1.2167899999999998,5000,1.21684,1.2195976000000002,87.87499999998005,2023-02-09 13:00:00+00:00,2023-02-09 13:40:00+00:00,stop,amd_fvg_m5,momentum,fib_extension,near,ifvg,D,False,,0.0,against,inside,ifvg,0.0,against,1,2b,breakout,ny_judas,ny,,,False,2,2,60T|15T,1,False,60T,D,False,0,,,,False,False,False,False,,True,single,27.5,26.0,2.0,3.0,low,3.4,True,2023-02-08 18:30:00+00:00,2023-02-09 00:45:00+00:00,2023-02-09 01:00:00+00:00,2023-02-09 01:05:00+00:00,False,premium,eql,m15_range,False,False,,against,,,,,,,,,,,,,,,0,,0,,False,0,2,False,False,0,True,False,False,True,,,equal_hl,1.2193666666666667,0,23.8,,,290.2,290.2,290.2
GBPUSD,1,1,1.21302,1.21197,6250,1.21202,1.21648,-121.40624999999947,2023-02-10 08:00:00+00:00,2023-02-10 08:10:00+00:00,stop,amd_fvg_m5,momentum,swing,near,ifvg,D,True,240T,0.0,against,inside,ifvg,0.0,against,1,2b,judas,london_judas,london,,D,False,2,2,60T,1,False,60T,D,False,1,60T,240T,,False,False,False,False,,True,dual,33.6,34.0,3.0,3.0,low,0.3,True,2023-02-09 19:30:00+00:00,2023-02-10 03:45:00+00:00,2023-02-10 04:00:00+00:00,2023-02-10 04:00:00+00:00,False,premium,eql,m15_range,False,False,,against,,,,,,,,,,,,,,,0,,0,,False,0,2,False,False,0,True,False,False,True,,,equal_hl,1.214315,0,8.8,,64.4,318.4,318.4,318.4
EURUSD,1,-1,1.06926,1.07015,5000,1.07011,1.0650374,-82.32499999998477,2023-02-10 12:30:00+00:00,2023-02-10 14:45:00+00:00,stop,amd_fvg_h1,momentum,fib_extension,d3,fvg,D,True,D,0.0,against,inside,ifvg,0.0,against,1,1b_ip,judas,ny_judas,ny,,,False,3,0,,0,False,,,False,0,,D,,False,False,True,False,,True,dual,32.0,57.0,2.0,5.0,high,3.4,True,2023-02-09 17:45:00+00:00,2023-02-10 07:45:00+00:00,2023-02-10 08:00:00+00:00,2023-02-10 08:05:00+00:00,False,discount,none,m15_range,False,False,,against,,,,,,,,,,,,,,,0,,0,,False,0,2,False,False,0,True,False,False,True,,,equal_hl,1.06739,0,11.5,,24.5,,211.2,265.5
GBPUSD,1,1,1.20616,1.2061099999999998,5000,1.20616,1.20957446,-4.62500000000976,2023-02-13 12:00:00+00:00,2023-02-13 12:10:00+00:00,stop,amd_fvg_m5,momentum,fib_extension,near,ifvg,D,False,,0.0,against,inside,ifvg,0.0,against,1,2b,breakout,ny_judas,ny,,,False,3,2,,1,False,,D,False,-1,60T,D,,False,False,True,False,,True,dual,11.2,15.0,5.0,4.0,low,9.1,True,2023-02-13 02:30:00+00:00,2023-02-13 06:00:00+00:00,2023-02-13 10:15:00+00:00,2023-02-13 10:20:00+00:00,,,,m15_range,False,False,confirmed,against,,,,,,,,,,,,,,,0,,0,,False,0,3,True,False,0,True,False,False,True,,,equal_hl,1.2112075,0,12.7,5.0,133.0,356.7,387.0,387.0
GBPUSD,1,1,1.21671,1.2166599999999999,5000,1.21671,1.22059224,-4.62500000000976,2023-02-14 08:45:00+00:00,2023-02-14 09:10:00+00:00,stop,amd_fvg_m5,momentum,fib_extension,near,fvg,W,False,,0.0,against,inside,ifvg,0.0,against,1,2b,breakout,london_judas,london,,,False,3,2,D|60T|15T,1,False,D,D,False,-1,60T,D,,False,False,True,False,,True,dual,11.2,10.0,3.0,2.0,low,6.3,True,2023-02-13 19:30:00+00:00,2023-02-13 21:45:00+00:00,2023-02-13 22:00:00+00:00,2023-02-13 22:10:00+00:00,False,premium,eql,m15_range,False,False,opposing,against,,,,,,,,,,,,,,,0,,0,,False,0,3,True,False,0,True,False,False,True,,,equal_hl,1.2193666666666667,0,16.7,,,251.2,281.5,281.5
GBPUSD,1,-1,1.20596,1.20251,18750,1.2024599999999999,1.2013556799999998,1196.7187499999836,2023-02-15 12:30:00+00:00,2023-02-15 13:30:00+00:00,stop,amd_fvg_m5,judas,fib_extension,d3,ifvg,D,False,,0.0,with,inside,ifvg,0.0,with,3,1a_h4,judas,ny_judas,ny,,,False,3,1,60T|15T,0,False,60T,,False,-1,D,,,False,False,True,False,,False,,14.8,11.0,3.0,2.0,high,2.1,True,2023-02-15 02:15:00+00:00,2023-02-15 04:45:00+00:00,2023-02-15 05:00:00+00:00,2023-02-15 05:05:00+00:00,False,discount,eqh,m15_range,False,False,confirmed,golden,,,,,,,,,,,,,,,0,,0,,False,0,3,True,False,0,True,False,False,True,,,equal_hl,1.204025,0,53.5,,30.1,30.5,99.8,219.8
GBPUSD,1,-1,1.2096,1.2096500000000001,22500,1.2096,1.2062368799999998,-20.812500000043922,2023-02-22 08:30:00+00:00,2023-02-22 08:35:00+00:00,stop,amd_fvg_m5,momentum,fib_extension,near,ifvg,D,False,,0.0,with,inside,ifvg,0.0,with,2,1a,breakout,london_judas,london,,,False,3,2,D,-1,False,D,240T,False,-1,60T,,,False,False,True,False,,True,single,29.7,24.0,2.0,2.0,high,1.1,True,2023-02-22 01:45:00+00:00,2023-02-22 07:30:00+00:00,2023-02-22 07:45:00+00:00,2023-02-22 07:50:00+00:00,False,premium,eqh,m15_range,False,False,,golden,,,,,,,,,,,,,,,0,,0,,False,0,3,True,False,0,True,False,False,True,,,equal_hl,1.20515,0,13.1,1.2,111.6,136.2,182.5,256.2
EURUSD,1,-1,1.06548,1.06204,28125,1.06548,1.062,1789.8749999999416,2023-02-22 08:05:00+00:00,2023-02-22 20:00:00+00:00,target,amd_m1_shift_ifvg,golden,round_number,,,,False,,3.5,against,ahead,ifvg,3.5,against,2,golden,mm_golden,london_golden,london,,,False,4,0,,0,False,,,False,0,,,,False,False,False,False,,False,,11.9,13.0,3.0,3.0,high,,True,,,,,,,,m15_range,False,False,,golden,cascade,,failed,,1b,15T,ifvg,,,s3:noref:dxy,,1.06586,1.06811,60T,0,,0,,True,1,3,True,False,0,True,False,False,True,,,equal_hl,1.065535,0,55.9,0.0,0.0,0.0,0.0,0.0
EURUSD,1,-1,1.06031,1.0603500000000001,11250,1.06031,1.0573,-8.325000000008325,2023-02-23 09:00:00+00:00,2023-02-23 12:00:00+00:00,stop,amd_fvg_h1,momentum,swing,d30,ob,D,False,,60.7,with,behind,ob,0.0,against,1,3a,judas,london_judas,london,,,False,3,2,D|240T|60T|15T,-1,False,D,240T|60T,False,0,,240T,,False,False,False,False,,True,dual,28.1,35.0,2.0,2.0,high,0.5,True,2023-02-22 18:45:00+00:00,2023-02-23 06:15:00+00:00,2023-02-23 06:30:00+00:00,2023-02-23 06:30:00+00:00,False,discount,eqh,m15_range,False,False,,against,,,,,,,,,,,,,,,0,,0,,False,0,2,False,False,0,True,False,False,True,,,equal_hl,1.0582850000000001,0,15.9,2.8,5.1,,5.1,121.7
EURUSD,1,-1,1.05875,1.05529,18000,1.05525,1.0545300000000002,1152.1800000000062,2023-02-24 08:00:00+00:00,2023-02-24 14:00:00+00:00,stop,amd_ob_m5,momentum,fib_extension,d30,ob,D,False,,40.0,with,behind,ob,0.0,against,2,1b_ip,breakout,london_judas,london,,,False,2,2,D|240T|60T,-1,False,D,240T|60T,False,0,,,,False,False,True,False,,True,single,30.8,17.0,4.0,3.0,high,1.2,True,2023-02-23 07:30:00+00:00,2023-02-23 12:30:00+00:00,2023-02-23 12:45:00+00:00,2023-02-23 12:55:00+00:00,False,discount,eqh,m15_range,False,False,confirmed,against,,,,,,,,,,,,,,,0,,0,,False,0,2,False,False,0,True,False,False,True,,,equal_hl,1.0582850000000001,0,43.8,,9.4,,9.4,106.1
GBPUSD,1,-1,1.19782,1.19413392,28125,1.1968200000000002,1.19408392,1917.9135000000188,2023-02-24 12:05:00+00:00,2023-02-24 14:10:00+00:00,target,amd_fvg_m5,momentum,fib_extension,near,ifvg,D,False,,0.0,against,inside,ifvg,0.0,against,2,1a_h4,judas,ny_judas,ny,,,True,2,2,D,-1,False,D,240T|60T,False,0,,240T,,False,False,True,False,,True,dual,12.7,13.0,2.0,2.0,high,14.0,True,2023-02-24 03:45:00+00:00,2023-02-24 06:45:00+00:00,2023-02-24 08:30:00+00:00,2023-02-24 08:40:00+00:00,False,discount,eqh,m15_range,False,False,confirmed,golden,,,,,,,,,,,,,,,0,,0,,False,0,3,False,False,0,True,False,True,True,continuation,d1_fvg,equal_hl,1.1963666666666668,0,42.0,,,18.4,64.7,138.4
EURUSD,1,-1,1.06487,1.06586,22500,1.06582,1.05924,-412.0875000000193,2023-03-06 08:35:00+00:00,2023-03-06 15:00:00+00:00,stop,amd_m1_shift_ifvg,golden,swing,,,,False,,15.1,with,behind,ifvg,15.1,with,2,golden,mm_golden,london_golden,london,,,False,3,0,,0,False,,,False,0,,,,False,False,False,False,,False,,32.7,42.0,2.0,2.0,high,,True,,,,,,,,m15_range,False,False,,golden,cascade,,failed,,1b,60T,ifvg,,,s2:smt:eu+gu,,1.06572,1.0669,60T,0,,0,,True,1,3,True,False,0,True,False,False,True,,,equal_hl,1.06389,0,26.8,0.0,0.0,0.0,0.0,0.0
EURUSD,1,-1,1.06664,1.06668,14062,1.06664,1.0629700000000002,-10.405880000010407,2023-03-07 09:00:00+00:00,2023-03-07 10:50:00+00:00,stop,amd_fvg_m15,momentum,fib_extension,near,ifvg,240T,True,240T,93.8,against,ahead,ob,35.0,against,1,3a,judas,london_judas,london,,,False,4,2,,-1,False,,D,False,1,60T,,,False,False,False,False,,True,dual,19.6,39.0,4.0,2.0,high,1.2,True,2023-03-06 19:45:00+00:00,2023-03-07 07:15:00+00:00,2023-03-07 07:30:00+00:00,2023-03-07 07:35:00+00:00,True,discount,pdh,m15_range,False,False,,against,,,,,,,,,,,,,,,0,,0,,False,0,3,True,False,0,True,False,False,True,,,equal_hl,1.065535,0,12.2,,74.9,131.4,134.5,185.0
GBPUSD,1,-1,1.1983,1.19935,33750,1.1992999999999998,1.195,-655.5937499999972,2023-03-07 12:05:00+00:00,2023-03-07 12:40:00+00:00,stop,amd_m1_shift_ifvg,golden,round_number,,,,False,,73.5,with,behind,ob,0.0,against,3,golden,mm_golden,ny_golden,ny,,,False,2,0,,0,False,,,False,0,,,,False,False,False,False,,False,,33.4,47.0,3.0,3.0,high,,True,,,,,,,,m15_range,False,False,,golden,cascade,240T,failed,,1a,15T,ifvg,,,s3:smt:gu,,1.20136,1.20173,60T,0,,0,,True,2,4,True,False,0,True,False,True,True,continuation,d1_fvg,equal_hl,1.1964899999999998,0,7.3,0.0,0.0,0.0,0.0,0.0
GBPUSD,1,1,1.18849,1.18744,9000,1.1874900000000002,1.1923987800000002,-174.82499999999922,2023-03-09 08:35:00+00:00,2023-03-09 08:45:00+00:00,stop,amd_fvg_m5,momentum,fib_extension,near,fvg,D,True,240T,0.0,against,inside,fvg,0.0,against,0,2b_h4,breakout,london_judas,london,,,False,3,3,W|15T,1,True,W,,True,1,60T,D,,False,False,True,False,,True,dual,15.2,12.0,4.0,3.0,low,2.4,True,2023-03-08 19:00:00+00:00,2023-03-08 23:45:00+00:00,2023-03-09 01:45:00+00:00,2023-03-09 01:50:00+00:00,False,premium,eql,m15_range,False,False,opposing,against,,,,,,,,,,,,,,,0,,0,,False,0,2,False,False,0,True,False,False,True,,,equal_hl,1.203665,0,3.8,,181.0,258.4,516.1,563.7
GBPUSD,1,1,1.19082,1.1907699999999999,5000,1.19082,1.1942148,-4.62500000000976,2023-03-09 14:00:00+00:00,2023-03-09 16:00:00+00:00,stop,amd_fvg_m5,momentum,fib_extension,near,fvg,D,True,D,0.0,against,inside,fvg,0.0,against,0,2b,breakout,ny_judas,ny,,,False,2,2,W|15T,1,False,W,,False,-1,D,D,,False,False,True,False,,True,dual,15.2,12.0,4.0,3.0,low,2.4,True,2023-03-08 19:00:00+00:00,2023-03-08 23:45:00+00:00,2023-03-09 01:45:00+00:00,2023-03-09 01:50:00+00:00,False,premium,eql,m15_range,False,False,confirmed,against,,,,,,,,,,,,,,,0,,0,,False,0,2,False,False,0,True,False,False,True,,,equal_hl,1.203665,0,22.3,,157.7,235.1,492.8,540.4
EURUSD,1,1,1.06934,1.0683,12500,1.06834,1.0725558800000001,-240.49999999998377,2023-03-14 08:05:00+00:00,2023-03-14 08:35:00+00:00,stop,amd_m1_shift_ifvg,golden,fib_extension,,,,False,,19.4,with,behind,ifvg,19.4,with,2,golden,mm_golden,london_golden,london,,,False,3,0,,0,False,,,False,0,,,,False,False,False,False,,False,,22.5,24.0,2.0,4.0,low,,True,,,,,,,,m15_range,False,False,,golden,cascade,240T,failed,,2a,60T,ifvg,,,s2:noref:dxy,,1.06807,1.07038,60T,0,,0,,True,1,4,True,False,0,True,False,True,True,continuation,d1_fvg,equal_hl,1.069278,0,7.5,0.0,0.0,0.0,0.0,0.0
EURUSD,1,-1,1.0626,1.0581892800000001,6250,1.0591,1.05814928,509.98949999998473,2023-03-15 12:05:00+00:00,2023-03-15 22:00:00+00:00,target,amd_fvg_m5,no_open,fib_extension,near,ifvg,D,False,,0.0,against,inside,ifvg,0.0,against,1,1b,judas,ny_judas,ny,,,False,4,2,D,-1,False,D,D,False,1,60T,D,,False,False,True,False,,False,,33.7,23.0,3.0,2.0,high,1.0,True,2023-03-14 19:00:00+00:00,2023-03-15 02:30:00+00:00,2023-03-15 02:45:00+00:00,2023-03-15 02:50:00+00:00,False,discount,eqh,m15_range,False,False,confirmed,against,,,,,,,,,,,,,,,0,,0,,False,0,3,True,False,0,True,False,False,True,,,equal_hl,1.062255,0,49.9,,,94.1,102.8,144.6
EURUSD,1,1,1.06118,1.06114,14062,1.06118,1.06463572,-10.405880000010407,2023-03-16 07:30:00+00:00,2023-03-16 09:00:00+00:00,stop,amd_ob_m5,momentum,fib_extension,near,fvg,D,True,240T,38.0,with,behind,ifvg,38.0,with,1,3b,breakout,london_judas,london,,,False,4,1,15T,0,False,15T,,False,1,60T,,,False,False,False,False,,True,single,14.6,11.0,2.0,2.0,low,1.0,True,2023-03-15 19:15:00+00:00,2023-03-15 22:45:00+00:00,2023-03-16 00:00:00+00:00,2023-03-16 00:00:00+00:00,False,discount,eql,m15_range,False,False,confirmed,golden,,,,,,,,,,,,,,,0,,0,,False,0,3,False,False,0,True,False,True,True,continuation,d1_fvg,equal_hl,1.0630533333333334,0,23.5,,148.8,80.4,193.5,421.8
GBPUSD,1,1,1.21942,1.21837,22500,1.21842,1.2230099999999997,-437.06249999999807,2023-03-20 07:30:00+00:00,2023-03-20 07:45:00+00:00,stop,amd_m1_shift_ifvg,golden,fib_extension,,,,False,,0.0,against,inside,ifvg,0.0,against,2,golden,mm_golden,london_golden,london,,,False,1,0,,0,False,,,False,0,,,,False,False,False,False,,False,,21.5,10.0,2.0,2.0,low,,True,,,,,,,,m15_range,False,False,,golden,cascade,,failed,,2b,60T,ifvg,,,s3:cont:eu+gu+dxy,,1.21582,1.21696,60T,0,,0,,True,1,3,True,False,0,True,False,False,True,,,equal_hl,1.219815,0,1.9,0.0,0.0,0.0,0.0,0.0
EURUSD,1,1,1.07642,1.07638,9765,1.07642,1.07982664,-7.226100000007227,2023-03-21 11:00:00+00:00,2023-03-21 16:05:00+00:00,stop,amd_fvg_m5,no_open,fib_extension,near,ifvg,W,True,D,2.2,against,ahead,ifvg,2.2,against,1,2a,judas,ny_judas,ny,,,False,4,1,240T,0,False,240T,240T|60T,False,0,,240T,,False,False,False,False,,False,,20.2,45.0,2.0,2.0,low,2.9,True,2023-03-20 14:15:00+00:00,2023-03-21 06:15:00+00:00,2023-03-21 06:30:00+00:00,2023-03-21 06:35:00+00:00,False,premium,eql,m15_range,False,False,confirmed,golden,,,,,,,,,,,,,,,0,,0,,False,0,4,True,False,0,True,False,True,True,continuation,d1_fvg,equal_hl,1.0775033333333333,0,15.7,,,,41.1,269.4
GBPUSD,1,1,1.22685,1.2277999999999998,5000,1.2278499999999999,1.23,87.87499999998005,2023-03-22 08:00:00+00:00,2023-03-22 12:00:00+00:00,stop,amd_fvg_m5,momentum,round_number,d30,ob,D,False,,91.8,with,behind,ob,3.4,against,1,2b_ip,judas,london_judas,london,,,False,2,2,W|60T|15T,1,False,W,240T|60T,False,0,,,,False,False,False,False,,True,single,17.8,17.0,2.0,2.0,low,1.7,True,2023-03-21 19:00:00+00:00,2023-03-22 01:00:00+00:00,2023-03-22 01:15:00+00:00,2023-03-22 01:25:00+00:00,False,premium,eql,m15_range,False,False,confirmed,against,,,,,,,,,,,,,,,0,,0,,False,0,2,False,False,-1,True,False,False,True,,,equal_hl,1.22813,0,25.5,,14.5,,14.5,180.1
GBPUSD,1,-1,1.22846,1.2285100000000002,6250,1.22846,1.2252732600000003,-5.7812500000122,2023-03-23 12:40:00+00:00,2023-03-23 12:45:00+00:00,stop,amd_fvg_m5,no_open,fib_extension,near,ifvg,W,False,,107.9,against,ahead,ob,0.0,with,1,1a_ip,breakout,ny_judas,ny,,D,False,2,2,,-1,False,,D,False,1,60T,D,,False,False,True,False,,False,,20.9,11.0,2.0,2.0,high,14.0,True,2023-03-23 02:45:00+00:00,2023-03-23 05:15:00+00:00,2023-03-23 07:15:00+00:00,2023-03-23 07:25:00+00:00,False,premium,eqh,m15_range,False,False,opposing,golden,,,,,,,,,,,,,,,0,,0,,False,0,4,True,False,1,True,False,False,True,,,equal_hl,1.2265300000000001,0,11.2,21.0,119.0,483.2,483.2,483.2
EURUSD,1,-1,1.08241,1.0814500000000002,5000,1.0814100000000002,1.0767145599999999,88.79999999998611,2023-03-24 08:00:00+00:00,2023-03-24 08:05:00+00:00,stop,amd_ob_m5,momentum,fib_extension,near,ifvg,240T,False,,0.0,with,inside,ifvg,0.0,with,1,1b,breakout,london_judas,london,,,False,2,2,D,-1,False,D,D,False,1,D,D,,False,False,True,False,,True,single,15.8,16.0,5.0,4.0,high,1.4,True,2023-03-23 23:00:00+00:00,2023-03-24 02:45:00+00:00,2023-03-24 05:30:00+00:00,2023-03-24 05:40:00+00:00,False,discount,eqh,m15_range,False,False,,against,,,,,,,,,,,,,,,0,,0,,False,0,3,False,False,1,True,False,False,True,,,equal_hl,1.0776075,0,39.1,7.9,121.2,300.9,309.2,309.2
GBPUSD,1,1,1.23265,1.2326,6250,1.23265,1.23614,-5.7812500000122,2023-03-30 07:45:00+00:00,2023-03-30 08:05:00+00:00,stop,amd_ob_m5,momentum,pdh_pdl,near,,,False,,24.2,with,behind,ob,0.0,against,1,2b,judas,london_judas,london,,,False,3,3,W|240T|60T,1,True,W,240T|60T,True,-1,60T,,,False,False,True,False,,True,dual,13.1,12.0,4.0,2.0,low,9.2,True,2023-03-29 20:45:00+00:00,2023-03-30 01:30:00+00:00,2023-03-30 02:00:00+00:00,2023-03-30 02:10:00+00:00,True,premium,pdl,m15_range,False,False,confirmed,against,,,,,,,,,,,,,,,0,,0,,False,0,2,False,False,0,True,False,False,True,,,equal_hl,1.2338900000000002,0,14.9,,35.9,,35.9,122.1
GBPUSD,1,-1,1.23797,1.2370200000000002,7812,1.2369700000000001,1.2346,137.29589999996884,2023-03-31 08:15:00+00:00,2023-03-31 09:15:00+00:00,stop,amd_ob_m15,momentum,pdh_pdl,near,,,False,,77.4,against,ahead,ifvg,77.4,against,1,1a_ip,judas,london_judas,london,,D,False,3,2,,-1,False,,D,False,1,60T,D,,False,False,True,False,,True,dual,27.2,24.0,2.0,2.0,high,30.1,True,2023-03-30 14:30:00+00:00,2023-03-31 01:15:00+00:00,2023-03-31 02:30:00+00:00,2023-03-31 02:30:00+00:00,True,premium,pdh,m15_range,False,False,,golden,,,,,,,,,,,,,,,0,,0,,False,0,2,False,False,0,True,False,False,True,,,equal_hl,1.2341866666666668,0,22.4,0.6,100.0,371.0,578.3,578.3
EURUSD,1,1,1.0852199999999999,1.0904619599999998,6250,1.08872,1.0905019599999999,606.1016249999989,2023-04-03 11:00:00+00:00,2023-04-04 00:00:00+00:00,target,amd_fvg_m15,momentum,fib_extension,near,,,False,,34.5,with,behind,fvg,34.5,with,1,3b,breakout,ny_judas,ny,,,False,3,1,,0,False,,240T,False,-1,60T,D,,False,False,True,False,,True,dual,25.9,17.0,2.0,4.0,low,2.6,True,2023-04-03 00:30:00+00:00,2023-04-03 04:30:00+00:00,2023-04-03 04:45:00+00:00,2023-04-03 04:55:00+00:00,,,,m15_range,False,False,,golden,,,,,,,,,,,,,,,0,,0,,False,0,5,True,True,0,True,False,True,True,continuation,d1_fvg,equal_hl,1.08728,0,53.7,,74.9,78.3,78.3,181.4
EURUSD,2,1,1.08684,1.0904619599999998,5000,1.08784,1.0905019599999999,335.0312999999827,2023-04-03 11:50:00+00:00,2023-04-04 00:00:00+00:00,target,pyramid_im0.8_fvg_m15,no_open,fib_extension,near,,,False,,34.5,with,behind,fvg,34.5,with,1,3b,breakout,ny_judas,ny,,,False,3,1,,0,False,,240T,False,-1,60T,D,,False,False,True,False,,True,dual,25.9,17.0,2.0,4.0,low,2.6,True,2023-04-03 00:30:00+00:00,2023-04-03 04:30:00+00:00,2023-04-03 04:45:00+00:00,2023-04-03 04:55:00+00:00,,,,m15_range,False,False,,golden,,,,,,,,,,,,,,,0,,0,,False,0,5,True,True,0,True,False,True,True,continuation,d1_fvg,equal_hl,1.08728,0,37.5,,74.9,78.3,78.3,181.4
GBPUSD,1,1,1.24258,1.24643,11250,1.24358,1.24648,801.2812499999811,2023-04-04 08:00:00+00:00,2023-04-04 08:45:00+00:00,target,amd_fvg_m5,momentum,fib_extension,d60,ifvg,W,False,,123.5,with,behind,ifvg,123.5,with,0,2b,breakout,london_judas,london,,,False,1,2,W|240T|15T,1,False,W,240T,False,-1,60T,D,,False,False,True,False,,True,dual,32.6,27.0,3.0,5.0,low,1.3,True,2023-04-03 00:15:00+00:00,2023-04-03 06:45:00+00:00,2023-04-03 07:00:00+00:00,2023-04-03 07:10:00+00:00,True,premium,pdl,m15_range,False,False,,against,,,,,,,,,,,,,,,0,,0,,False,0,3,True,True,0,True,False,False,False,,,,0.0,0,45.1,0.2,,,,5.4
EURUSD,1,-1,1.08856,1.0886,22500,1.08856,1.0852857599999999,-16.65000000001665,2023-04-10 13:00:00+00:00,2023-04-10 13:05:00+00:00,stop,amd_fvg_m5,no_open,fib_extension,d3,fvg,D,True,D,2.8,against,ahead,fvg,2.8,against,2,3a,breakout,ny_judas,ny,,,False,2,2,,-1,False,,D,False,0,,240T,,False,False,True,False,,False,,34.9,78.0,2.0,2.0,high,18.1,True,2023-04-05 17:15:00+00:00,2023-04-06 15:30:00+00:00,2023-04-06 17:30:00+00:00,2023-04-06 17:30:00+00:00,,,,m15_range,False,False,confirmed,against,,,,,,,,,,,,,,,0,,0,,False,0,3,True,False,0,True,False,False,True,,,equal_hl,1.083855,0,20.5,0.1,2.0,141.6,370.7,370.7
EURUSD,1,1,1.0894599999999999,1.0904199999999997,15625,1.0904599999999998,1.092595,277.4999999999566,2023-04-11 08:05:00+00:00,2023-04-11 13:00:00+00:00,stop,amd_ob_m5,momentum,equal_hl,d3,ifvg,W,False,,11.8,with,behind,fvg,11.8,with,2,3b,judas,london_judas,london,,,False,6,1,240T,0,False,240T,240T,False,0,,,,False,False,True,False,,False,,32.6,67.0,4.0,2.0,low,53.5,True,2023-04-06 20:45:00+00:00,2023-04-10 12:15:00+00:00,2023-04-10 16:45:00+00:00,2023-04-10 16:55:00+00:00,False,premium,eql,m15_range,False,False,opposing,golden,,,,,,,,,,,,,,,0,,0,,False,0,4,True,False,0,True,False,True,True,inside,d1_fvg,equal_hl,1.0910066666666667,0,25.1,,26.9,32.5,76.4,139.0
EURUSD,1,1,1.09982,1.10323,11250,1.10332,1.10327,709.706249999982,2023-04-13 08:10:00+00:00,2023-04-14 01:00:00+00:00,target,amd_fvg_m5,momentum,ith_liquidity,d60,ob,W,False,,115.4,with,behind,ifvg,115.4,with,1,3b,breakout,london_judas,london,,,False,2,2,60T,0,True,60T,240T,True,0,,,,False,False,True,False,,True,single,15.4,19.0,2.0,3.0,low,6.0,True,2023-04-13 03:00:00+00:00,2023-04-13 07:30:00+00:00,2023-04-13 07:45:00+00:00,2023-04-13 07:55:00+00:00,False,premium,eql,m15_range,False,False,opposing,golden,,,,,,,,,,,,,,,0,,0,,False,0,2,False,False,0,True,False,True,False,continuation,d1_fvg,,0.0,0,59.1,7.6,1.5,,1.5,29.3
GBPUSD,1,1,1.24089,1.2441799999999998,11250,1.24189,1.24423,684.731249999957,2023-04-18 07:45:00+00:00,2023-04-18 09:50:00+00:00,target,amd_fvg_m5,momentum,swing,near,ifvg,W,True,240T,7.4,against,ahead,ifvg,7.4,against,0,2b,breakout,london_judas,london,,,False,5,2,W|15T,1,False,W,240T,False,0,,,,False,False,False,False,,True,single,34.3,9.0,2.0,3.0,low,21.0,True,2023-04-17 09:15:00+00:00,2023-04-17 11:15:00+00:00,2023-04-17 17:45:00+00:00,2023-04-17 17:55:00+00:00,False,premium,eql,m15_range,False,False,,against,,,,,,,,,,,,,,,0,,0,,False,0,3,True,False,0,True,False,False,True,,,equal_hl,1.2421300000000002,0,34.1,,138.0,117.1,138.0,138.0
EURUSD,1,-1,1.0947500000000001,1.09579,14062,1.09575,1.09156,-270.55287999998177,2023-04-19 07:20:00+00:00,2023-04-19 07:45:00+00:00,stop,amd_fvg_m5,momentum,swing,near,ob,D,True,240T,35.3,with,behind,ob,30.4,against,0,1b,breakout,london_judas,london,,,False,6,1,60T,0,False,60T,60T,False,0,,240T,,False,False,False,False,,True,single,13.5,14.0,3.0,2.0,high,8.7,True,2023-04-18 17:30:00+00:00,2023-04-18 23:45:00+00:00,2023-04-19 02:00:00+00:00,2023-04-19 02:00:00+00:00,False,premium,eqh,m15_range,False,False,confirmed,against,,,,,,,,,,,,,,,0,,0,,False,0,3,True,False,0,True,False,False,True,,,equal_hl,1.09241,0,1.2,,36.8,160.2,432.6,432.6
EURUSD,1,1,1.09628,1.09536,35156,1.0954,1.0993,-598.3551200000207,2023-04-20 07:00:00+00:00,2023-04-20 08:15:00+00:00,stop,amd_ob_m5,momentum,fib_extension,near,ifvg,D,True,D,20.0,against,ahead,ifvg,20.0,against,2,3b,breakout,london_judas,london,,,False,5,2,D|15T,1,False,D,240T,False,0,,240T,,False,False,True,False,,True,single,25.2,16.0,2.0,3.0,low,3.7,True,2023-04-19 15:15:00+00:00,2023-04-20 00:00:00+00:00,2023-04-20 00:30:00+00:00,2023-04-20 00:30:00+00:00,False,premium,eql,m15_range,False,False,,golden,,,,,,,,,,,,,,,0,,0,,False,0,3,False,False,0,True,False,True,True,continuation,pdhl,equal_hl,1.09698,0,10.2,,37.8,8.2,113.9,113.9
GBPUSD,1,-1,1.24266,1.2395099200000002,28125,1.2416600000000002,1.23945992,1639.025999999971,2023-04-21 07:15:00+00:00,2023-04-21 08:30:00+00:00,target,amd_ob_m5,momentum,fib_extension,near,ifvg,D,True,240T,0.0,with,inside,ifvg,0.0,with,2,1a,breakout,london_judas,london,,,False,5,1,240T|15T,0,False,240T,,False,1,60T,,,False,False,True,False,,True,dual,8.5,10.0,3.0,3.0,high,28.6,True,2023-04-20 04:15:00+00:00,2023-04-20 06:30:00+00:00,2023-04-20 13:45:00+00:00,2023-04-20 13:55:00+00:00,False,discount,eqh,m15_range,False,False,,golden,,,,,,,,,,,,,,,0,,0,,False,0,4,True,False,0,True,False,True,True,continuation,ob,equal_hl,1.23669,0,35.7,,60.4,153.6,326.1,625.2
EURUSD,1,1,1.0979299999999999,1.10130846,33750,1.0979299999999999,1.10134846,2109.4259625001214,2023-04-24 08:20:00+00:00,2023-04-24 10:05:00+00:00,target,amd_m1_shift_ob,golden,fib_extension,,,,False,,96.5,with,behind,ob,62.2,with,3,golden,mm_golden,london_golden,london,,,False,2,0,,0,False,,,False,0,,,,False,False,False,False,,False,,24.9,48.0,2.0,3.0,low,,True,,,,,,,,m15_range,False,False,,golden,own_ob,240T,respected,15T,2a,15T,ob,,,s3:cont:eu+gu+dxy,,1.0926,1.0984,15T,0,,0,,True,3,4,True,False,0,True,False,True,True,continuation,d1_fvg,equal_hl,1.09839,0,37.5,0.0,0.0,0.0,0.0,0.0
EURUSD,1,-1,1.1032000000000002,1.10424,11250,1.1042,1.09936,-216.4499999999854,2023-04-25 08:00:00+00:00,2023-04-25 10:00:00+00:00,stop,amd_ob_m5,momentum,pdh_pdl,near,fvg,240T,False,,149.2,against,ahead,ob,114.9,against,0,3a,breakout,london_judas,london,,240T,False,4,0,,0,False,,,False,0,,D,,False,False,True,False,,True,single,16.4,15.0,3.0,3.0,high,9.3,True,2023-04-24 18:45:00+00:00,2023-04-25 01:15:00+00:00,2023-04-25 02:15:00+00:00,2023-04-25 02:25:00+00:00,False,premium,eqh,m15_range,False,False,,against,,,,,,,,,,,,,,,0,,0,,False,0,3,True,False,0,True,False,False,True,,,equal_hl,1.098745,0,7.5,,94.9,195.6,329.1,517.1
EURUSD,1,1,1.101,1.10446,42187,1.1045,1.10483,2700.3898700000145,2023-04-26 08:00:00+00:00,2023-04-26 10:05:00+00:00,stop,mss_fvg_m5,momentum,pdh_pdl,near,ifvg,240T,False,,127.2,with,behind,ob,92.9,with,3,3b,breakout,london_judas,london,,,False,4,2,D|240T,1,False,D,D|240T,False,-1,60T,,,False,False,True,False,,True,dual,16.4,15.0,3.0,3.0,high,9.3,False,2023-04-24 18:45:00+00:00,2023-04-25 01:15:00+00:00,2023-04-25 02:15:00+00:00,2023-04-25 02:25:00+00:00,False,premium,eqh,m15_range,False,False,,golden,,,,,,,,,,,,,,,0,,0,,False,0,3,True,False,0,False,False,True,True,continuation,pdhl,equal_hl,1.1070133333333334,0,43.8,,57.9,66.7,66.7,66.7
EURUSD,1,-1,1.09827,1.09895,9000,1.09891,1.095,-113.22000000000232,2023-04-28 12:45:00+00:00,2023-04-28 20:00:00+00:00,stop,amd_ob_m5,no_open,round_number,d3,,,False,,99.9,against,ahead,ob,65.6,against,1,1b,breakout,ny_judas,ny,,,False,2,1,60T|15T,0,False,60T,,False,1,60T,,,False,False,False,False,,False,,29.0,23.0,3.0,4.0,high,1.7,True,2023-04-28 02:00:00+00:00,2023-04-28 07:30:00+00:00,2023-04-28 07:45:00+00:00,2023-04-28 07:55:00+00:00,False,discount,eqh,m15_range,False,False,confirmed,against,,,,,,,,,,,,,,,0,,0,,False,0,2,False,False,0,True,False,False,True,,,equal_hl,1.09704,0,10.4,,19.5,146.3,270.5,467.8
EURUSD,1,-1,1.0997400000000002,1.10078,11250,1.10074,1.09658,-216.4499999999854,2023-05-01 07:15:00+00:00,2023-05-01 15:00:00+00:00,stop,amd_ob_m5,momentum,swing,d3,,,True,240T,114.6,against,ahead,ob,80.3,against,0,3a,breakout,london_judas,london,,,False,5,1,15T,0,False,15T,60T,False,0,,,,False,False,False,False,,True,single,29.0,23.0,3.0,4.0,high,10.3,True,2023-04-28 02:00:00+00:00,2023-04-28 07:30:00+00:00,2023-04-28 16:30:00+00:00,2023-04-28 16:40:00+00:00,,,,m15_range,False,False,opposing,against,,,,,,,,,,,,,,,0,,0,,False,0,4,True,True,0,True,False,False,True,,,equal_hl,1.0989200000000001,0,9.2,,26.0,86.7,253.4,482.5
EURUSD,1,1,1.10294,1.1063,33750,1.10294,1.10634,2097.9000000000187,2023-05-03 07:45:00+00:00,2023-05-03 23:00:00+00:00,target,amd_m1_shift_ifvg,golden,swing,,,,False,,146.6,with,behind,ob,112.3,with,3,golden,mm_golden,london_golden,london,,,False,3,0,,0,False,,,False,0,,,,False,False,False,False,,False,,29.3,46.0,3.0,2.0,low,,True,,,,,,,,m15_range,False,False,,golden,own_ob,240T,respected,,2a,15T,ifvg,,,s3:noref:eu,,1.10122,1.10161,15T,0,,0,,True,3,4,True,False,-1,True,False,True,True,continuation,pdhl,equal_hl,1.10402,0,41.8,0.0,0.0,0.0,0.0,0.0
EURUSD,1,-1,1.09861,1.0986500000000001,22500,1.09861,1.09507,-16.65000000001665,2023-05-09 08:15:00+00:00,2023-05-09 09:05:00+00:00,stop,amd_breaker_m5,momentum,fib_extension,d3,,,False,,103.3,against,ahead,ob,69.0,against,2,3a,judas,london_judas,london,,,False,3,0,,0,False,,,False,1,60T,D,,False,False,True,False,,True,single,32.0,31.0,3.0,2.0,high,3.0,True,2023-05-08 01:15:00+00:00,2023-05-08 08:45:00+00:00,2023-05-08 09:00:00+00:00,2023-05-08 09:00:00+00:00,True,discount,pdh,m15_range,False,False,,against,,,,,,,,,,,,,,,0,,0,,False,0,3,True,False,0,True,False,False,True,,,equal_hl,1.0974266666666666,0,13.4,2.1,20.3,22.9,149.7,471.2
EURUSD,1,-1,1.09609,1.09613,12500,1.09609,1.09201,-9.250000000009251,2023-05-09 13:00:00+00:00,2023-05-09 19:00:00+00:00,stop,amd_fvg_m5,momentum,fib_extension,near,ob,D,False,,78.1,against,ahead,ob,43.8,against,2,1b_h4,judas,ny_judas,ny,,,True,2,0,,0,False,,,False,1,60T,D,,False,False,True,False,,True,single,32.0,31.0,3.0,2.0,high,3.0,True,2023-05-08 01:15:00+00:00,2023-05-08 08:45:00+00:00,2023-05-08 09:00:00+00:00,2023-05-08 09:00:00+00:00,True,discount,pdh,m15_range,False,False,,against,,,,,,,,,,,,,,,0,,0,,False,0,3,True,False,0,True,False,False,True,,,equal_hl,1.09457,0,11.7,,,,124.5,446.0
EURUSD,1,-1,1.09731,1.0963500000000002,12500,1.0963100000000001,1.09418,221.9999999999653,2023-05-11 07:05:00+00:00,2023-05-11 07:30:00+00:00,stop,amd_ob_m5,momentum,equal_hl,near,,,False,,27.6,with,behind,ifvg,27.6,with,2,1b,judas,london_judas,london,,,False,3,1,,0,False,,60T,False,1,60T,240T,,False,False,True,False,,True,single,24.2,21.0,3.0,2.0,high,9.8,True,2023-05-10 15:30:00+00:00,2023-05-11 01:30:00+00:00,2023-05-11 02:15:00+00:00,2023-05-11 02:15:00+00:00,False,discount,eqh,m15_range,False,False,,against,,,,,,,,,,,,,,,0,,0,,False,0,2,False,False,0,True,False,False,True,,,equal_hl,1.09297,0,23.1,0.5,32.6,9.9,136.7,458.2
EURUSD,1,1,1.0867399999999998,1.0866999999999998,14062,1.0867399999999998,1.09,-10.405880000010407,2023-05-15 07:00:00+00:00,2023-05-15 09:55:00+00:00,stop,amd_ob_m15,momentum,round_number,near,fvg,D,True,240T,0.0,with,inside,ifvg,0.0,with,0,3b,breakout,london_judas,london,D,,False,2,2,D|15T,1,False,D,,False,0,,,,False,False,False,False,,True,single,15.4,14.0,2.0,3.0,low,0.2,True,2023-05-12 16:15:00+00:00,2023-05-12 21:30:00+00:00,2023-05-12 21:45:00+00:00,2023-05-12 21:55:00+00:00,,,,m15_range,False,False,,golden,,,,,,,,,,,,,,,0,,0,,False,0,4,True,False,0,True,False,True,True,inside,d1_fvg,equal_hl,1.089165,0,12.7,,131.6,225.2,225.2,225.2
GBPUSD,1,1,1.24786,1.2514899999999998,18000,1.2488599999999999,1.2515399999999999,1208.7899999999333,2023-05-15 08:00:00+00:00,2023-05-15 14:55:00+00:00,target,mss_fvg_m15,momentum,fib_extension,near,ifvg,240T,True,240T,0.0,against,inside,fvg,0.0,against,2,2b_ip,judas,london_judas,london,,,False,3,2,W|D,1,False,W,,False,0,,,,False,False,True,False,,True,single,19.2,32.0,3.0,2.0,high,13.8,False,2023-05-11 21:00:00+00:00,2023-05-12 06:45:00+00:00,2023-05-12 08:15:00+00:00,2023-05-12 08:20:00+00:00,,,,m15_range,False,False,confirmed,against,,,,,,,,,,,,,,,0,,0,,False,0,2,True,False,0,False,False,False,True,,,equal_hl,1.2489133333333333,0,40.7,,162.7,174.6,199.7,199.7
GBPUSD,1,-1,1.2457,1.2423939200000003,11250,1.2447000000000001,1.2423439200000002,688.0778999999516,2023-05-17 08:15:00+00:00,2023-05-17 08:55:00+00:00,target,amd_fvg_m15,momentum,fib_extension,d3,ob,D,False,,0.0,against,inside,fvg,0.0,against,1,1a,breakout,london_judas,london,,,False,3,1,240T,0,False,240T,240T,False,1,60T,D,,False,False,True,False,,True,single,18.4,37.0,3.0,2.0,high,13.4,True,2023-05-15 18:30:00+00:00,2023-05-16 06:30:00+00:00,2023-05-16 10:00:00+00:00,2023-05-16 10:05:00+00:00,False,discount,eqh,m15_range,False,False,confirmed,golden,,,,,,,,,,,,,,,0,,0,,False,0,4,True,False,0,True,False,True,True,continuation,breaker,equal_hl,1.2416099999999999,0,35.8,,14.8,22.2,105.2,655.6
EURUSD,1,-1,1.0821,1.07907,18000,1.0786,1.07903,1008.9900000000293,2023-05-18 08:15:00+00:00,2023-05-18 20:00:00+00:00,target,amd_fvg_h1,momentum,fib_extension,d30,ob,240T,False,,3.3,against,ahead,ifvg,3.3,against,2,3a,breakout,london_judas,london,,,False,3,2,240T|60T|15T,0,True,240T,240T|60T,False,0,,,,False,False,True,False,,True,dual,9.7,18.0,2.0,4.0,high,3.5,True,2023-05-17 18:45:00+00:00,2023-05-18 02:00:00+00:00,2023-05-18 02:15:00+00:00,2023-05-18 02:25:00+00:00,False,discount,eqh,m15_range,False,False,,against,,,,,,,,,,,,,,,0,,0,,False,0,3,True,False,0,True,False,False,True,,,equal_hl,1.0763600000000002,0,55.1,,7.2,,7.2,306.1
EURUSD,1,-1,1.07759,1.07863,11250,1.07859,1.0730000000000002,-216.4499999999854,2023-05-23 12:00:00+00:00,2023-05-24 06:55:00+00:00,stop,amd_fvg_m5,no_open,fib_extension,d30,ifvg,D,True,D,16.9,against,ahead,ifvg,16.9,against,1,1b_h4,breakout,ny_judas,ny,,240T,False,1,1,,0,False,,240T,False,0,,D,,False,False,True,False,,False,,34.3,69.0,2.0,2.0,high,-16.9,True,2023-05-22 04:00:00+00:00,2023-05-23 04:00:00+00:00,2023-05-23 07:45:00+00:00,2023-05-23 07:45:00+00:00,True,discount,pdh,session_range,False,False,,against,,,,,,,,,,,,,,,0,,0,,False,0,3,True,False,0,True,False,False,True,,,equal_hl,1.0761825,0,9.5,,16.8,,16.8,261.0
GBPUSD,1,-1,1.23831,1.2383600000000001,28125,1.23831,1.23528,-26.0156250000549,2023-05-24 11:00:00+00:00,2023-05-24 13:00:00+00:00,stop,amd_fvg_m5,momentum,itl_liquidity,d30,ifvg,D,True,D,0.0,against,inside,ifvg,0.0,against,2,1a,breakout,ny_judas,ny,,,False,5,1,240T|60T,0,False,240T,240T|60T,False,0,,,,False,False,True,False,,True,dual,30.8,44.0,2.0,2.0,high,30.2,True,2023-05-23 16:00:00+00:00,2023-05-24 06:45:00+00:00,2023-05-24 07:30:00+00:00,2023-05-24 07:40:00+00:00,False,discount,vah,m15_range,False,False,confirmed,golden,,,,,,,,,,,,,,,0,,0,,False,0,3,False,False,0,True,False,True,True,continuation,breaker,equal_hl,1.2366975,0,19.3,,7.8,,17.5,374.4
GBPUSD,1,-1,1.24037,1.2367100000000002,22500,1.24037,1.23666,1523.474999999906,2023-05-24 13:40:00+00:00,2023-05-24 15:10:00+00:00,target,amd_m1_shift_ifvg,golden,swing,,,,False,,9.0,against,ahead,ifvg,9.0,against,2,golden,mm_golden,ny_golden,ny,,,False,1,0,,0,False,,,False,0,,,,False,False,False,False,,False,,30.8,44.0,2.0,2.0,high,,True,,,,,,,,m15_range,False,False,,golden,cascade,240T,failed,,1a,15T,ifvg,,,s2:cont:eu+gu+dxy,,1.2413,1.24189,60T,0,,0,,True,1,3,False,False,0,True,False,True,True,continuation,breaker,equal_hl,1.2399962500000001,0,39.1,0.0,0.0,0.0,0.0,0.0
GBPUSD,1,1,1.2351,1.23405,22500,1.2341000000000002,1.23867,-437.06249999999807,2023-05-26 08:15:00+00:00,2023-05-26 08:40:00+00:00,stop,amd_ob_m5,momentum,pdh_pdl,near,,,False,,48.7,with,behind,ifvg,48.7,with,2,2b_ip,judas,london_judas,london,,,False,4,2,W|D|15T,1,False,W,,False,0,,,,False,False,True,False,,True,single,9.4,10.0,2.0,2.0,low,5.1,True,2023-05-25 19:30:00+00:00,2023-05-25 23:45:00+00:00,2023-05-26 01:15:00+00:00,2023-05-26 01:15:00+00:00,False,premium,eql,m15_range,False,False,confirmed,against,,,,,,,,,,,,,,,0,,0,,False,0,3,True,False,0,True,False,False,True,,,equal_hl,1.2390949999999998,0,1.8,,119.1,327.3,327.3,327.3
GBPUSD,1,1,1.23782,1.23677,18000,1.23682,1.2429746600000002,-349.64999999999844,2023-05-26 12:00:00+00:00,2023-05-26 14:05:00+00:00,stop,amd_fvg_m5,no_open,fib_extension,near,ob,240T,True,240T,75.9,with,behind,ifvg,75.9,with,2,2b_ip,breakout,ny_judas,ny,,,False,2,2,W|D|15T,1,False,W,,False,0,,,,False,False,True,False,,False,,9.4,10.0,2.0,2.0,low,5.1,True,2023-05-25 19:30:00+00:00,2023-05-25 23:45:00+00:00,2023-05-26 01:15:00+00:00,2023-05-26 01:15:00+00:00,False,premium,eql,m15_range,False,False,confirmed,against,,,,,,,,,,,,,,,0,,0,,False,0,3,True,False,0,True,False,False,True,,,equal_hl,1.2390949999999998,0,17.0,,91.9,300.1,300.1,300.1
EURUSD,1,1,1.07412,1.07324,11250,1.07328,1.07738,-183.14999999999833,2023-05-29 07:00:00+00:00,2023-05-29 08:00:00+00:00,stop,amd_ob_m5,momentum,swing,d3,,,True,D,14.4,against,ahead,ifvg,14.4,against,0,3b,breakout,london_judas,london,,,False,3,1,15T,0,False,15T,,False,-1,60T,,,False,False,False,False,,True,single,33.0,44.0,2.0,3.0,low,22.4,True,2023-05-26 02:00:00+00:00,2023-05-26 13:45:00+00:00,2023-05-26 16:15:00+00:00,2023-05-26 16:20:00+00:00,,,,m15_range,False,False,confirmed,golden,,,,,,,,,,,,,,,0,,0,,False,0,4,True,True,0,True,False,False,True,,,equal_hl,1.07564,0,2.2,,16.9,164.3,351.4,351.4
GBPUSD,1,1,1.2427,1.24165,28125,1.2417,1.24691,-546.3281249999976,2023-05-30 11:00:00+00:00,2023-05-30 11:05:00+00:00,stop,amd_fvg_m5,momentum,ith_liquidity,near,ifvg,240T,False,,113.2,against,ahead,ifvg,113.2,against,2,2b_h4,breakout,ny_judas,ny,,,False,3,2,W|D|15T,1,False,W,,False,-1,60T,240T,,False,False,True,False,,True,dual,33.1,46.0,2.0,2.0,low,8.1,True,2023-05-29 08:00:00+00:00,2023-05-30 02:15:00+00:00,2023-05-30 07:00:00+00:00,2023-05-30 07:10:00+00:00,True,premium,pdl,m15_range,False,False,,against,,,,,,,,,,,,,,,0,,0,,False,0,4,True,True,0,True,False,False,True,,,equal_hl,1.244426,0,0.0,,,120.1,251.3,251.3
GBPUSD,1,-1,1.2426,1.23804458,22500,1.2390999999999999,1.2379945799999998,1896.1935749999902,2023-06-05 07:00:00+00:00,2023-06-05 12:25:00+00:00,target,amd_fvg_m5,momentum,fib_extension,d3,ob,240T,False,,114.2,with,behind,ifvg,114.2,with,2,1a,breakout,london_judas,london,,,False,3,1,,0,False,,240T,False,0,,,,False,False,True,False,,True,single,24.3,32.0,2.0,2.0,high,4.1,True,2023-06-01 16:00:00+00:00,2023-06-02 03:45:00+00:00,2023-06-02 04:15:00+00:00,2023-06-02 04:20:00+00:00,,,,m15_range,False,False,,golden,,,,,,,,,,,,,,,0,,0,,False,0,3,True,False,0,True,False,False,True,,,equal_hl,1.2406625,0,48.9,1.2,26.4,118.5,118.5,208.4
EURUSD,1,1,1.0724099999999999,1.0720699999999999,33781,1.07211,1.07789,-212.48249000000433,2023-06-06 07:00:00+00:00,2023-06-06 08:00:00+00:00,stop,amd_m1_shift_ifvg,golden,judas_origin_60T,,,,False,,58.0,with,behind,ifvg,58.0,with,2,golden,mm_golden,london_golden,london,,,False,4,0,,0,False,,,False,0,,,,False,False,False,False,,False,,34.2,63.0,2.0,2.0,low,,True,,,,,,,,m15_range,False,False,,golden,cascade,,failed,,2a,60T,ifvg,,,s3:smt:gu+dxy,,1.07193,1.07225,60T,0,,0,,True,1,3,True,False,0,True,False,False,True,,,equal_hl,1.0729575000000002,0,8.7,0.0,0.0,0.0,0.0,0.0
EURUSD,1,-1,1.0688,1.06984,11250,1.0697999999999999,1.0654245,-216.4499999999854,2023-06-06 11:00:00+00:00,2023-06-06 11:55:00+00:00,stop,amd_fvg_m5,momentum,fib_extension,d3,ifvg,D,True,240T,21.9,against,ahead,ifvg,21.9,against,0,3a,breakout,ny_judas,ny,,,False,4,2,,-1,False,,D,False,0,,D,,False,False,True,False,,True,single,23.9,43.0,3.0,2.0,high,1.7,True,2023-06-05 16:45:00+00:00,2023-06-06 07:15:00+00:00,2023-06-06 07:30:00+00:00,2023-06-06 07:30:00+00:00,False,discount,eqh,m15_range,False,False,,against,,,,,,,,,,,,,,,0,,0,,False,0,3,True,False,0,True,False,False,True,,,equal_hl,1.0672366666666666,0,5.7,,11.2,,53.4,53.4
NZDUSD,1,-1,0.606675,0.60775,33750,0.607675,0.6036,-671.2031250000301,2023-06-07 07:15:00+00:00,2023-06-07 09:55:00+00:00,stop,amd_fvg_m15,momentum,equal_hl,d3,fvg,W,True,240T,8.7,against,ahead,ifvg,8.7,against,3,N-short_h4,judas,london_judas,london,,,False,5,2,D|15T,-1,False,D,D,False,0,,D,,False,False,True,False,,True,single,18.4,23.0,2.0,3.0,high,0.3,True,2023-06-06 16:45:00+00:00,2023-06-07 02:15:00+00:00,2023-06-07 02:30:00+00:00,2023-06-07 02:30:00+00:00,False,discount,eqh,m15_range,False,False,,,,,,,,,,,,,,,,,0,,0,,False,0,4,True,False,0,True,False,True,True,continuation,d1_fvg,equal_hl,0.60568,0,8.8,,27.3,33.4,80.3,80.3
GBPUSD,1,1,1.26482,1.26795,9000,1.26582,1.268,521.1449999999759,2023-06-14 13:00:00+00:00,2023-06-14 15:00:00+00:00,target,amd_fvg_h1,momentum,round_number,d60,ifvg,W,False,,114.4,with,behind,fvg,114.4,with,1,2b,breakout,ny_judas,ny,,,False,3,2,240T,1,False,240T,W|240T|60T,False,0,,,,False,False,False,False,,True,single,10.6,13.0,8.0,2.0,low,4.5,True,2023-06-14 03:00:00+00:00,2023-06-14 06:00:00+00:00,2023-06-14 06:30:00+00:00,2023-06-14 06:30:00+00:00,False,premium,eql,m15_range,False,False,,against,,,,,,,,,,,,,,,0,,0,,False,0,2,True,False,-1,True,False,False,False,,,,0.0,0,35.8,2.3,,,30.1,30.1
GBPUSD,1,1,1.2794,1.2830772799999999,22500,1.2794,1.28312728,1530.6677999999094,2023-06-16 11:00:00+00:00,2023-06-16 13:05:00+00:00,target,amd_m1_shift_ob,golden,fib_extension,,,,False,,164.8,with,behind,fvg,164.8,with,2,golden,mm_golden,ny_golden,ny,,,False,1,0,,0,False,,,False,0,,,,False,False,False,False,,False,,15.5,14.0,2.0,3.0,low,,True,,,,,,,,m15_range,False,False,,golden,own_ob,,respected,15T,2b,15T,ob,,,s2:smt:gu,,1.27678,1.27826,60T,0,,0,,True,2,2,False,False,1,True,False,False,False,,,,0.0,0,43.1,0.0,0.0,0.0,0.0,0.0
NZDUSD,1,1,0.619325,0.61825,9000,0.618325,0.62249,-178.98750000000803,2023-06-20 08:30:00+00:00,2023-06-20 10:15:00+00:00,stop,amd_fvg_m15,momentum,swing,near,ifvg,D,True,D,0.0,against,inside,ifvg,0.0,against,1,N-long,judas,london_judas,london,,,False,3,2,,1,False,,W|240T|60T,False,-1,60T,,,False,False,False,False,,True,single,30.5,43.0,5.0,2.0,low,14.5,True,2023-06-19 11:45:00+00:00,2023-06-20 05:15:00+00:00,2023-06-20 06:15:00+00:00,2023-06-20 06:20:00+00:00,False,discount,eql,m15_range,False,False,,,,,,,,,,,,,,,,,0,,0,,False,0,4,True,False,0,True,False,True,True,inside,d1_fvg,equal_hl,0.6196759999999999,0,2.4,13.2,55.0,,110.2,192.2
GBPUSD,1,-1,1.27568,1.27673,14062,1.2766799999999998,1.272,-273.1543499999988,2023-06-22 13:00:00+00:00,2023-06-22 13:10:00+00:00,stop,mss_fvg_m5,momentum,round_number,near,fvg,D,True,D,0.0,against,inside,fvg,0.0,against,1,1a_ip,judas,ny_judas,ny,,,False,4,2,60T,-1,False,60T,D,False,1,60T,,,False,False,False,False,,True,dual,13.8,33.0,3.0,2.0,low,54.6,False,2023-06-20 20:45:00+00:00,2023-06-21 06:45:00+00:00,2023-06-21 12:00:00+00:00,2023-06-21 12:00:00+00:00,False,discount,eql,m15_range,False,False,confirmed,golden,,,,,,,,,,,,,,,0,,0,,False,0,2,False,False,0,False,False,True,True,continuation,d1_fvg,equal_hl,1.262695,0,2.0,19.3,58.6,384.7,449.3,449.3
EURUSD,1,-1,1.0923800000000001,1.0914200000000003,14062,1.0913800000000002,1.0879999999999999,249.74111999996094,2023-06-23 07:30:00+00:00,2023-06-23 08:15:00+00:00,stop,amd_fvg_h1,momentum,fib_extension,d3,ifvg,D,True,240T,2.1,against,ahead,ifvg,2.1,against,0,1b,breakout,london_judas,london,W,,False,3,2,240T|15T,-1,False,240T,D,False,1,60T,D,,False,False,True,False,,True,single,24.2,51.0,3.0,2.0,high,4.2,True,2023-06-21 19:15:00+00:00,2023-06-22 10:45:00+00:00,2023-06-22 11:15:00+00:00,2023-06-22 11:25:00+00:00,True,discount,pdh,m15_range,False,False,confirmed,against,,,,,,,,,,,,,,,0,,0,,False,0,3,False,False,1,True,False,False,True,,,equal_hl,1.09091,0,40.3,,25.1,257.8,289.2,289.2
EURUSD,1,1,1.0906399999999998,1.0905999999999998,28125,1.0906399999999998,1.09474,-20.812500000020815,2023-06-26 12:00:00+00:00,2023-06-26 17:10:00+00:00,stop,mss_fvg_m15,no_open,equal_hl,near,fvg,W,True,240T,0.0,with,inside,ifvg,0.0,with,2,2a,judas,ny_judas,ny,,D,False,4,2,,1,False,,W|240T|60T,False,-1,60T,,,False,False,True,False,,False,,24.4,39.0,8.0,2.0,high,1.1,False,2023-06-23 17:15:00+00:00,2023-06-26 06:45:00+00:00,2023-06-26 07:00:00+00:00,2023-06-26 07:10:00+00:00,,,,m15_range,False,False,confirmed,golden,,,,,,,,,,,,,,,0,,0,,False,0,3,True,False,0,False,False,True,True,continuation,w_fvg,equal_hl,1.0946150000000001,0,13.5,4.2,102.6,60.3,102.6,186.2
EURUSD,1,-1,1.0943200000000002,1.0953600000000001,11250,1.09532,1.09086,-216.4499999999854,2023-06-28 07:20:00+00:00,2023-06-28 08:40:00+00:00,stop,amd_ob_m5,momentum,equal_hl,near,fvg,W,False,,21.5,against,ahead,ob,0.0,with,1,3a,judas,london_judas,london,,,False,4,3,240T|15T,-1,True,240T,D,False,-1,60T,,,False,False,True,False,,True,single,8.5,13.0,3.0,3.0,high,0.1,True,2023-06-28 03:45:00+00:00,2023-06-28 06:45:00+00:00,2023-06-28 07:00:00+00:00,2023-06-28 07:05:00+00:00,False,discount,eqh,m15_range,False,False,,against,,,,,,,,,,,,,,,0,,0,,False,0,3,True,False,0,True,False,False,True,,,equal_hl,1.0927033333333334,0,7.2,2.0,56.8,211.1,308.6,308.6
GBPUSD,2,-1,1.2636100000000001,1.2636600000000002,9000,1.2636100000000001,1.25910496,-8.325000000017567,2023-06-28 13:40:00+00:00,2023-06-28 16:20:00+00:00,stop,pyramid_wamd1.0_fvg_m5,no_open,fib_extension,near,fvg,W,True,240T,23.5,against,ahead,fvg,23.5,against,1,1a,breakout,ny_judas,ny,,,False,2,2,15T,-1,False,15T,D,False,1,60T,D,,False,False,True,False,,False,,10.7,9.0,2.0,2.0,high,0.7,True,2023-06-28 03:30:00+00:00,2023-06-28 05:30:00+00:00,2023-06-28 08:30:00+00:00,2023-06-28 08:30:00+00:00,False,discount,eqh,m15_range,False,False,confirmed,golden,,,,,,,,,,,,,,,0,,0,,False,0,3,True,False,0,True,False,False,True,,,equal_hl,1.262695,0,27.9,,,165.7,345.2,345.2
GBPUSD,1,-1,1.2652700000000001,1.2643200000000003,11250,1.2642700000000002,1.25910496,197.71874999995512,2023-06-28 13:00:00+00:00,2023-06-28 17:15:00+00:00,stop,amd_fvg_m5,no_open,fib_extension,near,fvg,W,True,240T,23.5,against,ahead,fvg,23.5,against,1,1a,breakout,ny_judas,ny,,,False,2,2,15T,-1,False,15T,D,False,1,60T,D,,False,False,True,False,,False,,10.7,9.0,2.0,2.0,high,0.7,True,2023-06-28 03:30:00+00:00,2023-06-28 05:30:00+00:00,2023-06-28 08:30:00+00:00,2023-06-28 08:30:00+00:00,False,discount,eqh,m15_range,False,False,confirmed,golden,,,,,,,,,,,,,,,0,,0,,False,0,3,True,False,0,True,False,False,True,,,equal_hl,1.262695,0,44.5,,,165.7,345.2,345.2
NZDUSD,1,-1,0.610355,0.60943,18000,0.609355,0.60623,308.0249999999846,2023-06-28 07:20:00+00:00,2023-06-29 02:25:00+00:00,stop,amd_fvg_m5,momentum,equal_hl,near,ifvg,W,False,,0.0,against,inside,fvg,0.0,against,2,N-short,judas,london_judas,london,,,False,3,2,240T|15T,-1,False,240T,D,False,-1,60T,D,,False,False,True,False,,True,single,22.9,15.0,2.0,2.0,high,1.9,True,2023-06-27 09:15:00+00:00,2023-06-27 13:45:00+00:00,2023-06-27 15:00:00+00:00,2023-06-27 15:00:00+00:00,False,discount,eqh,m15_range,False,False,,,,,,,,,,,,,,,,,0,,0,,False,0,4,True,False,0,True,False,True,True,continuation,d1_fvg,equal_hl,0.608845,0,35.5,,,,117.1,117.1
GBPUSD,1,-1,1.26248,1.2615300000000003,14062,1.2614800000000002,1.2587899999999999,247.1396499999439,2023-06-29 13:30:00+00:00,2023-06-29 13:50:00+00:00,stop,amd_ob_m5,momentum,fib_extension,d3,fvg,W,True,240T,0.0,against,inside,ifvg,0.0,against,1,1a_ip,breakout,ny_judas,ny,,,False,3,3,60T,-1,True,60T,D,True,0,,240T,,False,False,True,False,,True,single,20.4,19.0,2.0,4.0,high,14.2,True,2023-06-28 16:30:00+00:00,2023-06-29 01:00:00+00:00,2023-06-29 13:00:00+00:00,2023-06-29 13:10:00+00:00,False,discount,eqh,m15_range,False,False,,golden,,,,,,,,,,,,,,,0,,0,,False,0,3,True,False,0,True,False,False,True,,,equal_hl,1.260205,0,20.8,11.4,17.6,137.8,317.3,317.3
EURUSD,1,-1,1.09007,1.0891100000000002,9000,1.0890700000000002,1.08676,159.839999999975,2023-07-03 07:00:00+00:00,2023-07-03 10:00:00+00:00,stop,amd_fvg_m5,momentum,fib_extension,near,ifvg,D,True,240T,0.0,against,inside,ifvg,0.0,against,1,3a,breakout,london_judas,london,,,False,3,2,240T|60T,-1,False,240T,D,False,0,,D,,False,False,True,False,,False,,23.0,8.0,3.0,2.0,high,3.2,True,2023-06-30 14:00:00+00:00,2023-06-30 16:45:00+00:00,2023-06-30 17:00:00+00:00,2023-06-30 17:00:00+00:00,,,,m15_range,False,False,,against,,,,,,,,,,,,,,,0,,0,,False,0,4,True,True,0,True,False,False,True,,,equal_hl,1.08656,0,30.5,1.2,66.4,57.3,266.1,266.1
GBPUSD,1,1,1.27492,1.27387,28125,1.2739200000000002,1.27789,-546.3281249999976,2023-07-07 07:10:00+00:00,2023-07-07 07:50:00+00:00,stop,amd_m1_shift_ifvg,golden,judas_origin_60T,,,,False,,56.6,against,ahead,fvg,56.6,against,2,golden,mm_golden,london_golden,london,,,False,4,0,,0,False,,,False,0,,,,False,False,False,False,,False,,17.4,27.0,3.0,4.0,low,,True,,,,,,,,m15_range,False,False,,golden,cascade,,failed,,2b,60T,ifvg,,,s3:cont:eu+gu+dxy,,1.27217,1.27384,60T,0,,0,,True,1,2,False,False,0,True,False,False,True,,,equal_hl,1.2751625,0,0.0,0.0,0.0,0.0,0.0,0.0
GBPUSD,1,1,1.29054,1.28949,18000,1.2895400000000001,1.29549768,-349.64999999999844,2023-07-11 07:15:00+00:00,2023-07-11 07:50:00+00:00,stop,amd_fvg_m5,momentum,fib_extension,near,ifvg,W,False,,75.0,with,behind,ifvg,75.0,with,2,2b_ip,breakout,london_judas,london,,,False,2,2,240T|60T|15T,1,False,240T,W|240T|60T,False,0,,,,False,False,True,False,,True,single,27.0,31.0,2.0,2.0,low,47.8,True,2023-07-10 03:15:00+00:00,2023-07-10 10:45:00+00:00,2023-07-10 13:45:00+00:00,2023-07-10 13:55:00+00:00,False,premium,eql,m15_range,False,False,,against,,,,,,,,,,,,,,,0,,0,,False,0,2,True,False,0,True,False,False,False,,,,0.0,0,7.8,,,,,
EURUSD,1,1,1.11479,1.11375,15625,1.11379,1.11848,-300.62499999997976,2023-07-13 07:25:00+00:00,2023-07-13 08:25:00+00:00,stop,mss_ob_m5,momentum,ith_liquidity,near,ob,W,False,,136.8,with,behind,fvg,136.8,with,2,3b,judas,london_judas,london,,,False,4,2,240T|60T|15T,1,False,240T,W|240T|60T,False,0,,,,False,False,True,False,,True,dual,31.5,31.0,2.0,2.0,high,0.9,False,2023-07-12 16:30:00+00:00,2023-07-13 04:00:00+00:00,2023-07-13 04:15:00+00:00,2023-07-13 04:15:00+00:00,False,premium,eqh,m15_range,False,False,,golden,,,,,,,,,,,,,,,0,,0,,False,0,1,False,False,0,False,False,True,False,continuation,d1_fvg,,0.0,0,9.8,1.6,,,,
GBPUSD,1,1,1.30728,1.30623,5000,1.30628,1.3103715999999999,-97.12499999999957,2023-07-13 12:35:00+00:00,2023-07-13 12:45:00+00:00,stop,amd_fvg_m5,no_open,fib_extension,near,ob,W,False,,169.0,with,behind,fvg,169.0,with,1,2b_ip,judas,ny_judas,ny,,,True,2,2,240T|60T,1,False,240T,W|240T|60T,False,0,,,,False,False,False,False,,False,,30.6,23.0,2.0,3.0,low,2.1,True,2023-07-12 19:30:00+00:00,2023-07-13 04:00:00+00:00,2023-07-13 07:00:00+00:00,2023-07-13 07:00:00+00:00,False,premium,eql,m15_range,False,False,,against,,,,,,,,,,,,,,,0,,0,,False,0,1,False,False,0,True,False,False,False,,,,0.0,0,0.4,,,,,
EURUSD,1,1,1.1234499999999998,1.1234099999999998,6250,1.1234499999999998,1.12711,-4.625000000004626,2023-07-17 08:00:00+00:00,2023-07-17 17:10:00+00:00,stop,amd_ob_m5,momentum,fib_extension,d60,fvg,W,False,,30.4,with,behind,fvg,30.4,with,1,3b,judas,london_judas,london,,,False,2,2,240T|60T,1,False,240T,W|240T|60T,False,0,,,,False,False,False,False,,True,single,27.7,40.0,3.0,2.0,low,2.4,True,2023-07-14 09:00:00+00:00,2023-07-17 02:45:00+00:00,2023-07-17 03:00:00+00:00,2023-07-17 03:00:00+00:00,,,,m15_range,False,False,confirmed,golden,,,,,,,,,,,,,,,0,,0,,False,0,4,True,False,0,True,False,True,True,continuation,d1_fvg,equal_hl,1.1246749999999999,0,14.2,,11.2,,11.2,11.2
GBPUSD,1,-1,1.29415,1.2952,6250,1.2951499999999998,1.29038,-121.40624999999947,2023-07-19 07:30:00+00:00,2023-07-19 07:45:00+00:00,stop,amd_fvg_m5,momentum,swing,near,ifvg,D,False,,0.0,against,inside,fvg,0.0,against,1,1a,breakout,london_judas,london,,,False,3,1,15T,0,False,15T,,False,1,60T,,,False,False,False,False,,True,single,19.7,15.0,2.0,4.0,high,21.6,True,2023-07-18 03:15:00+00:00,2023-07-18 06:45:00+00:00,2023-07-18 12:00:00+00:00,2023-07-18 12:00:00+00:00,False,discount,eqh,m15_range,False,False,,golden,,,,,,,,,,,,,,,0,,0,,False,0,4,True,False,0,True,False,True,True,continuation,ob,equal_hl,1.282765,0,11.5,,,284.3,429.4,634.0
NZDUSD,1,-1,0.624335,0.62441,10000,0.624335,0.6206666666666667,-13.875000000008741,2023-07-19 07:20:00+00:00,2023-07-19 08:00:00+00:00,stop,amd_fvg_m15,momentum,equal_hl,near,ob,D,False,,0.0,against,inside,ifvg,0.0,against,2,N-short,breakout,london_judas,london,,,False,3,2,W|60T,-1,False,W,,False,1,60T,,,False,False,True,False,,True,single,15.9,10.0,2.0,2.0,high,26.4,True,2023-07-18 17:15:00+00:00,2023-07-18 21:30:00+00:00,2023-07-18 23:45:00+00:00,2023-07-18 23:45:00+00:00,False,discount,none,m15_range,False,False,,,,,,,,,,,,,,,,,0,,0,,False,0,3,False,False,0,True,False,True,True,continuation,d1_fvg,equal_hl,0.6229633333333333,0,18.5,,,118.6,194.5,256.9
GBPUSD,1,-1,1.28945,1.2850500000000002,12500,1.28945,1.2850000000000001,1017.4999999999393,2023-07-20 11:55:00+00:00,2023-07-20 16:05:00+00:00,target,amd_m1_shift_ifvg,golden,round_number,,,,False,,0.0,against,inside,ifvg,0.0,against,2,golden,mm_golden,ny_golden,ny,,,False,3,0,,0,False,,,False,0,,,,False,False,False,False,,False,,34.9,20.0,2.0,2.0,high,,True,,,,,,,,m15_range,False,False,,golden,cascade,,failed,,1a,5T,ifvg,,,s2:cont:eu+gu+dxy,,1.29159,1.29225,15T,0,,0,,True,1,3,True,False,0,True,False,False,True,,,equal_hl,1.283525,0,44.5,0.0,0.0,0.0,0.0,0.0
NZDUSD,1,1,0.618175,0.6191,9000,0.619175,0.62126,154.0124999999923,2023-07-24 07:45:00+00:00,2023-07-24 15:30:00+00:00,stop,amd_ob_m5,momentum,pdh_pdl,near,fvg,D,True,240T,0.0,against,inside,fvg,0.0,against,0,N-long,breakout,london_judas,london,,240T,False,3,2,D,1,False,D,W,False,0,,D,,False,False,True,False,,True,single,32.9,32.0,2.0,2.0,low,3.8,True,2023-07-21 12:45:00+00:00,2023-07-24 02:30:00+00:00,2023-07-24 03:00:00+00:00,2023-07-24 03:10:00+00:00,,,,m15_range,False,False,,,,,,,,,,,,,,,,,0,,0,,False,0,4,True,False,0,True,False,True,True,continuation,breaker,equal_hl,0.6197725,0,23.8,,127.0,230.9,230.9,230.9
GBPUSD,1,1,1.29635,1.2962999999999998,22500,1.29635,1.29967352,-20.812500000043922,2023-07-27 08:00:00+00:00,2023-07-27 10:40:00+00:00,stop,amd_m1_shift_ifvg,golden,fib_extension,,,,False,,0.8,against,ahead,fvg,0.8,against,2,golden,mm_golden,london_golden,london,,,False,2,0,,0,False,,,False,0,,,,False,False,False,False,,False,,32.7,21.0,2.0,3.0,low,,True,,,,,,,,m15_range,False,False,,golden,cascade,,failed,,2b,60T,ifvg,,,s2:smt:eu+gu,,1.29344,1.29403,60T,0,,0,,True,1,3,False,False,1,True,False,False,True,,,equal_hl,1.29977,0,31.8,0.0,0.0,0.0,0.0,0.0
EURUSD,1,-1,1.09606,1.0971,11250,1.09706,1.0923162000000002,-216.4499999999854,2023-07-28 08:05:00+00:00,2023-07-28 08:10:00+00:00,stop,mss_breaker_m15,momentum,fib_extension,near,ifvg,D,True,D,4.3,against,ahead,ifvg,4.3,against,1,1b,judas,london_judas,london,,,False,2,1,240T,0,False,240T,,False,0,,D,,False,False,True,False,,True,single,34.9,33.0,2.0,2.0,low,17.6,False,2023-07-27 17:00:00+00:00,2023-07-28 05:00:00+00:00,2023-07-28 06:30:00+00:00,2023-07-28 06:35:00+00:00,True,discount,pdl,m15_range,False,False,,against,,,,,,,,,,,,,,,0,,0,,False,0,2,False,False,1,False,False,False,True,,,equal_hl,1.09483,0,-0.0,,,18.1,127.8,326.0
GBPUSD,1,1,1.2824,1.28535568,14062,1.2859,1.28540568,768.9112849599753,2023-07-28 11:15:00+00:00,2023-07-28 13:00:00+00:00,target,amd_fvg_m5,momentum,fib_extension,near,,,False,,0.0,with,inside,ifvg,0.0,with,1,2b_ip,judas,ny_judas,ny,,D,False,4,3,15T,1,True,15T,W|D,True,-1,60T,D,,False,False,True,False,,True,dual,22.0,24.0,2.0,2.0,low,23.2,True,2023-07-27 22:00:00+00:00,2023-07-28 04:45:00+00:00,2023-07-28 05:30:00+00:00,2023-07-28 05:30:00+00:00,True,discount,pdl,m15_range,False,False,,against,,,,,,,,,,,,,,,0,,0,,False,0,3,False,False,1,True,False,False,True,,,equal_hl,1.288545,0,50.9,,172.3,319.1,319.1,319.1
EURUSD,1,1,1.1035899999999998,1.1031499999999999,35156,1.10319,1.1075099999999998,-286.1698399999974,2023-07-31 11:50:00+00:00,2023-07-31 12:05:00+00:00,stop,mss_fvg_m5,momentum,fib_extension,near,fvg,W,True,240T,50.9,against,ahead,ifvg,50.9,against,2,3b,breakout,ny_judas,ny,W,W,False,3,2,,1,False,,W|D,False,-1,60T,240T,,False,False,True,False,,True,dual,32.5,64.0,3.0,4.0,high,2.5,False,2023-07-28 17:15:00+00:00,2023-07-31 11:00:00+00:00,2023-07-31 11:45:00+00:00,2023-07-31 11:45:00+00:00,,,,m15_range,False,False,confirmed,golden,,,,,,,,,,,,,,,0,,0,,False,0,4,True,True,0,False,False,True,True,continuation,d1_fvg,equal_hl,1.1046649999999998,0,1.3,,108.9,240.6,240.6,240.6
EURUSD,1,-1,1.0982500000000002,1.0982900000000002,11250,1.0982500000000002,1.095,-8.325000000008325,2023-08-01 08:00:00+00:00,2023-08-01 11:55:00+00:00,stop,amd_ob_m5,momentum,round_number,near,ifvg,D,True,D,4.2,against,ahead,ifvg,4.2,against,1,3a,breakout,london_judas,london,,,False,6,1,240T|60T|15T,0,False,240T,240T|60T,False,0,,,,False,False,False,False,,True,single,17.7,16.0,2.0,3.0,high,1.1,True,2023-08-01 03:30:00+00:00,2023-08-01 07:15:00+00:00,2023-08-01 07:30:00+00:00,2023-08-01 07:35:00+00:00,False,discount,eqh,m15_range,False,False,,against,,,,,,,,,,,,,,,0,,0,,False,0,4,True,True,0,True,False,False,True,,,equal_hl,1.0958266666666667,0,16.7,3.1,39.9,,149.7,347.9
GBPUSD,1,-1,1.27843,1.2774800000000002,14062,1.27743,1.27502,247.1396499999439,2023-08-01 13:00:00+00:00,2023-08-01 14:20:00+00:00,stop,amd_fvg_m5,momentum,swing,d3,,,False,,0.0,against,inside,ifvg,0.0,against,1,1a_h4,breakout,ny_judas,ny,,,False,4,1,60T|15T,0,False,60T,240T|60T,False,0,,,,False,False,False,False,,True,single,7.7,13.0,3.0,4.0,high,2.0,True,2023-07-31 20:00:00+00:00,2023-07-31 23:00:00+00:00,2023-07-31 23:15:00+00:00,2023-07-31 23:15:00+00:00,False,discount,eqh,m15_range,False,False,,golden,,,,,,,,,,,,,,,0,,0,,False,0,5,True,True,0,True,False,True,True,continuation,d1_fvg,equal_hl,1.274545,0,28.6,6.1,22.7,,188.0,476.8
EURUSD,1,1,1.09944,1.0984,28125,1.09844,1.10458,-541.1249999999635,2023-08-02 07:40:00+00:00,2023-08-02 08:00:00+00:00,stop,amd_m1_shift_ob2,golden,judas_origin_60T,,,,False,,16.1,with,behind,ifvg,16.1,with,2,golden,mm_golden,london_golden,london,,,False,5,0,,0,False,,,False,0,,,,False,False,False,False,,False,,27.7,13.0,2.0,2.0,low,,True,,,,,,,,m15_range,False,False,,golden,cascade,240T,failed,,2a,5T,ob2,,,s3:cont:eu+gu+dxy,,1.09813,1.09862,15T,0,,0,,True,1,4,True,False,0,True,False,True,True,continuation,breaker,equal_hl,1.1009066666666667,0,1.7,0.0,0.0,0.0,0.0,0.0
EURUSD,1,-1,1.0980400000000001,1.09894,11250,1.0989,1.095,-187.31249999997937,2023-08-07 07:00:00+00:00,2023-08-07 08:25:00+00:00,stop,amd_fvg_m5,momentum,round_number,near,ifvg,D,False,,0.0,against,inside,fvg,0.0,against,1,3a,judas,london_judas,london,,,False,5,1,,0,False,,240T,False,0,,,,False,False,False,False,,True,single,12.1,11.0,2.0,3.0,high,0.1,True,2023-08-04 19:45:00+00:00,2023-08-06 22:15:00+00:00,2023-08-06 22:30:00+00:00,2023-08-06 22:35:00+00:00,,,,m15_range,False,False,,against,,,,,,,,,,,,,,,0,,0,,False,0,3,True,False,0,True,False,False,True,,,equal_hl,1.0965799999999999,0,9.6,,69.1,37.8,147.6,345.8
GBPUSD,1,1,1.2743,1.27775,9000,1.2778,1.278,574.4249999999922,2023-08-07 13:00:00+00:00,2023-08-07 14:30:00+00:00,stop,amd_fvg_m15,momentum,round_number,near,ifvg,240T,False,,4.8,with,behind,fvg,4.8,with,1,2b,judas,ny_judas,ny,,,False,3,2,60T,1,False,60T,W|D|60T,False,0,,,,False,False,False,False,,True,single,33.8,21.0,2.0,2.0,low,3.7,True,2023-08-07 02:15:00+00:00,2023-08-07 07:15:00+00:00,2023-08-07 07:30:00+00:00,2023-08-07 07:35:00+00:00,,,,m15_range,False,False,,against,,,,,,,,,,,,,,,0,,0,,False,0,3,True,False,0,True,False,False,True,,,equal_hl,1.278385,0,43.6,2.5,49.8,253.3,400.1,400.1
EURUSD,1,-1,1.09657,1.0935300000000001,14062,1.0955700000000002,1.09349,790.8468799999823,2023-08-08 11:00:00+00:00,2023-08-08 13:20:00+00:00,target,amd_fvg_m5,momentum,swing,near,ifvg,D,False,,0.0,against,inside,fvg,0.0,against,1,3a,breakout,ny_judas,ny,,,False,2,1,,0,False,,240T|60T,False,0,,240T,,False,False,False,False,,True,dual,10.0,24.0,3.0,2.0,high,2.5,True,2023-08-07 19:15:00+00:00,2023-08-08 01:00:00+00:00,2023-08-08 07:30:00+00:00,2023-08-08 07:40:00+00:00,True,discount,pdh,m15_range,False,False,,against,,,,,,,,,,,,,,,0,,0,,False,0,3,True,False,0,True,False,False,True,,,equal_hl,1.09491,0,31.0,,31.7,23.1,132.9,331.1
GBPUSD,1,-1,1.2734,1.2724500000000003,14062,1.2724000000000002,1.27,247.1396499999439,2023-08-09 12:00:00+00:00,2023-08-09 13:30:00+00:00,stop,amd_fvg_m15,judas,round_number,near,ifvg,D,True,240T,0.0,against,inside,ifvg,0.0,against,1,1a_h4,judas,ny_judas,ny,,240T,False,2,1,60T,0,False,60T,,False,0,,240T,,False,False,False,False,,True,single,29.1,45.0,2.0,4.0,high,14.4,True,2023-08-08 20:00:00+00:00,2023-08-09 07:00:00+00:00,2023-08-09 08:00:00+00:00,2023-08-09 08:00:00+00:00,False,discount,eqh,m15_range,False,False,,golden,,,,,,,,,,,,,,,0,,0,,False,0,3,False,False,0,True,False,True,True,continuation,d1_fvg,equal_hl,1.271215,0,22.1,,51.2,,114.8,408.3
EURUSD,1,1,1.09875,1.10173,17577,1.0997499999999998,1.1017700000000001,969.0200100000666,2023-08-10 07:00:00+00:00,2023-08-10 08:20:00+00:00,target,amd_ob_m5,momentum,fib_extension,d3,fvg,W,False,,31.2,with,behind,ifvg,31.2,with,1,3b,breakout,london_judas,london,,D,False,5,2,D|240T,1,False,D,W|D,False,-1,60T,240T,,False,False,False,False,,True,dual,20.4,40.0,2.0,3.0,low,3.9,True,2023-08-09 15:15:00+00:00,2023-08-10 01:00:00+00:00,2023-08-10 01:30:00+00:00,2023-08-10 01:35:00+00:00,False,premium,eql,m15_range,False,False,,golden,,,,,,,,,,,,,,,0,,0,,False,0,3,False,False,0,True,False,True,True,continuation,d1_fvg,equal_hl,1.100515,0,31.1,,25.1,160.3,289.0,289.0
EURUSD,1,1,1.10259,1.10185,11250,1.10189,1.10647418,-154.0124999999923,2023-08-10 11:30:00+00:00,2023-08-10 12:50:00+00:00,stop,amd_fvg_h1,momentum,fib_extension,near,fvg,W,True,240T,60.9,against,ahead,ifvg,60.9,against,1,3b,breakout,ny_judas,ny,,D,False,2,2,D|240T,1,False,D,W|D,False,-1,60T,,,False,False,False,False,,True,single,20.4,40.0,2.0,3.0,low,3.9,True,2023-08-09 15:15:00+00:00,2023-08-10 01:00:00+00:00,2023-08-10 01:30:00+00:00,2023-08-10 01:35:00+00:00,False,premium,eql,m15_range,False,False,,golden,,,,,,,,,,,,,,,0,,0,,False,0,3,False,False,0,True,False,True,True,continuation,d1_fvg,equal_hl,1.104385,0,3.7,,,121.9,250.6,250.6
EURUSD,1,-1,1.09951,1.10039,28125,1.10035,1.09673,-457.8749999999958,2023-08-11 13:15:00+00:00,2023-08-11 13:25:00+00:00,stop,amd_m1_shift_ifvg,golden,judas_origin_60T,,,,False,,38.8,against,ahead,ifvg,38.8,against,2,golden,mm_golden,ny_golden,ny,,,False,4,0,,0,False,,,False,0,,,,False,False,False,False,,False,,27.0,74.0,3.0,3.0,high,,True,,,,,,,,m15_range,False,False,,golden,cascade,,failed,,1b,60T,ifvg,,,s2:noref:eu,,1.09927,1.10101,60T,0,,0,,True,1,2,False,False,0,True,False,False,True,,,equal_hl,1.096635,0,-0.0,0.0,0.0,0.0,0.0,0.0
EURUSD,1,-1,1.0977700000000001,1.0978100000000002,22500,1.0977700000000001,1.0945399999999998,-16.65000000001665,2023-08-11 13:30:00+00:00,2023-08-11 15:00:00+00:00,stop,mss_breaker_m5,judas,fib_extension,near,ifvg,D,False,,21.4,against,ahead,ifvg,21.4,against,2,3a,judas,ny_judas,ny,,,False,6,1,,0,True,,,True,1,60T,D,,False,False,True,False,,True,single,28.8,76.0,2.0,3.0,low,2.4,False,2023-08-10 18:30:00+00:00,2023-08-11 13:15:00+00:00,2023-08-11 13:30:00+00:00,2023-08-11 13:40:00+00:00,False,discount,eql,m15_range,False,False,,against,,,,,,,,,,,,,,,0,,0,,False,0,1,False,False,0,False,False,False,True,,,equal_hl,1.096635,0,22.9,2.3,49.6,35.1,111.7,316.9
EURUSD,1,-1,1.0935700000000002,1.0903021000000002,22500,1.0925700000000003,1.0902621000000001,1360.263374999996,2023-08-14 13:00:00+00:00,2023-08-14 13:40:00+00:00,target,mss_fvg_m15,momentum,fib_extension,d30,ifvg,D,True,D,0.0,against,inside,ifvg,0.0,against,2,1b_h4,judas,ny_judas,ny,,,False,3,1,60T|15T,0,False,60T,,False,1,60T,240T,,False,False,True,False,,True,dual,32.1,23.0,2.0,2.0,low,0.2,False,2023-08-14 07:15:00+00:00,2023-08-14 12:45:00+00:00,2023-08-14 13:00:00+00:00,2023-08-14 13:10:00+00:00,,,,m15_range,False,False,confirmed,against,,,,,,,,,,,,,,,0,,0,,False,0,2,True,False,0,False,False,False,True,,,equal_hl,1.0903850000000002,0,33.2,10.5,,24.4,24.4,269.7
GBPUSD,1,1,1.2723,1.27575,14062,1.2758,1.27579,897.5071499999877,2023-08-16 07:20:00+00:00,2023-08-16 09:30:00+00:00,stop,amd_fvg_m5,momentum,swing,d3,ob,240T,False,,30.9,with,behind,ifvg,30.9,with,1,2b,judas,london_judas,london,,,False,4,2,D|60T|15T,1,False,D,W|D,False,-1,60T,240T,,False,False,False,False,,True,dual,30.8,31.0,3.0,2.0,low,5.4,True,2023-08-15 18:15:00+00:00,2023-08-16 01:45:00+00:00,2023-08-16 02:15:00+00:00,2023-08-16 02:15:00+00:00,False,premium,eql,m15_range,False,False,,against,,,,,,,,,,,,,,,0,,0,,False,0,2,False,False,0,True,False,False,True,,,equal_hl,1.27329,0,43.0,,30.1,150.4,420.1,420.1
EURUSD,1,-1,1.09117,1.09121,14062,1.09117,1.088,-10.405880000010407,2023-08-16 13:15:00+00:00,2023-08-16 14:30:00+00:00,stop,mss_ob_m5,momentum,round_number,near,ob,D,False,,0.0,against,inside,ifvg,0.0,against,1,1b_h4,breakout,ny_judas,ny,,,False,5,1,60T,0,False,60T,240T|60T,False,-1,60T,240T,,False,False,False,False,,True,single,20.3,10.0,2.0,2.0,low,0.5,False,2023-08-16 10:45:00+00:00,2023-08-16 13:00:00+00:00,2023-08-16 13:15:00+00:00,2023-08-16 13:20:00+00:00,False,discount,eql,m15_range,False,False,confirmed,against,,,,,,,,,,,,,,,0,,0,,False,0,1,False,False,0,False,False,False,True,,,equal_hl,1.0901057142857142,0,15.6,6.7,37.9,0.4,37.9,245.7
EURUSD,1,1,1.08819,1.08715,14062,1.08719,1.09122,-270.55287999998177,2023-08-17 07:30:00+00:00,2023-08-17 09:55:00+00:00,stop,amd_fvg_m15,momentum,pwh_pwl,near,fvg,240T,True,240T,69.8,against,ahead,ob,0.0,with,0,3b,breakout,london_judas,london,,,False,3,2,,1,False,,W|D,False,0,,D,,False,False,True,False,,True,dual,10.5,18.0,2.0,3.0,low,10.9,True,2023-08-16 20:30:00+00:00,2023-08-17 00:45:00+00:00,2023-08-17 02:30:00+00:00,2023-08-17 02:30:00+00:00,True,discount,pdl,m15_range,False,False,opposing,golden,,,,,,,,,,,,,,,0,,0,,False,0,3,True,False,0,True,False,False,True,,,equal_hl,1.0905825,0,4.7,2.2,79.0,164.8,394.6,394.6
EURUSD,1,1,1.0898999999999999,1.08886,17577,1.0889,1.09345,-338.1814799999772,2023-08-17 13:00:00+00:00,2023-08-17 13:30:00+00:00,stop,amd_fvg_h1,momentum,pdh_pdl,near,,,True,240T,52.7,against,ahead,ob,0.0,with,0,3b,breakout,ny_judas,ny,,240T,False,4,2,15T,1,False,15T,W|D,False,-1,60T,D,,False,False,True,False,,True,dual,10.5,18.0,2.0,3.0,low,10.9,True,2023-08-16 20:30:00+00:00,2023-08-17 00:45:00+00:00,2023-08-17 02:30:00+00:00,2023-08-17 02:30:00+00:00,True,premium,pdl,m15_range,False,False,,golden,,,,,,,,,,,,,,,0,,0,,False,0,3,True,False,0,True,False,False,True,,,equal_hl,1.0913775000000001,0,2.1,,61.9,147.7,377.5,377.5
GBPUSD,1,1,1.27366,1.2771560399999997,14062,1.27466,1.2772060399999998,909.4843178799221,2023-08-17 11:15:00+00:00,2023-08-17 13:35:00+00:00,target,amd_fvg_m5,momentum,fib_extension,d3,ifvg,240T,False,,44.5,with,behind,ifvg,44.5,with,0,2b,breakout,ny_judas,ny,,,False,4,2,D|60T,1,False,D,W|D,False,0,,240T,,False,False,False,False,,True,dual,33.2,56.0,2.0,4.0,low,8.6,True,2023-08-16 19:45:00+00:00,2023-08-17 09:30:00+00:00,2023-08-17 10:00:00+00:00,2023-08-17 10:10:00+00:00,False,premium,eql,m15_range,False,False,opposing,against,,,,,,,,,,,,,,,0,,0,,False,0,2,False,False,0,True,False,False,True,,,equal_hl,1.275172,0,46.6,,30.5,136.8,406.5,406.5
EURUSD,1,-1,1.08603,1.08607,11250,1.08603,1.08275564,-8.325000000008325,2023-08-18 13:15:00+00:00,2023-08-18 14:05:00+00:00,stop,amd_fvg_m15,momentum,fib_extension,d30,ifvg,W,False,,91.4,with,behind,ob,0.0,against,1,1b_ip,breakout,ny_judas,ny,,240T,False,4,1,60T|15T,0,False,60T,240T|60T,False,1,60T,,,False,False,False,False,,True,dual,26.1,25.0,2.0,2.0,high,1.4,True,2023-08-17 20:45:00+00:00,2023-08-18 02:45:00+00:00,2023-08-18 03:15:00+00:00,2023-08-18 03:20:00+00:00,False,discount,eqh,m15_range,False,False,confirmed,against,,,,,,,,,,,,,,,0,,0,,False,0,2,False,False,0,True,False,False,True,,,equal_hl,1.0851266666666668,0,15.3,1.1,4.9,,4.9,164.6
EURUSD,1,1,1.0901999999999998,1.0901599999999998,14062,1.0901999999999998,1.0944299999999998,-10.405880000010407,2023-08-21 12:00:00+00:00,2023-08-21 13:15:00+00:00,stop,amd_fvg_m5,judas,fib_extension,d3,ifvg,D,True,240T,49.7,against,ahead,ifvg,49.7,against,1,3b,breakout,ny_judas,ny,,,False,4,3,60T|15T,1,True,60T,W|D,True,-1,60T,,,False,False,True,False,,False,,14.1,28.0,4.0,4.0,low,0.8,True,2023-08-18 15:00:00+00:00,2023-08-18 21:45:00+00:00,2023-08-20 22:00:00+00:00,2023-08-20 22:00:00+00:00,,,,m15_range,False,False,opposing,golden,,,,,,,,,,,,,,,0,,0,,False,0,3,True,False,0,True,False,False,True,,,equal_hl,1.0910700000000002,0,11.6,,16.9,163.9,374.5,374.5
EURUSD,1,1,1.0912899999999999,1.0912499999999998,17577,1.0912899999999999,1.095,-13.006980000013009,2023-08-22 07:00:00+00:00,2023-08-22 09:45:00+00:00,stop,mss_ob_m5,momentum,round_number,d3,ifvg,D,False,,38.8,against,ahead,ifvg,38.8,against,0,3b,breakout,london_judas,london,,D,False,4,2,60T|15T,1,False,60T,W|D,False,1,60T,,,False,False,False,False,,True,single,34.2,53.0,3.0,2.0,high,0.7,False,2023-08-21 16:00:00+00:00,2023-08-22 05:00:00+00:00,2023-08-22 05:15:00+00:00,2023-08-22 05:20:00+00:00,True,premium,pdh,m15_range,False,False,opposing,golden,,,,,,,,,,,,,,,0,,0,,False,0,3,True,False,0,False,False,True,True,continuation,breaker,equal_hl,1.0918933333333334,0,17.4,3.8,1.6,153.0,363.6,363.6
GBPUSD,1,1,1.2792,1.27815,9000,1.2782,1.2833400000000001,-174.82499999999922,2023-08-22 08:15:00+00:00,2023-08-22 09:50:00+00:00,stop,amd_fvg_m5,momentum,fib_extension,near,ifvg,D,True,D,7.4,against,ahead,ifvg,7.4,against,0,2b_h4,breakout,london_judas,london,,D,False,2,2,60T|15T,1,False,60T,W|D,False,-1,60T,,,False,False,False,False,,False,,21.6,9.0,3.0,2.0,low,20.5,True,2023-08-21 12:15:00+00:00,2023-08-21 14:15:00+00:00,2023-08-21 15:15:00+00:00,2023-08-21 15:15:00+00:00,False,premium,none,m15_range,False,False,confirmed,against,,,,,,,,,,,,,,,0,,0,,False,0,3,True,False,0,True,False,False,True,,,equal_hl,1.279552,0,8.1,,,27.5,333.9,351.1
NZDUSD,1,1,0.5937950000000001,0.59472,11250,0.5947950000000001,0.59746,192.51562499999034,2023-08-22 07:00:00+00:00,2023-08-22 13:40:00+00:00,stop,amd_ob_m15,momentum,pwh_pwl,d3,ob,240T,True,240T,53.6,against,ahead,ifvg,53.6,against,1,N-long,breakout,london_judas,london,,D,False,3,2,15T,1,False,15T,W|D,False,1,60T,D,,False,False,True,False,,True,single,33.8,79.0,2.0,2.0,low,3.7,True,2023-08-18 20:00:00+00:00,2023-08-21 15:30:00+00:00,2023-08-21 16:15:00+00:00,2023-08-21 16:15:00+00:00,True,premium,pdl,m15_range,False,False,,,,,,,,,,,,,,,,,0,,0,,False,0,3,True,False,0,True,False,False,True,,,equal_hl,0.59675,0,33.5,5.7,9.8,181.2,406.9,474.7
EURUSD,1,-1,1.0896700000000001,1.08727,33750,1.0896700000000001,1.08723,1498.5000000001123,2023-08-22 11:15:00+00:00,2023-08-22 13:45:00+00:00,target,amd_m1_shift_fvg,golden,judas_origin_60T,,,,False,,55.0,with,behind,ifvg,55.0,with,3,golden,mm_golden,ny_golden,ny,,,False,3,0,,0,False,,,False,0,,,,False,False,False,False,,False,,28.7,59.0,2.0,6.0,high,,True,,,,,,,,m15_range,False,False,,golden,cascade,,failed,,1b,5T,fvg,,,s2:smt:eu+dxy,,1.09018,1.09087,60T,0,,0,,True,2,3,True,False,0,True,False,False,True,,,equal_hl,1.089685,0,25.8,0.0,0.0,0.0,0.0,0.0
EURUSD,1,-1,1.0815400000000002,1.08258,27000,1.08254,1.0783557400000001,-519.479999999965,2023-08-23 08:35:00+00:00,2023-08-23 08:45:00+00:00,stop,amd_fvg_m5,momentum,fib_extension,near,ifvg,W,False,,56.3,against,ahead,fvg,56.3,against,3,1b,breakout,london_judas,london,,,False,3,2,240T,0,True,240T,240T,True,1,60T,D,,False,False,True,False,,True,dual,19.9,63.0,4.0,5.0,high,8.0,True,2023-08-22 16:00:00+00:00,2023-08-23 07:30:00+00:00,2023-08-23 08:15:00+00:00,2023-08-23 08:25:00+00:00,False,discount,eqh,m15_range,False,False,,against,,,,,,,,,,,,,,,0,,0,,False,0,3,True,False,0,True,False,False,True,,,equal_hl,1.080305,0,0.4,,,,,57.2
GBPUSD,1,-1,1.26461,1.2636600000000002,22500,1.2636100000000001,1.26069656,395.43749999991024,2023-08-23 11:05:00+00:00,2023-08-23 14:00:00+00:00,stop,amd_fvg_m15,judas,fib_extension,d30,ifvg,W,False,,20.5,against,behind,ob,0.0,against,2,1a,breakout,ny_judas,ny,,,False,3,2,D,-1,False,D,240T,False,0,,D,,False,False,True,False,,True,single,29.8,65.0,3.0,2.0,high,9.5,True,2023-08-22 15:45:00+00:00,2023-08-23 07:45:00+00:00,2023-08-23 08:15:00+00:00,2023-08-23 08:25:00+00:00,False,discount,eqh,m15_range,False,False,,golden,,,,,,,,,,,,,,,0,,0,,False,0,3,True,False,0,True,False,False,True,,,equal_hl,1.26247,0,31.8,,,,30.8,134.0
GBPUSD,1,-1,1.26818,1.26892,33750,1.26887,1.26506896,-462.03749999997683,2023-08-24 12:05:00+00:00,2023-08-24 12:10:00+00:00,stop,amd_fvg_m5,judas,fib_extension,near,ifvg,W,False,,0.0,against,inside,ifvg,0.0,against,3,1a_h4,judas,ny_judas,ny,,,True,3,2,D|60T,-1,False,D,240T,False,1,60T,,,False,False,True,False,,False,,13.7,21.0,4.0,3.0,high,2.0,True,2023-08-23 20:00:00+00:00,2023-08-24 01:00:00+00:00,2023-08-24 01:15:00+00:00,2023-08-24 01:20:00+00:00,False,discount,eqh,m15_range,False,False,,golden,,,,,,,,,,,,,,,0,,0,,False,0,2,False,False,0,True,False,False,True,,,equal_hl,1.26247,0,-0.0,,68.5,17.3,68.5,85.5
EURUSD,1,-1,1.0860400000000001,1.08258,42187,1.08254,1.08025,2700.3898700000145,2023-08-24 07:25:00+00:00,2023-08-24 13:40:00+00:00,stop,amd_fvg_m5,momentum,pdh_pdl,near,ifvg,W,True,240T,91.3,with,behind,ifvg,91.3,with,3,3a,judas,london_judas,london,,240T,False,3,1,240T,0,False,240T,240T,False,1,60T,240T,,False,False,True,False,,True,dual,34.4,61.0,2.0,2.0,high,1.1,True,2023-08-23 15:15:00+00:00,2023-08-24 06:15:00+00:00,2023-08-24 06:30:00+00:00,2023-08-24 06:30:00+00:00,True,premium,pdh,m15_range,False,False,confirmed,against,,,,,,,,,,,,,,,0,,0,,False,0,3,True,False,0,True,False,False,True,,,equal_hl,1.0851266666666668,0,42.9,3.0,58.8,,58.8,87.4
EURUSD,2,-1,1.08412,1.0831600000000001,9000,1.08312,1.08025,159.839999999975,2023-08-24 12:55:00+00:00,2023-08-24 14:25:00+00:00,stop,pyramid_wamd1.0_ob_m5,no_open,pdh_pdl,near,ifvg,W,True,240T,91.3,with,behind,ifvg,91.3,with,3,3a,judas,london_judas,london,,240T,False,3,1,240T,0,False,240T,240T,False,1,60T,240T,,False,False,True,False,,True,dual,34.4,61.0,2.0,2.0,high,1.1,True,2023-08-23 15:15:00+00:00,2023-08-24 06:15:00+00:00,2023-08-24 06:30:00+00:00,2023-08-24 06:30:00+00:00,True,premium,pdh,m15_range,False,False,confirmed,against,,,,,,,,,,,,,,,0,,0,,False,0,3,True,False,0,True,False,False,True,,,equal_hl,1.0851266666666668,0,27.0,3.0,58.8,,58.8,87.4
GBPUSD,1,1,1.25989,1.2608399999999997,11250,1.2608899999999998,1.26378,197.71874999995512,2023-08-25 11:45:00+00:00,2023-08-25 14:15:00+00:00,stop,amd_fvg_m5,momentum,swing,near,ifvg,W,True,240T,65.1,with,behind,ob,0.0,with,0,2b_ip,breakout,ny_judas,ny,,,False,1,2,15T,1,False,15T,W|D,False,0,,240T,,False,False,False,False,,True,dual,34.8,21.0,2.0,4.0,low,3.6,True,2023-08-25 00:00:00+00:00,2023-08-25 05:00:00+00:00,2023-08-25 05:15:00+00:00,2023-08-25 05:15:00+00:00,False,discount,eql,m15_range,False,False,,against,,,,,,,,,,,,,,,0,,0,,False,0,2,False,False,0,True,False,False,True,,,equal_hl,1.270375,0,25.0,7.5,202.2,220.6,397.4,544.2
GBPUSD,1,-1,1.26069,1.2610400000000002,50671,1.26099,1.25756,-328.0947250000679,2023-08-28 07:05:00+00:00,2023-08-28 07:40:00+00:00,stop,amd_m1_shift_ifvg,golden,swing,,,,False,,16.3,with,ahead,ob,7.7,against,3,golden,mm_golden,london_golden,london,,,False,4,0,,0,False,,,False,0,,,,False,False,False,False,,False,,27.4,30.0,2.0,3.0,high,,True,,,,,,,,m15_range,False,False,,golden,cascade,,failed,,1a,60T,ifvg,,,s2:noref:eu,,1.25936,1.26095,60T,0,,0,,True,2,4,True,True,0,True,False,False,True,,,equal_hl,1.2595633333333334,0,4.5,0.0,0.0,0.0,0.0,0.0
GBPUSD,1,-1,1.25953,1.25658,14062,1.2585300000000001,1.25653,767.4336500000021,2023-08-29 11:25:00+00:00,2023-08-29 13:25:00+00:00,target,amd_fvg_m5,momentum,swing,near,ob,D,False,,61.5,against,ahead,ob,0.0,against,1,1a,judas,ny_judas,ny,,,False,3,2,D,-1,False,D,240T,False,1,60T,240T,,False,False,False,False,,True,dual,34.6,41.0,4.0,3.0,high,3.4,True,2023-08-28 22:15:00+00:00,2023-08-29 08:15:00+00:00,2023-08-29 08:30:00+00:00,2023-08-29 08:30:00+00:00,False,premium,eqh,m15_range,False,False,,golden,,,,,,,,,,,,,,,0,,0,,False,0,4,True,True,0,True,False,False,True,,,equal_hl,1.2563849999999999,0,32.9,0.9,48.7,,48.7,48.7
GBPUSD,1,-1,1.26071,1.2577500000000001,42187,1.25971,1.2577,2310.1601199998845,2023-09-05 07:00:00+00:00,2023-09-05 08:30:00+00:00,target,amd_fvg_h1,momentum,pdh_pdl,near,ob,D,False,,0.0,with,inside,fvg,0.0,with,3,1a,breakout,london_judas,london,,,False,4,2,D|15T,-1,False,D,,False,0,,,,False,False,True,False,,False,,34.9,23.0,2.0,2.0,high,5.5,True,2023-09-04 05:30:00+00:00,2023-09-04 11:00:00+00:00,2023-09-04 11:30:00+00:00,2023-09-04 11:30:00+00:00,False,discount,eqh,m15_range,False,False,,golden,,,,,,,,,,,,,,,0,,0,,False,0,4,True,False,0,True,False,True,True,continuation,d1_fvg,equal_hl,1.258145,0,35.2,,31.1,60.5,60.5,60.5
EURUSD,1,-1,1.07355,1.07359,33750,1.07355,1.0696266,-24.975000000024977,2023-09-05 12:00:00+00:00,2023-09-05 13:40:00+00:00,stop,amd_fvg_m5,momentum,fib_extension,near,,,False,,4.1,against,behind,ifvg,4.1,against,3,1b_h4,breakout,ny_judas,ny,,,False,3,2,D|60T|15T,-1,False,D,,False,0,,,,False,False,True,False,,True,single,29.6,14.0,4.0,3.0,high,-22.5,True,2023-09-05 07:30:00+00:00,2023-09-05 10:45:00+00:00,2023-09-05 11:15:00+00:00,2023-09-05 11:15:00+00:00,True,discount,eqh,session_range,False,False,confirmed,against,,,,,,,,,,,,,,,0,,0,,False,0,2,True,False,0,True,False,False,False,,,,0.0,0,18.8,,,,,
GBPUSD,1,-1,1.25453,1.25558,33750,1.2555299999999998,1.25117158,-655.5937499999972,2023-09-06 13:15:00+00:00,2023-09-06 13:50:00+00:00,stop,amd_m1_shift_ifvg,golden,fib_extension,,,,False,,11.5,against,ahead,ob,0.0,against,3,golden,mm_golden,ny_golden,ny,,,False,1,0,,0,False,,,False,0,,,,False,False,False,False,,False,,31.2,53.0,2.0,2.0,high,,True,,,,,,,,m15_range,False,False,,golden,cascade,240T,failed,,1a,60T,ifvg,,,s2:smt:gu+dxy,,1.25649,1.25781,60T,0,,0,,True,2,3,True,False,0,True,False,True,False,continuation,d1_fvg,,0.0,0,4.6,0.0,0.0,0.0,0.0,0.0
EURUSD,1,-1,1.0736400000000001,1.0726800000000003,28125,1.0726400000000003,1.0704349999999998,499.49999999992184,2023-09-12 07:30:00+00:00,2023-09-12 16:20:00+00:00,stop,amd_fvg_h1,momentum,equal_hl,near,fvg,240T,True,240T,12.4,with,behind,fvg,12.4,with,2,1b,breakout,london_judas,london,,,False,5,2,D|240T|15T,-1,False,D,D,False,1,60T,D,,False,False,True,False,,True,single,16.8,42.0,2.0,3.0,high,11.4,True,2023-09-11 15:30:00+00:00,2023-09-12 01:45:00+00:00,2023-09-12 02:00:00+00:00,2023-09-12 02:10:00+00:00,True,discount,pdh,m15_range,False,False,confirmed,against,,,,,,,,,,,,,,,0,,0,,False,0,3,True,False,0,True,False,False,True,,,equal_hl,1.0707066666666667,0,30.9,,43.2,,51.2,51.2
EURUSD,1,-1,1.07047,1.0695100000000002,18000,1.0694700000000001,1.0667333333333333,319.67999999995,2023-09-14 13:15:00+00:00,2023-09-14 13:30:00+00:00,stop,amd_ob_m15,momentum,equal_hl,d60,,,False,,44.1,with,behind,fvg,44.1,with,2,1b,breakout,ny_judas,ny,,,False,2,3,D,-1,True,D,D|60T,True,0,,,,False,False,True,False,,True,dual,23.0,62.0,2.0,3.0,high,2.0,True,2023-09-13 14:45:00+00:00,2023-09-14 06:00:00+00:00,2023-09-14 06:30:00+00:00,2023-09-14 06:30:00+00:00,False,discount,eqh,m15_range,False,False,opposing,against,,,,,,,,,,,,,,,0,,0,,False,0,1,False,False,0,True,False,False,False,,,,0.0,0,49.4,,0.1,,19.5,19.5
EURUSD,1,-1,1.06678,1.06782,28125,1.06778,1.06355,-541.1249999999635,2023-09-14 13:30:00+00:00,2023-09-14 13:40:00+00:00,stop,amd_m1_shift_ifvg,golden,swing,,,,False,,81.0,with,behind,fvg,81.0,with,2,golden,mm_golden,ny_golden,ny,,,False,4,0,,0,False,,,False,0,,,,False,False,False,False,,False,,23.0,62.0,2.0,3.0,high,,True,,,,,,,,m15_range,False,False,,golden,cascade,,failed,,1b,60T,ifvg,,,s2:smt:eu+dxy,,1.07432,1.07463,60T,0,,0,,True,1,1,False,False,0,True,False,False,False,,,,0.0,0,4.2,0.0,0.0,0.0,0.0,0.0
EURUSD,1,1,1.06944,1.0703999999999998,21971,1.0704399999999998,1.0725942,390.204959999939,2023-09-19 11:15:00+00:00,2023-09-19 13:35:00+00:00,stop,amd_ob_m5,momentum,fib_extension,d3,ifvg,240T,True,240T,0.0,against,inside,fvg,0.0,against,1,3b,judas,ny_judas,ny,,,False,4,2,,1,False,,W,False,-1,60T,240T,,False,False,False,False,,True,single,24.2,91.0,3.0,4.0,low,1.4,True,2023-09-15 15:15:00+00:00,2023-09-18 13:45:00+00:00,2023-09-18 14:00:00+00:00,2023-09-18 14:00:00+00:00,True,premium,pdl,m15_range,False,False,opposing,golden,,,,,,,,,,,,,,,0,,0,,False,0,3,True,False,0,True,False,False,True,,,equal_hl,1.07189,0,23.6,3.0,5.1,115.2,258.9,582.1
GBPUSD,1,-1,1.23536,1.2354100000000001,28125,1.23536,1.23155736,-26.0156250000549,2023-09-20 07:55:00+00:00,2023-09-20 08:40:00+00:00,stop,amd_fvg_m5,momentum,fib_extension,near,,,False,,37.4,with,behind,ifvg,37.4,with,2,1a,judas,london_judas,london,,240T,False,4,2,D|240T|60T,-1,False,D,D,False,1,60T,D,,False,False,True,False,,True,single,33.5,78.0,3.0,2.0,high,21.5,True,2023-09-18 17:00:00+00:00,2023-09-19 12:15:00+00:00,2023-09-19 13:15:00+00:00,2023-09-19 13:20:00+00:00,False,discount,eqh,m15_range,False,False,confirmed,golden,,,,,,,,,,,,,,,0,,0,,False,0,3,True,False,-1,True,False,True,False,continuation,breaker,,0.0,0,19.5,,,,,
EURUSD,1,-1,1.0625600000000002,1.0636,28125,1.06356,1.05849034,-541.1249999999635,2023-09-22 08:15:00+00:00,2023-09-22 08:30:00+00:00,stop,amd_breaker_m15,momentum,fib_extension,d60,,,False,,62.1,with,behind,ifvg,62.1,with,2,3a,breakout,london_judas,london,,,False,2,3,D|15T,-1,True,D,D,True,-1,60T,240T,,False,False,True,False,,True,dual,16.0,13.0,2.0,2.0,high,0.4,True,2023-09-21 15:45:00+00:00,2023-09-21 18:45:00+00:00,2023-09-21 19:00:00+00:00,2023-09-21 19:10:00+00:00,True,premium,pdh,m15_range,False,False,,against,,,,,,,,,,,,,,,0,,0,,False,0,3,False,False,1,True,False,False,True,,,equal_hl,1.06325,0,10.6,,9.8,,9.8,9.8
EURUSD,1,-1,1.06433,1.06437,18000,1.06433,1.06034018,-13.320000000013321,2023-09-25 08:30:00+00:00,2023-09-25 12:15:00+00:00,stop,amd_fvg_m5,momentum,fib_extension,d60,,,False,,44.4,with,behind,ifvg,44.4,with,2,1b,breakout,london_judas,london,,,False,3,2,D|15T,-1,False,D,D,False,1,60T,,,False,False,True,False,,True,single,33.1,27.0,2.0,5.0,high,4.5,True,2023-09-22 08:45:00+00:00,2023-09-22 15:15:00+00:00,2023-09-22 15:30:00+00:00,2023-09-22 15:35:00+00:00,,,,m15_range,False,False,,against,,,,,,,,,,,,,,,0,,0,,False,0,3,True,False,0,True,False,False,True,,,equal_hl,1.06325,0,19.4,1.8,29.2,12.4,29.2,29.2
GBPUSD,1,-1,1.21817,1.21822,22500,1.21817,1.21495092,-20.812500000043922,2023-09-26 07:30:00+00:00,2023-09-26 09:10:00+00:00,stop,amd_fvg_m15,momentum,fib_extension,near,fvg,W,False,,111.8,with,behind,fvg,111.8,with,2,1a,breakout,london_judas,london,,,False,3,2,D|240T|60T|15T,-1,False,D,D|60T,False,0,,,,False,False,True,False,,False,,21.8,40.0,15.0,6.0,high,-19.2,True,2023-09-25 21:00:00+00:00,2023-09-26 06:45:00+00:00,2023-09-26 07:00:00+00:00,2023-09-26 07:00:00+00:00,False,discount,eqh,session_range,False,False,confirmed,golden,,,,,,,,,,,,,,,0,,0,,False,0,3,True,False,0,True,False,True,False,continuation,d1_fvg,,0.0,0,14.6,,,,,
EURUSD,1,-1,1.0552300000000001,1.05146366,18000,1.0542300000000002,1.05142366,1254.1912200000302,2023-09-27 12:00:00+00:00,2023-09-27 14:50:00+00:00,target,amd_ob_m5,momentum,fib_extension,near,,,False,,56.7,with,behind,fvg,56.7,with,2,1b,breakout,ny_judas,ny,,,False,3,2,D|15T,-1,False,D,D|60T,False,0,,,,False,False,True,False,,True,single,12.8,17.0,3.0,3.0,high,4.0,True,2023-09-27 02:00:00+00:00,2023-09-27 06:00:00+00:00,2023-09-27 08:30:00+00:00,2023-09-27 08:30:00+00:00,False,discount,eqh,m15_range,False,False,,against,,,,,,,,,,,,,,,0,,0,,False,0,2,True,False,0,True,False,False,False,,,,0.0,0,40.2,,,,,
EURUSD,1,-1,1.0500200000000002,1.05106,18000,1.05102,1.0463116399999997,-346.31999999997663,2023-09-28 07:20:00+00:00,2023-09-28 08:10:00+00:00,stop,mss_fvg_h1,momentum,fib_extension,d60,,,False,,108.8,with,behind,fvg,108.8,with,2,3a,judas,london_judas,london,,D,False,2,2,D|60T,-1,False,D,D|60T,False,0,,,,False,False,True,False,,True,single,19.1,41.0,4.0,2.0,low,1.2,False,2023-09-27 20:15:00+00:00,2023-09-28 06:15:00+00:00,2023-09-28 06:30:00+00:00,2023-09-28 06:30:00+00:00,False,discount,eql,m15_range,False,False,confirmed,against,,,,,,,,,,,,,,,0,,0,,False,0,1,False,False,0,False,False,False,True,,,equal_hl,1.04895,0,9.2,2.6,13.1,,13.1,13.1
GBPUSD,1,1,1.22259,1.2235399999999998,9000,1.22359,1.2261105399999999,158.1749999999641,2023-09-29 07:00:00+00:00,2023-09-29 09:05:00+00:00,stop,amd_ob_m5,momentum,fib_extension,near,,,False,,0.0,against,inside,ifvg,0.0,against,1,2b,breakout,london_judas,london,,,False,1,2,60T|15T,1,False,60T,W|60T,False,0,,,,False,False,False,False,,True,single,17.0,45.0,3.0,4.0,low,9.6,True,2023-09-27 20:15:00+00:00,2023-09-28 07:15:00+00:00,2023-09-28 07:45:00+00:00,2023-09-28 07:50:00+00:00,False,premium,none,m15_range,False,False,confirmed,against,,,,,,,,,,,,,,,0,,0,,False,0,2,False,False,0,True,False,False,True,,,equal_hl,1.22513,0,28.1,3.2,,322.8,521.1,770.4
NZDUSD,1,1,0.600655,0.6046037799999999,18000,0.601655,0.60467878,1314.9437399999579,2023-09-29 07:00:00+00:00,2023-09-29 11:30:00+00:00,target,mss_ob_m5,momentum,fib_extension,d30,ifvg,W,True,D,0.0,against,inside,ifvg,0.0,against,2,N-long,breakout,london_judas,london,,,False,2,3,60T|15T,1,True,60T,W|60T,False,0,,,,False,False,True,False,,True,single,,,,,,,,,,,,,premium,,,False,False,,,,,,,,,,,,,,,,,0,,0,,False,0,4,True,False,0,True,False,True,True,continuation,d1_fvg,equal_hl,0.60974,0,41.2,,,,9.5,267.9
EURUSD,1,1,1.05666,1.0576199999999998,14062,1.0576599999999998,1.0615,249.74111999996094,2023-10-02 07:20:00+00:00,2023-10-02 08:40:00+00:00,stop,amd_breaker_m5,judas,pwh_pwl,near,ifvg,D,True,240T,42.4,against,ahead,ifvg,42.4,against,1,3b,judas,london_judas,london,,,False,4,3,60T,1,True,60T,W|60T,True,-1,60T,,,False,False,True,False,,False,,16.4,20.0,2.0,4.0,low,5.5,True,2023-09-29 18:00:00+00:00,2023-10-01 22:45:00+00:00,2023-10-01 23:45:00+00:00,2023-10-01 23:55:00+00:00,,,,m15_range,False,False,,golden,,,,,,,,,,,,,,,0,,0,,False,0,5,True,True,0,True,False,True,True,continuation,breaker,equal_hl,1.0612949999999999,0,25.3,6.4,51.2,171.1,379.7,581.2
EURUSD,1,-1,1.05325,1.05004,11250,1.0522500000000001,1.05,668.0812499999865,2023-10-02 12:00:00+00:00,2023-10-02 15:10:00+00:00,target,amd_fvg_m5,momentum,round_number,near,,,False,,76.5,with,behind,ifvg,76.5,with,0,3a,breakout,ny_judas,ny,,,False,2,2,D|240T,-1,False,D,D|240T,False,0,,240T,,False,False,False,False,,True,dual,32.5,64.0,2.0,4.0,high,1.6,True,2023-09-29 16:00:00+00:00,2023-10-02 07:45:00+00:00,2023-10-02 08:00:00+00:00,2023-10-02 08:00:00+00:00,,,,m15_range,False,False,,against,,,,,,,,,,,,,,,0,,0,,False,0,4,True,True,0,True,False,False,True,,,equal_hl,1.04895,0,34.7,,42.4,,45.4,45.4
EURUSD,1,-1,1.05438,1.0534200000000002,22500,1.0533800000000002,1.0500999999999998,399.5999999999375,2023-10-09 07:25:00+00:00,2023-10-09 09:40:00+00:00,stop,amd_fvg_h1,momentum,fib_extension,near,ifvg,D,True,240T,43.8,against,ahead,ifvg,43.8,against,2,3a,judas,london_judas,london,,D,False,4,2,D,-1,False,D,D,False,-1,60T,,,False,False,True,False,,True,dual,19.9,15.0,2.0,4.0,high,4.9,True,2023-10-08 22:00:00+00:00,2023-10-09 01:30:00+00:00,2023-10-09 01:45:00+00:00,2023-10-09 01:55:00+00:00,,,,m15_range,False,False,,against,,,,,,,,,,,,,,,0,,0,,False,0,3,True,False,0,True,False,False,True,,,equal_hl,1.0491133333333333,0,24.4,,62.3,56.7,96.4,96.4
GBPUSD,1,-1,1.22328,1.22333,21971,1.22328,1.21988,-20.323175000042887,2023-10-10 07:00:00+00:00,2023-10-10 08:40:00+00:00,stop,amd_ob_m5,judas,pdh_pdl,near,ifvg,D,True,240T,34.0,against,ahead,ifvg,34.0,against,1,1a,breakout,london_judas,london,,D,False,4,3,D,-1,True,D,D|240T,False,1,60T,240T,,False,False,True,False,,True,single,15.8,23.0,2.0,2.0,high,12.5,True,2023-10-09 18:45:00+00:00,2023-10-10 00:15:00+00:00,2023-10-10 02:15:00+00:00,2023-10-10 02:25:00+00:00,True,premium,pdh,m15_range,False,False,,golden,,,,,,,,,,,,,,,0,,0,,False,0,4,True,False,0,True,False,True,True,continuation,w_fvg,equal_hl,1.2196,0,21.4,0.7,128.5,123.7,196.9,196.9
EURUSD,1,1,1.0635599999999998,1.06259,11250,1.06263,1.06760556,-201.88124999998237,2023-10-12 07:00:00+00:00,2023-10-12 08:25:00+00:00,stop,amd_ob_m5,momentum,fib_extension,near,ob,D,False,,0.0,against,inside,ifvg,0.0,against,1,3b,judas,london_judas,london,,,False,2,2,240T|60T,1,False,240T,W|60T,False,1,60T,,,False,False,False,False,,True,single,28.3,13.0,2.0,3.0,low,21.4,True,2023-10-11 14:00:00+00:00,2023-10-11 17:00:00+00:00,2023-10-11 18:45:00+00:00,2023-10-11 18:45:00+00:00,False,premium,val,m15_range,False,False,confirmed,golden,,,,,,,,,,,,,,,0,,0,,False,0,3,False,False,0,True,False,True,True,continuation,breaker,equal_hl,1.0637150000000002,0,4.1,,,20.8,134.5,430.3
EURUSD,1,1,1.05389,1.05385,14062,1.05389,1.05735,-10.405880000010407,2023-10-13 08:15:00+00:00,2023-10-13 10:35:00+00:00,stop,mss_breaker_m5,judas,fib_extension,near,fvg,D,True,D,38.9,with,behind,ifvg,38.9,with,0,3b,breakout,london_judas,london,,240T,False,4,3,240T,1,True,240T,W,True,1,60T,,,False,False,True,False,,False,,24.2,48.0,2.0,2.0,high,0.9,False,2023-10-12 18:00:00+00:00,2023-10-13 05:45:00+00:00,2023-10-13 06:00:00+00:00,2023-10-13 06:10:00+00:00,False,discount,none,m15_range,False,False,,golden,,,,,,,,,,,,,,,0,,0,,False,0,1,False,False,0,False,False,False,True,,,equal_hl,1.05551,0,19.5,10.0,101.7,117.5,231.2,527.0
EURUSD,1,1,1.0530199999999998,1.0529799999999998,11250,1.0530199999999998,1.05643,-8.325000000008325,2023-10-16 07:00:00+00:00,2023-10-16 11:00:00+00:00,stop,amd_ob_m5,momentum,fib_extension,near,ifvg,D,False,,28.2,against,ahead,fvg,28.2,against,0,3b,breakout,london_judas,london,,,False,3,2,,1,False,,W,False,-1,60T,,,False,False,False,False,,True,single,32.7,71.0,4.0,3.0,low,30.3,True,2023-10-12 17:30:00+00:00,2023-10-13 11:00:00+00:00,2023-10-13 16:00:00+00:00,2023-10-13 16:00:00+00:00,,,,m15_range,False,False,,golden,,,,,,,,,,,,,,,0,,0,,False,0,3,True,False,0,True,False,False,True,,,equal_hl,1.05551,0,12.6,,110.4,70.6,239.9,535.7
EURUSD,1,1,1.0531899999999998,1.0531499999999998,11250,1.0531899999999998,1.0565700000000002,-8.325000000008325,2023-10-16 12:30:00+00:00,2023-10-16 14:35:00+00:00,stop,mss_ob_m5,judas,fib_extension,near,ifvg,D,False,,26.5,against,ahead,fvg,26.5,against,0,3b,breakout,ny_judas,ny,,,False,3,2,15T,1,False,15T,W,False,-1,60T,,,False,False,False,False,,True,single,,,,,,,,,,,,,,,,False,False,confirmed,golden,,,,,,,,,,,,,,,0,,0,,False,0,3,True,False,0,True,False,False,True,,,equal_hl,1.05551,0,14.1,,108.7,68.9,238.2,534.0
GBPUSD,1,-1,1.21897,1.2180200000000003,17577,1.2179700000000002,1.21572778,308.9157749999299,2023-10-17 07:00:00+00:00,2023-10-17 08:35:00+00:00,stop,amd_ob_m5,momentum,fib_extension,near,ifvg,W,False,,35.3,with,behind,fvg,35.3,with,1,1a,judas,london_judas,london,,D,False,5,2,D|15T,-1,False,D,D,False,1,60T,,,False,False,False,False,,True,single,26.4,16.0,2.0,3.0,high,2.7,True,2023-10-16 16:15:00+00:00,2023-10-16 20:00:00+00:00,2023-10-16 20:15:00+00:00,2023-10-16 20:25:00+00:00,True,discount,pdh,m15_range,False,False,confirmed,golden,,,,,,,,,,,,,,,0,,0,,False,0,4,True,False,0,True,False,True,True,continuation,d1_fvg,equal_hl,1.21665,0,25.7,,68.4,153.8,153.8,153.8
GBPUSD,1,-1,1.21138,1.21173,27025,1.2116799999999999,1.208,-174.98687500003626,2023-10-20 08:20:00+00:00,2023-10-20 08:35:00+00:00,stop,amd_m1_shift_ifvg,golden,round_number,,,,False,,6.4,against,ahead,ifvg,6.4,against,2,golden,mm_golden,london_golden,london,,,False,3,0,,0,False,,,False,0,,,,False,False,False,False,,False,,15.2,9.0,3.0,4.0,high,,True,,,,,,,,m15_range,False,False,,golden,cascade,,failed,,1a,15T,ifvg,,,s2:cont:eu+gu+dxy,,1.21113,1.21232,60T,0,,0,,True,1,2,False,False,0,True,False,False,True,,,equal_hl,1.211065,0,6.0,0.0,0.0,0.0,0.0,0.0
GBPUSD,1,1,1.2270699999999999,1.2270199999999998,22500,1.2270699999999999,1.2302447,-20.812500000043922,2023-10-24 07:00:00+00:00,2023-10-24 08:30:00+00:00,stop,amd_ob_m5,momentum,fib_extension,near,ifvg,W,False,,2.7,against,behind,ob,0.0,against,2,2b,breakout,london_judas,london,,,False,3,3,15T,1,True,15T,W|240T|60T,False,1,D,,,False,False,True,False,,True,single,9.7,13.0,2.0,6.0,low,0.2,True,2023-10-24 03:45:00+00:00,2023-10-24 06:45:00+00:00,2023-10-24 07:00:00+00:00,2023-10-24 07:00:00+00:00,True,premium,eql,m15_range,False,False,,against,,,,,,,,,,,,,,,0,,0,,False,0,3,True,False,0,True,False,False,True,,,equal_hl,1.228985,0,17.8,4.1,,67.4,155.0,530.4
EURUSD,1,-1,1.0632400000000002,1.0632800000000002,11250,1.0632400000000002,1.05968,-8.325000000008325,2023-10-24 11:15:00+00:00,2023-10-24 12:25:00+00:00,stop,amd_fvg_h1,momentum,pdh_pdl,near,ifvg,W,True,240T,55.3,with,behind,ifvg,55.3,with,1,3a,breakout,ny_judas,ny,,,False,4,3,,-1,True,,D,True,1,D,D,,False,False,True,False,,True,dual,27.6,56.0,2.0,2.0,high,7.1,True,2023-10-23 18:00:00+00:00,2023-10-24 07:45:00+00:00,2023-10-24 08:15:00+00:00,2023-10-24 08:15:00+00:00,False,premium,eqh,m15_range,False,False,,against,,,,,,,,,,,,,,,0,,0,,False,0,3,True,False,0,True,False,False,True,,,equal_hl,1.061585,0,10.7,,68.4,137.9,185.0,185.0
GBPUSD,1,-1,1.22136,1.21791,22500,1.21786,1.217,1436.0624999999804,2023-10-24 13:15:00+00:00,2023-10-24 15:00:00+00:00,stop,amd_fvg_m5,momentum,pdh_pdl,near,ifvg,W,False,,11.4,with,behind,fvg,11.4,with,2,1a_ip,judas,ny_judas,ny,,,False,3,2,D,-1,False,D,D,False,1,D,D,,False,False,True,False,,True,dual,34.6,34.0,2.0,4.0,high,7.8,True,2023-10-23 23:15:00+00:00,2023-10-24 07:30:00+00:00,2023-10-24 08:00:00+00:00,2023-10-24 08:00:00+00:00,False,premium,none,m15_range,False,False,,golden,,,,,,,,,,,,,,,0,,0,,False,0,4,True,False,0,True,False,True,True,continuation,d1_fvg,equal_hl,1.2196,0,43.8,4.4,121.7,92.3,177.7,177.7
GBPUSD,1,-1,1.21627,1.213275,42187,1.21527,1.213225,2337.47620249989,2023-10-25 08:05:00+00:00,2023-10-25 10:05:00+00:00,target,mss_ob_m5,momentum,equal_hl,d3,ifvg,W,False,,55.3,against,ahead,ifvg,55.3,against,3,1a,judas,london_judas,london,,,False,3,3,D|240T,-1,True,D,D,True,1,D,D,,False,False,True,False,,False,,20.2,56.0,4.0,5.0,low,0.3,False,2023-10-24 18:00:00+00:00,2023-10-25 07:45:00+00:00,2023-10-25 08:00:00+00:00,2023-10-25 08:10:00+00:00,True,discount,pdl,m15_range,False,False,confirmed,golden,,,,,,,,,,,,,,,0,,0,,False,0,3,True,False,0,False,False,True,True,continuation,d1_fvg,equal_hl,1.2140939999999998,0,31.4,8.2,20.7,41.4,126.8,126.8
GBPUSD,1,-1,1.2122,1.21273,33750,1.21268,1.20913,-330.9187500000883,2023-10-25 12:00:00+00:00,2023-10-25 12:25:00+00:00,stop,amd_m1_shift_ifvg,golden,equal_hl,,,,False,,14.6,against,ahead,ifvg,14.6,against,3,golden,mm_golden,ny_golden,ny,,,False,3,0,,0,False,,,False,0,,,,False,False,False,False,,False,,19.5,48.0,5.0,5.0,high,,True,,,,,,,,m15_range,False,False,,golden,cascade,240T,failed,,1a,60T,ifvg,,,s3:smt:eu+dxy,,1.21258,1.21329,60T,0,,0,,True,2,4,True,False,0,True,False,True,True,continuation,d1_fvg,equal_hl,1.212105,0,0.9,0.0,0.0,0.0,0.0,0.0
EURUSD,1,-1,1.05393,1.05497,27000,1.05493,1.0508499999999998,-519.479999999965,2023-10-26 07:00:00+00:00,2023-10-26 08:55:00+00:00,stop,amd_fvg_h1,momentum,fib_extension,near,ob,D,True,D,6.5,against,ahead,ob,0.0,against,3,3a,breakout,london_judas,london,,,False,2,2,60T|15T,-1,False,60T,D,False,1,D,,,False,False,True,False,,True,single,29.3,30.0,2.0,4.0,high,0.5,True,2023-10-25 09:15:00+00:00,2023-10-25 16:30:00+00:00,2023-10-25 16:45:00+00:00,2023-10-25 16:45:00+00:00,False,discount,eqh,m15_range,False,False,,against,,,,,,,,,,,,,,,0,,0,,False,0,3,True,False,0,True,False,False,True,,,equal_hl,1.0528033333333335,0,6.3,,,44.8,91.9,91.9
GBPUSD,1,1,1.20912,1.2090699999999999,11250,1.20912,1.21223,-10.406250000021961,2023-10-26 13:05:00+00:00,2023-10-26 13:30:00+00:00,stop,amd_ob_m5,momentum,pwh_pwl,near,ifvg,W,False,,10.3,with,ahead,ob,0.0,with,1,2b,judas,ny_judas,ny,W,,False,4,3,,1,True,,W|240T,True,1,D,D,,False,False,True,False,,True,single,29.4,31.0,2.0,3.0,low,7.1,True,2023-10-25 23:15:00+00:00,2023-10-26 06:45:00+00:00,2023-10-26 07:30:00+00:00,2023-10-26 07:40:00+00:00,False,discount,eql,m15_range,False,False,confirmed,against,,,,,,,,,,,,,,,0,,0,,False,0,2,False,False,0,True,False,False,True,,,equal_hl,1.21597,0,19.1,5.7,198.3,246.9,246.9,709.9
EURUSD,1,-1,1.05477,1.05481,22500,1.05477,1.0505658999999998,-16.65000000001665,2023-10-27 12:00:00+00:00,2023-10-27 13:45:00+00:00,stop,amd_fvg_m5,momentum,fib_extension,d3,ifvg,D,True,D,14.9,against,ahead,ob,0.0,against,2,3a,judas,ny_judas,ny,,,False,3,3,,-1,True,,D,True,1,D,,,False,False,True,False,,False,,29.7,49.0,2.0,2.0,high,0.9,True,2023-10-26 18:15:00+00:00,2023-10-27 06:15:00+00:00,2023-10-27 06:30:00+00:00,2023-10-27 06:30:00+00:00,True,discount,pdh,m15_range,False,False,opposing,against,,,,,,,,,,,,,,,0,,0,,False,0,4,True,False,1,True,False,False,True,,,equal_hl,1.0529875,0,12.3,,26.5,53.2,100.3,100.3
EURUSD,1,1,1.05884,1.0597999999999999,17577,1.05984,1.062,312.1675199999512,2023-10-30 12:45:00+00:00,2023-10-30 14:10:00+00:00,stop,amd_fvg_m5,momentum,round_number,d3,ifvg,W,True,240T,5.4,against,behind,ob,0.0,against,1,2a,breakout,ny_judas,ny,,,False,5,2,D|15T,1,False,D,W|60T,False,1,D,240T,,False,False,False,False,,True,dual,14.9,41.0,3.0,2.0,low,5.9,True,2023-10-29 21:45:00+00:00,2023-10-30 07:45:00+00:00,2023-10-30 08:00:00+00:00,2023-10-30 08:05:00+00:00,,,,m15_range,False,False,,golden,,,,,,,,,,,,,,,0,,0,,False,0,5,True,True,0,True,False,True,True,continuation,breaker,equal_hl,1.0608716666666667,0,29.8,,9.5,28.8,106.7,357.9
EURUSD,1,-1,1.0620200000000002,1.0610600000000003,18000,1.0610200000000003,1.05749,319.67999999995,2023-10-31 13:00:00+00:00,2023-10-31 14:10:00+00:00,stop,amd_fvg_m5,momentum,pdh_pdl,near,ob,240T,False,,67.5,with,behind,ob,0.0,with,2,3a,judas,ny_judas,ny,W,,False,3,2,240T,-1,False,240T,D,False,1,60T,D,,False,False,True,False,,True,single,30.4,8.0,3.0,2.0,high,29.0,True,2023-10-31 07:45:00+00:00,2023-10-31 09:30:00+00:00,2023-10-31 09:45:00+00:00,2023-10-31 09:55:00+00:00,False,premium,eqh,m15_range,False,False,confirmed,against,,,,,,,,,,,,,,,0,,0,,False,0,4,True,True,0,True,False,False,True,,,equal_hl,1.058565,0,25.4,28.5,85.7,105.5,172.8,172.8
GBPUSD,1,-1,1.21307,1.21412,28125,1.21407,1.21,-546.3281249999976,2023-11-01 11:20:00+00:00,2023-11-01 12:30:00+00:00,stop,amd_m1_shift_ifvg,golden,round_number,,,,False,,23.3,against,ahead,ifvg,23.3,against,2,golden,mm_golden,ny_golden,ny,,,False,4,0,,0,False,,,False,0,,,,False,False,False,False,,False,,29.8,59.0,3.0,2.0,high,,True,,,,,,,,m15_range,False,False,,golden,cascade,240T,failed,,1a,60T,ifvg,,,s2:none:none,,1.2143,1.21476,60T,0,,0,,True,1,4,True,False,-1,True,False,True,True,continuation,d1_fvg,equal_hl,1.2124433333333333,0,7.9,0.0,0.0,0.0,0.0,0.0
EURUSD,1,-1,1.0535800000000002,1.0546200000000001,33750,1.05458,1.05057,-649.3499999999563,2023-11-01 13:00:00+00:00,2023-11-01 14:00:00+00:00,stop,amd_m1_shift_ifvg,golden,swing,,,,False,,3.0,against,ahead,ob,0.0,against,3,golden,mm_golden,ny_golden,ny,,,False,3,0,,0,False,,,False,0,,,,False,False,False,False,,False,,32.0,16.0,2.0,6.0,high,,True,,,,,,,,session_range,False,False,,golden,cascade,,failed,,1b,60T,ifvg,,,s3:cont:eu+gu+dxy,,1.05537,1.05572,60T,0,,0,,True,2,3,True,False,-1,True,False,False,True,,,equal_hl,1.0529875,0,14.2,0.0,0.0,0.0,0.0,0.0
GBPUSD,1,1,1.23952,1.2404699999999997,18000,1.2405199999999998,1.2431699999999999,316.3499999999282,2023-11-06 08:15:00+00:00,2023-11-06 09:45:00+00:00,stop,mss_ob_m5,momentum,fib_extension,near,fvg,W,False,,0.0,against,inside,ifvg,0.0,against,2,2b,breakout,london_judas,london,,,False,3,3,W|240T|60T,1,True,W,W|60T,True,0,,,,False,False,True,False,,True,single,31.4,40.0,2.0,3.0,high,2.1,False,2023-11-05 22:15:00+00:00,2023-11-06 08:00:00+00:00,2023-11-06 08:15:00+00:00,2023-11-06 08:15:00+00:00,,,,m15_range,False,False,,against,,,,,,,,,,,,,,,0,,0,,False,0,2,True,False,0,False,False,False,True,,,equal_hl,1.2424650000000002,0,28.4,,,,,351.8
GBPUSD,1,-1,1.22539,1.22544,11250,1.22539,1.222,-10.406250000021961,2023-11-08 09:00:00+00:00,2023-11-08 10:30:00+00:00,stop,amd_fvg_h1,momentum,round_number,near,fvg,D,False,,0.0,against,inside,fvg,0.0,against,1,1a,breakout,london_judas,london,,240T,False,3,2,D,-1,False,D,,False,1,D,,,False,False,False,False,,True,single,9.0,10.0,5.0,3.0,high,0.7,True,2023-11-07 20:15:00+00:00,2023-11-07 22:30:00+00:00,2023-11-07 22:45:00+00:00,2023-11-07 22:50:00+00:00,False,discount,eqh,m15_range,False,False,,golden,,,,,,,,,,,,,,,0,,0,,False,0,4,True,False,0,True,False,True,True,continuation,d1_fvg,equal_hl,1.223875,0,12.5,,,185.8,218.0,218.0
EURUSD,1,-1,1.0674000000000001,1.0674400000000002,9000,1.0674000000000001,1.06421,-6.660000000006661,2023-11-08 08:15:00+00:00,2023-11-08 11:05:00+00:00,stop,mss_ob_m5,momentum,swing,d3,fvg,240T,False,,0.0,against,inside,fvg,0.0,against,1,3a,judas,london_judas,london,,240T,False,2,0,,0,False,,,False,1,D,,,False,False,False,False,,True,single,29.2,57.0,2.0,4.0,low,2.5,False,2023-11-07 18:00:00+00:00,2023-11-08 08:00:00+00:00,2023-11-08 08:15:00+00:00,2023-11-08 08:20:00+00:00,False,discount,eql,m15_range,False,False,,against,,,,,,,,,,,,,,,0,,0,,False,0,2,True,False,0,False,False,False,True,,,equal_hl,1.066165,0,14.7,,10.9,152.8,223.5,226.6
EURUSD,1,1,1.0674,1.07043,12500,1.0674,1.07047,700.6875000000203,2023-11-08 14:00:00+00:00,2023-11-08 15:50:00+00:00,target,amd_m1_shift_ifvg,golden,judas_origin_60T,,,,False,,0.0,with,inside,fvg,0.0,with,2,golden,mm_golden,ny_golden,ny,,,False,3,0,,0,False,,,False,0,,,,False,False,False,False,,False,,33.6,29.0,2.0,2.0,low,,True,,,,,,,,m15_range,False,False,,golden,cascade,240T,failed,,2a,60T,ifvg,,,s3:smt:gu+dxy,,1.06526,1.0696,60T,0,,0,,True,1,4,True,False,0,True,False,True,True,continuation,d1_fvg,equal_hl,1.0676350000000001,0,33.3,0.0,0.0,0.0,0.0,0.0
EURUSD,1,-1,1.0679400000000001,1.0679800000000002,11250,1.0679400000000001,1.06421,-8.325000000008325,2023-11-13 12:00:00+00:00,2023-11-13 14:55:00+00:00,stop,amd_ob_m5,momentum,swing,d3,fvg,240T,False,,64.8,against,ahead,ob,4.6,against,1,1b,judas,ny_judas,ny,,240T,False,3,0,,0,False,,,False,1,60T,240T,,False,False,False,False,,True,dual,35.0,96.0,3.0,2.0,high,3.9,True,2023-11-10 09:15:00+00:00,2023-11-13 09:00:00+00:00,2023-11-13 09:30:00+00:00,2023-11-13 09:35:00+00:00,,,,m15_range,False,False,confirmed,against,,,,,,,,,,,,,,,0,,0,,False,0,3,True,False,0,True,False,False,True,,,equal_hl,1.066088,0,14.4,0.4,24.3,163.6,184.9,232.0
GBPUSD,1,1,1.22888,1.2288299999999999,22500,1.22888,1.2320128799999999,-20.812500000043922,2023-11-14 09:20:00+00:00,2023-11-14 10:40:00+00:00,stop,mss_fvg_h1,momentum,fib_extension,near,ifvg,W,False,,12.3,against,ahead,ifvg,12.3,against,2,2b_ip,judas,london_judas,london,,,False,3,2,W|60T,1,False,W,D,False,-1,60T,240T,,False,False,True,False,,True,dual,,,,,,,,,,,,,premium,,,False,False,,against,,,,,,,,,,,,,,,0,,0,,False,0,3,True,False,0,True,False,False,True,,,equal_hl,1.23047,0,18.5,,,101.4,140.4,343.8
GBPUSD,1,1,1.24015,1.2401,22500,1.24015,1.24355,-20.812500000043922,2023-11-14 13:50:00+00:00,2023-11-14 14:00:00+00:00,stop,amd_m1_shift_ifvg,golden,swing,,,,False,,5.5,against,behind,ifvg,5.5,against,2,golden,mm_golden,ny_golden,ny,,,False,1,0,,0,False,,,False,0,,,,False,False,False,False,,False,,31.4,16.0,2.0,2.0,low,,True,,,,,,,,session_range,False,False,,golden,cascade,,failed,,2b,15T,ifvg,,,s3:cont:eu+gu+dxy,,1.22852,1.22883,60T,0,,0,,True,1,3,True,False,0,True,False,False,True,,,equal_hl,1.2424650000000002,0,22.0,0.0,0.0,0.0,0.0,0.0
GBPUSD,1,1,1.24231,1.24226,22500,1.24231,1.24711912,-20.812500000043922,2023-11-14 14:00:00+00:00,2023-11-14 14:20:00+00:00,stop,amd_fvg_m5,momentum,fib_extension,d30,,,False,,27.1,against,behind,ifvg,27.1,against,2,2b,breakout,ny_judas,ny,,,False,3,2,W|60T,1,False,W,D|60T,False,-1,60T,,,False,False,True,False,,True,single,31.4,16.0,2.0,2.0,low,-3.7,True,2023-11-14 08:00:00+00:00,2023-11-14 11:45:00+00:00,2023-11-14 12:00:00+00:00,2023-11-14 12:00:00+00:00,True,premium,eql,session_range,False,False,,against,,,,,,,,,,,,,,,0,,0,,False,0,3,True,False,0,True,False,False,True,,,equal_hl,1.25058,0,11.0,,,,6.1,209.5
EURUSD,1,-1,1.0844900000000002,1.08553,9000,1.08549,1.08071,-173.15999999998832,2023-11-15 09:30:00+00:00,2023-11-15 10:15:00+00:00,stop,amd_fvg_m5,momentum,fib_extension,near,fvg,D,False,,230.3,against,ahead,ob,10.2,with,0,3a,breakout,london_judas,london,,,False,3,0,,0,False,,,False,0,,,,False,False,False,False,,True,single,22.9,12.0,2.0,2.0,high,10.5,True,2023-11-14 16:45:00+00:00,2023-11-14 19:30:00+00:00,2023-11-14 20:30:00+00:00,2023-11-14 20:40:00+00:00,False,premium,eqh,m15_range,False,False,,against,,,,,,,,,,,,,,,0,,0,,False,0,3,True,False,0,True,False,False,True,,,equal_hl,1.07178,0,1.0,,180.8,329.1,350.4,397.5
GBPUSD,1,1,1.23962,1.2405699999999997,22500,1.2406199999999998,1.2436289600000001,395.43749999991024,2023-11-16 13:05:00+00:00,2023-11-16 13:30:00+00:00,stop,mss_ob_m5,judas,fib_extension,near,ifvg,W,False,,0.0,with,inside,fvg,0.0,with,2,2b_ip,judas,ny_judas,ny,,,False,2,2,W,1,False,W,D,False,0,,,,False,False,True,False,,False,,30.6,30.0,2.0,3.0,high,6.6,False,2023-11-16 01:45:00+00:00,2023-11-16 09:00:00+00:00,2023-11-16 09:30:00+00:00,2023-11-16 09:30:00+00:00,True,discount,eqh,m15_range,False,False,confirmed,against,,,,,,,,,,,,,,,0,,0,,False,0,1,False,False,0,False,False,False,True,,,equal_hl,1.249475,0,23.6,28.5,110.6,,110.6,152.5
EURUSD,1,1,1.0848099999999998,1.0857699999999997,14062,1.0858099999999997,1.0885633333333333,249.74111999996094,2023-11-17 09:00:00+00:00,2023-11-17 12:20:00+00:00,stop,amd_fvg_m5,judas,equal_hl,near,ob,D,False,,16.6,with,behind,ob,7.0,against,1,3b,judas,london_judas,london,,,False,4,3,W|D|60T,1,True,W,D|60T,True,-1,60T,D,,False,False,True,False,,False,,29.3,55.0,2.0,2.0,low,10.4,True,2023-11-16 18:15:00+00:00,2023-11-17 07:45:00+00:00,2023-11-17 08:00:00+00:00,2023-11-17 08:05:00+00:00,False,discount,eql,m15_range,False,False,,golden,,,,,,,,,,,,,,,0,,0,,False,0,2,False,False,0,True,False,False,True,,,equal_hl,1.0889600000000002,0,26.5,9.7,48.3,,48.3,48.3
EURUSD,1,1,1.08652,1.08648,28125,1.08652,1.08955,-20.812500000020815,2023-11-17 12:35:00+00:00,2023-11-17 14:35:00+00:00,stop,amd_m1_shift_ob2,golden,judas_origin_60T,,,,False,,33.7,with,behind,ob,0.0,against,2,golden,mm_golden,ny_golden,ny,,,False,4,0,,0,False,,,False,0,,,,False,False,False,False,,False,,29.3,55.0,2.0,2.0,low,,True,,,,,,,,m15_range,False,False,,golden,cascade,240T,failed,,2a,15T,ob2,,,s2:cont:eu+gu+dxy,,1.08526,1.08582,60T,0,,0,,True,1,3,False,False,0,True,False,True,True,continuation,d1_fvg,equal_hl,1.0889600000000002,0,19.3,0.0,0.0,0.0,0.0,0.0
GBPUSD,1,1,1.2486,1.2495499999999997,18000,1.2495999999999998,1.2525914599999999,316.3499999999282,2023-11-20 09:10:00+00:00,2023-11-20 09:55:00+00:00,stop,mss_ob_m5,momentum,fib_extension,d30,ifvg,D,True,D,21.9,against,ahead,ifvg,21.9,against,2,2b,breakout,london_judas,london,,,False,3,2,W|60T|15T,1,False,W,D,False,-1,60T,,,False,False,True,False,,True,single,22.8,10.0,3.0,2.0,high,10.0,False,2023-11-20 01:30:00+00:00,2023-11-20 03:45:00+00:00,2023-11-20 04:15:00+00:00,2023-11-20 04:15:00+00:00,,,,m15_range,False,False,,against,,,,,,,,,,,,,,,0,,0,,False,0,2,True,False,0,False,False,False,True,,,equal_hl,1.251005,0,23.8,10.2,,,20.8,62.7
GBPUSD,1,1,1.25342,1.25237,22500,1.25242,1.25651852,-437.06249999999807,2023-11-21 08:05:00+00:00,2023-11-21 09:30:00+00:00,stop,amd_m1_shift_ifvg,golden,fib_extension,,,,False,,6.6,against,behind,ifvg,6.6,against,2,golden,mm_golden,london_golden,london,,,False,2,0,,0,False,,,False,0,,,,False,False,False,False,,False,,17.1,22.0,2.0,3.0,low,,True,,,,,,,,m15_range,False,False,,golden,cascade,,failed,,2b,15T,ifvg,,,s3:cont:eu+gu+dxy,,1.25211,1.2527,60T,0,,0,,True,1,2,True,False,0,True,False,False,False,,,,0.0,0,6.4,0.0,0.0,0.0,0.0,0.0
EURUSD,1,-1,1.08997,1.0900100000000001,9000,1.08997,1.08623868,-6.660000000006661,2023-11-22 08:30:00+00:00,2023-11-22 09:30:00+00:00,stop,amd_fvg_m5,judas,fib_extension,d3,ob,240T,True,240T,0.0,against,inside,ifvg,0.0,against,0,1b,breakout,london_judas,london,,,False,2,1,60T|15T,0,False,60T,60T,False,0,,D,,False,False,True,False,,False,,11.0,23.0,2.0,2.0,high,3.3,True,2023-11-21 19:15:00+00:00,2023-11-22 00:45:00+00:00,2023-11-22 01:15:00+00:00,2023-11-22 01:15:00+00:00,False,discount,eqh,m15_range,False,False,opposing,against,,,,,,,,,,,,,,,0,,0,,False,0,3,True,False,0,True,False,False,True,,,equal_hl,1.0828733333333334,0,17.1,,3.2,244.6,383.9,452.3
NZDUSD,1,-1,0.6023949999999999,0.60347,9000,0.6033949999999999,0.59914136,-178.98750000000803,2023-11-22 08:20:00+00:00,2023-11-22 10:55:00+00:00,stop,amd_fvg_h1,judas,fib_extension,near,ifvg,W,True,240T,0.0,against,inside,fvg,0.0,against,1,N-short,judas,london_judas,london,,,False,3,1,,0,False,,60T,False,0,,,,False,False,False,False,,False,,7.1,8.0,2.0,3.0,high,6.8,True,2023-11-21 23:15:00+00:00,2023-11-22 01:00:00+00:00,2023-11-22 01:15:00+00:00,2023-11-22 01:15:00+00:00,False,discount,eqh,m15_range,False,False,,,,,,,,,,,,,,,,,0,,0,,False,0,3,True,False,0,True,False,False,True,,,equal_hl,0.6001799999999999,0,8.9,,46.9,147.2,252.3,252.3
GBPUSD,1,-1,1.24977,1.24624,14062,1.2487700000000002,1.24619,918.3189100000086,2023-11-22 14:00:00+00:00,2023-11-22 15:10:00+00:00,target,amd_fvg_m5,momentum,pdh_pdl,near,fvg,D,True,D,0.0,against,inside,fvg,0.0,against,0,1a_ip,breakout,ny_judas,ny,,,False,3,1,,0,False,,60T,False,0,,240T,,False,False,False,False,,True,dual,16.8,10.0,2.0,3.0,high,10.9,True,2023-11-22 09:30:00+00:00,2023-11-22 11:45:00+00:00,2023-11-22 12:15:00+00:00,2023-11-22 12:15:00+00:00,False,discount,eqh,m15_range,False,False,confirmed,golden,,,,,,,,,,,,,,,0,,0,,False,0,3,True,False,0,True,False,False,True,,,equal_hl,1.244715,0,39.2,,53.2,311.9,429.6,461.8
EURUSD,1,-1,1.08982,1.09069,11250,1.09065,1.08597422,-181.06874999998468,2023-11-23 13:00:00+00:00,2023-11-23 15:20:00+00:00,stop,amd_fvg_m15,momentum,fib_extension,near,ob,240T,True,240T,66.7,against,ahead,ifvg,66.7,against,1,1b_ip,judas,ny_judas,ny,,,False,3,1,15T,0,False,15T,60T,False,0,,240T,,False,False,False,False,,True,single,34.2,48.0,3.0,5.0,high,12.7,True,2023-11-22 20:30:00+00:00,2023-11-23 08:15:00+00:00,2023-11-23 08:30:00+00:00,2023-11-23 08:30:00+00:00,False,premium,eqh,m15_range,False,False,,against,,,,,,,,,,,,,,,0,,0,,False,0,2,False,False,0,True,False,False,True,,,equal_hl,1.0900966666666665,0,11.2,15.7,46.9,243.1,382.4,450.8
GBPUSD,1,1,1.25462,1.25457,22500,1.25462,1.25818,-20.812500000043922,2023-11-24 08:30:00+00:00,2023-11-24 09:40:00+00:00,stop,amd_fvg_m15,momentum,fib_extension,d60,ob,W,False,,42.0,with,behind,ob,39.7,against,2,2b,breakout,london_judas,london,,,False,5,2,W|240T|60T,1,False,W,D|240T,False,0,,,,False,False,True,False,,True,dual,18.6,8.0,2.0,3.0,low,0.2,True,2023-11-24 01:00:00+00:00,2023-11-24 02:45:00+00:00,2023-11-24 03:00:00+00:00,2023-11-24 03:05:00+00:00,False,premium,eql,m15_range,False,False,opposing,against,,,,,,,,,,,,,,,0,,0,,False,0,1,False,False,0,True,False,False,False,,,,0.0,0,19.6,,23.1,,23.1,23.1
GBPUSD,1,1,1.25752,1.2611963,22500,1.25752,1.2612463,1530.2598749999856,2023-11-24 13:40:00+00:00,2023-11-24 15:05:00+00:00,target,amd_m1_shift_ifvg,golden,fib_extension,,,,False,,17.6,against,ahead,ob,10.7,against,2,golden,mm_golden,ny_golden,ny,,,False,3,0,,0,False,,,False,0,,,,False,False,False,False,,False,,18.6,8.0,2.0,3.0,low,,True,,,,,,,,m15_range,False,False,,golden,cascade,,failed,,2b,5T,ifvg,,,s3:cont:eu+gu+dxy,,1.25591,1.25629,60T,0,,0,,True,1,1,False,False,0,True,False,False,False,,,,0.0,0,38.5,0.0,0.0,0.0,0.0,0.0
GBPUSD,1,1,1.26299,1.26194,33750,1.2619900000000002,1.26663,-655.5937499999972,2023-11-27 12:00:00+00:00,2023-11-27 14:15:00+00:00,stop,amd_m1_shift_ifvg,golden,swing,,,,False,,0.0,against,inside,ifvg,0.0,against,3,golden,mm_golden,ny_golden,ny,,,False,2,0,,0,False,,,False,0,,,,False,False,False,False,,False,,20.8,11.0,2.0,2.0,low,,True,,,,,,,,m15_range,False,False,,golden,cascade,,failed,,2b,15T,ifvg,,,s3:cont:eu+gu+dxy,,1.26146,1.26198,60T,0,,0,,True,2,3,True,True,0,True,False,False,False,,,,0.0,0,14.1,0.0,0.0,0.0,0.0,0.0
EURUSD,1,-1,1.0939800000000002,1.0940200000000002,11250,1.0939800000000002,1.0908799999999998,-8.325000000008325,2023-11-27 14:00:00+00:00,2023-11-27 18:00:00+00:00,stop,amd_ob_m5,momentum,fib_extension,near,ifvg,240T,True,240T,1.4,against,ahead,fvg,1.4,against,1,1b_ip,judas,ny_judas,ny,,,False,4,1,,0,True,,,True,1,60T,,,False,False,True,False,,False,,18.1,22.0,2.0,2.0,high,3.2,True,2023-11-27 01:30:00+00:00,2023-11-27 06:45:00+00:00,2023-11-27 07:00:00+00:00,2023-11-27 07:10:00+00:00,,,,m15_range,False,False,confirmed,against,,,,,,,,,,,,,,,0,,0,,False,0,4,True,True,0,True,False,False,True,,,equal_hl,1.0900966666666665,0,14.7,1.5,53.7,275.7,424.0,492.4
EURUSD,1,1,1.0959599999999998,1.09492,33750,1.09496,1.09936,-649.3499999999563,2023-11-28 12:10:00+00:00,2023-11-28 12:55:00+00:00,stop,amd_m1_shift_ifvg,golden,swing,,,,False,,21.2,with,behind,ob,7.7,against,3,golden,mm_golden,ny_golden,ny,,,False,2,0,,0,False,,,False,0,,,,False,False,False,False,,False,,12.3,16.0,3.0,2.0,low,,True,,,,,,,,m15_range,False,False,,golden,cascade,240T,failed,,2a,60T,ifvg,,,s2:cont:eu+gu+dxy,,1.09424,1.09506,60T,0,,0,,True,2,5,True,True,0,True,False,True,True,continuation,d1_fvg,equal_hl,1.096215,0,2.8,0.0,0.0,0.0,0.0,0.0
EURUSD,1,-1,1.08437,1.0834100000000002,9000,1.0833700000000002,1.08059,159.839999999975,2023-12-04 14:00:00+00:00,2023-12-04 14:40:00+00:00,stop,amd_fvg_m15,momentum,swing,d3,ifvg,W,False,,12.2,against,ahead,ifvg,12.2,against,0,3a,breakout,ny_judas,ny,,,False,3,0,,0,False,,,False,1,60T,,,False,False,False,False,,True,single,22.8,26.0,4.0,2.0,high,2.0,True,2023-12-01 16:45:00+00:00,2023-12-03 23:00:00+00:00,2023-12-03 23:15:00+00:00,2023-12-03 23:25:00+00:00,,,,m15_range,False,False,opposing,against,,,,,,,,,,,,,,,0,,0,,False,0,3,True,False,0,True,False,False,True,,,equal_hl,1.0828725,0,24.1,,15.9,,327.9,396.3
GBPUSD,1,1,1.25758,1.2575299999999998,11250,1.25758,1.26103166,-10.406250000021961,2023-12-07 09:30:00+00:00,2023-12-07 10:30:00+00:00,stop,amd_fvg_h1,momentum,fib_extension,near,,,False,,71.6,with,behind,ob,26.5,with,1,2b_ip,breakout,london_judas,london,,,False,5,2,W,1,False,W,D,False,-1,60T,D,,False,False,True,False,,True,single,32.0,43.0,2.0,2.0,low,1.2,True,2023-12-06 18:30:00+00:00,2023-12-07 05:00:00+00:00,2023-12-07 05:15:00+00:00,2023-12-07 05:15:00+00:00,False,premium,none,m15_range,False,False,,against,,,,,,,,,,,,,,,0,,0,,False,0,2,False,False,0,True,False,False,True,,,equal_hl,1.26101,0,14.9,,137.0,40.2,158.1,158.1
EURUSD,1,1,1.07754,1.07662,15625,1.07666,1.0813799999999998,-265.9375000000092,2023-12-07 13:20:00+00:00,2023-12-07 13:30:00+00:00,stop,amd_ob_m5,momentum,fib_extension,near,ifvg,W,False,,0.0,with,inside,ifvg,0.0,with,2,3b,judas,ny_judas,ny,,,True,3,2,W|D|15T,1,False,W,D,False,-1,60T,D,,False,False,True,False,,True,dual,34.9,58.0,3.0,3.0,low,1.7,True,2023-12-06 16:30:00+00:00,2023-12-07 06:45:00+00:00,2023-12-07 07:00:00+00:00,2023-12-07 07:00:00+00:00,True,premium,pdl,m15_range,False,False,confirmed,golden,,,,,,,,,,,,,,,0,,0,,False,0,2,False,False,0,True,False,False,True,,,equal_hl,1.089002,0,2.3,,112.0,190.6,242.6,242.6
EURUSD,1,-1,1.0739400000000001,1.07498,6250,1.07494,1.07055,-120.24999999999189,2023-12-08 13:30:00+00:00,2023-12-08 13:40:00+00:00,stop,amd_ob_m5,momentum,swing,near,ifvg,D,False,,0.0,against,inside,ifvg,0.0,against,0,1b_ip,breakout,ny_judas,ny,,,False,4,1,60T|15T,0,False,60T,240T,False,-1,60T,,,False,False,False,False,,True,single,18.8,16.0,4.0,3.0,high,-5.2,True,2023-12-08 08:00:00+00:00,2023-12-08 11:45:00+00:00,2023-12-08 12:15:00+00:00,2023-12-08 12:25:00+00:00,False,discount,eqh,session_range,False,False,confirmed,against,,,,,,,,,,,,,,,0,,0,,False,0,2,False,False,0,True,False,False,True,,,equal_hl,1.0719733333333332,0,1.8,,,,125.7,292.0
EURUSD,1,1,1.07828,1.0816199999999998,23437,1.07828,1.0816599999999998,1448.172229999956,2023-12-12 08:15:00+00:00,2023-12-12 13:30:00+00:00,target,amd_m1_shift_ifvg,golden,fib_extension,,,,False,,0.0,with,inside,ifvg,0.0,with,3,golden,mm_golden,london_golden,london,,,False,4,0,,0,False,,,False,0,,,,False,False,False,False,,False,,27.6,17.0,2.0,2.0,low,,True,,,,,,,,m15_range,False,False,,golden,cascade,240T,failed,,2a,15T,ifvg,,,s2:smt:gu+dxy,,1.0773,1.07772,15T,0,,0,,True,2,4,True,False,0,True,False,True,True,continuation,d1_fvg,equal_hl,1.08026,0,45.1,0.0,0.0,0.0,0.0,0.0
GBPUSD,1,1,1.27144,1.2713899999999998,9000,1.27144,1.27652032,-8.325000000017567,2023-12-14 13:45:00+00:00,2023-12-14 14:20:00+00:00,stop,amd_fvg_m5,momentum,fib_extension,d60,,,False,,30.1,against,behind,ob,0.0,against,1,2b_ip,breakout,ny_judas,ny,,,False,2,2,W,1,False,W,D|60T,False,0,,D,,False,False,True,False,,True,single,33.6,33.0,2.0,2.0,low,7.1,True,2023-12-13 23:15:00+00:00,2023-12-14 07:15:00+00:00,2023-12-14 07:45:00+00:00,2023-12-14 07:45:00+00:00,False,premium,eql,m15_range,False,False,,against,,,,,,,,,,,,,,,0,,0,,False,0,3,False,False,1,True,False,False,True,,,equal_hl,1.272845,0,23.0,,,19.5,19.5,19.5
GBPUSD,2,1,1.27317,1.27212,9000,1.27217,1.27652032,-174.82499999999922,2023-12-14 14:00:00+00:00,2023-12-14 14:20:00+00:00,stop,pyramid_im0.8_fvg_m5,no_open,fib_extension,d60,,,False,,30.1,against,behind,ob,0.0,against,1,2b_ip,breakout,ny_judas,ny,,,False,2,2,W,1,False,W,D|60T,False,0,,D,,False,False,True,False,,True,single,33.6,33.0,2.0,2.0,low,7.1,True,2023-12-13 23:15:00+00:00,2023-12-14 07:15:00+00:00,2023-12-14 07:45:00+00:00,2023-12-14 07:45:00+00:00,False,premium,eql,m15_range,False,False,,against,,,,,,,,,,,,,,,0,,0,,False,0,3,False,False,1,True,False,False,True,,,equal_hl,1.272845,0,5.7,,,19.5,19.5,19.5
GBPUSD,1,1,1.27598,1.2759299999999998,28125,1.27598,1.27911332,-26.0156250000549,2023-12-15 09:35:00+00:00,2023-12-15 12:20:00+00:00,stop,amd_m1_shift_ifvg,golden,fib_extension,,,,False,,255.6,with,behind,ob,78.3,against,2,golden,mm_golden,london_golden,london,,,False,4,0,,0,False,,,False,0,,,,False,False,False,False,,False,,27.4,57.0,2.0,2.0,low,,True,,,,,,,,m15_range,False,False,,golden,cascade,,failed,,2b,15T,ifvg,,,s2:smt:gu,,1.27397,1.27531,15T,0,,0,,True,1,3,False,False,1,True,False,False,True,,,equal_hl,1.2791899999999998,0,30.3,0.0,0.0,0.0,0.0,0.0
EURUSD,1,-1,1.0943500000000002,1.0933900000000003,11250,1.0933500000000003,1.09018,199.79999999996875,2023-12-15 13:15:00+00:00,2023-12-15 13:30:00+00:00,stop,amd_fvg_m5,momentum,swing,near,,,False,,64.4,against,ahead,fvg,64.4,against,0,3a,breakout,ny_judas,ny,,,False,5,1,15T,0,False,15T,240T,False,1,60T,,,False,False,False,False,,False,,20.4,13.0,2.0,3.0,high,0.1,True,2023-12-15 08:45:00+00:00,2023-12-15 11:45:00+00:00,2023-12-15 12:00:00+00:00,2023-12-15 12:00:00+00:00,False,discount,eqh,m15_range,False,False,opposing,against,,,,,,,,,,,,,,,0,,0,,False,0,3,False,False,1,True,False,False,True,,,equal_hl,1.0900966666666665,0,21.0,,183.2,115.7,288.4,462.0
GBPUSD,1,1,1.27097,1.2744199999999999,18000,1.27447,1.2762698199999998,1148.8499999999844,2023-12-19 12:00:00+00:00,2023-12-19 14:55:00+00:00,stop,amd_fvg_h1,momentum,fib_extension,near,ob,240T,True,240T,41.6,with,behind,ifvg,41.6,with,2,2b_ip,breakout,ny_judas,ny,,,False,2,2,W|D|15T,1,False,W,D|240T,False,-1,60T,,,False,False,True,False,,True,single,17.8,9.0,2.0,2.0,low,1.9,True,2023-12-18 17:15:00+00:00,2023-12-18 19:15:00+00:00,2023-12-18 19:30:00+00:00,2023-12-18 19:35:00+00:00,False,premium,eql,m15_range,False,False,confirmed,against,,,,,,,,,,,,,,,0,,0,,False,0,3,True,False,0,True,False,False,True,,,equal_hl,1.2791899999999998,0,47.8,,81.4,3.1,85.0,85.0
GBPUSD,2,1,1.27279,1.2737399999999999,9000,1.27379,1.2762698199999998,158.1749999999641,2023-12-19 12:45:00+00:00,2023-12-19 15:00:00+00:00,stop,pyramid_im0.8_fvg_m5,no_open,fib_extension,near,ob,240T,True,240T,41.6,with,behind,ifvg,41.6,with,2,2b_ip,breakout,ny_judas,ny,,,False,2,2,W|D|15T,1,False,W,D|240T,False,-1,60T,,,False,False,True,False,,True,single,17.8,9.0,2.0,2.0,low,1.9,True,2023-12-18 17:15:00+00:00,2023-12-18 19:15:00+00:00,2023-12-18 19:30:00+00:00,2023-12-18 19:35:00+00:00,False,premium,eql,m15_range,False,False,confirmed,against,,,,,,,,,,,,,,,0,,0,,False,0,3,True,False,0,True,False,False,True,,,equal_hl,1.2791899999999998,0,29.6,,81.4,3.1,85.0,85.0
EURUSD,1,-1,1.0938700000000001,1.09447,9000,1.09443,1.09071,-99.89999999998899,2023-12-20 12:15:00+00:00,2023-12-20 13:10:00+00:00,stop,amd_fvg_m5,judas,swing,near,fvg,D,False,,23.9,against,ahead,fvg,23.9,against,0,3a,breakout,ny_judas,ny,,,False,3,2,D,-1,False,D,,False,1,60T,,,False,False,False,False,,False,,9.3,14.0,2.0,5.0,high,3.4,True,2023-12-19 18:30:00+00:00,2023-12-19 21:45:00+00:00,2023-12-19 22:00:00+00:00,2023-12-19 22:10:00+00:00,False,discount,eqh,m15_range,False,False,confirmed,against,,,,,,,,,,,,,,,0,,0,,False,0,3,True,False,0,True,False,False,True,,,equal_hl,1.09342,0,4.8,,47.6,216.0,216.0,444.2
GBPUSD,1,1,1.26757,1.26652,33750,1.2665700000000002,1.27118,-655.5937499999972,2023-12-21 13:45:00+00:00,2023-12-21 14:55:00+00:00,stop,amd_m1_shift_ifvg,golden,pwh_pwl,,,,False,,7.6,with,behind,ifvg,7.6,with,3,golden,mm_golden,ny_golden,ny,,,False,2,0,,0,False,,,False,0,,,,False,False,False,False,,False,,20.7,45.0,2.0,4.0,low,,True,,,,,,,,m15_range,False,False,,golden,cascade,,failed,,2b,60T,ifvg,,,s3:smt:eu+dxy,,1.26411,1.26549,60T,0,,0,,True,2,2,False,False,0,True,False,False,True,,,equal_hl,1.2699699999999998,0,14.4,0.0,0.0,0.0,0.0,0.0
GBPUSD,1,1,1.27179,1.2708499999999998,33750,1.2709,1.2750000000000001,-586.9125000001017,2023-12-22 13:10:00+00:00,2023-12-22 13:30:00+00:00,stop,amd_m1_shift_ifvg,golden,round_number,,,,False,,49.8,with,behind,ifvg,49.8,with,3,golden,mm_golden,ny_golden,ny,,,False,3,0,,0,False,,,False,0,,,,False,False,False,False,,False,,30.8,6.0,2.0,2.0,low,,True,,,,,,,,session_range,False,False,,golden,cascade,,failed,,2b,15T,ifvg,,,s2:cont:eu+gu+dxy,,1.27057,1.27126,60T,0,,0,,True,2,2,False,False,0,True,False,False,True,,,equal_hl,1.2717166666666666,0,11.4,0.0,0.0,0.0,0.0,0.0
