pair,leg_idx,direction,entry,exit,units,stop,target,pnl,opened_at,closed_at,reason,entry_type,session_side,target_type,target_rung,target_pd,target_pd_tf,path_blocked,path_block_tf,d1_fvg_dist_pips,d1_fvg_align,d1_fvg_pos,d1_pd_type,d1_pd_dist_pips,d1_pd_align,draw_score,im_scenario,entry_model,session_phase,profile,htf_fvg,dxy_fvg_tf,ny_cont,target_confluence,mstruct_pts,mstruct_align,mstruct_htf_dir,mstruct_minor_sweep,mstruct_intact_tf,dxy_mstruct_align,dxy_mstruct_sweep,dxy_rev_day,dxy_rev_tf,crt_tf,nwog,smt_idx,smt_dxy,target_escalated,tp_runner,tp1_price,soj_sweep,soj_type,amd_range_pips,amd_range_bars,amd_touches_hi,amd_touches_lo,amd_sweep_side,amd_sweep_depth,amd_sweep_aligned,amd_accum_start,amd_accum_end,amd_sweep_time,amd_sweep_time_m5,amd_swept_pdliq,amd_entry_zone,amd_liq_run,amd_source,bond_confirm,htf_smt,smt_pair_pref,golden_rule,golden_via,golden_ob_tf,golden_ob_state,golden_retrace_tf,mm_scenario,mm_ifvg_tf,mm_pd_stage,mm_ifvg_zone_tf,mm_dxy_dir,mm_dxy_tf,mm_eurgbp_dir,mm_eurgbp_tf,golden_smt,golden_score,narrative_score,narrative_weekly_profile,narrative_nfp,narrative_rate,narrative_pd_prov,narrative_seasonal,narrative_htf_ob,narrative_d1_draw,htf_ob_context,htf_ob_liq_type,d1_draw_type,d1_draw_price,mm_adds,mfe_pips,lad_sess,lad_d3,lad_wk,lad_d30,lad_d60
EURUSD,1,-1,1.13137,1.13141,2000,1.13137,1.1280366666666666,-1.4800000000014801,2022-01-10 13:30:00+00:00,2022-01-10 13:40:00+00:00,stop,amd_ob_m5,momentum,equal_hl,d3,ob,240T,False,,8.7,with,behind,ob,0.0,against,0,3a,breakout,ny_judas,ny,,,False,6,1,15T,0,False,15T,,False,1,60T,,,False,False,False,False,,True,single,23.9,16.0,1.0,7.0,high,-15.0,True,2022-01-10 08:00:00+00:00,2022-01-10 11:45:00+00:00,2022-01-10 12:00:00+00:00,2022-01-10 12:05:00+00:00,,,,session_range,False,False,,against,,,,,,,,,0,,0,,False,0,3,True,False,0,True,False,False,True,,,equal_hl,1.12873,0,13.9,,30.1,,,
GBPUSD,1,-1,1.35491,1.3549600000000002,1000,1.35491,1.35158382,-0.925000000001952,2022-01-10 14:00:00+00:00,2022-01-10 15:30:00+00:00,stop,amd_fvg_m5,momentum,fib_extension,near,,,False,,9.4,against,behind,ob,0.0,against,1,1a,breakout,ny_judas,ny,,,False,4,0,,0,False,,,False,1,60T,D,,False,False,True,False,,True,dual,26.1,66.0,7.0,2.0,high,6.1,True,2022-01-07 16:45:00+00:00,2022-01-10 09:00:00+00:00,2022-01-10 09:15:00+00:00,2022-01-10 09:15:00+00:00,,,,m15_range,False,False,,golden,,,,,,,,,0,,0,,False,0,3,True,False,0,True,False,False,True,,,equal_hl,1.352935,0,17.4,,60.1,30.2,,
GBPUSD,1,1,1.35986,1.35981,1000,1.35986,1.36328464,-0.925000000001952,2022-01-11 08:00:00+00:00,2022-01-11 08:05:00+00:00,stop,amd_ob_m5,momentum,fib_extension,d3,,,False,,25.2,with,behind,ifvg,25.2,with,0,2b_ip,breakout,london_judas,london,,240T,False,1,1,240T|60T,0,False,240T,240T,False,-1,60T,,,False,False,False,False,,True,single,27.1,11.0,3.0,2.0,low,32.1,True,2022-01-10 10:45:00+00:00,2022-01-10 13:15:00+00:00,2022-01-10 15:00:00+00:00,2022-01-10 15:00:00+00:00,False,premium,eql,m15_range,False,False,,against,,,,,,,,,0,,0,,False,0,2,True,False,0,True,False,False,False,,,,0.0,0,21.0,2.3,5.6,,,
NZDUSD,1,1,0.677135,0.676385,1000,0.6764600000000001,0.68032,-13.875000000000526,2022-01-11 08:00:00+00:00,2022-01-11 10:30:00+00:00,stop,mss_fvg_m15,momentum,swing,d3,fvg,240T,True,240T,11.4,against,ahead,fvg,11.4,against,0,N-long,breakout,london_judas,london,,240T,False,3,1,,0,False,,240T,False,-1,60T,,,False,False,False,False,,True,dual,34.9,66.0,4.0,2.0,high,1.7,False,2022-01-10 15:30:00+00:00,2022-01-11 07:45:00+00:00,2022-01-11 08:00:00+00:00,2022-01-11 08:05:00+00:00,False,premium,eqh,m15_range,False,False,,,,,,,,,,,0,,0,,False,0,2,True,False,0,False,False,False,True,,,equal_hl,0.67806,0,7.0,3.6,12.7,75.3,,
EURUSD,1,-1,1.14474,1.1437800000000002,1000,1.1437400000000002,1.14166856,17.759999999997223,2022-01-14 12:15:00+00:00,2022-01-14 15:00:00+00:00,stop,amd_ob_m5,momentum,fib_extension,near,fvg,D,True,240T,11.7,against,ahead,fvg,11.7,against,1,3a,breakout,ny_judas,ny,,,False,2,0,,0,False,,,False,-1,60T,,,False,False,False,False,,True,dual,30.4,57.0,3.0,2.0,high,5.2,True,2022-01-13 15:00:00+00:00,2022-01-14 05:00:00+00:00,2022-01-14 05:30:00+00:00,2022-01-14 05:40:00+00:00,True,discount,pdh,m15_range,False,False,,against,,,,,,,,,0,,0,,False,0,2,False,False,0,True,False,False,True,,,equal_hl,1.13522,0,23.1,,135.3,83.4,,
GBPUSD,1,-1,1.36446,1.36551,2000,1.36546,1.36124428,-38.84999999999983,2022-01-17 12:45:00+00:00,2022-01-17 14:10:00+00:00,stop,amd_fvg_m5,momentum,fib_extension,near,fvg,D,True,240T,0.0,against,inside,fvg,0.0,against,0,1a_ip,breakout,ny_judas,ny,,,False,2,1,60T,0,False,60T,,False,0,,240T,,False,False,False,False,,True,dual,32.9,63.0,2.0,2.0,high,3.6,True,2022-01-14 16:15:00+00:00,2022-01-17 07:45:00+00:00,2022-01-17 08:00:00+00:00,2022-01-17 08:00:00+00:00,,,,m15_range,False,False,,golden,,,,,,,,,0,,0,,False,0,4,True,False,0,True,False,True,True,continuation,d1_fvg,equal_hl,1.352935,0,7.5,,,215.2,,
GBPUSD,1,-1,1.35969,1.3597400000000002,1000,1.35969,1.35612,-0.925000000001952,2022-01-18 12:00:00+00:00,2022-01-18 13:35:00+00:00,stop,amd_fvg_m5,momentum,swing,near,ifvg,D,True,240T,6.3,against,behind,ob,0.0,against,0,1a,breakout,ny_judas,ny,,,False,2,1,60T|15T,0,False,60T,60T,False,0,,,,False,False,False,False,,True,dual,13.2,11.0,2.0,2.0,high,10.8,True,2022-01-18 04:00:00+00:00,2022-01-18 06:30:00+00:00,2022-01-18 08:00:00+00:00,2022-01-18 08:05:00+00:00,True,discount,eqh,m15_range,False,False,,golden,,,,,,,,,0,,0,,False,0,4,True,False,0,True,False,True,True,continuation,breaker,equal_hl,1.3572950000000001,0,17.0,,,167.5,,
GBPUSD,1,1,1.36011,1.3635801799999998,1000,1.3611099999999998,1.36363018,64.19832999999775,2022-01-19 09:00:00+00:00,2022-01-19 11:05:00+00:00,target,mss_breaker_h1,judas,fib_extension,near,,,False,,27.7,with,behind,ifvg,27.7,with,0,2b_h4,breakout,london_judas,london,,,False,2,1,240T,0,False,240T,240T,False,0,,,,False,False,False,False,,True,single,33.7,51.0,3.0,2.0,high,7.4,False,2022-01-18 18:15:00+00:00,2022-01-19 06:45:00+00:00,2022-01-19 07:00:00+00:00,2022-01-19 07:00:00+00:00,False,discount,eqh,m15_range,False,False,opposing,against,,,,,,,,,0,,0,,False,0,2,True,False,0,False,False,False,True,,,equal_hl,1.374555,0,36.2,9.2,89.4,,,
GBPUSD,1,-1,1.3481,1.3471500000000003,2000,1.3471000000000002,1.345,35.14999999999202,2022-01-24 12:45:00+00:00,2022-01-24 15:00:00+00:00,stop,amd_fvg_h1,momentum,round_number,near,,,False,,74.0,with,behind,fvg,74.0,with,0,1a_h4,breakout,ny_judas,ny,,,False,1,1,60T|15T,0,False,60T,240T,False,0,,,,False,False,False,False,,True,single,13.1,12.0,4.0,2.0,high,4.7,True,2022-01-21 15:30:00+00:00,2022-01-21 18:15:00+00:00,2022-01-21 18:45:00+00:00,2022-01-21 18:50:00+00:00,,,,m15_range,False,False,,golden,,,,,,,,,0,,0,,False,0,4,True,False,0,True,False,True,True,continuation,d1_fvg,equal_hl,1.34352,0,28.7,,,,,
EURUSD,1,-1,1.1299700000000001,1.1269272200000002,2000,1.1289700000000003,1.1268872200000002,112.58285999999673,2022-01-25 08:30:00+00:00,2022-01-25 11:50:00+00:00,target,mss_fvg_m5,momentum,fib_extension,d3,,,False,,57.4,with,behind,ifvg,57.4,with,1,1b,judas,london_judas,london,,,False,2,1,240T|60T|15T,0,False,240T,240T|60T,False,0,,,,False,False,False,False,,True,single,33.6,68.0,2.0,2.0,low,9.6,False,2022-01-24 15:30:00+00:00,2022-01-25 08:15:00+00:00,2022-01-25 08:30:00+00:00,2022-01-25 08:35:00+00:00,False,discount,eql,m15_range,False,False,confirmed,against,,,,,,,,,0,,0,,False,0,2,True,False,0,False,False,False,True,,,equal_hl,1.1288333333333334,0,31.2,,10.2,15.9,,
NZDUSD,1,-1,0.6684549999999999,0.66953,2000,0.6694549999999999,0.6651111999999999,-39.77500000000178,2022-01-26 08:50:00+00:00,2022-01-26 10:10:00+00:00,stop,amd_ob_m5,judas,fib_extension,d3,,,False,,37.1,with,behind,ifvg,37.1,with,1,N-short_h4,breakout,london_judas,london,,,False,2,2,240T,0,True,240T,240T|60T,False,-1,60T,240T,,False,False,True,False,,True,single,26.4,18.0,2.0,4.0,high,7.7,True,2022-01-25 15:15:00+00:00,2022-01-25 19:30:00+00:00,2022-01-25 19:45:00+00:00,2022-01-25 19:55:00+00:00,False,premium,eqh,m15_range,False,False,,,,,,,,,,,0,,0,,False,0,4,True,False,-1,True,False,True,True,continuation,d1_fvg,equal_hl,0.66597,0,0.6,8.8,26.1,,,
EURUSD,1,-1,1.1289,1.12894,2000,1.1289,1.12577,-1.4800000000014801,2022-01-26 08:45:00+00:00,2022-01-26 14:10:00+00:00,stop,amd_fvg_h1,momentum,fib_extension,d3,,,False,,35.0,with,behind,fvg,35.0,with,2,1b_h4,breakout,london_judas,london,,,False,5,1,240T|60T,0,False,240T,240T|60T,False,-1,60T,,,False,False,True,False,,True,single,26.8,39.0,2.0,3.0,high,1.9,True,2022-01-25 16:45:00+00:00,2022-01-26 02:15:00+00:00,2022-01-26 02:30:00+00:00,2022-01-26 02:40:00+00:00,False,discount,eqh,m15_range,False,False,confirmed,against,,,,,,,,,0,,0,,False,0,2,False,False,-1,True,False,False,True,,,equal_hl,1.128755,0,17.5,,26.8,5.2,,
EURUSD,1,-1,1.12027,1.11681,2000,1.11677,1.11621382,128.0200000000007,2022-01-27 08:40:00+00:00,2022-01-27 11:40:00+00:00,stop,amd_fvg_h1,golden,fib_extension,,,,False,,121.3,with,behind,fvg,121.3,with,2,golden,mm_golden,london_golden,london,,,False,1,0,,0,False,,,False,0,,,,False,False,False,False,,False,,17.4,13.0,3.0,2.0,high,,True,,,,,,,,m15_range,False,False,,golden,cascade,,untested,,1b,5T,ifvg,60T,0,,0,,True,1,2,False,False,1,True,False,False,False,,,,0.0,0,43.9,0.0,0.0,0.0,0.0,0.0
EURUSD,1,-1,1.1143100000000001,1.11535,2000,1.11531,1.11097488,-38.4799999999974,2022-01-27 13:30:00+00:00,2022-01-27 13:55:00+00:00,stop,amd_fvg_m5,momentum,fib_extension,near,,,False,,180.9,with,behind,fvg,180.9,with,2,1b_h4,breakout,ny_judas,ny,,,False,1,1,240T|15T,0,False,240T,240T|60T,False,0,,,,False,False,True,False,,True,single,17.4,13.0,3.0,2.0,high,6.2,True,2022-01-26 15:45:00+00:00,2022-01-26 18:45:00+00:00,2022-01-26 19:00:00+00:00,2022-01-26 19:00:00+00:00,False,discount,eqh,m15_range,False,False,,against,,,,,,,,,0,,0,,False,0,2,False,False,1,True,False,False,False,,,,0.0,0,8.3,,,,,
EURUSD,1,-1,1.11351,1.11428,2000,1.11424,1.1099979,-28.489999999997686,2022-01-28 12:45:00+00:00,2022-01-28 13:30:00+00:00,stop,mss_ob_m5,judas,fib_extension,d3,,,False,,108.1,with,behind,fvg,108.1,with,1,3a,judas,ny_judas,ny,,,False,2,2,240T,0,True,240T,240T|60T,True,0,,,,False,False,True,False,,False,,31.1,65.0,3.0,2.0,low,3.8,False,2022-01-27 16:15:00+00:00,2022-01-28 08:15:00+00:00,2022-01-28 08:30:00+00:00,2022-01-28 08:40:00+00:00,False,discount,eql,m15_range,False,False,opposing,against,,,,,,,,,0,,0,,False,0,1,False,False,0,False,False,False,True,,,equal_hl,1.112625,0,9.8,,4.8,,,
GBPUSD,1,1,1.34115,1.3411,2000,1.34115,1.3442539999999998,-1.850000000003904,2022-01-28 13:45:00+00:00,2022-01-28 13:55:00+00:00,stop,amd_fvg_m15,momentum,fib_extension,near,fvg,D,True,D,106.9,against,ahead,ifvg,106.9,against,0,2b_ip,breakout,ny_judas,ny,,,False,3,0,,0,False,,,False,-1,60T,240T,,False,False,False,False,,True,single,23.9,21.0,4.0,2.0,low,26.3,True,2022-01-28 02:00:00+00:00,2022-01-28 07:00:00+00:00,2022-01-28 09:15:00+00:00,2022-01-28 09:20:00+00:00,False,premium,none,m15_range,False,False,confirmed,against,,,,,,,,,0,,0,,False,0,3,True,False,0,True,False,False,True,,,equal_hl,1.352145,0,14.9,4.6,114.0,338.2,,
GBPUSD,1,1,1.35683,1.3567799999999999,2000,1.35683,1.36050568,-1.850000000003904,2022-02-11 12:00:00+00:00,2022-02-11 12:05:00+00:00,stop,amd_fvg_m15,momentum,fib_extension,near,ob,240T,False,,51.9,with,behind,ifvg,51.9,with,2,2b_h4,judas,ny_judas,ny,,240T,False,4,1,15T,0,False,15T,240T,False,-1,60T,D,,False,False,True,False,,True,dual,33.4,24.0,2.0,2.0,low,14.2,True,2022-02-10 22:45:00+00:00,2022-02-11 04:30:00+00:00,2022-02-11 06:30:00+00:00,2022-02-11 06:35:00+00:00,True,discount,pdl,m15_range,False,False,,against,,,,,,,,,0,,0,,False,0,2,False,False,0,True,False,False,True,,,equal_hl,1.358825,0,14.1,,75.9,,181.4,
EURUSD,1,-1,1.1332600000000002,1.1343,2000,1.13426,1.13009,-38.4799999999974,2022-02-14 08:00:00+00:00,2022-02-14 08:20:00+00:00,stop,mss_ob_m15,momentum,swing,d3,ifvg,240T,False,,0.0,against,inside,ifvg,0.0,against,1,3a,judas,london_judas,london,,,False,2,2,60T,-1,False,60T,D|60T,False,0,,,,False,False,False,False,,True,single,33.3,47.0,2.0,4.0,low,6.8,False,2022-02-11 20:15:00+00:00,2022-02-14 07:45:00+00:00,2022-02-14 08:00:00+00:00,2022-02-14 08:05:00+00:00,,,,m15_range,False,False,,against,,,,,,,,,0,,0,,False,0,2,True,False,0,False,False,False,True,,,equal_hl,1.1301999999999999,0,3.7,,3.9,189.5,212.2,
EURUSD,1,1,1.1313099999999998,1.1312699999999998,2000,1.1313099999999998,1.1349264000000001,-1.4800000000014801,2022-02-15 08:00:00+00:00,2022-02-15 08:05:00+00:00,stop,amd_ob_m15,judas,fib_extension,near,ifvg,240T,False,,46.6,with,behind,fvg,46.6,with,0,3b,breakout,london_judas,london,,,False,3,2,15T,0,True,15T,,False,-1,60T,,,False,False,True,False,,False,,18.2,12.0,4.0,3.0,low,16.2,True,2022-02-14 16:00:00+00:00,2022-02-14 18:45:00+00:00,2022-02-14 19:15:00+00:00,2022-02-14 19:20:00+00:00,False,premium,eql,m15_range,False,False,opposing,golden,,,,,,,,,0,,0,,False,0,4,True,False,0,True,False,True,True,continuation,d1_fvg,equal_hl,1.1358350000000002,0,21.2,10.2,105.8,171.5,182.6,
GBPUSD,1,-1,1.35331,1.3533600000000001,2000,1.35331,1.34948,-1.850000000003904,2022-02-15 14:15:00+00:00,2022-02-15 14:25:00+00:00,stop,amd_ob_m5,momentum,pdh_pdl,near,ifvg,D,False,,16.7,against,ahead,ifvg,16.7,against,2,1a,judas,ny_judas,ny,,,False,5,3,,-1,True,,D|60T,True,-1,60T,240T,,False,False,True,False,,True,single,31.2,59.0,2.0,2.0,high,20.8,True,2022-02-14 17:15:00+00:00,2022-02-15 07:45:00+00:00,2022-02-15 09:00:00+00:00,2022-02-15 09:00:00+00:00,False,discount,eqh,m15_range,False,False,confirmed,golden,,,,,,,,,0,,0,,False,0,4,True,False,0,True,False,True,True,continuation,d1_fvg,equal_hl,1.34385,0,11.2,6.9,39.3,141.4,176.4,
GBPUSD,1,1,1.36187,1.3618199999999998,2000,1.36187,1.37487,-1.850000000003904,2022-02-17 13:45:00+00:00,2022-02-17 14:20:00+00:00,stop,amd_ob_m5,golden,opposing_liq,,,,False,,42.4,against,ahead,ifvg,42.4,against,2,golden,mm_golden,ny_golden,ny,,,False,3,0,,0,False,,,False,0,,,,False,False,False,False,,False,,31.0,52.0,2.0,2.0,low,,True,,,,,,,,m15_range,False,False,,golden,cascade,,failed,,2b,15T,ifvg,60T,0,,0,,True,1,3,True,False,0,True,False,False,True,,,equal_hl,1.3636175000000001,0,11.5,0.0,0.0,0.0,0.0,0.0
EURUSD,1,-1,1.1344,1.1344400000000001,2000,1.1344,1.1314,-1.4800000000014801,2022-02-21 12:00:00+00:00,2022-02-21 14:15:00+00:00,stop,amd_fvg_m5,momentum,pdh_pdl,near,ifvg,240T,True,240T,23.2,with,behind,ifvg,23.2,with,1,1b,judas,ny_judas,ny,,240T,False,5,1,60T,0,False,60T,,False,1,60T,D,,False,False,True,False,,True,single,26.0,24.0,2.0,3.0,high,11.7,True,2022-02-21 02:00:00+00:00,2022-02-21 07:45:00+00:00,2022-02-21 08:15:00+00:00,2022-02-21 08:15:00+00:00,,,,m15_range,False,False,,against,,,,,,,,,0,,0,,False,0,3,True,False,0,True,False,False,True,,,equal_hl,1.13297,0,23.5,31.9,31.8,15.3,223.6,
GBPUSD,1,-1,1.34482,1.3417693600000002,2000,1.34382,1.3417193600000001,112.87367999998743,2022-02-24 09:30:00+00:00,2022-02-24 10:50:00+00:00,target,amd_fvg_m5,momentum,fib_extension,near,,,False,,11.8,against,behind,ifvg,11.8,against,2,1a_ip,breakout,london_judas,london,,,False,2,1,60T|15T,0,False,60T,240T,False,1,60T,,,False,False,True,False,,True,single,32.3,14.0,2.0,2.0,high,-21.4,True,2022-02-24 03:45:00+00:00,2022-02-24 07:00:00+00:00,2022-02-24 07:15:00+00:00,2022-02-24 07:15:00+00:00,False,discount,none,session_range,False,False,confirmed,golden,,,,,,,,,0,,0,,False,0,3,False,False,0,True,False,True,True,continuation,pdhl,equal_hl,1.338905,0,32.4,,,,91.5,
NZDUSD,1,-1,0.6714749999999999,0.67055,2000,0.6704749999999999,0.66828,34.22499999999828,2022-02-24 09:35:00+00:00,2022-02-24 11:45:00+00:00,stop,amd_ob_m5,momentum,equal_hl,near,ifvg,W,True,240T,56.6,against,ahead,fvg,56.6,against,2,N-short,breakout,london_judas,london,,,False,5,1,,0,False,,240T,False,1,60T,,,False,False,True,False,,True,single,34.7,26.0,2.0,3.0,high,9.7,True,2022-02-23 06:30:00+00:00,2022-02-23 12:45:00+00:00,2022-02-23 14:00:00+00:00,2022-02-23 14:00:00+00:00,False,discount,eqh,m15_range,False,False,,,,,,,,,,,0,,0,,False,0,3,False,False,0,True,False,True,True,continuation,breaker,equal_hl,0.66858,0,25.8,13.5,36.1,113.3,187.1,
GBPUSD,1,-1,1.33442,1.33547,2000,1.3354199999999998,1.32930528,-38.84999999999983,2022-02-24 14:15:00+00:00,2022-02-24 14:35:00+00:00,stop,amd_fvg_m5,momentum,fib_extension,near,,,False,,60.3,against,behind,fvg,60.3,against,2,1a,breakout,ny_judas,ny,,,False,2,1,60T|15T,0,False,60T,240T,False,1,60T,,,False,False,True,False,,True,single,29.5,4.0,2.0,1.0,high,-12.2,True,2022-02-24 10:15:00+00:00,2022-02-24 11:00:00+00:00,2022-02-24 12:30:00+00:00,2022-02-24 12:30:00+00:00,False,discount,none,session_range,False,False,confirmed,golden,,,,,,,,,0,,0,,False,0,1,False,False,0,True,False,False,False,,,,0.0,0,6.8,,,,,
EURUSD,1,-1,1.12029,1.11709758,2000,1.1192900000000001,1.11705758,118.11953999999902,2022-02-25 08:00:00+00:00,2022-02-25 08:50:00+00:00,target,mss_fvg_m15,judas,fib_extension,near,fvg,D,True,D,0.0,against,inside,fvg,0.0,against,1,3a,judas,london_judas,london,,,False,1,1,240T|60T,0,False,240T,240T,False,0,,240T,,False,False,False,False,,False,,30.4,13.0,2.0,2.0,low,48.9,False,2022-02-24 10:30:00+00:00,2022-02-24 13:30:00+00:00,2022-02-24 16:00:00+00:00,2022-02-24 16:00:00+00:00,False,discount,eql,m15_range,False,False,opposing,against,,,,,,,,,0,,0,,False,0,1,False,False,0,False,False,False,True,,,equal_hl,1.1141,0,32.8,17.4,97.6,,97.6,
EURUSD,1,-1,1.11687,1.11691,2000,1.11687,1.1130479599999998,-1.4800000000014801,2022-03-01 12:15:00+00:00,2022-03-01 13:05:00+00:00,stop,amd_fvg_h1,momentum,fib_extension,near,,,False,,0.0,against,inside,fvg,0.0,against,1,1b_ip,judas,ny_judas,ny,,,False,4,2,D,-1,False,D,240T,False,0,,240T,,False,False,False,False,,True,dual,30.2,14.0,2.0,3.0,high,8.9,True,2022-03-01 04:15:00+00:00,2022-03-01 07:30:00+00:00,2022-03-01 08:00:00+00:00,2022-03-01 08:00:00+00:00,False,discount,eqh,m15_range,False,False,,against,,,,,,,,,0,,0,,False,0,4,True,True,0,True,False,False,True,,,equal_hl,1.1143049999999999,0,12.7,,47.1,,63.4,
EURUSD,1,-1,1.10768,1.10872,2000,1.1086799999999999,1.1037937599999998,-38.4799999999974,2022-03-02 09:30:00+00:00,2022-03-02 09:50:00+00:00,stop,amd_ob_m5,golden,fib_extension,,,,False,,197.1,with,behind,fvg,197.1,with,2,golden,mm_golden,london_golden,london,,,False,1,0,,0,False,,,False,0,,,,False,False,False,False,,False,,16.5,17.0,3.0,2.0,high,,True,,,,,,,,m15_range,False,False,,golden,own_ob,,respected,,1b,15T,fvg,60T,0,,0,,True,2,2,True,False,0,True,False,False,False,,,,0.0,0,6.6,0.0,0.0,0.0,0.0,0.0
GBPUSD,1,-1,1.31693,1.31698,2000,1.31693,1.3136079999999999,-1.850000000003904,2022-03-07 09:20:00+00:00,2022-03-07 09:50:00+00:00,stop,amd_fvg_m5,golden,fib_extension,,,,False,,72.6,with,behind,fvg,72.6,with,2,golden,mm_golden,london_golden,london,,,False,1,0,,0,False,,,False,0,,,,False,False,False,False,,False,,30.8,8.0,2.0,2.0,high,,True,,,,,,,,m15_range,False,False,,golden,cascade,,untested,,1a,15T,ifvg,60T,0,,0,,True,1,2,True,False,0,True,False,False,False,,,,0.0,0,13.5,0.0,0.0,0.0,0.0,0.0
NZDUSD,1,1,0.681845,0.68177,2000,0.681845,0.68487,-2.7750000000017483,2022-03-08 08:00:00+00:00,2022-03-08 08:30:00+00:00,stop,mss_fvg_m5,momentum,swing,near,ifvg,240T,False,,0.0,with,inside,fvg,0.0,with,1,N-long,judas,london_judas,london,240T,,False,3,1,240T,0,False,240T,,False,-1,60T,,,False,False,False,False,,True,single,33.6,21.0,4.0,3.0,high,0.1,False,2022-03-08 02:45:00+00:00,2022-03-08 07:45:00+00:00,2022-03-08 08:00:00+00:00,2022-03-08 08:10:00+00:00,False,discount,eqh,session_range,False,False,,,,,,,,,,,0,,0,,False,0,3,True,False,0,False,False,True,True,continuation,d1_fvg,equal_hl,0.6820900000000001,0,15.0,32.8,108.0,,108.0,
EURUSD,1,1,1.09883,1.10229,2000,1.10233,1.10187168,128.0200000000007,2022-03-09 13:00:00+00:00,2022-03-09 14:05:00+00:00,stop,amd_fvg_m5,momentum,fib_extension,near,,,False,,0.0,against,inside,ifvg,0.0,against,1,2a,breakout,ny_judas,ny,,,False,2,1,60T|15T,0,False,60T,60T,False,0,,,,False,False,False,False,,True,single,23.2,17.0,2.0,2.0,low,3.8,True,2022-03-08 19:00:00+00:00,2022-03-08 23:00:00+00:00,2022-03-08 23:15:00+00:00,2022-03-08 23:15:00+00:00,False,premium,eql,m15_range,False,False,confirmed,golden,,,,,,,,,0,,0,,False,0,3,False,False,0,True,False,True,True,continuation,breaker,equal_hl,1.114805,0,61.4,,,403.1,507.4,
EURUSD,1,-1,1.1047600000000002,1.1048000000000002,2000,1.1047600000000002,1.1010043999999999,-1.4800000000014801,2022-03-10 08:00:00+00:00,2022-03-10 09:00:00+00:00,stop,mss_ob_m15,momentum,fib_extension,near,ifvg,240T,True,240T,226.3,with,behind,ob,94.5,with,1,1b,judas,london_judas,london,,,False,1,2,D|240T,-1,False,D,,False,0,,D,,False,False,True,False,,True,single,32.2,34.0,2.0,2.0,low,5.5,False,2022-03-09 23:30:00+00:00,2022-03-10 07:45:00+00:00,2022-03-10 08:00:00+00:00,2022-03-10 08:10:00+00:00,False,premium,none,m15_range,False,False,,against,,,,,,,,,0,,0,,False,0,1,True,False,0,False,False,False,False,,,,0.0,0,21.5,7.0,242.6,,242.6,
EURUSD,1,1,1.10994,1.1096899999999998,2000,1.10994,1.1141872,-9.250000000003089,2022-03-10 12:45:00+00:00,2022-03-10 12:50:00+00:00,stop,news_fvg_m15,momentum,fib_extension,near,fvg,240T,True,240T,174.5,against,ahead,ob,42.7,against,1,2a,judas,ny_judas,ny,,240T,False,2,2,60T,0,True,60T,60T,True,-1,60T,,,False,False,True,False,,True,dual,32.2,34.0,2.0,2.0,low,16.0,True,2022-03-09 23:30:00+00:00,2022-03-10 07:45:00+00:00,2022-03-10 10:45:00+00:00,2022-03-10 10:45:00+00:00,False,premium,eql,m15_range,False,False,opposing,golden,,,,,,,,,0,,0,,False,0,2,False,False,0,True,False,False,True,,,equal_hl,1.11182,0,21.8,,,294.1,398.4,
GBPUSD,1,-1,1.31618,1.3127329600000002,2000,1.31518,1.31268296,127.54047999999018,2022-03-10 14:10:00+00:00,2022-03-10 14:35:00+00:00,target,amd_ob_m15,judas,fib_extension,near,fvg,240T,True,240T,0.0,with,inside,fvg,0.0,with,1,1a_ip,judas,ny_judas,ny,,,True,2,3,D|240T,-1,True,D,,True,1,60T,D,,False,False,True,False,,True,single,20.4,16.0,3.0,2.0,high,7.2,True,2022-03-09 20:45:00+00:00,2022-03-10 00:30:00+00:00,2022-03-10 08:00:00+00:00,2022-03-10 08:00:00+00:00,True,discount,pdh,m15_range,False,False,,golden,,,,,,,,,0,,0,,False,0,2,False,False,0,True,False,False,True,,,equal_hl,1.30996,0,37.8,21.5,81.1,,81.1,
EURUSD,1,-1,1.09823,1.09827,2000,1.09823,1.0943401200000002,-1.4800000000014801,2022-03-11 08:00:00+00:00,2022-03-11 09:20:00+00:00,stop,amd_fvg_h1,momentum,fib_extension,near,ifvg,240T,True,240T,6.3,against,ahead,fvg,6.3,against,1,3a,breakout,london_judas,london,,,False,2,3,D|60T,-1,True,D,,True,1,60T,D,,False,False,True,False,,True,single,18.3,11.0,3.0,2.0,high,5.0,True,2022-03-11 01:45:00+00:00,2022-03-11 04:15:00+00:00,2022-03-11 04:45:00+00:00,2022-03-11 04:45:00+00:00,False,discount,eqh,m15_range,False,False,confirmed,against,,,,,,,,,0,,0,,False,0,4,True,False,1,True,False,False,True,,,equal_hl,1.089915,0,16.7,2.8,134.3,,177.3,
NZDUSD,1,1,0.678875,0.6788,2000,0.678875,0.68188,-2.7750000000017483,2022-03-14 08:05:00+00:00,2022-03-14 11:45:00+00:00,stop,amd_ob_m5,momentum,swing,near,ifvg,240T,False,,48.2,with,behind,fvg,48.2,with,1,N-long,breakout,london_judas,london,,,False,5,2,D,1,False,D,,False,0,,240T,,False,False,False,False,,True,single,16.8,18.0,3.0,2.0,low,3.6,True,2022-03-14 02:15:00+00:00,2022-03-14 06:30:00+00:00,2022-03-14 07:15:00+00:00,2022-03-14 07:15:00+00:00,,,,m15_range,False,False,,,,,,,,,,,0,,0,,False,0,4,True,False,0,True,False,True,True,inside,breaker,equal_hl,0.6793333333333335,0,15.0,26.6,87.0,91.7,137.7,137.7
EURUSD,1,1,1.1007399999999998,1.10046,2000,1.09974,1.10435,-10.35999999999393,2022-03-16 11:00:00+00:00,2022-03-16 11:05:00+00:00,session_handover,amd_fvg_m5,momentum,ith_liquidity,d3,,,True,240T,31.4,against,behind,fvg,31.4,against,2,3b,judas,ny_judas,ny,,,False,4,1,,0,False,,60T,False,0,,,,False,False,True,False,,True,dual,26.0,9.0,2.0,2.0,low,47.8,True,2022-03-15 13:00:00+00:00,2022-03-15 15:00:00+00:00,2022-03-15 18:30:00+00:00,2022-03-15 18:30:00+00:00,False,premium,eql,m15_range,False,False,,golden,,,,,,,,,0,,0,,False,0,3,False,False,-1,True,False,True,True,continuation,breaker,equal_hl,1.104505,0,3.2,,13.1,239.9,488.3,488.3
GBPUSD,1,1,1.31715,1.3171,2000,1.31715,1.32108686,-1.850000000003904,2022-03-17 07:00:00+00:00,2022-03-17 10:00:00+00:00,stop,amd_fvg_m5,momentum,fib_extension,near,,,True,D,0.0,against,inside,ifvg,0.0,against,1,2b_h4,judas,london_judas,london,,,False,2,1,60T|15T,0,False,60T,,False,-1,60T,,,False,False,False,False,,True,single,11.6,15.0,2.0,2.0,low,3.7,True,2022-03-17 02:30:00+00:00,2022-03-17 06:00:00+00:00,2022-03-17 06:15:00+00:00,2022-03-17 06:20:00+00:00,True,premium,eql,m15_range,False,False,confirmed,against,,,,,,,,,0,,0,,False,0,3,False,False,1,True,False,False,True,,,equal_hl,1.319205,0,19.5,,,266.5,472.7,578.2
EURUSD,1,-1,1.10602,1.10706,2000,1.10702,1.1,-38.4799999999974,2022-03-18 08:30:00+00:00,2022-03-18 09:05:00+00:00,stop,amd_fvg_m5,momentum,round_number,near,,,False,,213.7,with,behind,ob,81.9,with,0,3a,breakout,london_judas,london,,,False,1,2,D|15T,-1,False,D,D,False,0,,,,False,False,False,False,,True,single,11.1,20.0,3.0,5.0,high,18.4,True,2022-03-17 19:00:00+00:00,2022-03-17 23:45:00+00:00,2022-03-18 00:15:00+00:00,2022-03-18 00:15:00+00:00,False,discount,vah,m15_range,False,False,,against,,,,,,,,,0,,0,,False,0,4,True,False,1,True,False,False,True,,,equal_hl,1.09052,0,5.1,,135.1,197.7,255.2,255.2
EURUSD,1,-1,1.1027600000000002,1.1018000000000003,2000,1.1017600000000003,1.09801,35.51999999999445,2022-03-18 11:45:00+00:00,2022-03-18 13:45:00+00:00,stop,amd_fvg_m5,momentum,swing,near,,,False,,246.3,with,behind,ob,114.5,with,0,1b,breakout,ny_judas,ny,,,False,4,2,D|15T,-1,False,D,D,False,0,,,,False,False,False,False,,True,single,11.1,20.0,3.0,5.0,high,18.4,True,2022-03-17 19:00:00+00:00,2022-03-17 23:45:00+00:00,2022-03-18 00:15:00+00:00,2022-03-18 00:15:00+00:00,False,discount,vah,m15_range,False,False,,against,,,,,,,,,0,,0,,False,0,4,True,False,1,True,False,False,True,,,equal_hl,1.09052,0,24.6,,102.5,165.1,222.6,222.6
EURUSD,2,-1,1.10101,1.10205,2000,1.10201,1.09801,-38.4799999999974,2022-03-18 13:05:00+00:00,2022-03-18 13:55:00+00:00,stop,pyramid_wamd1.0_fvg_m5,no_open,swing,near,,,False,,246.3,with,behind,ob,114.5,with,0,1b,breakout,ny_judas,ny,,,False,4,2,D|15T,-1,False,D,D,False,0,,,,False,False,False,False,,True,single,11.1,20.0,3.0,5.0,high,18.4,True,2022-03-17 19:00:00+00:00,2022-03-17 23:45:00+00:00,2022-03-18 00:15:00+00:00,2022-03-18 00:15:00+00:00,False,discount,vah,m15_range,False,False,,against,,,,,,,,,0,,0,,False,0,4,True,False,1,True,False,False,True,,,equal_hl,1.09052,0,7.1,,102.5,165.1,222.6,222.6
GBPUSD,1,1,1.3228,1.32578208,2000,1.3237999999999999,1.32583208,110.33695999999993,2022-03-22 12:00:00+00:00,2022-03-22 13:25:00+00:00,target,amd_fvg_m5,momentum,fib_extension,near,fvg,W,False,,13.9,against,ahead,fvg,13.9,against,1,2b_h4,breakout,ny_judas,ny,,D,False,1,1,240T|60T,0,False,240T,240T,False,0,,D,,False,False,True,False,,True,dual,13.2,9.0,2.0,3.0,low,21.3,True,2022-03-22 02:00:00+00:00,2022-03-22 04:00:00+00:00,2022-03-22 07:00:00+00:00,2022-03-22 07:00:00+00:00,False,premium,eql,m15_range,False,False,,against,,,,,,,,,0,,0,,False,0,3,True,False,0,True,False,False,True,,,equal_hl,1.34059,0,34.2,,,1.1,415.5,521.7
GBPUSD,1,-1,1.32405,1.3231000000000002,2000,1.32305,1.321,35.14999999999202,2022-03-23 08:15:00+00:00,2022-03-23 09:10:00+00:00,stop,amd_fvg_m5,momentum,pdh_pdl,near,fvg,240T,False,,1.4,with,behind,fvg,1.4,with,1,1a,breakout,london_judas,london,,,False,1,2,D,-1,False,D,D|60T,False,0,,D,,False,False,True,False,,True,dual,30.0,34.0,2.0,2.0,high,27.2,True,2022-03-22 15:30:00+00:00,2022-03-22 23:45:00+00:00,2022-03-23 02:00:00+00:00,2022-03-23 02:05:00+00:00,True,premium,pdh,m15_range,False,False,,golden,,,,,,,,,0,,0,,False,0,4,True,False,0,True,False,True,True,continuation,d1_fvg,equal_hl,1.320125,0,23.7,,121.7,214.4,241.5,241.5
GBPUSD,1,-1,1.32068,1.3197300000000003,2000,1.3196800000000002,1.31760336,35.14999999999202,2022-03-23 11:15:00+00:00,2022-03-23 12:50:00+00:00,stop,amd_fvg_m5,momentum,fib_extension,near,fvg,240T,True,240T,35.1,with,behind,fvg,35.1,with,1,1a_ip,breakout,ny_judas,ny,,,False,3,2,D,-1,False,D,D|60T,False,0,,D,,False,False,True,False,,True,single,30.0,34.0,2.0,2.0,high,27.2,True,2022-03-22 15:30:00+00:00,2022-03-22 23:45:00+00:00,2022-03-23 02:00:00+00:00,2022-03-23 02:05:00+00:00,True,premium,pdh,m15_range,False,False,confirmed,golden,,,,,,,,,0,,0,,False,0,4,True,False,0,True,False,True,True,continuation,d1_fvg,equal_hl,1.320125,0,28.8,,88.0,180.7,207.8,207.8
EURUSD,1,-1,1.09755,1.09859,2000,1.09855,1.0929676,-38.4799999999974,2022-03-23 13:20:00+00:00,2022-03-23 14:10:00+00:00,stop,amd_fvg_m5,momentum,fib_extension,d3,,,False,,298.4,with,behind,ob,166.6,with,1,3a,judas,ny_judas,ny,,240T,True,4,3,15T,-1,True,15T,D|60T,False,0,,,,False,False,True,False,,True,single,13.9,26.0,5.0,3.0,high,5.1,True,2022-03-22 23:00:00+00:00,2022-03-23 05:15:00+00:00,2022-03-23 05:45:00+00:00,2022-03-23 05:45:00+00:00,False,discount,eqh,m15_range,False,False,opposing,against,,,,,,,,,0,,0,,False,0,2,False,False,0,True,False,False,True,,,equal_hl,1.096235,0,11.6,1.6,15.6,170.5,170.5,170.5
EURUSD,1,-1,1.0977000000000001,1.09874,2000,1.0987,1.0936800000000002,-38.4799999999974,2022-03-24 07:45:00+00:00,2022-03-24 08:15:00+00:00,stop,mss_ob_m5,judas,fib_extension,d3,,,False,,296.9,with,behind,ob,165.1,with,0,3a,breakout,london_judas,london,,,False,2,2,60T|15T,-1,False,60T,D,False,-1,60T,,,False,False,False,False,,False,,33.9,22.0,2.0,2.0,low,1.4,False,2022-03-24 00:30:00+00:00,2022-03-24 05:45:00+00:00,2022-03-24 06:00:00+00:00,2022-03-24 06:10:00+00:00,False,discount,eql,m15_range,False,False,confirmed,against,,,,,,,,,0,,0,,False,0,1,False,False,0,False,False,False,True,,,equal_hl,1.09649,0,4.9,,17.1,172.0,172.0,172.0
NZDUSD,1,-1,0.693525,0.694355,2000,0.69428,0.6903881199999999,-30.710000000004012,2022-03-28 08:10:00+00:00,2022-03-28 08:25:00+00:00,stop,amd_fvg_m15,momentum,fib_extension,d3,ifvg,240T,True,240T,0.2,against,ahead,ifvg,0.2,against,2,N-short_h4,judas,london_judas,london,,,False,2,2,240T|60T,-1,False,240T,D|240T|60T,False,0,,,,False,False,True,False,,True,single,27.2,29.0,4.0,2.0,high,0.1,True,2022-03-25 07:15:00+00:00,2022-03-25 14:15:00+00:00,2022-03-25 14:30:00+00:00,2022-03-25 14:40:00+00:00,,,,m15_range,False,False,,,,,,,,,,,0,,0,,False,0,4,True,True,0,True,False,False,True,,,equal_hl,0.6939100000000001,0,0.3,2.8,2.8,208.5,306.4,407.6
GBPUSD,1,-1,1.31527,1.3143200000000002,2000,1.31427,1.3,35.14999999999202,2022-03-28 12:00:00+00:00,2022-03-28 12:20:00+00:00,stop,amd_ob_m5,golden,opposing_liq,,,,False,,89.2,with,behind,ifvg,89.2,with,2,golden,mm_golden,ny_golden,ny,,,False,3,0,,0,False,,,False,0,,,,False,False,False,False,,False,,31.1,21.0,3.0,2.0,high,,True,,,,,,,,m15_range,False,False,,golden,cascade,240T,failed,,1a,5T,ifvg,60T,0,,0,,True,1,5,True,True,0,True,False,True,True,continuation,d1_fvg,equal_hl,1.312315,0,20.8,0.0,0.0,0.0,0.0,0.0
EURUSD,1,1,1.09877,1.0997299999999999,2000,1.09977,1.10254,35.51999999999445,2022-03-29 07:00:00+00:00,2022-03-29 08:15:00+00:00,stop,amd_breaker_m5,momentum,fib_extension,near,,,False,,286.2,against,ahead,ob,154.4,against,2,3b,judas,london_judas,london,,,False,2,2,60T,0,True,60T,,False,0,,D,,False,False,True,False,,True,single,30.4,29.0,2.0,2.0,low,0.1,True,2022-03-28 01:45:00+00:00,2022-03-28 08:45:00+00:00,2022-03-28 09:00:00+00:00,2022-03-28 09:00:00+00:00,True,premium,pdl,m15_range,False,False,confirmed,golden,,,,,,,,,0,,0,,False,0,5,True,True,0,True,False,True,True,continuation,breaker,equal_hl,1.1016599999999999,0,21.3,11.0,50.8,150.7,379.9,508.0
EURUSD,1,1,1.1062299999999998,1.1071899999999997,2000,1.1072299999999997,1.1095742400000002,35.51999999999445,2022-03-29 12:40:00+00:00,2022-03-29 12:45:00+00:00,stop,amd_fvg_m5,momentum,fib_extension,near,,,False,,211.6,against,ahead,ob,79.8,against,2,2a,judas,ny_judas,ny,,,True,2,1,60T,0,False,60T,,False,0,,D,,False,False,True,False,,True,dual,28.2,5.0,2.0,1.0,low,4.1,True,2022-03-29 08:45:00+00:00,2022-03-29 09:45:00+00:00,2022-03-29 10:00:00+00:00,2022-03-29 10:00:00+00:00,False,premium,eql,session_range,False,False,,golden,,,,,,,,,0,,0,,False,0,4,True,True,0,True,False,False,True,,,equal_hl,1.1118333333333335,0,40.2,,,76.1,305.3,433.4
EURUSD,1,-1,1.1033000000000002,1.10034,2000,1.1023000000000003,1.1003,109.52000000000272,2022-04-04 08:05:00+00:00,2022-04-04 11:35:00+00:00,target,amd_fvg_m5,momentum,swing,d3,,,False,,0.0,against,inside,fvg,0.0,against,1,1b,judas,london_judas,london,,,False,3,2,,-1,False,,D|240T|60T,False,0,,,,False,False,False,False,,True,dual,25.7,50.0,2.0,2.0,high,0.8,True,2022-04-01 14:00:00+00:00,2022-04-04 02:15:00+00:00,2022-04-04 02:30:00+00:00,2022-04-04 02:35:00+00:00,,,,m15_range,False,False,confirmed,against,,,,,,,,,0,,0,,False,0,3,True,False,0,True,False,False,True,,,equal_hl,1.1029,0,31.3,3.8,6.0,73.1,228.0,228.0
EURUSD,1,-1,1.10016,1.0992000000000002,2000,1.0991600000000001,1.0969,35.51999999999445,2022-04-04 11:35:00+00:00,2022-04-04 15:55:00+00:00,stop,amd_fvg_m5,momentum,swing,near,,,False,,0.0,against,inside,fvg,0.0,against,1,1b_h4,breakout,ny_judas,ny,,,False,3,2,,-1,False,,D|240T|60T,False,0,,,,False,False,False,False,,True,dual,25.7,50.0,2.0,2.0,high,0.8,True,2022-04-01 14:00:00+00:00,2022-04-04 02:15:00+00:00,2022-04-04 02:30:00+00:00,2022-04-04 02:35:00+00:00,,,,m15_range,False,False,,against,,,,,,,,,0,,0,,False,0,3,True,False,0,True,False,False,True,,,equal_hl,1.09795,0,22.5,,,41.7,196.6,196.6
EURUSD,1,-1,1.08829,1.08933,2000,1.0892899999999999,1.08059,-38.4799999999974,2022-04-06 07:30:00+00:00,2022-04-06 08:15:00+00:00,stop,amd_fvg_m5,golden,opposing_liq,,,,False,,105.7,with,behind,fvg,105.7,with,2,golden,mm_golden,london_golden,london,,,False,1,0,,0,False,,,False,0,,,,False,False,False,False,,False,,20.6,58.0,2.0,2.0,high,,True,,,,,,,,m15_range,False,False,,golden,own_ob,,respected,,1b,15T,fvg,60T,0,,0,,True,2,2,True,False,0,True,False,False,False,,,,0.0,0,4.8,0.0,0.0,0.0,0.0,0.0
EURUSD,1,1,1.09226,1.09222,2000,1.09226,1.09603,-1.4800000000014801,2022-04-06 13:05:00+00:00,2022-04-06 14:35:00+00:00,stop,amd_fvg_m5,momentum,pdh_pdl,near,fvg,D,True,240T,66.0,against,ahead,fvg,66.0,against,1,2a,breakout,ny_judas,ny,,,False,3,2,D|15T,1,False,D,,False,1,60T,,,False,False,False,False,,True,dual,30.4,54.0,3.0,4.0,low,16.1,True,2022-04-05 17:15:00+00:00,2022-04-06 06:30:00+00:00,2022-04-06 07:00:00+00:00,2022-04-06 07:10:00+00:00,False,discount,eql,m15_range,False,False,,golden,,,,,,,,,0,,0,,False,0,4,True,False,0,True,False,True,True,continuation,pdhl,equal_hl,1.093445,0,15.3,5.4,132.7,148.4,263.1,573.1
EURUSD,1,-1,1.08915,1.08997,2000,1.08993,1.08059,-30.340000000001588,2022-04-07 12:00:00+00:00,2022-04-07 12:05:00+00:00,stop,amd_fvg_h1,golden,opposing_liq,,,,False,,46.4,with,behind,fvg,46.4,with,2,golden,mm_golden,ny_golden,ny,,,False,2,0,,0,False,,,False,0,,,,False,False,False,False,,False,,21.2,16.0,2.0,2.0,high,,True,,,,,,,,m15_range,False,False,,golden,cascade,,failed,,1b,60T,fvg,60T,0,,0,,True,1,2,False,False,0,True,False,False,True,,,equal_hl,1.0863900000000002,0,-0.0,0.0,0.0,0.0,0.0,0.0
EURUSD,1,-1,1.08606,1.0865,2386,1.08646,1.0830515399999998,-19.42203999999982,2022-04-08 13:30:00+00:00,2022-04-08 13:35:00+00:00,stop,amd_fvg_m5,momentum,fib_extension,near,,,False,,77.3,with,behind,ifvg,77.3,with,2,3a,judas,ny_judas,ny,,,False,1,2,15T,-1,False,15T,D|240T|60T,False,0,,,,False,False,True,False,,True,dual,21.8,25.0,2.0,3.0,high,2.3,True,2022-04-07 18:30:00+00:00,2022-04-08 00:30:00+00:00,2022-04-08 11:45:00+00:00,2022-04-08 11:50:00+00:00,False,discount,eqh,m15_range,False,False,opposing,against,,,,,,,,,0,,0,,False,0,1,False,False,0,True,False,False,False,,,,0.0,0,-0.0,13.5,,,55.6,55.6
GBPUSD,1,-1,1.30194,1.29890948,2248,1.3009400000000002,1.29885948,126.03326576000151,2022-04-11 07:00:00+00:00,2022-04-11 07:25:00+00:00,target,amd_ob_m5,golden,fib_extension,,,,False,,20.0,with,behind,fvg,20.0,with,2,golden,mm_golden,london_golden,london,,,False,3,0,,0,False,,,False,0,,,,False,False,False,False,,False,,7.7,9.0,2.0,2.0,high,,True,,,,,,,,m15_range,False,False,,golden,cascade,240T,untested,,1a,5T,ob2,60T,0,,0,,True,1,4,True,False,0,True,False,True,True,continuation,d1_fvg,equal_hl,1.300025,0,30.9,0.0,0.0,0.0,0.0,0.0
GBPUSD,1,-1,1.29917,1.30022,2000,1.3001699999999998,1.29570438,-38.84999999999983,2022-04-11 07:25:00+00:00,2022-04-11 08:00:00+00:00,stop,amd_fvg_m5,momentum,fib_extension,d60,,,False,,47.7,with,behind,fvg,47.7,with,2,1a,judas,london_judas,london,,,False,2,2,240T|60T|15T,-1,False,240T,D|240T,False,1,60T,,,False,False,True,False,,True,single,7.7,9.0,2.0,2.0,high,3.8,True,2022-04-11 04:00:00+00:00,2022-04-11 06:00:00+00:00,2022-04-11 06:45:00+00:00,2022-04-11 06:55:00+00:00,,,,m15_range,False,False,,golden,,,,,,,,,0,,0,,False,0,4,True,False,0,True,False,True,True,continuation,d1_fvg,equal_hl,1.298505,0,2.2,,11.1,,11.1,11.1
EURUSD,1,-1,1.08712,1.0871600000000001,2000,1.08712,1.08364,-1.4800000000014801,2022-04-12 07:00:00+00:00,2022-04-12 08:55:00+00:00,stop,mss_fvg_m5,momentum,pdh_pdl,near,,,False,,66.7,with,behind,ifvg,66.7,with,2,1b,breakout,london_judas,london,,,False,3,2,15T,-1,False,15T,D|240T,False,1,60T,D,,False,False,True,False,,True,single,28.0,59.0,2.0,5.0,low,2.1,False,2022-04-11 16:15:00+00:00,2022-04-12 06:45:00+00:00,2022-04-12 07:00:00+00:00,2022-04-12 07:00:00+00:00,False,discount,eql,m15_range,False,False,confirmed,against,,,,,,,,,0,,0,,False,0,1,True,False,0,False,False,False,False,,,,0.0,0,17.9,5.6,35.7,,35.7,66.2
EURUSD,1,-1,1.0824900000000002,1.0825300000000002,2000,1.0824900000000002,1.07800354,-1.4800000000014801,2022-04-13 13:15:00+00:00,2022-04-13 14:40:00+00:00,stop,amd_fvg_m15,golden,fib_extension,,,,False,,113.0,with,behind,ifvg,113.0,with,2,golden,mm_golden,ny_golden,ny,,,False,2,0,,0,False,,,False,0,,,,False,False,False,False,,False,,30.4,42.0,2.0,2.0,high,,True,,,,,,,,m15_range,False,False,,golden,own_ob,,respected,15T,1b,15T,ob,60T,0,,0,,True,2,2,False,False,0,True,False,False,True,,,equal_hl,1.080735,0,16.1,0.0,0.0,0.0,0.0,0.0
EURUSD,1,-1,1.08681,1.08806,2000,1.08781,1.08260582,-46.24999999999901,2022-04-14 12:50:00+00:00,2022-04-14 13:10:00+00:00,stop,news_fvg_m5,momentum,fib_extension,near,,,False,,69.8,with,behind,ifvg,69.8,with,2,1b,breakout,ny_judas,ny,,,False,4,3,240T|15T,-1,True,240T,D|240T,True,1,60T,D,,False,False,True,False,,True,dual,16.7,18.0,4.0,4.0,high,4.9,True,2022-04-14 03:00:00+00:00,2022-04-14 07:15:00+00:00,2022-04-14 07:30:00+00:00,2022-04-14 07:35:00+00:00,False,premium,eqh,m15_range,False,False,confirmed,against,,,,,,,,,0,,0,,False,0,2,False,False,0,True,False,False,True,,,equal_hl,1.080735,0,3.1,,62.3,,62.3,65.2
EURUSD,1,-1,1.0877700000000001,1.08881,2000,1.08877,1.08468528,-38.4799999999974,2022-04-14 13:15:00+00:00,2022-04-14 13:35:00+00:00,stop,amd_fvg_m5,golden,fib_extension,,,,False,,60.2,with,behind,ifvg,60.2,with,2,golden,mm_golden,ny_golden,ny,,,False,2,0,,0,False,,,False,0,,,,False,False,False,False,,False,,16.7,18.0,4.0,4.0,high,,True,,,,,,,,m15_range,False,False,,golden,cascade,,failed,,1b,15T,fvg,15T,0,,0,,True,1,2,False,False,0,True,False,False,True,,,equal_hl,1.0873599999999999,0,14.9,0.0,0.0,0.0,0.0,0.0
GBPUSD,1,-1,1.29699,1.29398728,2000,1.2959900000000002,1.29393728,111.10064000000052,2022-04-22 07:45:00+00:00,2022-04-22 08:10:00+00:00,target,amd_fvg_m5,momentum,fib_extension,near,,,False,,189.3,with,behind,ob,149.9,with,0,1a,breakout,london_judas,london,,,False,1,3,D|60T|15T,-1,True,D,D,True,1,60T,D,,False,False,True,False,,True,single,11.6,8.0,2.0,2.0,high,1.7,True,2022-04-22 02:00:00+00:00,2022-04-22 03:45:00+00:00,2022-04-22 06:00:00+00:00,2022-04-22 06:10:00+00:00,False,discount,eqh,m15_range,False,False,,golden,,,,,,,,,0,,0,,False,0,1,False,False,0,True,False,False,False,,,,0.0,0,32.8,,,,,
EURUSD,1,-1,1.07751,1.0765500000000001,2510,1.07651,1.0709723999999998,44.577599999993026,2022-04-25 07:00:00+00:00,2022-04-25 07:10:00+00:00,stop,amd_ob_m15,judas,fib_extension,d60,,,False,,40.2,with,behind,fvg,40.2,with,3,3a,breakout,london_judas,london,,,False,1,2,60T,-1,False,60T,D|240T|60T,False,0,,,,False,False,True,False,,False,,22.4,17.0,3.0,2.0,high,15.1,True,2022-04-22 17:30:00+00:00,2022-04-22 21:30:00+00:00,2022-04-24 23:00:00+00:00,2022-04-24 23:00:00+00:00,,,,m15_range,False,False,confirmed,against,,,,,,,,,0,,0,,False,0,2,True,False,0,True,False,False,False,,,,0.0,0,42.8,,5.3,18.5,18.5,18.5
EURUSD,1,-1,1.07268,1.06971,2000,1.0716800000000002,1.06967,109.89000000000514,2022-04-26 07:00:00+00:00,2022-04-26 08:15:00+00:00,target,amd_ob_m15,golden,swing,,,,False,,88.5,with,behind,fvg,88.5,with,2,golden,mm_golden,london_golden,london,,,False,5,0,,0,False,,,False,0,,,,False,False,False,False,,False,,10.9,8.0,4.0,2.0,high,,True,,,,,,,,m15_range,False,False,,golden,own_ob,,respected,15T,1b,15T,ob,60T,0,,0,,True,2,2,True,False,0,True,False,False,False,,,,0.0,0,36.1,0.0,0.0,0.0,0.0,0.0
EURUSD,1,-1,1.06932,1.06936,2000,1.06932,1.06504348,-1.4800000000014801,2022-04-26 08:15:00+00:00,2022-04-26 10:20:00+00:00,stop,amd_fvg_m15,momentum,fib_extension,near,,,False,,122.1,with,behind,fvg,122.1,with,2,1b,breakout,london_judas,london,,,False,2,2,,-1,False,,D|240T|60T,False,0,,240T,,False,False,True,False,,True,dual,10.9,8.0,4.0,2.0,high,0.9,True,2022-04-26 05:00:00+00:00,2022-04-26 06:45:00+00:00,2022-04-26 07:00:00+00:00,2022-04-26 07:00:00+00:00,False,discount,eqh,m15_range,False,False,,against,,,,,,,,,0,,0,,False,0,2,True,False,0,True,False,False,False,,,,0.0,0,20.7,,,,,
GBPUSD,1,-1,1.26953,1.2695800000000002,2000,1.26953,1.26619176,-1.850000000003904,2022-04-26 12:45:00+00:00,2022-04-26 14:05:00+00:00,stop,amd_fvg_m5,momentum,fib_extension,near,,,False,,144.8,with,behind,fvg,144.8,with,0,1a_ip,breakout,ny_judas,ny,,,False,1,2,D|60T|15T,-1,False,D,D|240T|60T,False,0,,,,False,False,False,False,,True,single,33.9,12.0,2.0,2.0,high,2.7,True,2022-04-26 01:30:00+00:00,2022-04-26 04:15:00+00:00,2022-04-26 04:30:00+00:00,2022-04-26 04:30:00+00:00,False,discount,eqh,m15_range,False,False,,golden,,,,,,,,,0,,0,,False,0,3,True,False,0,True,False,True,False,continuation,d1_fvg,,0.0,0,25.7,,,,,
EURUSD,1,-1,1.06448,1.0613728800000002,2000,1.0634800000000002,1.0613328800000001,114.96343999999658,2022-04-27 07:00:00+00:00,2022-04-27 08:15:00+00:00,target,amd_breaker_m5,momentum,fib_extension,d60,,,False,,93.8,with,behind,fvg,93.8,with,2,1b,judas,london_judas,london,,,False,2,2,,-1,False,,D|240T|60T,False,0,,,,False,False,True,False,,True,dual,19.1,10.0,2.0,3.0,high,0.1,True,2022-04-26 09:15:00+00:00,2022-04-26 11:30:00+00:00,2022-04-26 11:45:00+00:00,2022-04-26 11:50:00+00:00,False,discount,eqh,m15_range,False,False,,against,,,,,,,,,0,,0,,False,0,2,True,False,0,True,False,False,False,,,,0.0,0,36.7,12.1,10.9,,10.9,10.9
EURUSD,1,-1,1.06145,1.05804,2000,1.0604500000000001,1.058,126.16999999999679,2022-04-27 11:30:00+00:00,2022-04-27 13:00:00+00:00,target,amd_fvg_h1,golden,round_number,,,,False,,124.1,with,behind,fvg,124.1,with,2,golden,mm_golden,ny_golden,ny,,,False,3,0,,0,False,,,False,0,,,,False,False,False,False,,False,,19.1,10.0,2.0,3.0,high,,True,,,,,,,,m15_range,False,False,,golden,cascade,,untested,,1b,15T,ifvg,60T,0,,0,,True,1,2,True,False,0,True,False,False,False,,,,0.0,0,40.6,0.0,0.0,0.0,0.0,0.0
EURUSD,1,-1,1.0575100000000002,1.05855,2000,1.05851,1.05240274,-38.4799999999974,2022-04-27 13:00:00+00:00,2022-04-27 13:15:00+00:00,stop,amd_fvg_m15,momentum,fib_extension,near,,,False,,163.5,with,behind,fvg,163.5,with,2,1b_ip,judas,ny_judas,ny,,,True,2,2,60T,-1,False,60T,D|240T|60T,False,0,,,,False,False,True,False,,True,single,34.7,4.0,2.0,1.0,high,1.9,True,2022-04-27 10:00:00+00:00,2022-04-27 10:45:00+00:00,2022-04-27 11:15:00+00:00,2022-04-27 11:25:00+00:00,False,discount,none,session_range,False,False,,against,,,,,,,,,0,,0,,False,0,2,True,False,0,True,False,False,False,,,,0.0,0,0.5,,,,,
GBPUSD,1,-1,1.24674,1.24329,2000,1.24324,1.24349896,127.64999999999827,2022-04-28 12:00:00+00:00,2022-04-28 12:55:00+00:00,stop,amd_fvg_m15,momentum,fib_extension,near,,,False,,134.1,with,behind,fvg,134.1,with,0,1a,breakout,ny_judas,ny,,,False,1,2,D|60T,-1,False,D,D|240T|60T,False,0,,240T,,False,False,False,False,,True,dual,34.0,27.0,4.0,2.0,high,24.2,True,2022-04-27 22:00:00+00:00,2022-04-28 04:30:00+00:00,2022-04-28 08:30:00+00:00,2022-04-28 08:35:00+00:00,False,discount,eqh,m15_range,False,False,,golden,,,,,,,,,0,,0,,False,0,1,False,False,0,True,False,False,False,,,,0.0,0,43.8,,,,,
GBPUSD,1,1,1.25207,1.25592,2000,1.25307,1.25597,142.44999999999663,2022-04-29 07:15:00+00:00,2022-04-29 08:35:00+00:00,target,amd_fvg_m5,momentum,pdh_pdl,near,,,False,,80.8,against,ahead,fvg,80.8,against,1,2b,breakout,london_judas,london,,,False,1,1,15T,0,False,15T,,False,0,,,,False,False,False,False,,True,single,24.6,9.0,2.0,2.0,low,6.7,True,2022-04-29 01:15:00+00:00,2022-04-29 03:15:00+00:00,2022-04-29 03:45:00+00:00,2022-04-29 03:45:00+00:00,False,premium,eql,m15_range,False,False,,against,,,,,,,,,0,,0,,False,0,2,False,False,0,True,False,False,True,,,equal_hl,1.28362,0,42.9,,252.5,627.4,704.9,1122.8
GBPUSD,1,-1,1.2555,1.25205,2000,1.252,1.24108,127.64999999999827,2022-05-02 13:30:00+00:00,2022-05-02 15:05:00+00:00,stop,amd_ob_m5,golden,opposing_liq,,,,False,,14.5,against,behind,fvg,14.5,against,2,golden,mm_golden,ny_golden,ny,,,False,2,0,,0,False,,,False,0,,,,False,False,False,False,,False,,29.7,12.0,1.0,1.0,high,,True,,,,,,,,session_range,False,False,,golden,own_ob,,respected,15T,1a,15T,ob,60T,0,,0,,True,2,3,True,True,0,True,False,False,False,,,,0.0,0,48.0,0.0,0.0,0.0,0.0,0.0
GBPUSD,1,-1,1.25123,1.25176,2938,1.2517099999999999,1.24108,-28.807089999995622,2022-05-03 07:00:00+00:00,2022-05-03 07:30:00+00:00,stop,amd_fvg_m15,golden,opposing_liq,,,,False,,89.2,with,behind,ifvg,89.2,with,2,golden,mm_golden,london_golden,london,,,False,5,0,,0,False,,,False,0,,,,False,False,False,False,,False,,23.4,15.0,2.0,3.0,high,,True,,,,,,,,m15_range,False,False,,golden,cascade,240T,failed,,1a,5T,fvg,60T,0,,0,,True,1,5,True,True,0,True,False,True,True,continuation,d1_fvg,equal_hl,1.247135,0,7.2,0.0,0.0,0.0,0.0,0.0
EURUSD,1,1,1.05148,1.054584,2000,1.0524799999999999,1.054624,114.84799999999984,2022-05-03 12:25:00+00:00,2022-05-03 13:00:00+00:00,target,mss_breaker_m5,momentum,fib_extension,near,,,False,,49.9,against,ahead,ifvg,49.9,against,1,2a,judas,ny_judas,ny,,,False,3,0,,0,False,,,False,0,,D,,False,False,True,False,,True,dual,,,,,,,,,,,,,premium,,,False,False,,golden,,,,,,,,,0,,0,,False,0,4,True,True,0,True,False,False,True,,,equal_hl,1.0563950000000002,0,37.5,12.6,78.9,422.3,670.9,852.8
GBPUSD,1,-1,1.23467,1.2337200000000001,2000,1.23367,1.2303954000000001,35.14999999999202,2022-05-06 07:15:00+00:00,2022-05-06 07:45:00+00:00,stop,amd_fvg_h1,golden,fib_extension,,,,False,,254.8,with,behind,ifvg,254.8,with,2,golden,mm_golden,london_golden,london,,,False,2,0,,0,False,,,False,0,,,,False,False,False,False,,False,,23.9,21.0,2.0,2.0,high,,True,,,,,,,,m15_range,False,False,,golden,own_ob,,respected,15T,1a,15T,ob,60T,0,,0,,True,2,2,False,False,1,True,False,False,False,,,,0.0,0,20.0,0.0,0.0,0.0,0.0,0.0
GBPUSD,1,-1,1.22715,1.22812,2000,1.22807,1.2215353199999999,-35.89000000000509,2022-05-09 07:40:00+00:00,2022-05-09 08:10:00+00:00,stop,mss_ob_m15,momentum,fib_extension,near,,,False,,108.5,with,behind,fvg,108.5,with,2,1a,judas,london_judas,london,,,False,2,2,D|60T|15T,-1,False,D,D,False,1,60T,D,,False,False,True,False,,True,single,31.9,13.0,2.0,1.0,low,1.8,False,2022-05-09 03:45:00+00:00,2022-05-09 06:45:00+00:00,2022-05-09 07:15:00+00:00,2022-05-09 07:25:00+00:00,,,,session_range,False,False,,golden,,,,,,,,,0,,0,,False,0,1,True,False,0,False,False,False,False,,,,0.0,0,10.7,,,,,
GBPUSD,1,1,1.23187,1.2328199999999998,2000,1.23287,1.25682,35.14999999999202,2022-05-09 11:00:00+00:00,2022-05-09 12:10:00+00:00,stop,amd_fvg_m5,momentum,equal_hl,near,ob,D,True,240T,61.3,against,ahead,fvg,61.3,against,2,2b,breakout,ny_judas,ny,,,False,2,1,,0,False,,240T,False,-1,60T,D,,False,False,True,False,,True,single,26.8,14.0,2.0,4.0,low,22.1,True,2022-05-09 02:15:00+00:00,2022-05-09 05:30:00+00:00,2022-05-09 07:45:00+00:00,2022-05-09 07:55:00+00:00,,,,m15_range,False,False,,against,,,,,,,,,0,,0,,False,0,3,True,False,0,True,False,False,True,,,equal_hl,1.25682,0,29.2,31.3,315.0,514.6,848.9,1119.3
GBPUSD,2,1,1.23387,1.23282,2000,1.2328700000000001,1.25682,-38.84999999999983,2022-05-09 11:45:00+00:00,2022-05-09 12:10:00+00:00,stop,pyramid_im1.0_fvg_m5,no_open,equal_hl,near,ob,D,True,240T,61.3,against,ahead,fvg,61.3,against,2,2b,breakout,ny_judas,ny,,,False,2,1,,0,False,,240T,False,-1,60T,D,,False,False,True,False,,True,single,26.8,14.0,2.0,4.0,low,22.1,True,2022-05-09 02:15:00+00:00,2022-05-09 05:30:00+00:00,2022-05-09 07:45:00+00:00,2022-05-09 07:55:00+00:00,,,,m15_range,False,False,,against,,,,,,,,,0,,0,,False,0,3,True,False,0,True,False,False,True,,,equal_hl,1.25682,0,9.2,31.3,315.0,514.6,848.9,1119.3
EURUSD,1,-1,1.05426,1.0547,3635,1.05466,1.0471,-29.58889999999973,2022-05-10 11:10:00+00:00,2022-05-10 11:15:00+00:00,stop,amd_fvg_m15,golden,opposing_liq,,,,False,,22.1,with,behind,ifvg,22.1,with,2,golden,mm_golden,ny_golden,ny,,,False,3,0,,0,False,,,False,0,,,,False,False,False,False,,False,,28.3,43.0,4.0,3.0,high,,True,,,,,,,,m15_range,False,False,,golden,cascade,,failed,,1b,5T,fvg,60T,0,,0,,True,1,3,True,False,0,True,False,False,True,,,equal_hl,1.0536349999999999,0,1.8,0.0,0.0,0.0,0.0,0.0
GBPUSD,1,-1,1.23296,1.2330100000000002,2000,1.23296,1.22608,-1.850000000003904,2022-05-10 13:15:00+00:00,2022-05-10 14:00:00+00:00,stop,amd_fvg_m5,golden,opposing_liq,,,,False,,50.4,with,behind,ifvg,50.4,with,2,golden,mm_golden,ny_golden,ny,,,False,2,0,,0,False,,,False,0,,,,False,False,False,False,,False,,27.8,17.0,2.0,2.0,high,,True,,,,,,,,m15_range,False,False,,golden,cascade,,failed,,1a,5T,ifvg,60T,0,,0,,True,1,3,True,False,0,True,False,False,True,,,equal_hl,1.232705,0,12.4,0.0,0.0,0.0,0.0,0.0
EURUSD,1,1,1.0549,1.0558599999999998,2000,1.0558999999999998,1.05852,35.51999999999445,2022-05-11 08:00:00+00:00,2022-05-11 10:25:00+00:00,stop,amd_ob_m5,momentum,pdh_pdl,near,ifvg,D,False,,15.7,against,ahead,ifvg,15.7,against,2,3b,breakout,london_judas,london,,,False,5,1,15T,0,False,15T,,False,0,,,,False,False,True,False,,True,single,34.6,68.0,3.0,2.0,low,25.3,True,2022-05-09 17:45:00+00:00,2022-05-10 10:30:00+00:00,2022-05-10 16:00:00+00:00,2022-05-10 16:05:00+00:00,False,discount,eql,m15_range,False,False,opposing,golden,,,,,,,,,0,,0,,False,0,3,True,False,0,True,False,False,True,,,equal_hl,1.0563950000000002,0,26.6,,44.3,264.0,390.2,636.7
EURUSD,1,-1,1.0494,1.0484400000000003,2000,1.0484000000000002,1.04353352,35.51999999999445,2022-05-12 08:00:00+00:00,2022-05-12 08:10:00+00:00,stop,amd_fvg_m5,momentum,fib_extension,d60,,,False,,70.7,with,behind,ifvg,70.7,with,2,1b,breakout,london_judas,london,,,False,1,2,W|240T,-1,False,W,D,False,1,60T,,,False,False,True,False,,True,single,33.9,27.0,2.0,3.0,high,14.2,True,2022-05-11 02:45:00+00:00,2022-05-11 09:15:00+00:00,2022-05-11 14:45:00+00:00,2022-05-11 14:45:00+00:00,False,discount,eqh,m15_range,False,False,,against,,,,,,,,,0,,0,,False,0,1,False,False,0,True,False,False,False,,,,0.0,0,38.7,,,23.9,23.9,23.9
EURUSD,1,-1,1.0421200000000002,1.038968,2000,1.0411200000000003,1.0389279999999999,116.62400000000983,2022-05-12 12:25:00+00:00,2022-05-12 12:55:00+00:00,target,mss_fvg_m5,momentum,fib_extension,near,,,False,,143.5,with,behind,ifvg,143.5,with,2,1b,judas,ny_judas,ny,,,True,1,2,W|240T,-1,False,W,D,False,0,,,,False,False,True,False,,True,single,24.0,4.0,2.0,3.0,low,2.8,False,2022-05-12 10:00:00+00:00,2022-05-12 10:45:00+00:00,2022-05-12 12:15:00+00:00,2022-05-12 12:25:00+00:00,False,discount,eql,session_range,False,False,opposing,against,,,,,,,,,0,,0,,False,0,0,False,False,0,False,False,False,False,,,,0.0,0,32.4,,,,,
EURUSD,1,-1,1.0397100000000001,1.0397500000000002,2903,1.0397100000000001,1.03651,-2.1482200000021483,2022-05-13 07:00:00+00:00,2022-05-13 07:35:00+00:00,stop,amd_breaker_m5,golden,swing,,,,False,,167.6,with,behind,ifvg,167.6,with,3,golden,mm_golden,london_golden,london,,,False,2,0,,0,False,,,False,0,,,,False,False,False,False,,False,,33.7,47.0,4.0,4.0,high,,True,,,,,,,,m15_range,False,False,,golden,cascade,,,,1b,15T,ifvg,15T,0,,0,,True,2,2,False,False,0,True,False,False,True,,,equal_hl,1.0351750000000002,0,12.1,0.0,0.0,0.0,0.0,0.0
GBPUSD,1,1,1.23634,1.23529,2000,1.23534,1.23957854,-38.84999999999983,2022-05-17 07:00:00+00:00,2022-05-17 07:15:00+00:00,stop,amd_fvg_m5,momentum,fib_extension,near,ifvg,240T,False,,16.6,against,ahead,ifvg,16.6,against,3,2b,breakout,london_judas,london,,,False,4,1,60T|15T,0,False,60T,60T,False,0,,,,False,False,True,False,,True,single,30.8,14.0,2.0,2.0,low,3.6,True,2022-05-16 11:30:00+00:00,2022-05-16 14:45:00+00:00,2022-05-16 16:30:00+00:00,2022-05-16 16:35:00+00:00,False,premium,eql,m15_range,False,False,opposing,against,,,,,,,,,0,,0,,False,0,3,True,False,0,True,False,False,True,,,equal_hl,1.240285,0,1.1,,,275.4,784.7,936.0
GBPUSD,1,1,1.2352,1.2361499999999999,2166,1.2362,1.37487,38.06744999999136,2022-05-17 07:15:00+00:00,2022-05-17 07:30:00+00:00,stop,amd_fvg_m15,golden,opposing_liq,,,,False,,28.0,against,ahead,ifvg,28.0,against,3,golden,mm_golden,london_golden,london,,,False,4,0,,0,False,,,False,0,,,,False,False,False,False,,False,,30.8,14.0,2.0,2.0,low,,True,,,,,,,,m15_range,False,False,,golden,own_ob,,respected,,2b,5T,ifvg,15T,0,,0,,True,3,3,True,False,0,True,False,False,True,,,equal_hl,1.237775,0,23.5,0.0,0.0,0.0,0.0,0.0
GBPUSD,1,1,1.24748,1.24643,2000,1.24648,1.25332328,-38.84999999999983,2022-05-17 11:15:00+00:00,2022-05-17 11:40:00+00:00,stop,amd_fvg_m5,momentum,fib_extension,near,ob,D,False,,23.6,against,behind,ob,0.0,against,3,2b_h4,breakout,ny_judas,ny,,,False,1,1,60T|15T,0,False,60T,60T,False,0,,,,False,False,True,False,,True,single,30.8,14.0,2.0,2.0,low,3.6,True,2022-05-16 11:30:00+00:00,2022-05-16 14:45:00+00:00,2022-05-16 16:30:00+00:00,2022-05-16 16:35:00+00:00,False,premium,eql,m15_range,False,False,,against,,,,,,,,,0,,0,,False,0,3,True,False,0,True,False,False,True,,,equal_hl,1.25682,0,5.6,,,164.0,673.3,824.6
GBPUSD,1,-1,1.24474,1.2437900000000002,2000,1.24374,1.2405014399999998,35.14999999999202,2022-05-18 07:30:00+00:00,2022-05-18 08:00:00+00:00,stop,amd_fvg_m5,momentum,fib_extension,near,fvg,W,True,240T,127.1,against,ahead,ob,3.8,with,0,1a,breakout,london_judas,london,240T,,False,3,2,D|240T,-1,False,D,D|240T,False,1,60T,D,,False,False,True,False,,True,dual,32.2,20.0,2.0,2.0,high,1.3,True,2022-05-18 02:00:00+00:00,2022-05-18 06:45:00+00:00,2022-05-18 07:00:00+00:00,2022-05-18 07:00:00+00:00,True,premium,pdh,m15_range,False,False,opposing,golden,,,,,,,,,0,,0,,False,0,4,True,False,0,True,False,True,True,continuation,breaker,equal_hl,1.2326300000000001,0,21.6,,231.7,172.7,293.4,293.4
GBPUSD,1,1,1.24132,1.24027,2000,1.24032,1.2465913000000002,-38.84999999999983,2022-05-19 11:05:00+00:00,2022-05-19 11:15:00+00:00,stop,amd_fvg_m5,momentum,fib_extension,near,ifvg,240T,True,240T,92.9,with,behind,ob,38.0,against,2,2b_ip,judas,ny_judas,ny,,,False,1,1,15T,0,False,15T,,False,-1,60T,,,False,False,True,False,,True,dual,33.8,14.0,2.0,2.0,low,23.4,True,2022-05-19 03:45:00+00:00,2022-05-19 07:00:00+00:00,2022-05-19 08:00:00+00:00,2022-05-19 08:05:00+00:00,False,premium,eql,m15_range,False,False,,against,,,,,,,,,0,,0,,False,0,2,False,False,0,True,False,False,True,,,equal_hl,1.24998,0,4.2,,88.6,225.6,734.9,886.2
EURUSD,1,1,1.0531199999999998,1.05632,2000,1.0541199999999997,1.05636,118.40000000000339,2022-05-19 13:30:00+00:00,2022-05-19 14:45:00+00:00,target,amd_fvg_m5,momentum,swing,near,ifvg,D,False,,33.5,against,ahead,ob,2.0,with,1,3b,breakout,ny_judas,ny,,,False,3,1,,0,False,,240T,False,-1,60T,240T,,False,False,False,False,,True,single,27.9,25.0,3.0,3.0,low,13.7,True,2022-05-19 01:30:00+00:00,2022-05-19 07:30:00+00:00,2022-05-19 08:00:00+00:00,2022-05-19 08:00:00+00:00,False,premium,pwl,m15_range,False,False,opposing,golden,,,,,,,,,0,,0,,False,0,3,False,False,0,True,False,True,True,continuation,ob,equal_hl,1.05596,0,39.9,8.9,33.3,111.4,405.9,654.5
EURUSD,1,1,1.0708499999999999,1.07032,3220,1.07036,1.14948,-31.5720999999952,2022-05-24 12:00:00+00:00,2022-05-24 12:10:00+00:00,stop,amd_fvg_h1,golden,opposing_liq,,,,False,,11.9,against,behind,fvg,11.9,against,2,golden,mm_golden,ny_golden,ny,,,False,2,0,,0,False,,,False,0,,,,False,False,False,False,,False,,11.0,11.0,3.0,3.0,low,,True,,,,,,,,m15_range,False,False,,golden,cascade,240T,untested,,2a,15T,ifvg,60T,0,,0,,True,1,4,True,False,0,True,False,True,True,continuation,d1_fvg,equal_hl,1.0743550000000002,0,0.9,0.0,0.0,0.0,0.0,0.0
EURUSD,1,-1,1.06877,1.0678100000000001,2000,1.06777,1.0646574,35.51999999999445,2022-05-25 08:00:00+00:00,2022-05-25 10:50:00+00:00,stop,amd_ob_m5,momentum,fib_extension,near,fvg,W,False,,26.9,against,ahead,fvg,26.9,against,2,1b,judas,london_judas,london,,,False,2,2,W|D,-1,False,W,D,False,1,60T,,,False,False,True,False,,True,single,26.5,8.0,2.0,2.0,high,1.5,True,2022-05-24 15:00:00+00:00,2022-05-24 16:45:00+00:00,2022-05-24 17:00:00+00:00,2022-05-24 17:10:00+00:00,True,discount,pdh,m15_range,False,False,confirmed,against,,,,,,,,,0,,0,,False,0,3,True,False,0,True,False,False,True,,,equal_hl,1.0638450000000002,0,25.6,,133.4,339.0,339.0,339.0
EURUSD,1,-1,1.0662500000000001,1.06729,2000,1.06725,1.0622918800000003,-38.4799999999974,2022-05-25 11:30:00+00:00,2022-05-25 12:30:00+00:00,stop,amd_fvg_h1,momentum,fib_extension,near,ifvg,D,True,240T,1.7,against,ahead,fvg,1.7,against,2,3a,breakout,ny_judas,ny,,,False,2,2,W|D,-1,False,W,D,False,1,60T,,,False,False,True,False,,True,single,26.5,8.0,2.0,2.0,high,1.5,True,2022-05-24 15:00:00+00:00,2022-05-24 16:45:00+00:00,2022-05-24 17:00:00+00:00,2022-05-24 17:10:00+00:00,True,discount,pdh,m15_range,False,False,opposing,against,,,,,,,,,0,,0,,False,0,3,True,False,0,True,False,False,True,,,equal_hl,1.0638450000000002,0,7.0,,108.2,313.8,313.8,313.8
GBPUSD,1,1,1.26031,1.26026,2000,1.26031,1.26378,-1.850000000003904,2022-05-26 11:00:00+00:00,2022-05-26 11:30:00+00:00,stop,amd_fvg_m5,judas,ith_liquidity,near,fvg,W,False,,0.0,against,inside,ifvg,0.0,against,1,2b_ip,breakout,ny_judas,ny,,,False,3,2,60T,0,True,60T,240T,True,-1,60T,,,False,False,True,False,,True,single,32.6,15.0,2.0,2.0,low,12.7,True,2022-05-26 02:30:00+00:00,2022-05-26 06:00:00+00:00,2022-05-26 07:30:00+00:00,2022-05-26 07:40:00+00:00,False,premium,eql,m15_range,False,False,,against,,,,,,,,,0,,0,,False,0,3,True,False,0,True,False,False,True,,,equal_hl,1.261745,0,16.2,9.8,,,487.8,696.3
EURUSD,1,1,1.0708499999999999,1.0704099999999999,3896,1.07045,1.14948,-31.713439999999707,2022-05-26 12:35:00+00:00,2022-05-26 12:55:00+00:00,stop,amd_fvg_h1,golden,opposing_liq,,,,False,,30.1,against,ahead,ifvg,30.1,against,2,golden,mm_golden,ny_golden,ny,,,False,2,0,,0,False,,,False,0,,,,False,False,False,False,,False,,21.0,16.0,2.0,5.0,low,,True,,,,,,,,m15_range,False,False,,golden,cascade,240T,failed,,2a,15T,ifvg,60T,0,,0,,True,1,3,False,False,0,True,False,True,True,continuation,breaker,equal_hl,1.07351,0,3.0,0.0,0.0,0.0,0.0,0.0
EURUSD,1,-1,1.07084,1.07188,2000,1.07184,1.06709942,-38.4799999999974,2022-05-27 11:00:00+00:00,2022-05-27 12:50:00+00:00,stop,amd_fvg_m5,momentum,fib_extension,near,fvg,W,False,,30.2,with,behind,ifvg,30.2,with,1,1b,breakout,ny_judas,ny,W,,False,1,2,W|D,-1,False,W,D,False,1,60T,D,,False,False,True,False,,True,dual,27.6,31.0,4.0,2.0,high,24.8,True,2022-05-26 18:45:00+00:00,2022-05-27 02:15:00+00:00,2022-05-27 02:45:00+00:00,2022-05-27 02:50:00+00:00,False,premium,eqh,m15_range,False,False,,against,,,,,,,,,0,,0,,False,0,3,True,False,0,True,False,False,True,,,equal_hl,1.06967,0,11.6,,67.2,359.7,359.7,359.7
EURUSD,1,-1,1.07197,1.0726900000000001,2000,1.07297,1.0683877400000001,-26.640000000001997,2022-05-31 11:00:00+00:00,2022-05-31 11:05:00+00:00,session_handover,mss_fvg_m5,momentum,fib_extension,d3,fvg,W,False,,18.9,with,behind,ifvg,18.9,with,2,1b,judas,ny_judas,ny,W,,False,2,2,W|D|15T,-1,False,W,D|60T,False,1,60T,,,False,False,True,False,,True,single,34.7,31.0,2.0,2.0,low,2.8,False,2022-05-31 03:15:00+00:00,2022-05-31 10:45:00+00:00,2022-05-31 11:00:00+00:00,2022-05-31 11:00:00+00:00,False,discount,none,m15_range,False,False,confirmed,against,,,,,,,,,0,,0,,False,0,3,True,True,0,False,False,False,True,,,equal_hl,1.06616,0,0.2,,23.8,331.7,371.0,371.0
EURUSD,1,-1,1.0577100000000002,1.0567500000000003,2000,1.0567100000000003,1.03496,35.51999999999445,2022-06-10 12:45:00+00:00,2022-06-10 13:30:00+00:00,stop,amd_fvg_m5,golden,opposing_liq,,,,False,,0.0,against,inside,ifvg,0.0,against,3,golden,mm_golden,ny_golden,ny,,,False,2,0,,0,False,,,False,0,,,,False,False,False,False,,False,,7.4,9.0,4.0,2.0,high,,True,,,,,,,,m15_range,False,False,,golden,own_ob,,respected,15T,1b,15T,ob,15T,0,,0,,True,3,3,False,False,1,True,False,False,True,,,equal_hl,1.0535166666666667,0,37.4,0.0,0.0,0.0,0.0,0.0
EURUSD,1,-1,1.04783,1.04887,2000,1.04883,1.0446801200000002,-38.4799999999974,2022-06-13 07:00:00+00:00,2022-06-13 07:20:00+00:00,stop,amd_ob_m5,momentum,fib_extension,near,ob,D,False,,18.6,against,ahead,ob,0.0,against,3,3a,judas,london_judas,london,,,False,2,2,W|15T,-1,False,W,240T|60T,False,0,,,,False,False,True,False,,True,single,12.9,13.0,3.0,4.0,high,1.4,True,2022-06-13 03:00:00+00:00,2022-06-13 06:00:00+00:00,2022-06-13 06:15:00+00:00,2022-06-13 06:25:00+00:00,,,,m15_range,False,False,,against,,,,,,,,,0,,0,,False,0,3,True,False,0,True,False,False,True,,,equal_hl,1.0468,0,2.0,3.6,,,129.6,129.6
GBPUSD,1,-1,1.22483,1.2217200000000001,2000,1.2238300000000002,1.22167,115.069999999998,2022-06-13 08:40:00+00:00,2022-06-13 09:15:00+00:00,target,amd_fvg_m5,momentum,swing,near,ob,W,False,,17.3,against,behind,ob,0.0,against,1,1a_h4,breakout,london_judas,london,,,False,3,1,240T|60T,0,False,240T,240T|60T,False,0,,,,False,False,False,False,,True,dual,26.2,13.0,2.0,2.0,high,9.0,True,2022-06-13 03:00:00+00:00,2022-06-13 06:00:00+00:00,2022-06-13 06:30:00+00:00,2022-06-13 06:30:00+00:00,,,,m15_range,False,False,,golden,,,,,,,,,0,,0,,False,0,3,True,False,0,True,False,False,True,,,equal_hl,1.223695,0,36.2,,,,94.3,94.3
GBPUSD,1,-1,1.2191,1.2191500000000002,2000,1.2191,1.2155,-1.850000000003904,2022-06-13 12:00:00+00:00,2022-06-13 12:05:00+00:00,stop,amd_fvg_m5,momentum,swing,near,ob,W,False,,74.6,against,behind,ob,0.0,against,1,1a,breakout,ny_judas,ny,,,False,2,1,240T|60T,0,False,240T,240T|60T,False,0,,,,False,False,False,False,,True,single,26.2,13.0,2.0,2.0,high,9.0,True,2022-06-13 03:00:00+00:00,2022-06-13 06:00:00+00:00,2022-06-13 06:30:00+00:00,2022-06-13 06:30:00+00:00,,,,m15_range,False,False,,golden,,,,,,,,,0,,0,,False,0,3,True,False,0,True,False,False,True,,,equal_hl,1.216,0,12.0,,,,37.0,37.0
EURUSD,2,-1,1.0409000000000002,1.04194,2000,1.0419,1.03496,-38.4799999999974,2022-06-16 07:40:00+00:00,2022-06-16 07:50:00+00:00,stop,pyramid_im0.8_fvg_m5,no_open,opposing_liq,,,,False,,51.9,with,behind,ifvg,51.9,with,2,golden,mm_golden,london_golden,london,,,False,5,0,,0,False,,,False,0,,,,False,False,False,False,,False,,16.4,11.0,2.0,5.0,high,,True,,,,,,,,m15_range,False,False,,golden,cascade,,failed,,1b,15T,ifvg,60T,0,,0,,True,1,3,False,False,1,True,False,False,True,,,equal_hl,1.039835,0,0.8,0.0,0.0,0.0,0.0,0.0
GBPUSD,1,-1,1.21059,1.20585568,2000,1.2095900000000002,1.2058056799999999,175.16984000000258,2022-06-16 08:00:00+00:00,2022-06-16 08:15:00+00:00,target,amd_fvg_m5,momentum,fib_extension,near,ifvg,240T,False,,101.8,with,behind,fvg,101.8,with,2,1a,breakout,london_judas,london,,,False,2,1,240T,0,False,240T,240T,False,1,60T,,,False,False,True,False,,True,dual,19.7,13.0,2.0,3.0,high,11.7,True,2022-06-15 21:45:00+00:00,2022-06-16 00:45:00+00:00,2022-06-16 01:15:00+00:00,2022-06-16 01:15:00+00:00,False,discount,none,m15_range,False,False,,golden,,,,,,,,,0,,0,,False,0,2,False,False,1,True,False,False,False,,,,0.0,0,48.0,,173.7,,173.7,173.7
EURUSD,2,-1,1.04079,1.0408300000000001,2000,1.04079,1.03496,-1.4800000000014801,2022-06-16 07:55:00+00:00,2022-06-16 08:30:00+00:00,stop,pyramid_im0.8_fvg_m5,no_open,opposing_liq,,,,False,,51.9,with,behind,ifvg,51.9,with,2,golden,mm_golden,london_golden,london,,,False,5,0,,0,False,,,False,0,,,,False,False,False,False,,False,,16.4,11.0,2.0,5.0,high,,True,,,,,,,,m15_range,False,False,,golden,cascade,,failed,,1b,15T,ifvg,60T,0,,0,,True,1,3,False,False,1,True,False,False,True,,,equal_hl,1.039835,0,21.7,0.0,0.0,0.0,0.0,0.0
EURUSD,1,-1,1.0432700000000001,1.0398100000000001,3914,1.03977,1.03496,250.53514000000138,2022-06-16 07:20:00+00:00,2022-06-16 08:55:00+00:00,stop,amd_ob_m5,golden,opposing_liq,,,,False,,51.9,with,behind,ifvg,51.9,with,2,golden,mm_golden,london_golden,london,,,False,5,0,,0,False,,,False,0,,,,False,False,False,False,,False,,16.4,11.0,2.0,5.0,high,,True,,,,,,,,m15_range,False,False,,golden,cascade,,failed,,1b,15T,ifvg,60T,0,,0,,True,1,3,False,False,1,True,False,False,True,,,equal_hl,1.039835,0,51.9,0.0,0.0,0.0,0.0,0.0
GBPUSD,1,1,1.21748,1.2184299999999997,7812,1.2184799999999998,1.22061,137.29589999996884,2022-06-16 13:20:00+00:00,2022-06-16 13:30:00+00:00,stop,amd_fvg_m5,momentum,equal_hl,near,ob,W,False,,32.9,against,ahead,fvg,32.9,against,1,2b,breakout,ny_judas,ny,,,False,4,1,60T,0,False,60T,60T,False,1,60T,240T,,False,False,False,False,,True,dual,19.7,13.0,2.0,3.0,low,117.5,True,2022-06-15 21:45:00+00:00,2022-06-16 00:45:00+00:00,2022-06-16 12:15:00+00:00,2022-06-16 12:15:00+00:00,False,premium,vah,m15_range,False,False,opposing,against,,,,,,,,,0,,0,,False,0,4,True,False,1,True,False,False,True,,,equal_hl,1.226345,0,25.5,9.1,126.4,485.8,492.5,973.3
GBPUSD,1,-1,1.22749,1.22854,6250,1.2284899999999999,1.22214902,-121.40624999999947,2022-06-17 07:00:00+00:00,2022-06-17 07:10:00+00:00,stop,amd_fvg_m5,momentum,fib_extension,near,fvg,240T,True,240T,45.1,with,behind,fvg,45.1,with,1,1a_ip,breakout,london_judas,london,,,False,3,2,D|240T|15T,-1,False,D,,False,-1,D,,,False,False,False,False,,True,single,19.7,8.0,2.0,2.0,high,2.0,True,2022-06-16 22:15:00+00:00,2022-06-17 00:00:00+00:00,2022-06-17 00:45:00+00:00,2022-06-17 00:50:00+00:00,False,premium,eqh,m15_range,False,False,,golden,,,,,,,,,0,,0,,False,0,3,False,False,1,True,False,False,True,,,equal_hl,1.223695,0,0.2,,342.7,,342.7,342.7
EURUSD,1,-1,1.05041,1.0494500000000002,10000,1.0494100000000002,1.0465163,177.59999999997223,2022-06-17 12:35:00+00:00,2022-06-17 13:30:00+00:00,stop,mss_ob_m5,momentum,fib_extension,near,fvg,240T,False,,16.0,with,behind,fvg,16.0,with,2,1b_ip,judas,ny_judas,ny,,,True,2,2,W|240T,-1,False,W,,False,-1,D,,,False,False,True,False,,True,single,,,,,,,,,,,,,discount,,,False,False,opposing,against,,,,,,,,,0,,0,,False,0,3,False,False,1,True,False,False,True,,,equal_hl,1.0468,0,28.6,,146.0,,155.4,155.4
EURUSD,1,1,1.05352,1.05723,6250,1.05452,1.05727,428.96874999998613,2022-06-21 08:00:00+00:00,2022-06-21 09:40:00+00:00,target,amd_fvg_h1,momentum,fib_extension,d3,ifvg,D,True,240T,0.0,against,inside,ifvg,0.0,against,0,3b,breakout,london_judas,london,,,False,2,1,60T|15T,0,False,60T,,False,0,,,,False,False,False,False,,True,dual,16.0,12.0,2.0,2.0,low,7.5,True,2022-06-21 03:15:00+00:00,2022-06-21 06:00:00+00:00,2022-06-21 06:30:00+00:00,2022-06-21 06:35:00+00:00,False,premium,eql,m15_range,False,False,confirmed,golden,,,,,,,,,0,,0,,False,0,4,True,False,0,True,False,True,True,continuation,d1_fvg,equal_hl,1.055982,0,38.5,8.1,17.7,239.5,252.4,401.9
NZDUSD,1,1,0.634175,0.6351,7812,0.635175,0.6375000000000001,133.6828499999933,2022-06-21 08:00:00+00:00,2022-06-21 10:55:00+00:00,stop,amd_ob_m5,momentum,fib_extension,d3,ifvg,D,True,D,7.9,against,ahead,ifvg,7.9,against,0,N-long,breakout,london_judas,london,,,False,5,0,,0,False,,,False,0,,240T,,False,False,False,False,,True,dual,22.0,59.0,5.0,3.0,low,2.8,True,2022-06-20 14:15:00+00:00,2022-06-21 04:45:00+00:00,2022-06-21 06:45:00+00:00,2022-06-21 06:45:00+00:00,False,premium,eql,m15_range,False,False,,,,,,,,,,,0,,0,,False,0,4,True,False,0,True,False,True,True,continuation,breaker,equal_hl,0.63634,0,21.3,5.6,29.2,195.7,235.3,560.5
EURUSD,1,-1,1.05128,1.0520100000000001,18750,1.05197,1.03496,-253.21875000004144,2022-06-23 11:15:00+00:00,2022-06-23 11:25:00+00:00,stop,amd_fvg_h1,golden,opposing_liq,,,,False,,0.0,against,inside,ifvg,0.0,against,3,golden,mm_golden,ny_golden,ny,,,False,3,0,,0,False,,,False,0,,,,False,False,False,False,,False,,23.4,10.0,3.0,2.0,high,,True,,,,,,,,m15_range,False,False,,golden,cascade,,failed,,1b,15T,ifvg,60T,0,,0,,True,2,2,False,False,0,True,False,False,True,,,equal_hl,1.05098,0,0.3,0.0,0.0,0.0,0.0,0.0
EURUSD,1,-1,1.05321,1.05325,15625,1.05321,1.03496,-11.562500000011564,2022-06-24 08:00:00+00:00,2022-06-24 09:40:00+00:00,stop,amd_ob_m5,golden,opposing_liq,,,,False,,0.0,with,inside,ifvg,0.0,with,2,golden,mm_golden,london_golden,london,,,False,4,0,,0,False,,,False,0,,,,False,False,False,False,,False,,34.4,45.0,2.0,2.0,high,,True,,,,,,,,m15_range,False,False,,golden,cascade,,failed,,1b,60T,fvg,60T,0,,0,,True,1,2,False,False,0,True,False,False,True,,,equal_hl,1.052905,0,12.9,0.0,0.0,0.0,0.0,0.0
GBPUSD,1,1,1.22983,1.2307799999999998,5000,1.2308299999999999,1.2351956,87.87499999998005,2022-06-27 08:15:00+00:00,2022-06-27 08:25:00+00:00,stop,amd_fvg_m5,momentum,fib_extension,d3,ifvg,D,True,240T,21.7,against,ahead,ifvg,21.7,against,0,2b,breakout,london_judas,london,,,False,2,1,,0,False,,60T,False,0,,D,,False,False,True,False,,True,dual,32.0,34.0,2.0,2.0,low,0.2,True,2022-06-26 22:45:00+00:00,2022-06-27 07:00:00+00:00,2022-06-27 07:15:00+00:00,2022-06-27 07:25:00+00:00,,,,m15_range,False,False,opposing,against,,,,,,,,,0,,0,,False,0,4,True,True,0,True,False,False,True,,,equal_hl,1.23227,0,33.8,,22.9,108.7,369.0,792.6
GBPUSD,1,-1,1.2258,1.22235,6250,1.2223,1.22176,398.9062499999946,2022-06-28 11:35:00+00:00,2022-06-28 13:15:00+00:00,stop,mss_fvg_m5,momentum,fib_extension,d3,ifvg,240T,True,240T,13.4,against,ahead,ifvg,13.4,against,1,1a,breakout,ny_judas,ny,,,False,3,2,D|60T|15T,-1,False,D,,False,0,,D,,False,False,True,False,,True,dual,32.2,9.0,3.0,2.0,low,0.4,False,2022-06-28 08:45:00+00:00,2022-06-28 10:45:00+00:00,2022-06-28 11:00:00+00:00,2022-06-28 11:00:00+00:00,False,discount,eql,session_range,False,False,,golden,,,,,,,,,0,,0,,False,0,3,True,True,0,False,False,False,True,,,equal_hl,1.2239900000000001,0,40.1,,21.2,325.8,325.8,325.8
GBPUSD,1,-1,1.21193,1.21198,15625,1.21193,1.19332,-14.4531250000305,2022-07-01 08:00:00+00:00,2022-07-01 08:10:00+00:00,stop,amd_fvg_m5,golden,opposing_liq,,,,False,,93.4,with,behind,fvg,93.4,with,2,golden,mm_golden,london_golden,london,,,False,4,0,,0,False,,,False,0,,,,False,False,False,False,,False,,23.4,9.0,4.0,2.0,high,,True,,,,,,,,m15_range,False,False,,golden,own_ob,240T,respected,15T,1a,15T,ob,60T,0,,0,,True,2,3,False,False,0,True,False,True,True,continuation,pdhl,equal_hl,1.210615,0,13.0,0.0,0.0,0.0,0.0,0.0
EURUSD,1,-1,1.0436800000000002,1.0437200000000002,21517,1.0436800000000002,1.03496,-15.922580000015923,2022-07-04 07:00:00+00:00,2022-07-04 08:25:00+00:00,stop,amd_ob_m15,golden,opposing_liq,,,,False,,51.9,with,behind,fvg,51.9,with,3,golden,mm_golden,london_golden,london,,,False,2,0,,0,False,,,False,0,,,,False,False,False,False,,False,,23.0,23.0,4.0,2.0,high,,True,,,,,,,,m15_range,False,False,,golden,cascade,,failed,,1b,15T,fvg,60T,0,,0,,True,2,3,True,False,0,True,False,False,True,,,equal_hl,1.04335,0,14.9,0.0,0.0,0.0,0.0,0.0
EURUSD,1,-1,1.0436,1.0426400000000002,12500,1.0426000000000002,1.03496,221.9999999999653,2022-07-05 07:00:00+00:00,2022-07-05 08:05:00+00:00,stop,amd_ob_m5,golden,opposing_liq,,,,False,,52.7,with,behind,fvg,52.7,with,2,golden,mm_golden,london_golden,london,,,False,2,0,,0,False,,,False,0,,,,False,False,False,False,,False,,26.3,55.0,2.0,4.0,high,,True,,,,,,,,m15_range,False,False,,golden,cascade,,failed,,1b,60T,ifvg,60T,0,,0,,True,1,3,True,False,0,True,False,False,True,,,equal_hl,1.04335,0,25.4,0.0,0.0,0.0,0.0,0.0
EURUSD,1,-1,1.04135,1.04139,12500,1.04135,1.03764542,-9.250000000009251,2022-07-05 08:05:00+00:00,2022-07-05 08:10:00+00:00,stop,amd_fvg_m5,momentum,fib_extension,near,,,False,,75.2,with,behind,fvg,75.2,with,2,1b,breakout,london_judas,london,,,False,3,2,W|D|240T,-1,False,W,240T,False,1,60T,240T,,False,False,True,False,,True,dual,26.3,55.0,2.0,4.0,high,4.1,True,2022-07-04 16:45:00+00:00,2022-07-05 06:15:00+00:00,2022-07-05 06:45:00+00:00,2022-07-05 06:45:00+00:00,False,discount,vah,m15_range,False,False,,against,,,,,,,,,0,,0,,False,0,3,True,False,0,True,False,False,True,,,equal_hl,1.03624,0,13.5,,48.6,,55.4,64.8
GBPUSD,1,-1,1.1984,1.19495,18750,1.1948999999999999,1.19452392,1196.7187499999836,2022-07-05 13:00:00+00:00,2022-07-05 14:15:00+00:00,stop,amd_fvg_m5,momentum,fib_extension,d3,,,False,,228.7,with,behind,fvg,228.7,with,3,1a_ip,judas,ny_judas,ny,,,True,2,2,D|240T,-1,False,D,240T,False,1,60T,,,False,False,True,False,,True,single,28.0,4.0,2.0,1.0,high,-15.8,True,2022-07-05 10:00:00+00:00,2022-07-05 10:45:00+00:00,2022-07-05 11:45:00+00:00,2022-07-05 11:45:00+00:00,False,discount,none,session_range,False,False,,golden,,,,,,,,,0,,0,,False,0,3,True,False,0,True,False,True,False,continuation,breaker,,0.0,0,42.4,,9.3,,51.8,51.8
EURUSD,1,-1,1.02651,1.02695,35722,1.02691,1.0235,-290.77707999999734,2022-07-06 08:20:00+00:00,2022-07-06 08:25:00+00:00,stop,amd_None,golden,swing,,,,False,,223.6,with,behind,fvg,223.6,with,3,golden,mm_golden,london_golden,london,,,False,4,0,,0,False,,,False,0,,,,False,False,False,False,,False,,33.5,57.0,8.0,2.0,high,,True,,,,,,,,m15_range,False,False,,golden,cascade,,failed,,1b,5T,ifvg,60T,0,,0,,True,2,2,True,False,0,True,False,False,False,,,,0.0,0,-0.0,0.0,0.0,0.0,0.0,0.0
EURUSD,1,-1,1.02221,1.0176299800000002,18750,1.01871,1.0175899800000001,1588.6944374999678,2022-07-06 11:00:00+00:00,2022-07-06 13:10:00+00:00,target,amd_fvg_m5,momentum,fib_extension,near,,,False,,266.6,with,behind,fvg,266.6,with,3,1b,breakout,ny_judas,ny,,,False,2,2,W|D|240T,-1,False,W,240T|60T,False,0,,240T,,False,False,True,False,,True,dual,33.5,57.0,8.0,2.0,high,5.0,True,2022-07-05 17:30:00+00:00,2022-07-06 07:30:00+00:00,2022-07-06 07:45:00+00:00,2022-07-06 07:55:00+00:00,False,discount,eqh,m15_range,False,False,confirmed,against,,,,,,,,,0,,0,,False,0,2,True,False,0,True,False,False,False,,,,0.0,0,47.7,,,,,
GBPUSD,1,-1,1.18907,1.1891200000000002,33750,1.18907,1.185,-31.21875000006588,2022-07-06 13:20:00+00:00,2022-07-06 13:25:00+00:00,stop,amd_fvg_m5,golden,round_number,,,,False,,322.0,with,behind,fvg,322.0,with,3,golden,mm_golden,ny_golden,ny,,,False,2,0,,0,False,,,False,0,,,,False,False,False,False,,False,,17.3,14.0,3.0,2.0,high,,True,,,,,,,,m15_range,False,False,,golden,own_ob,,respected,15T,1a,15T,ob,60T,0,,0,,True,3,2,True,False,0,True,False,False,False,,,,0.0,0,15.1,0.0,0.0,0.0,0.0,0.0
GBPUSD,1,-1,1.19612,1.1965700000000001,33750,1.19652,1.18756,-280.96875000003837,2022-07-08 11:00:00+00:00,2022-07-08 11:05:00+00:00,stop,amd_ob_m15,golden,opposing_liq,,,,False,,27.9,with,behind,fvg,27.9,with,3,golden,mm_golden,ny_golden,ny,,,False,3,0,,0,False,,,False,0,,,,False,False,False,False,,False,,30.2,18.0,3.0,2.0,high,,True,,,,,,,,m15_range,False,False,,golden,cascade,240T,untested,,1a,60T,ifvg,60T,0,,0,,True,2,3,False,False,0,True,False,True,True,continuation,d1_fvg,equal_hl,1.19034,0,-0.0,0.0,0.0,0.0,0.0,0.0
EURUSD,1,-1,1.0140900000000002,1.0131300000000003,18000,1.0130900000000003,1.0103158399999999,319.67999999995,2022-07-11 07:00:00+00:00,2022-07-11 09:35:00+00:00,stop,amd_fvg_m5,momentum,fib_extension,near,,,False,,80.0,with,behind,fvg,80.0,with,2,3a,breakout,london_judas,london,,,False,2,2,W|D|240T|60T|15T,-1,False,W,240T|60T,False,0,,,,False,False,True,False,,True,single,20.0,15.0,2.0,3.0,high,2.5,True,2022-07-08 18:00:00+00:00,2022-07-08 21:30:00+00:00,2022-07-08 21:45:00+00:00,2022-07-08 21:55:00+00:00,,,,m15_range,False,False,,against,,,,,,,,,0,,0,,False,0,2,True,False,0,True,False,False,False,,,,0.0,0,35.3,7.0,69.8,,69.8,69.8
GBPUSD,1,-1,1.19664,1.19354,33750,1.19564,1.19349,1935.5624999999254,2022-07-11 12:15:00+00:00,2022-07-11 12:45:00+00:00,target,amd_ob_m5,golden,swing,,,,False,,22.7,with,behind,fvg,22.7,with,3,golden,mm_golden,ny_golden,ny,,,False,2,0,,0,False,,,False,0,,,,False,False,False,False,,False,,28.0,10.0,2.0,2.0,high,,True,,,,,,,,m15_range,False,False,,golden,cascade,240T,failed,,1a,5T,ifvg,60T,0,,0,,True,2,4,True,False,0,True,False,True,True,continuation,d1_fvg,equal_hl,1.19034,0,36.6,0.0,0.0,0.0,0.0,0.0
GBPUSD,1,-1,1.19307,1.19412,33750,1.19407,1.1886490600000001,-655.5937499999972,2022-07-11 12:45:00+00:00,2022-07-11 13:05:00+00:00,stop,amd_fvg_m5,momentum,fib_extension,d3,,,False,,58.4,with,behind,fvg,58.4,with,3,1a_h4,breakout,ny_judas,ny,,,False,2,2,D|15T,-1,False,D,240T|60T,False,0,,,,False,False,True,False,,True,single,28.0,10.0,2.0,2.0,high,0.8,True,2022-07-11 07:00:00+00:00,2022-07-11 09:15:00+00:00,2022-07-11 09:30:00+00:00,2022-07-11 09:35:00+00:00,,,,m15_range,False,False,,golden,,,,,,,,,0,,0,,False,0,4,True,False,0,True,False,True,True,continuation,d1_fvg,equal_hl,1.19034,0,2.0,,23.4,,56.1,56.1
EURUSD,1,1,1.0057399999999999,1.0056999999999998,11250,1.0057399999999999,1.00950864,-8.325000000008325,2022-07-13 11:30:00+00:00,2022-07-13 12:55:00+00:00,stop,amd_fvg_m5,momentum,fib_extension,near,ifvg,D,True,240T,16.4,against,ahead,fvg,16.4,against,0,3b,breakout,ny_judas,ny,,,False,2,1,,0,True,,,True,0,,D,,False,False,True,False,,True,dual,32.2,51.0,2.0,2.0,low,16.4,True,2022-07-12 19:30:00+00:00,2022-07-13 08:00:00+00:00,2022-07-13 08:45:00+00:00,2022-07-13 08:45:00+00:00,False,premium,eql,m15_range,False,False,confirmed,golden,,,,,,,,,0,,0,,False,0,3,True,False,0,True,False,False,True,,,equal_hl,1.017945,0,12.1,,126.9,558.5,717.3,730.2
EURUSD,1,-1,1.0016500000000002,1.0016900000000002,9000,1.0016500000000002,0.998,-6.660000000006661,2022-07-14 07:45:00+00:00,2022-07-14 08:00:00+00:00,stop,amd_ob_m5,momentum,round_number,d60,,,False,,57.3,with,behind,ifvg,57.3,with,1,3a,breakout,london_judas,london,,,False,2,2,W|D|240T|15T,-1,False,W,D|240T,False,1,60T,,,False,False,False,False,,True,single,32.2,51.0,2.0,2.0,high,67.4,True,2022-07-12 19:30:00+00:00,2022-07-13 08:00:00+00:00,2022-07-13 15:45:00+00:00,2022-07-13 15:55:00+00:00,False,discount,eqh,m15_range,False,False,opposing,against,,,,,,,,,0,,0,,False,0,2,False,False,0,True,False,False,True,,,equal_hl,0.99989,0,11.3,3.8,19.5,,19.5,19.5
GBPUSD,1,-1,1.18296,1.1837600000000001,33750,1.18371,1.17946328,-499.5000000000836,2022-07-14 13:20:00+00:00,2022-07-14 13:30:00+00:00,stop,amd_fvg_m5,golden,fib_extension,,,,False,,86.0,with,behind,ifvg,86.0,with,3,golden,mm_golden,ny_golden,ny,,,False,2,0,,0,False,,,False,0,,,,False,False,False,False,,False,,28.9,8.0,2.0,3.0,high,,True,,,,,,,,m15_range,False,False,,golden,cascade,240T,untested,,1a,15T,ifvg,60T,0,,0,,True,2,2,False,False,0,True,False,True,False,inside,d1_fvg,,0.0,0,2.1,0.0,0.0,0.0,0.0,0.0
EURUSD,1,1,1.00478,1.0057399999999999,14062,1.00578,1.00788054,249.74111999996094,2022-07-15 11:40:00+00:00,2022-07-15 13:30:00+00:00,stop,amd_fvg_m15,momentum,fib_extension,near,ifvg,D,True,240T,26.0,against,ahead,ifvg,26.0,against,1,2a,breakout,ny_judas,ny,,,False,4,0,,0,False,,,False,0,,D,,False,False,True,False,,True,dual,24.0,14.0,2.0,2.0,low,4.0,True,2022-07-15 04:15:00+00:00,2022-07-15 07:30:00+00:00,2022-07-15 08:15:00+00:00,2022-07-15 08:15:00+00:00,False,premium,eql,m15_range,False,False,,golden,,,,,,,,,0,,0,,False,0,3,True,False,0,True,False,False,True,,,equal_hl,1.017945,0,23.1,,75.3,568.1,595.3,739.8
EURUSD,1,1,1.01146,1.01142,11250,1.01146,1.0150000000000001,-8.325000000008325,2022-07-18 08:00:00+00:00,2022-07-18 08:05:00+00:00,stop,amd_fvg_m5,momentum,round_number,near,ifvg,D,True,D,0.0,against,inside,ifvg,0.0,against,0,3b,breakout,london_judas,london,,,False,1,1,60T|15T,0,False,60T,60T,False,0,,,,False,False,False,False,,True,dual,18.7,9.0,3.0,3.0,low,5.7,True,2022-07-18 04:45:00+00:00,2022-07-18 06:45:00+00:00,2022-07-18 07:15:00+00:00,2022-07-18 07:15:00+00:00,,,,m15_range,False,False,,golden,,,,,,,,,0,,0,,False,0,4,True,False,0,True,False,True,True,continuation,ob,equal_hl,1.017945,0,23.9,0.6,,349.0,501.3,673.0
NZDUSD,1,1,0.619155,0.62289018,11250,0.622655,0.62296518,777.3843374999893,2022-07-19 08:00:00+00:00,2022-07-19 10:40:00+00:00,target,amd_fvg_m5,momentum,fib_extension,d3,ob,240T,False,,26.5,against,behind,ifvg,26.5,against,1,N-long,breakout,london_judas,london,,,False,1,1,,0,False,,60T,False,0,,D,,False,False,True,False,,True,single,31.7,34.0,2.0,3.0,low,2.7,True,2022-07-18 17:30:00+00:00,2022-07-19 01:45:00+00:00,2022-07-19 02:15:00+00:00,2022-07-19 02:15:00+00:00,True,premium,pdl,m15_range,False,False,,,,,,,,,,,0,,0,,False,0,4,True,False,0,True,False,True,True,continuation,d1_fvg,equal_hl,0.6245833333333334,0,43.8,,9.8,61.1,204.9,385.5
EURUSD,1,-1,1.0235500000000002,1.0225900000000003,18000,1.0225500000000003,1.02011,319.67999999995,2022-07-20 11:15:00+00:00,2022-07-20 11:30:00+00:00,stop,mss_ob_m5,momentum,pdh_pdl,near,fvg,W,False,,41.0,with,behind,fvg,41.0,with,2,3a,judas,ny_judas,ny,,,False,3,3,W|D|240T,-1,True,W,D|240T,True,1,60T,D,,False,False,True,False,,True,single,27.3,16.0,2.0,2.0,low,9.0,False,2022-07-19 15:30:00+00:00,2022-07-19 19:15:00+00:00,2022-07-20 09:00:00+00:00,2022-07-20 09:00:00+00:00,False,premium,eql,m15_range,False,False,opposing,against,,,,,,,,,0,,0,,False,0,2,True,False,0,False,False,False,True,,,equal_hl,1.0162133333333332,0,24.5,15.0,157.9,164.4,284.3,284.3
EURUSD,1,-1,1.02105,1.02109,22500,1.02105,0.99521,-16.65000000001665,2022-07-20 11:30:00+00:00,2022-07-20 11:35:00+00:00,stop,amd_ob_m5,golden,opposing_liq,,,,False,,66.0,with,behind,fvg,66.0,with,2,golden,mm_golden,ny_golden,ny,,,False,2,0,,0,False,,,False,0,,,,False,False,False,False,,False,,34.2,66.0,2.0,2.0,high,,True,,,,,,,,m15_range,False,False,,golden,own_ob,,respected,15T,1b,15T,ob,15T,0,,0,,True,2,3,True,False,0,True,False,False,True,,,equal_hl,1.0162133333333332,0,17.9,0.0,0.0,0.0,0.0,0.0
EURUSD,1,1,1.0243499999999999,1.0253099999999997,17577,1.0253499999999998,1.0276066400000001,312.1675199999512,2022-07-21 13:15:00+00:00,2022-07-21 13:35:00+00:00,stop,amd_ob_m5,momentum,fib_extension,d3,fvg,W,True,240T,33.0,against,ahead,fvg,33.0,against,1,2a,judas,ny_judas,ny,,240T,False,5,2,,0,True,,240T,True,-1,60T,240T,,False,False,True,False,,True,single,34.5,13.0,2.0,2.0,low,25.2,True,2022-07-21 02:45:00+00:00,2022-07-21 05:45:00+00:00,2022-07-21 10:30:00+00:00,2022-07-21 10:35:00+00:00,False,premium,none,m15_range,False,False,confirmed,golden,,,,,,,,,0,,0,,False,0,3,False,False,0,True,False,True,True,continuation,d1_fvg,equal_hl,1.0273333333333332,0,22.6,,30.3,220.1,372.4,544.1
EURUSD,1,-1,1.01425,1.01529,9000,1.01525,1.0102336799999998,-173.15999999998832,2022-07-22 08:30:00+00:00,2022-07-22 09:20:00+00:00,stop,amd_fvg_m5,momentum,fib_extension,d3,fvg,D,True,240T,23.0,against,ahead,fvg,23.0,against,1,1b,breakout,london_judas,london,,,False,2,2,W|D|15T,-1,False,W,D,False,-1,60T,D,,False,False,True,False,,True,single,28.4,25.0,3.0,2.0,high,4.7,True,2022-07-22 01:45:00+00:00,2022-07-22 07:45:00+00:00,2022-07-22 08:00:00+00:00,2022-07-22 08:00:00+00:00,False,discount,eqh,m15_range,False,False,,against,,,,,,,,,0,,0,,False,0,4,True,False,1,True,False,False,True,,,equal_hl,1.00793,0,12.8,,23.9,71.4,191.3,191.3
EURUSD,1,-1,1.02261,1.02265,22500,1.02261,1.0185279999999999,-16.65000000001665,2022-07-26 07:45:00+00:00,2022-07-26 08:10:00+00:00,stop,amd_fvg_h1,judas,fib_extension,near,fvg,W,True,240T,50.4,with,behind,ifvg,50.4,with,2,3a,breakout,london_judas,london,,,False,5,2,W|D,-1,False,W,D,False,1,60T,D,,False,False,True,False,,False,,3.7,9.0,3.0,6.0,high,27.6,True,2022-07-25 22:15:00+00:00,2022-07-26 00:15:00+00:00,2022-07-26 02:30:00+00:00,2022-07-26 02:35:00+00:00,False,discount,eqh,m15_range,False,False,,against,,,,,,,,,0,,0,,False,0,3,True,False,0,True,False,False,True,,,equal_hl,1.0174050000000001,0,17.9,12.2,97.3,274.9,274.9,274.9
EURUSD,1,-1,1.01702,1.01356,22500,1.01352,1.01297,1440.2250000000079,2022-07-26 11:00:00+00:00,2022-07-26 12:40:00+00:00,stop,amd_fvg_m5,momentum,pdh_pdl,near,ob,240T,True,240T,50.7,against,ahead,fvg,50.7,against,2,1b,breakout,ny_judas,ny,,,False,4,2,W|D,-1,False,W,D,False,1,60T,D,,False,False,True,False,,True,dual,3.7,9.0,3.0,6.0,high,27.6,True,2022-07-25 22:15:00+00:00,2022-07-26 00:15:00+00:00,2022-07-26 02:30:00+00:00,2022-07-26 02:35:00+00:00,False,discount,eqh,m15_range,False,False,,against,,,,,,,,,0,,0,,False,0,3,True,False,0,True,False,False,True,,,equal_hl,1.01485,0,45.5,,41.4,219.0,219.0,219.0
EURUSD,1,-1,1.01257,1.01361,22500,1.0135699999999999,0.99521,-432.8999999999708,2022-07-26 12:40:00+00:00,2022-07-26 12:55:00+00:00,stop,amd_fvg_m5,golden,opposing_liq,,,,False,,6.2,against,ahead,fvg,6.2,against,2,golden,mm_golden,ny_golden,ny,,,False,1,0,,0,False,,,False,0,,,,False,False,False,False,,False,,3.7,9.0,3.0,6.0,high,,True,,,,,,,,m15_range,False,False,,golden,own_ob,,respected,15T,1b,15T,ob,5T,0,,0,,True,2,3,True,False,0,True,False,False,True,,,equal_hl,1.00793,0,0.9,0.0,0.0,0.0,0.0,0.0
EURUSD,1,-1,1.01583,1.0116852,22500,1.0148300000000001,1.0116452,1725.2729999999785,2022-07-28 11:30:00+00:00,2022-07-28 12:50:00+00:00,target,amd_fvg_m5,judas,fib_extension,near,ifvg,D,False,,38.8,against,ahead,ifvg,38.8,against,2,1b,breakout,ny_judas,ny,,,False,3,2,W|D,-1,False,W,D,False,1,60T,240T,,False,False,True,False,,True,single,32.1,20.0,2.0,2.0,high,6.3,True,2022-07-28 02:30:00+00:00,2022-07-28 07:15:00+00:00,2022-07-28 07:30:00+00:00,2022-07-28 07:30:00+00:00,False,discount,none,m15_range,False,False,,against,,,,,,,,,0,,0,,False,0,3,False,False,1,True,False,False,True,,,equal_hl,1.0116649999999998,0,42.8,,62.6,207.1,207.1,207.1
GBPUSD,1,1,1.21965,1.2205999999999997,9000,1.2206499999999998,1.2231374,158.1749999999641,2022-07-29 07:00:00+00:00,2022-07-29 07:20:00+00:00,stop,amd_fvg_h1,momentum,fib_extension,near,ifvg,D,True,D,16.2,against,ahead,fvg,16.2,against,1,2b,breakout,london_judas,london,,,False,1,0,,0,False,,,False,0,,,,False,False,False,False,,True,dual,19.3,9.0,2.0,2.0,low,2.4,True,2022-07-28 20:45:00+00:00,2022-07-28 22:45:00+00:00,2022-07-28 23:00:00+00:00,2022-07-28 23:10:00+00:00,False,premium,eql,m15_range,False,False,,against,,,,,,,,,0,,0,,False,0,2,False,False,0,True,False,False,True,,,equal_hl,1.228425,0,21.9,1.4,,,136.6,470.8
EURUSD,1,1,1.02355,1.02301,22500,1.02305,1.14948,-224.77499999999372,2022-07-29 08:25:00+00:00,2022-07-29 08:40:00+00:00,stop,amd_fvg_h1,golden,opposing_liq,,,,False,,41.0,against,ahead,ifvg,41.0,against,2,golden,mm_golden,london_golden,london,,,False,3,0,,0,False,,,False,0,,,,False,False,False,False,,False,,34.8,23.0,1.0,6.0,low,,True,,,,,,,,session_range,False,False,,golden,own_ob,240T,respected,15T,2a,15T,ob,60T,0,,0,,True,2,4,True,False,0,True,False,True,True,continuation,d1_fvg,equal_hl,1.02521,0,7.6,0.0,0.0,0.0,0.0,0.0
GBPUSD,1,-1,1.21464,1.2136900000000002,28125,1.21364,1.21076424,494.2968749998878,2022-07-29 13:00:00+00:00,2022-07-29 13:30:00+00:00,stop,amd_fvg_m5,momentum,fib_extension,near,ifvg,D,True,240T,43.5,against,ahead,fvg,43.5,against,2,1a_ip,judas,ny_judas,ny,,,False,4,2,D|15T,-1,False,D,D,False,1,60T,D,,False,False,True,False,,True,dual,21.7,33.0,3.0,3.0,high,61.9,True,2022-07-28 20:30:00+00:00,2022-07-29 04:30:00+00:00,2022-07-29 08:00:00+00:00,2022-07-29 08:05:00+00:00,False,discount,eqh,m15_range,False,False,confirmed,golden,,,,,,,,,0,,0,,False,0,3,True,False,0,True,False,False,True,,,equal_hl,1.2105066666666666,0,40.9,10.3,183.9,387.5,387.5,387.5
EURUSD,1,-1,1.0236,1.02464,11250,1.0246,1.02053,-216.4499999999854,2022-08-02 08:05:00+00:00,2022-08-02 08:15:00+00:00,stop,amd_fvg_m5,momentum,pdh_pdl,near,fvg,W,False,,40.5,with,behind,ifvg,40.5,with,1,3a,judas,london_judas,london,,,False,4,2,W|D,-1,False,W,D,False,1,60T,D,,False,False,True,False,,True,dual,8.1,13.0,2.0,3.0,high,30.6,True,2022-08-01 20:45:00+00:00,2022-08-01 23:45:00+00:00,2022-08-02 01:30:00+00:00,2022-08-02 01:40:00+00:00,False,discount,eqh,m15_range,False,False,,against,,,,,,,,,0,,0,,False,0,4,True,True,0,True,False,False,True,,,equal_hl,1.0207066666666667,0,1.5,,90.9,156.8,284.8,284.8
GBPUSD,1,1,1.20907,1.2100199999999999,9000,1.21007,1.21234472,158.1749999999641,2022-08-08 08:00:00+00:00,2022-08-08 09:10:00+00:00,stop,amd_ob_m15,momentum,fib_extension,near,fvg,240T,True,240T,166.1,with,behind,ifvg,166.1,with,0,2b_ip,breakout,london_judas,london,,,False,2,2,,1,False,,D,False,-1,60T,,,False,False,False,False,,True,single,24.8,26.0,2.0,4.0,low,9.4,True,2022-08-05 18:30:00+00:00,2022-08-08 00:45:00+00:00,2022-08-08 01:15:00+00:00,2022-08-08 01:25:00+00:00,,,,m15_range,False,False,confirmed,against,,,,,,,,,0,,0,,False,0,3,True,False,0,True,False,False,True,,,equal_hl,1.21239,0,31.9,,125.0,155.7,203.4,569.9
EURUSD,1,1,1.0233999999999999,1.0243599999999997,11250,1.0243999999999998,1.0269799999999998,199.79999999996875,2022-08-10 11:35:00+00:00,2022-08-10 13:25:00+00:00,stop,amd_ob_m5,momentum,fib_extension,d3,fvg,W,True,240T,42.5,against,ahead,ifvg,42.5,against,0,2a,breakout,ny_judas,ny,,,False,2,2,D,1,False,D,D|60T,False,1,D,,,False,False,False,False,,True,dual,17.6,61.0,2.0,5.0,low,0.4,True,2022-08-09 17:45:00+00:00,2022-08-10 08:45:00+00:00,2022-08-10 09:00:00+00:00,2022-08-10 09:05:00+00:00,False,premium,eql,m15_range,False,False,confirmed,golden,,,,,,,,,0,,0,,False,0,3,False,False,0,True,False,True,True,continuation,d1_fvg,equal_hl,1.02496,0,26.7,,14.1,24.7,60.8,540.7
EURUSD,3,1,1.0328899999999999,1.03185,9000,1.03189,1.14948,-173.15999999998832,2022-08-11 08:40:00+00:00,2022-08-11 09:05:00+00:00,stop,pyramid_im1.0_fvg_m5,no_open,opposing_liq,,,,False,,0.0,against,inside,ifvg,0.0,against,2,golden,mm_golden,london_golden,london,,,False,1,0,,0,False,,,False,0,,,,False,False,False,False,,False,,33.5,43.0,2.0,3.0,low,,True,,,,,,,,m15_range,False,False,,golden,cascade,240T,untested,,2a,5T,ifvg,15T,0,,0,,True,1,3,False,False,0,True,False,True,True,continuation,w_fvg,equal_hl,1.036635,0,3.3,0.0,0.0,0.0,0.0,0.0
EURUSD,1,1,1.02937,1.03283,22500,1.03287,1.14948,1440.2250000000079,2022-08-11 07:40:00+00:00,2022-08-11 09:55:00+00:00,stop,amd_fvg_m15,golden,opposing_liq,,,,False,,0.0,against,inside,ifvg,0.0,against,2,golden,mm_golden,london_golden,london,,,False,1,0,,0,False,,,False,0,,,,False,False,False,False,,False,,33.5,43.0,2.0,3.0,low,,True,,,,,,,,m15_range,False,False,,golden,cascade,240T,untested,,2a,5T,ifvg,15T,0,,0,,True,1,3,False,False,0,True,False,True,True,continuation,w_fvg,equal_hl,1.036635,0,47.6,0.0,0.0,0.0,0.0,0.0
EURUSD,2,1,1.03124,1.0321999999999998,9000,1.0322399999999998,1.14948,159.839999999975,2022-08-11 07:55:00+00:00,2022-08-11 12:55:00+00:00,stop,pyramid_im0.8_fvg_m5,no_open,opposing_liq,,,,False,,0.0,against,inside,ifvg,0.0,against,2,golden,mm_golden,london_golden,london,,,False,1,0,,0,False,,,False,0,,,,False,False,False,False,,False,,33.5,43.0,2.0,3.0,low,,True,,,,,,,,m15_range,False,False,,golden,cascade,240T,untested,,2a,5T,ifvg,15T,0,,0,,True,1,3,False,False,0,True,False,True,True,continuation,w_fvg,equal_hl,1.036635,0,30.4,0.0,0.0,0.0,0.0,0.0
GBPUSD,1,-1,1.22008,1.2163350000000002,14062,1.21658,1.216285,974.2505149999707,2022-08-12 08:00:00+00:00,2022-08-12 10:05:00+00:00,target,mss_breaker_m15,judas,fib_extension,near,fvg,D,True,240T,19.0,against,ahead,fvg,19.0,against,1,1a_h4,judas,london_judas,london,,,False,2,1,60T,0,False,60T,,False,1,D,240T,,False,False,False,False,,False,,12.3,10.0,2.0,2.0,low,14.3,False,2022-08-11 22:00:00+00:00,2022-08-12 00:15:00+00:00,2022-08-12 01:45:00+00:00,2022-08-12 01:45:00+00:00,False,discount,eql,m15_range,False,False,,golden,,,,,,,,,0,,0,,False,0,2,True,False,0,False,False,False,True,,,equal_hl,1.2178200000000001,0,42.0,25.1,139.1,241.8,441.9,441.9
GBPUSD,1,-1,1.21411,1.2131600000000002,14062,1.2131100000000001,1.2106569600000001,247.1396499999439,2022-08-12 11:00:00+00:00,2022-08-12 12:05:00+00:00,stop,amd_fvg_m5,momentum,fib_extension,near,fvg,240T,False,,0.0,against,inside,fvg,0.0,against,1,1a_h4,breakout,ny_judas,ny,,,False,3,1,60T,0,False,60T,,False,1,D,240T,,False,False,False,False,,True,dual,18.3,17.0,2.0,4.0,high,19.7,True,2022-08-12 02:00:00+00:00,2022-08-12 06:00:00+00:00,2022-08-12 07:00:00+00:00,2022-08-12 07:00:00+00:00,False,discount,eqh,m15_range,False,False,confirmed,golden,,,,,,,,,0,,0,,False,0,3,True,False,0,True,False,False,True,,,equal_hl,1.2102840000000001,0,25.4,,79.4,182.1,382.2,382.2
EURUSD,1,-1,1.02345,1.02449,22500,1.0244499999999999,1.0202200000000001,-432.8999999999708,2022-08-15 07:30:00+00:00,2022-08-15 08:25:00+00:00,stop,amd_ob_m5,momentum,equal_hl,near,fvg,W,True,240T,12.7,against,behind,fvg,12.7,against,2,3a,judas,london_judas,london,,,False,5,2,W|60T|15T,-1,False,W,60T,False,-1,60T,,,False,False,True,False,,True,single,16.7,37.0,3.0,2.0,high,0.5,True,2022-08-12 16:45:00+00:00,2022-08-15 01:45:00+00:00,2022-08-15 02:00:00+00:00,2022-08-15 02:00:00+00:00,,,,m15_range,False,False,,against,,,,,,,,,0,,0,,False,0,3,True,False,0,True,False,False,True,,,equal_hl,1.0205799999999998,0,4.6,,,112.8,283.3,283.3
NZDUSD,1,-1,0.6414249999999999,0.638445,9000,0.6404249999999999,0.63837,496.16999999997864,2022-08-15 07:15:00+00:00,2022-08-15 09:40:00+00:00,target,amd_fvg_h1,momentum,swing,near,fvg,D,False,,30.5,against,ahead,fvg,30.5,against,1,N-short_h4,judas,london_judas,london,,,False,3,1,,0,False,,60T,False,-1,60T,,,False,False,False,False,,True,single,34.0,47.0,5.0,3.0,high,3.1,True,2022-08-12 08:45:00+00:00,2022-08-12 20:15:00+00:00,2022-08-12 20:30:00+00:00,2022-08-12 20:35:00+00:00,,,,m15_range,False,False,,,,,,,,,,,0,,0,,False,0,4,True,False,0,True,False,True,True,continuation,w_fvg,equal_hl,0.63815,0,30.8,,31.8,203.7,355.4,355.4
GBPUSD,1,-1,1.21007,1.21012,22500,1.21007,1.17599,-20.812500000043922,2022-08-15 13:30:00+00:00,2022-08-15 14:15:00+00:00,stop,amd_ob_m15,golden,opposing_liq,,,,False,,29.2,against,behind,fvg,29.2,against,2,golden,mm_golden,ny_golden,ny,,,False,2,0,,0,False,,,False,0,,,,False,False,False,False,,False,,19.0,24.0,2.0,2.0,high,,True,,,,,,,,m15_range,False,False,,golden,cascade,240T,untested,,1a,5T,ifvg,60T,0,,0,,True,1,4,True,False,0,True,False,True,True,continuation,d1_fvg,equal_hl,1.2100659999999999,0,17.2,0.0,0.0,0.0,0.0,0.0
EURUSD,1,-1,1.0122,1.0131700000000001,9000,1.01313,1.0075200000000002,-161.50500000002287,2022-08-16 12:30:00+00:00,2022-08-16 13:10:00+00:00,stop,mss_ob_m5,momentum,fib_extension,near,fvg,D,True,D,2.5,against,ahead,ifvg,2.5,against,1,1b_ip,judas,ny_judas,ny,,240T,False,3,3,W|60T|15T,-1,True,W,60T,True,1,D,,,False,False,True,False,,True,single,17.8,10.0,3.0,2.0,low,1.9,False,2022-08-16 10:00:00+00:00,2022-08-16 12:15:00+00:00,2022-08-16 12:30:00+00:00,2022-08-16 12:30:00+00:00,False,discount,pwl,m15_range,False,False,,against,,,,,,,,,0,,0,,False,0,2,True,False,0,False,False,False,True,,,equal_hl,1.0124933333333332,0,-0.0,,,0.3,170.8,170.8
GBPUSD,1,-1,1.20775,1.2068000000000003,42187,1.2067500000000002,1.17599,741.4365249998317,2022-08-17 13:00:00+00:00,2022-08-17 13:30:00+00:00,stop,amd_fvg_h1,golden,opposing_liq,,,,False,,40.0,with,behind,fvg,40.0,with,3,golden,mm_golden,ny_golden,ny,,,False,4,0,,0,False,,,False,0,,,,False,False,False,False,,False,,30.3,30.0,2.0,3.0,high,,True,,,,,,,,m15_range,False,False,,golden,cascade,240T,failed,,1a,5T,fvg,60T,0,,0,,True,2,3,False,False,0,True,False,True,True,continuation,d1_fvg,equal_hl,1.20636,0,30.2,0.0,0.0,0.0,0.0,0.0
EURUSD,1,-1,1.01617,1.01621,11250,1.01617,1.01297,-8.325000000008325,2022-08-18 07:00:00+00:00,2022-08-18 08:55:00+00:00,stop,mss_fvg_m15,momentum,swing,near,,,False,,33.1,with,behind,ifvg,33.1,with,1,3a,breakout,london_judas,london,,,False,6,2,W|60T|15T,-1,False,W,240T,False,1,60T,,,False,False,False,False,,True,dual,30.1,44.0,2.0,2.0,low,2.8,False,2022-08-17 20:00:00+00:00,2022-08-18 06:45:00+00:00,2022-08-18 07:00:00+00:00,2022-08-18 07:00:00+00:00,False,discount,eql,m15_range,False,False,,against,,,,,,,,,0,,0,,False,0,1,False,False,0,False,False,False,True,,,equal_hl,1.01493,0,15.9,,40.1,40.0,210.5,210.5
GBPUSD,2,-1,1.18397,1.18402,9000,1.18397,1.1805420800000002,-8.325000000017567,2022-08-19 11:50:00+00:00,2022-08-19 13:00:00+00:00,stop,pyramid_im1.0_fvg_m5,no_open,fib_extension,near,,,False,,13.5,against,behind,ob,0.0,against,2,1a,breakout,ny_judas,ny,,,False,3,1,240T,0,False,240T,240T,False,0,,,,False,False,True,False,,True,single,28.5,7.0,3.0,3.0,high,-26.7,True,2022-08-19 09:15:00+00:00,2022-08-19 10:45:00+00:00,2022-08-19 11:00:00+00:00,2022-08-19 11:00:00+00:00,False,discount,eqh,session_range,False,False,confirmed,golden,,,,,,,,,0,,0,,False,0,2,False,False,0,True,False,False,True,,,equal_hl,1.18057,0,24.6,,,,56.3,100.6
GBPUSD,1,-1,1.18595,1.1850000000000003,22500,1.1849500000000002,1.1805420800000002,395.43749999991024,2022-08-19 11:00:00+00:00,2022-08-19 13:50:00+00:00,stop,amd_fvg_m5,momentum,fib_extension,near,,,False,,13.5,against,behind,ob,0.0,against,2,1a,breakout,ny_judas,ny,,,False,3,1,240T,0,False,240T,240T,False,0,,,,False,False,True,False,,True,single,28.5,7.0,3.0,3.0,high,-26.7,True,2022-08-19 09:15:00+00:00,2022-08-19 10:45:00+00:00,2022-08-19 11:00:00+00:00,2022-08-19 11:00:00+00:00,False,discount,eqh,session_range,False,False,confirmed,golden,,,,,,,,,0,,0,,False,0,2,False,False,0,True,False,False,True,,,equal_hl,1.18057,0,44.4,,,,56.3,100.6
EURUSD,1,-1,1.0015100000000001,1.0015500000000002,18000,1.0015100000000001,0.99754736,-13.320000000013321,2022-08-22 08:00:00+00:00,2022-08-22 09:55:00+00:00,stop,mss_fvg_h1,momentum,fib_extension,near,,,False,,25.3,with,behind,ob,0.0,against,2,3a,judas,london_judas,london,,,False,2,2,W|60T,-1,False,W,240T|60T,False,0,,,,False,False,True,False,,True,dual,29.5,66.0,2.0,2.0,low,6.2,False,2022-08-19 15:30:00+00:00,2022-08-22 07:45:00+00:00,2022-08-22 08:00:00+00:00,2022-08-22 08:05:00+00:00,,,,m15_range,False,False,,against,,,,,,,,,0,,0,,False,0,2,True,False,0,False,False,False,True,,,equal_hl,1.000235,0,26.1,,,,,63.9
GBPUSD,1,-1,1.17453,1.1735800000000003,33750,1.1735300000000002,1.1711566400000002,593.1562499998654,2022-08-23 07:00:00+00:00,2022-08-23 08:00:00+00:00,stop,amd_fvg_m5,momentum,fib_extension,d60,,,False,,85.8,with,behind,ifvg,85.8,with,3,1a_ip,breakout,london_judas,london,,,False,1,1,240T|60T,0,False,240T,240T|60T,False,0,,,,False,False,True,False,,True,dual,30.4,33.0,2.0,2.0,high,3.1,True,2022-08-22 17:45:00+00:00,2022-08-23 01:45:00+00:00,2022-08-23 02:00:00+00:00,2022-08-23 02:05:00+00:00,False,discount,eqh,m15_range,False,False,,golden,,,,,,,,,0,,0,,False,0,2,True,False,0,True,False,False,False,,,,0.0,0,28.3,,4.7,,4.7,4.7
GBPUSD,1,-1,1.17965,1.1787000000000003,33750,1.1786500000000002,1.17533,593.1562499998654,2022-08-24 11:00:00+00:00,2022-08-24 12:10:00+00:00,stop,amd_fvg_m5,momentum,fib_extension,near,,,False,,34.6,with,behind,ifvg,34.6,with,3,1a_ip,judas,ny_judas,ny,,,False,3,1,15T,0,False,15T,240T,False,1,60T,,,False,False,True,False,,True,single,28.7,19.0,2.0,3.0,high,6.0,True,2022-08-24 01:15:00+00:00,2022-08-24 05:45:00+00:00,2022-08-24 08:15:00+00:00,2022-08-24 08:20:00+00:00,False,discount,eqh,m15_range,False,False,confirmed,golden,,,,,,,,,0,,0,,False,0,3,True,False,0,True,False,False,True,,,equal_hl,1.175755,0,25.7,,80.5,,80.5,80.5
EURUSD,1,1,1.0001099999999998,1.0000699999999998,11250,1.0001099999999998,1.0035895400000001,-8.325000000008325,2022-08-25 07:10:00+00:00,2022-08-25 07:15:00+00:00,stop,amd_fvg_m15,momentum,fib_extension,near,ifvg,D,True,240T,17.0,against,ahead,fvg,17.0,against,1,3b,judas,london_judas,london,,,False,1,2,D|15T,1,False,15T,D|60T,False,0,,,,False,False,False,False,,True,single,25.2,21.0,4.0,2.0,low,24.1,True,2022-08-24 06:15:00+00:00,2022-08-24 11:15:00+00:00,2022-08-24 15:00:00+00:00,2022-08-24 15:05:00+00:00,False,premium,eql,m15_range,False,False,,golden,,,,,,,,,0,,0,,False,0,3,True,False,0,True,False,False,True,,,equal_hl,1.0040133333333332,0,22.9,,46.4,368.3,368.3,614.8
EURUSD,1,-1,0.99719,0.9972300000000001,11250,0.99719,0.99277446,-8.325000000008325,2022-08-25 13:00:00+00:00,2022-08-25 15:00:00+00:00,stop,amd_fvg_m5,momentum,fib_extension,near,,,False,,46.2,with,behind,fvg,46.2,with,1,3a,judas,ny_judas,ny,,,False,4,2,W|240T|60T,-1,False,W,240T,False,1,60T,D,,False,False,True,False,,True,single,10.5,12.0,2.0,2.0,high,42.0,True,2022-08-25 02:45:00+00:00,2022-08-25 05:30:00+00:00,2022-08-25 07:30:00+00:00,2022-08-25 07:35:00+00:00,False,premium,eqh,m15_range,False,False,,against,,,,,,,,,0,,0,,False,0,2,False,False,0,True,False,False,True,,,equal_hl,0.995055,0,16.9,0.5,72.6,,72.6,72.6
GBPUSD,1,-1,1.17922,1.17927,28125,1.17922,1.17552,-26.0156250000549,2022-08-26 07:45:00+00:00,2022-08-26 08:55:00+00:00,stop,amd_fvg_m15,momentum,pdh_pdl,near,,,False,,38.9,with,behind,ifvg,38.9,with,2,1a_ip,breakout,london_judas,london,,,False,4,0,,0,False,,,False,1,60T,D,,False,False,True,False,,True,single,15.2,9.0,2.0,2.0,high,1.8,True,2022-08-26 02:15:00+00:00,2022-08-26 04:15:00+00:00,2022-08-26 04:30:00+00:00,2022-08-26 04:35:00+00:00,False,discount,none,m15_range,False,False,,golden,,,,,,,,,0,,0,,False,0,2,False,False,0,True,False,False,True,,,equal_hl,1.17874,0,17.5,,76.2,,76.2,76.2
EURUSD,1,1,0.99658,0.99754,11250,0.99758,1.00051934,199.79999999999185,2022-08-29 11:00:00+00:00,2022-08-29 12:20:00+00:00,stop,amd_fvg_m5,momentum,fib_extension,near,,,True,240T,52.3,against,ahead,ifvg,52.3,against,1,2a,breakout,ny_judas,ny,,,False,3,2,D|15T,1,False,15T,D,False,1,60T,D,,False,False,True,False,,True,dual,30.8,22.0,2.0,2.0,low,0.3,True,2022-08-29 00:30:00+00:00,2022-08-29 05:45:00+00:00,2022-08-29 06:00:00+00:00,2022-08-29 06:05:00+00:00,,,,m15_range,False,False,,golden,,,,,,,,,0,,0,,False,0,4,True,True,0,True,False,False,True,,,equal_hl,1.0031249999999998,0,29.1,2.1,124.9,303.3,403.6,650.1
GBPUSD,1,-1,1.1566,1.1566500000000002,22500,1.1566,1.14984,-20.812500000043922,2022-09-02 12:05:00+00:00,2022-09-02 12:50:00+00:00,stop,amd_ob_m5,golden,opposing_liq,,,,False,,50.2,with,behind,fvg,50.2,with,2,golden,mm_golden,ny_golden,ny,,,False,2,0,,0,False,,,False,0,,,,False,False,False,False,,False,,25.1,12.0,3.0,2.0,high,,True,,,,,,,,m15_range,False,False,,golden,cascade,,failed,,1a,5T,ifvg,5T,0,,0,,True,1,2,False,False,0,True,False,False,True,,,equal_hl,1.149695,0,18.9,0.0,0.0,0.0,0.0,0.0
EURUSD,1,-1,0.9893099999999999,0.99035,22500,0.9903099999999999,0.98547056,-432.900000000017,2022-09-05 07:30:00+00:00,2022-09-05 07:50:00+00:00,stop,amd_fvg_h1,golden,fib_extension,,,,False,,147.3,with,behind,ifvg,147.3,with,2,golden,mm_golden,london_golden,london,,,False,2,0,,0,False,,,False,0,,,,False,False,False,False,,False,,25.8,9.0,2.0,2.0,high,,True,,,,,,,,m15_range,False,False,,golden,cascade,,untested,,1b,5T,ifvg,60T,0,,0,,True,1,2,True,False,0,True,False,False,False,,,,0.0,0,2.2,0.0,0.0,0.0,0.0,0.0
EURUSD,1,1,0.99271,0.9926699999999999,11250,0.99271,0.99709046,-8.325000000008325,2022-09-05 11:00:00+00:00,2022-09-05 12:05:00+00:00,stop,amd_fvg_m5,momentum,fib_extension,near,fvg,240T,True,240T,113.3,against,ahead,ifvg,113.3,against,0,3b,breakout,ny_judas,ny,,,False,2,1,240T,0,False,,,False,-1,60T,D,,False,False,True,False,,True,single,24.3,19.0,2.0,2.0,low,23.5,True,2022-09-05 01:15:00+00:00,2022-09-05 05:45:00+00:00,2022-09-05 07:00:00+00:00,2022-09-05 07:00:00+00:00,,,,m15_range,False,False,,golden,,,,,,,,,0,,0,,False,0,3,True,False,0,True,False,False,True,,,equal_hl,1.00313,0,16.9,8.5,124.5,163.6,442.3,688.8
EURUSD,1,-1,0.99356,0.9946,22500,0.99456,0.9903,-432.900000000017,2022-09-06 11:15:00+00:00,2022-09-06 11:20:00+00:00,stop,amd_fvg_h1,momentum,pdh_pdl,near,,,False,,104.8,with,behind,ifvg,104.8,with,2,1b_h4,judas,ny_judas,ny,,,False,5,2,W|D|60T,-1,False,W,240T|60T,False,0,,D,,False,False,True,False,,True,dual,30.8,34.0,3.0,4.0,high,15.6,True,2022-09-05 23:15:00+00:00,2022-09-06 07:30:00+00:00,2022-09-06 08:30:00+00:00,2022-09-06 08:40:00+00:00,False,premium,eqh,m15_range,False,False,confirmed,against,,,,,,,,,0,,0,,False,0,3,True,False,0,True,False,False,True,,,equal_hl,0.99124,0,0.3,12.1,59.3,36.3,59.3,59.3
GBPUSD,1,-1,1.14261,1.14366,22500,1.1436099999999998,1.13740198,-437.06249999999807,2022-09-07 12:00:00+00:00,2022-09-07 12:10:00+00:00,stop,amd_fvg_m5,momentum,fib_extension,near,,,False,,162.3,with,behind,ifvg,162.3,with,2,1a_h4,judas,ny_judas,ny,,,False,2,1,,0,False,,240T|60T,False,0,,D,,False,False,True,False,,True,dual,27.4,4.0,1.0,1.0,high,-20.4,True,2022-09-07 09:15:00+00:00,2022-09-07 10:00:00+00:00,2022-09-07 10:15:00+00:00,2022-09-07 10:15:00+00:00,False,discount,val,session_range,False,False,,golden,,,,,,,,,0,,0,,False,0,2,True,False,0,True,False,False,False,,,,0.0,0,9.5,,,,,
GBPUSD,1,1,1.15437,1.1541199999999998,9000,1.15437,1.15795944,-41.6250000000139,2022-09-08 12:30:00+00:00,2022-09-08 13:10:00+00:00,stop,news_fvg_m5,momentum,fib_extension,near,,,False,,44.7,against,ahead,ifvg,44.7,against,0,2b_ip,breakout,ny_judas,ny,,240T,False,2,1,,0,True,,,True,1,60T,D,,False,False,True,False,,True,dual,29.5,20.0,4.0,2.0,low,35.8,True,2022-09-07 20:15:00+00:00,2022-09-08 01:00:00+00:00,2022-09-08 10:30:00+00:00,2022-09-08 10:35:00+00:00,False,premium,none,m15_range,False,False,opposing,against,,,,,,,,,0,,0,,False,0,2,False,False,0,True,False,False,True,,,equal_hl,1.156355,0,16.8,0.2,68.2,360.0,735.9,752.4
GBPUSD,1,1,1.16045,1.1603999999999999,6250,1.16045,1.165,-5.7812500000122,2022-09-09 08:00:00+00:00,2022-09-09 08:10:00+00:00,stop,amd_fvg_h1,momentum,round_number,d3,ifvg,240T,True,D,5.7,against,behind,ifvg,5.7,against,1,2b_ip,breakout,london_judas,london,,,False,3,1,15T,0,False,15T,,False,-1,60T,,,False,False,False,False,,True,single,32.2,14.0,5.0,3.0,low,-14.8,True,2022-09-09 03:30:00+00:00,2022-09-09 06:45:00+00:00,2022-09-09 07:00:00+00:00,2022-09-09 07:05:00+00:00,True,premium,none,session_range,False,False,,against,,,,,,,,,0,,0,,False,0,3,False,False,1,True,False,False,True,,,equal_hl,1.173935,0,18.1,,5.4,297.2,673.1,689.6
GBPUSD,1,-1,1.15556,1.15661,6250,1.1565599999999998,1.1520000000000001,-121.40624999999947,2022-09-09 12:30:00+00:00,2022-09-09 12:40:00+00:00,stop,amd_fvg_m5,momentum,round_number,near,ifvg,240T,True,240T,32.8,with,behind,ifvg,32.8,with,0,1a_ip,breakout,ny_judas,ny,,,False,3,1,,0,False,,240T,False,-1,60T,,,False,False,False,False,,True,single,32.9,6.0,2.0,3.0,high,-12.3,True,2022-09-09 09:30:00+00:00,2022-09-09 10:45:00+00:00,2022-09-09 11:00:00+00:00,2022-09-09 11:05:00+00:00,False,premium,none,session_range,False,False,,golden,,,,,,,,,0,,0,,False,0,3,False,False,1,True,False,False,True,,,equal_hl,1.1495733333333333,0,-0.0,61.3,151.9,,151.9,151.9
EURUSD,1,1,1.0167599999999999,1.0167199999999998,7812,1.0167599999999999,1.01977,-5.780880000005782,2022-09-13 11:30:00+00:00,2022-09-13 13:25:00+00:00,stop,amd_fvg_m5,momentum,swing,near,ifvg,W,False,,22.3,against,behind,ifvg,22.3,against,1,3b,breakout,ny_judas,ny,,,False,4,1,240T|60T|15T,0,False,240T,60T,False,0,,,,False,False,False,False,,True,single,13.9,15.0,2.0,3.0,low,4.5,True,2022-09-13 01:45:00+00:00,2022-09-13 05:15:00+00:00,2022-09-13 05:30:00+00:00,2022-09-13 05:40:00+00:00,False,premium,eql,m15_range,False,False,confirmed,golden,,,,,,,,,0,,0,,False,0,4,True,False,0,True,False,True,True,continuation,breaker,equal_hl,1.0182799999999999,0,19.4,,31.0,,201.8,281.8
EURUSD,1,1,0.99848,0.99844,15625,0.99848,1.00200904,-11.562500000011564,2022-09-15 13:30:00+00:00,2022-09-15 13:35:00+00:00,stop,amd_ob_m5,judas,fib_extension,near,fvg,D,False,,38.6,against,ahead,fvg,38.6,against,2,2a,judas,ny_judas,ny,,,False,4,1,240T|15T,0,False,240T,240T,False,0,,,,False,False,True,False,,True,single,30.7,47.0,2.0,4.0,low,13.3,True,2022-09-14 18:00:00+00:00,2022-09-15 05:30:00+00:00,2022-09-15 07:15:00+00:00,2022-09-15 07:20:00+00:00,False,premium,eql,m15_range,False,False,confirmed,golden,,,,,,,,,0,,0,,False,0,3,False,False,0,True,False,True,True,inside,d1_fvg,equal_hl,1.001525,0,12.7,16.5,213.8,95.1,380.3,384.6
GBPUSD,1,-1,1.1412,1.13575,12500,1.1357,1.1365292800000002,1260.3124999999895,2022-09-16 08:30:00+00:00,2022-09-16 08:45:00+00:00,stop,amd_fvg_m5,momentum,fib_extension,d60,,,False,,177.3,with,behind,fvg,177.3,with,2,1a,breakout,london_judas,london,,,False,1,2,60T,-1,False,60T,D,False,1,60T,,,False,False,True,False,,True,dual,14.6,11.0,3.0,3.0,high,2.3,True,2022-09-16 02:45:00+00:00,2022-09-16 05:15:00+00:00,2022-09-16 05:30:00+00:00,2022-09-16 05:40:00+00:00,False,discount,eqh,m15_range,False,False,confirmed,golden,,,,,,,,,0,,0,,False,0,2,True,False,0,True,False,False,False,,,,0.0,0,61.9,,,,8.3,8.3
EURUSD,1,-1,0.99813,0.99817,14062,0.99813,0.995,-10.405880000010407,2022-09-19 07:00:00+00:00,2022-09-19 08:45:00+00:00,stop,amd_fvg_m5,momentum,round_number,near,ifvg,240T,True,240T,42.1,with,behind,ifvg,42.1,with,1,1b,breakout,london_judas,london,,,False,4,2,W,-1,False,W,D,False,1,60T,240T,,False,False,False,False,,True,single,26.9,21.0,2.0,2.0,high,0.6,True,2022-09-16 19:45:00+00:00,2022-09-19 00:45:00+00:00,2022-09-19 01:00:00+00:00,2022-09-19 01:00:00+00:00,,,,m15_range,False,False,,against,,,,,,,,,0,,0,,False,0,3,True,False,0,True,False,False,True,,,equal_hl,0.996845,0,15.6,,37.4,118.4,118.4,118.4
EURUSD,1,-1,1.0012,0.9977400000000002,22500,0.9977000000000001,0.98638,1440.2249999999615,2022-09-20 12:15:00+00:00,2022-09-20 13:25:00+00:00,stop,amd_ob_m5,golden,opposing_liq,,,,False,,11.4,with,behind,ifvg,11.4,with,2,golden,mm_golden,ny_golden,ny,,,False,3,0,,0,False,,,False,0,,,,False,False,False,False,,False,,24.3,21.0,4.0,3.0,high,,True,,,,,,,,m15_range,False,False,,golden,cascade,,failed,,1b,5T,ifvg,15T,0,,0,,True,1,3,True,False,0,True,False,False,True,,,equal_hl,1.0004233333333332,0,49.9,0.0,0.0,0.0,0.0,0.0
EURUSD,3,-1,0.99752,0.99756,9000,0.99752,0.98638,-6.660000000006661,2022-09-20 13:20:00+00:00,2022-09-20 14:00:00+00:00,stop,pyramid_im1.0_fvg_m5,no_open,opposing_liq,,,,False,,11.4,with,behind,ifvg,11.4,with,2,golden,mm_golden,ny_golden,ny,,,False,3,0,,0,False,,,False,0,,,,False,False,False,False,,False,,24.3,21.0,4.0,3.0,high,,True,,,,,,,,m15_range,False,False,,golden,cascade,,failed,,1b,5T,ifvg,15T,0,,0,,True,1,3,True,False,0,True,False,False,True,,,equal_hl,1.0004233333333332,0,20.2,0.0,0.0,0.0,0.0,0.0
EURUSD,2,-1,0.99917,0.99821,9000,0.99817,0.98638,159.8399999999935,2022-09-20 12:40:00+00:00,2022-09-20 14:55:00+00:00,stop,pyramid_im1.0_fvg_m5,no_open,opposing_liq,,,,False,,11.4,with,behind,ifvg,11.4,with,2,golden,mm_golden,ny_golden,ny,,,False,3,0,,0,False,,,False,0,,,,False,False,False,False,,False,,24.3,21.0,4.0,3.0,high,,True,,,,,,,,m15_range,False,False,,golden,cascade,,failed,,1b,5T,ifvg,15T,0,,0,,True,1,3,True,False,0,True,False,False,True,,,equal_hl,1.0004233333333332,0,36.7,0.0,0.0,0.0,0.0,0.0
EURUSD,1,-1,0.9943099999999999,0.99535,33750,0.9953099999999999,0.99124,-649.3500000000255,2022-09-21 07:00:00+00:00,2022-09-21 07:05:00+00:00,stop,amd_fvg_m5,momentum,equal_hl,near,,,False,,80.3,with,behind,ifvg,80.3,with,3,1b,breakout,london_judas,london,,,False,4,2,W|15T,-1,False,W,D,False,0,,D,,False,False,True,False,,True,single,29.1,40.0,3.0,1.0,high,-23.4,True,2022-09-20 21:00:00+00:00,2022-09-21 06:45:00+00:00,2022-09-21 07:00:00+00:00,2022-09-21 07:05:00+00:00,False,discount,eqh,session_range,False,False,,against,,,,,,,,,0,,0,,False,0,3,True,False,-1,True,False,False,True,,,equal_hl,0.9876400000000001,0,-0.0,,,80.2,80.2,80.2
GBPUSD,1,-1,1.12407,1.12062,22500,1.1205699999999998,1.12081376,1436.0624999999804,2022-09-23 07:05:00+00:00,2022-09-23 08:00:00+00:00,stop,amd_ob_m5,golden,fib_extension,,,,False,,189.2,with,behind,ifvg,189.2,with,2,golden,mm_golden,london_golden,london,,,False,3,0,,0,False,,,False,0,,,,False,False,False,False,,False,,20.8,14.0,2.0,2.0,high,,True,,,,,,,,m15_range,False,False,,golden,cascade,,failed,,1a,5T,ifvg,60T,0,,0,,True,1,3,True,False,1,True,False,False,False,,,,0.0,0,53.3,0.0,0.0,0.0,0.0,0.0
EURUSD,1,-1,0.9823,0.97884,18000,0.9788,0.9791995800000001,1152.1799999999694,2022-09-23 07:30:00+00:00,2022-09-23 08:00:00+00:00,stop,mss_fvg_m5,judas,fib_extension,d60,,,False,,84.4,with,behind,fvg,84.4,with,2,3a,breakout,london_judas,london,,,False,1,2,W,-1,False,W,D|240T,False,0,,,,False,False,True,False,,True,single,33.6,60.0,2.0,2.0,low,3.5,False,2022-09-22 16:30:00+00:00,2022-09-23 07:15:00+00:00,2022-09-23 07:30:00+00:00,2022-09-23 07:40:00+00:00,False,discount,eql,m15_range,False,False,,against,,,,,,,,,0,,0,,False,0,2,False,False,1,False,False,False,True,,,equal_hl,0.98104,0,53.4,3.3,15.9,,15.9,15.9
GBPUSD,1,-1,1.11939,1.12044,11250,1.12039,1.1163872000000001,-218.53124999999903,2022-09-23 08:00:00+00:00,2022-09-23 08:05:00+00:00,stop,amd_fvg_m5,momentum,fib_extension,near,,,False,,236.0,with,behind,ifvg,236.0,with,1,1a_h4,breakout,london_judas,london,,,False,1,2,D|240T,-1,False,D,D|240T,False,0,,,,False,False,False,False,,True,single,20.8,14.0,2.0,2.0,high,1.2,True,2022-09-23 03:30:00+00:00,2022-09-23 06:45:00+00:00,2022-09-23 07:00:00+00:00,2022-09-23 07:10:00+00:00,False,discount,eqh,m15_range,False,False,confirmed,golden,,,,,,,,,0,,0,,False,0,3,True,False,1,True,False,False,False,,,,0.0,0,0.3,,,,,
EURUSD,1,-1,0.95565,0.95569,9000,0.95565,0.9520000000000001,-6.660000000006661,2022-09-28 07:45:00+00:00,2022-09-28 08:00:00+00:00,stop,amd_ob_m5,judas,round_number,d60,,,False,,153.3,with,behind,fvg,153.3,with,1,3a,judas,london_judas,london,,,False,2,2,W|60T|15T,-1,False,W,D|240T|60T,False,0,,,,False,False,False,False,,False,,15.6,20.0,2.0,3.0,high,1.1,True,2022-09-27 20:00:00+00:00,2022-09-28 00:45:00+00:00,2022-09-28 01:00:00+00:00,2022-09-28 01:00:00+00:00,False,discount,eqh,m15_range,False,False,,against,,,,,,,,,0,,0,,False,0,1,False,False,0,True,False,False,False,,,,0.0,0,20.8,14.8,7.1,,7.1,7.1
EURUSD,1,-1,0.9663999999999999,0.96644,9000,0.9663999999999999,0.96269368,-6.660000000006661,2022-09-29 08:15:00+00:00,2022-09-29 08:25:00+00:00,stop,mss_fvg_h1,momentum,fib_extension,near,fvg,240T,False,,45.8,with,behind,fvg,45.8,with,1,1b_ip,breakout,london_judas,london,,240T,False,2,2,W|15T,-1,False,W,D|240T,False,1,60T,,,False,False,False,False,,True,single,,,,,,,,,,,,,premium,,,False,False,confirmed,against,,,,,,,,,0,,0,,False,0,1,False,False,0,True,False,False,False,,,,0.0,0,13.1,,129.2,,129.2,129.2
GBPUSD,1,1,1.08426,1.08421,9000,1.08426,1.088,-8.325000000017567,2022-09-29 12:00:00+00:00,2022-09-29 12:10:00+00:00,stop,amd_fvg_m5,judas,round_number,near,ifvg,D,False,,3.3,against,ahead,ifvg,3.3,against,1,2b_h4,breakout,ny_judas,ny,,,False,1,1,60T|15T,0,False,60T,,False,0,,,,False,False,False,False,,False,,34.4,15.0,2.0,2.0,low,19.9,True,2022-09-29 02:45:00+00:00,2022-09-29 06:15:00+00:00,2022-09-29 06:45:00+00:00,2022-09-29 06:45:00+00:00,False,premium,eql,m15_range,False,False,opposing,against,,,,,,,,,0,,0,,False,0,2,False,False,0,True,False,False,True,,,equal_hl,1.15441,0,12.7,52.0,88.2,896.3,1059.1,1451.5
GBPUSD,1,1,1.11463,1.1155799999999998,11250,1.11563,1.1198195999999998,197.71874999995512,2022-09-30 08:00:00+00:00,2022-09-30 08:05:00+00:00,stop,amd_fvg_m5,momentum,fib_extension,near,ifvg,D,True,240T,0.0,against,inside,ifvg,0.0,against,1,2b_ip,breakout,london_judas,london,,,False,5,2,60T|15T,0,True,60T,60T,True,0,,,,False,False,True,False,,True,dual,31.9,8.0,2.0,2.0,low,-12.9,True,2022-09-30 04:00:00+00:00,2022-09-30 05:45:00+00:00,2022-09-30 07:30:00+00:00,2022-09-30 07:35:00+00:00,False,premium,none,session_range,False,False,confirmed,against,,,,,,,,,0,,0,,False,0,2,False,False,0,True,False,False,True,,,equal_hl,1.15441,0,28.0,58.5,58.5,592.6,755.4,1147.8
GBPUSD,1,-1,1.1152900000000001,1.1143400000000003,11250,1.1142900000000002,1.10689984,197.71874999995512,2022-09-30 11:00:00+00:00,2022-09-30 11:10:00+00:00,stop,mss_fvg_m5,momentum,fib_extension,near,ifvg,D,False,,0.0,with,inside,ifvg,0.0,with,1,1a_ip,judas,ny_judas,ny,,D,False,2,3,D,-1,True,D,D|240T,True,0,,D,,False,False,True,False,,True,single,,,,,,,,,,,,,premium,,,False,False,,golden,,,,,,,,,0,,0,,False,0,2,False,False,0,True,False,False,True,,,d1_fvg,1.10286,0,21.5,84.3,615.0,,827.8,827.8
GBPUSD,1,1,1.13537,1.13432,9000,1.13437,1.1398183199999998,-174.82499999999922,2022-10-04 07:00:00+00:00,2022-10-04 07:25:00+00:00,stop,amd_fvg_m15,momentum,fib_extension,near,,,False,,76.2,against,ahead,ifvg,76.2,against,1,2b_ip,breakout,london_judas,london,,,False,2,1,60T,0,False,60T,,False,-1,60T,,,False,False,False,False,,True,dual,28.6,18.0,3.0,3.0,low,19.9,True,2022-10-03 19:30:00+00:00,2022-10-03 23:45:00+00:00,2022-10-04 03:00:00+00:00,2022-10-04 03:10:00+00:00,False,premium,none,m15_range,False,False,confirmed,against,,,,,,,,,0,,0,,False,0,4,True,True,0,True,False,False,True,,,equal_hl,1.148465,0,8.6,,,107.8,407.3,940.4
GBPUSD,1,-1,1.10215,1.1026,33750,1.10255,1.03261,-280.96875000003837,2022-10-11 07:30:00+00:00,2022-10-11 07:35:00+00:00,stop,amd_ob_m5,golden,opposing_liq,,,,False,,0.0,against,inside,ifvg,0.0,against,3,golden,mm_golden,london_golden,london,,,False,1,0,,0,False,,,False,0,,,,False,False,False,False,,False,,8.1,10.0,4.0,5.0,high,,True,,,,,,,,m15_range,False,False,,golden,cascade,,untested,,1a,5T,ifvg,60T,0,,0,,True,2,3,True,False,0,True,False,False,True,,,equal_hl,1.102185,0,0.1,0.0,0.0,0.0,0.0,0.0
GBPUSD,1,1,1.10781,1.1077599999999999,5000,1.10781,1.1110449999999998,-4.62500000000976,2022-10-11 12:15:00+00:00,2022-10-11 12:20:00+00:00,stop,amd_fvg_m5,momentum,equal_hl,near,ifvg,D,True,D,14.9,against,ahead,ifvg,14.9,against,0,2b_ip,breakout,ny_judas,ny,,,False,3,0,,0,False,,,False,-1,60T,D,,False,False,True,False,,True,dual,8.1,10.0,4.0,5.0,low,55.7,True,2022-10-10 21:00:00+00:00,2022-10-10 23:15:00+00:00,2022-10-11 07:00:00+00:00,2022-10-11 07:10:00+00:00,False,premium,eql,m15_range,False,False,,against,,,,,,,,,0,,0,,False,0,3,True,False,0,True,False,False,True,,,equal_hl,1.119905,0,22.6,17.6,147.8,156.4,660.8,1201.9
GBPUSD,1,-1,1.10776,1.1078100000000002,12500,1.10776,1.1029491999999999,-11.5625000000244,2022-10-13 07:15:00+00:00,2022-10-13 07:45:00+00:00,stop,amd_ob_m5,momentum,fib_extension,near,ifvg,D,False,,15.4,with,behind,ifvg,15.4,with,2,1a,judas,london_judas,london,,D,False,2,2,D|60T,-1,False,D,D|240T,False,1,60T,,,False,False,True,False,,True,single,25.7,18.0,1.0,3.0,high,-9.8,True,2022-10-13 02:30:00+00:00,2022-10-13 06:45:00+00:00,2022-10-13 07:00:00+00:00,2022-10-13 07:05:00+00:00,False,premium,eqh,session_range,False,False,confirmed,golden,,,,,,,,,0,,0,,False,0,2,False,False,0,True,False,False,True,,,equal_hl,1.10587,0,17.2,1.1,155.9,752.5,752.5,752.5
GBPUSD,1,1,1.11727,1.1172199999999999,10000,1.11727,1.12311136,-9.25000000001952,2022-10-13 12:15:00+00:00,2022-10-13 12:20:00+00:00,stop,amd_fvg_m5,momentum,fib_extension,d3,ifvg,W,True,240T,60.3,against,behind,ifvg,60.3,against,2,2b,judas,ny_judas,ny,,,False,3,2,,0,True,,60T,True,0,,D,,False,False,True,False,,True,dual,14.1,8.0,3.0,2.0,low,21.9,True,2022-10-13 05:15:00+00:00,2022-10-13 07:00:00+00:00,2022-10-13 08:00:00+00:00,2022-10-13 08:00:00+00:00,False,premium,eql,m15_range,False,False,,against,,,,,,,,,0,,0,,False,0,2,False,False,0,True,False,False,True,,,equal_hl,1.1381649999999999,0,13.7,,7.7,61.8,566.2,1104.9
GBPUSD,1,-1,1.12509,1.12514,9617,1.12509,1.122,-8.895725000018773,2022-10-14 12:30:00+00:00,2022-10-14 12:35:00+00:00,stop,amd_ob_m5,judas,round_number,near,ifvg,240T,False,,226.3,against,ahead,ob,29.1,with,1,1a,breakout,ny_judas,ny,,,False,2,2,D|15T,-1,False,D,D,False,-1,60T,,,False,False,False,False,,False,,31.8,17.0,2.0,2.0,high,28.3,True,2022-10-13 20:30:00+00:00,2022-10-14 00:30:00+00:00,2022-10-14 02:45:00+00:00,2022-10-14 02:45:00+00:00,False,discount,none,m15_range,False,False,,golden,,,,,,,,,0,,0,,False,0,2,False,False,0,True,False,False,True,,,equal_hl,1.115075,0,14.9,,329.2,925.8,925.8,925.8
EURUSD,1,-1,0.97483,0.97487,15625,0.97483,0.95357,-11.562500000011564,2022-10-17 07:00:00+00:00,2022-10-17 08:00:00+00:00,stop,amd_None,golden,opposing_liq,,,,False,,0.0,with,inside,ifvg,0.0,with,2,golden,mm_golden,london_golden,london,,,False,6,0,,0,False,,,False,0,,,,False,False,False,False,,False,,32.4,26.0,3.0,3.0,high,,True,,,,,,,,m15_range,False,False,,golden,cascade,,failed,,1b,15T,ifvg,15T,0,,0,,True,1,3,True,False,0,True,False,False,True,,,equal_hl,0.9729833333333334,0,17.8,0.0,0.0,0.0,0.0,0.0
GBPUSD,1,1,1.13151,1.1324599999999998,5000,1.13251,1.135,87.87499999998005,2022-10-17 13:20:00+00:00,2022-10-17 13:40:00+00:00,stop,amd_ob_m5,momentum,round_number,near,ifvg,W,False,,164.0,with,behind,ob,0.0,against,1,2b_h4,judas,ny_judas,ny,,,False,1,1,240T|15T,0,False,240T,240T,False,0,,,,False,False,False,False,,True,dual,23.6,13.0,2.0,2.0,low,2.6,True,2022-10-17 02:00:00+00:00,2022-10-17 05:00:00+00:00,2022-10-17 05:30:00+00:00,2022-10-17 05:30:00+00:00,,,,m15_range,False,False,confirmed,against,,,,,,,,,0,,0,,False,0,3,True,False,0,True,False,False,True,,,equal_hl,1.136495,0,32.9,16.5,65.9,181.0,423.8,962.5
GBPUSD,1,-1,1.12683,1.12788,6250,1.1278299999999999,1.12233616,-121.40624999999947,2022-10-18 11:40:00+00:00,2022-10-18 12:00:00+00:00,stop,amd_fvg_m5,momentum,fib_extension,near,ifvg,240T,True,D,117.2,against,ahead,ob,11.7,with,1,1a_h4,breakout,ny_judas,ny,,,False,3,2,D|15T,-1,False,D,D,False,1,60T,D,,False,False,True,False,,True,dual,22.8,23.0,2.0,2.0,high,42.0,True,2022-10-17 20:30:00+00:00,2022-10-18 02:00:00+00:00,2022-10-18 05:30:00+00:00,2022-10-18 05:35:00+00:00,False,discount,eqh,m15_range,False,False,,golden,,,,,,,,,0,,0,,False,0,3,True,False,0,True,False,False,True,,,equal_hl,1.12307,0,13.2,,118.2,214.3,943.2,943.2
GBPUSD,1,-1,1.12963,1.1286800000000001,6250,1.12863,1.1265079999999998,109.84374999997506,2022-10-19 07:30:00+00:00,2022-10-19 07:55:00+00:00,stop,amd_fvg_m5,momentum,fib_extension,near,ifvg,W,False,,41.2,against,ahead,ob,0.0,with,0,1a,breakout,london_judas,london,,,False,1,2,D|15T,-1,False,D,D,False,1,60T,,,False,False,False,False,,True,dual,20.2,13.0,2.0,2.0,high,22.7,True,2022-10-18 20:45:00+00:00,2022-10-18 23:45:00+00:00,2022-10-19 00:00:00+00:00,2022-10-19 00:10:00+00:00,False,discount,eqh,m15_range,False,False,,golden,,,,,,,,,0,,0,,False,0,3,True,False,0,True,False,False,True,,,equal_hl,1.12307,0,30.1,,88.3,242.3,971.2,971.2
EURUSD,1,-1,0.98144,0.98048,12500,0.98044,0.95357,221.99999999999096,2022-10-19 11:00:00+00:00,2022-10-19 11:25:00+00:00,stop,amd_ob_m5,golden,opposing_liq,,,,False,,2.0,against,ahead,ob,0.0,with,2,golden,mm_golden,ny_golden,ny,,,False,1,0,,0,False,,,False,0,,,,False,False,False,False,,False,,21.9,26.0,5.0,3.0,high,,True,,,,,,,,m15_range,False,False,,golden,own_ob,,respected,15T,1b,15T,ob,15T,0,,0,,True,2,3,True,False,0,True,False,False,True,,,equal_hl,0.9809800000000001,0,24.3,0.0,0.0,0.0,0.0,0.0
GBPUSD,1,-1,1.12731,1.12386,7812,1.12381,1.122,498.6008999999932,2022-10-19 11:15:00+00:00,2022-10-19 12:20:00+00:00,stop,amd_fvg_h1,momentum,round_number,near,ifvg,240T,False,,18.0,against,ahead,ob,6.9,with,0,1a_ip,breakout,ny_judas,ny,,,False,4,2,D|15T,-1,False,D,D,False,0,,,,False,False,False,False,,True,single,20.2,13.0,2.0,2.0,high,22.7,True,2022-10-18 20:45:00+00:00,2022-10-18 23:45:00+00:00,2022-10-19 00:00:00+00:00,2022-10-19 00:10:00+00:00,False,discount,eqh,m15_range,False,False,opposing,golden,,,,,,,,,0,,0,,False,0,4,True,False,0,True,False,True,True,continuation,w_fvg,equal_hl,1.12307,0,51.7,,65.1,219.1,948.0,948.0
EURUSD,1,-1,0.97749,0.97753,10000,0.97749,0.97377,-7.400000000007401,2022-10-19 12:00:00+00:00,2022-10-19 12:50:00+00:00,stop,amd_fvg_m5,momentum,pdh_pdl,near,fvg,D,False,,0.0,against,inside,fvg,0.0,against,2,1b_ip,breakout,ny_judas,ny,,,False,2,2,W|D,-1,False,W,D,False,0,,,,False,False,True,False,,True,single,21.9,26.0,5.0,3.0,high,8.6,True,2022-10-18 17:15:00+00:00,2022-10-18 23:30:00+00:00,2022-10-19 00:00:00+00:00,2022-10-19 00:10:00+00:00,False,discount,eqh,m15_range,False,False,,against,,,,,,,,,0,,0,,False,0,3,True,False,0,True,False,False,True,,,equal_hl,0.9754799999999999,0,15.7,,57.6,49.9,240.1,240.1
EURUSD,1,1,0.97817,0.97913,22500,0.97917,1.14948,399.5999999999837,2022-10-20 11:30:00+00:00,2022-10-20 11:50:00+00:00,stop,amd_ob_m15,golden,opposing_liq,,,,False,,0.0,with,inside,fvg,0.0,with,2,golden,mm_golden,ny_golden,ny,,,False,3,0,,0,False,,,False,0,,,,False,False,False,False,,False,,20.1,32.0,2.0,2.0,low,,True,,,,,,,,m15_range,False,False,,golden,own_ob,240T,respected,15T,2a,15T,ob,15T,0,,0,,True,2,3,False,False,0,True,False,True,True,continuation,ob,equal_hl,0.980715,0,21.9,0.0,0.0,0.0,0.0,0.0
EURUSD,2,1,0.97979,0.98075,9000,0.98079,1.14948,159.8399999999935,2022-10-20 11:40:00+00:00,2022-10-20 12:40:00+00:00,stop,pyramid_im0.8_fvg_m5,no_open,opposing_liq,,,,False,,0.0,with,inside,fvg,0.0,with,2,golden,mm_golden,ny_golden,ny,,,False,3,0,,0,False,,,False,0,,,,False,False,False,False,,False,,20.1,32.0,2.0,2.0,low,,True,,,,,,,,m15_range,False,False,,golden,own_ob,240T,respected,15T,2a,15T,ob,15T,0,,0,,True,2,3,False,False,0,True,False,True,True,continuation,ob,equal_hl,0.980715,0,30.9,0.0,0.0,0.0,0.0,0.0
EURUSD,2,1,0.98161,0.9805699999999999,9000,0.98061,1.14948,-173.16000000000682,2022-10-20 12:05:00+00:00,2022-10-20 12:45:00+00:00,stop,pyramid_im0.8_fvg_m5,no_open,opposing_liq,,,,False,,0.0,with,inside,fvg,0.0,with,2,golden,mm_golden,ny_golden,ny,,,False,3,0,,0,False,,,False,0,,,,False,False,False,False,,False,,20.1,32.0,2.0,2.0,low,,True,,,,,,,,m15_range,False,False,,golden,own_ob,240T,respected,15T,2a,15T,ob,15T,0,,0,,True,2,3,False,False,0,True,False,True,True,continuation,ob,equal_hl,0.980715,0,12.7,0.0,0.0,0.0,0.0,0.0
GBPUSD,1,1,1.15123,1.1521799999999998,9000,1.1522299999999999,1.155,158.1749999999641,2022-10-26 08:15:00+00:00,2022-10-26 08:25:00+00:00,stop,amd_fvg_m5,momentum,round_number,near,,,False,,77.0,against,ahead,fvg,77.0,against,1,2b,breakout,london_judas,london,,,False,1,1,60T|15T,0,False,60T,,False,0,,,,False,False,False,False,,True,dual,29.7,12.0,2.0,2.0,low,11.3,True,2022-10-25 22:45:00+00:00,2022-10-26 01:30:00+00:00,2022-10-26 02:00:00+00:00,2022-10-26 02:05:00+00:00,False,premium,eql,m15_range,False,False,,against,,,,,,,,,0,,0,,False,0,3,True,False,0,True,False,False,True,,,equal_hl,1.1588850000000002,0,36.9,,,,,631.7
EURUSD,1,1,0.9968100000000001,0.99991,17577,0.9978100000000001,0.99995,1008.0409499999613,2022-10-26 07:00:00+00:00,2022-10-26 08:25:00+00:00,target,amd_fvg_m5,momentum,swing,d3,,,False,,55.3,against,ahead,ob,0.0,against,1,3b,breakout,london_judas,london,,,False,4,1,60T,0,False,60T,,False,0,,240T,,False,False,False,False,,True,dual,19.0,31.0,5.0,3.0,low,7.2,True,2022-10-25 18:00:00+00:00,2022-10-26 01:30:00+00:00,2022-10-26 01:45:00+00:00,2022-10-26 01:55:00+00:00,False,premium,eql,m15_range,False,False,confirmed,golden,,,,,,,,,0,,0,,False,0,4,True,False,0,True,False,True,True,continuation,w_fvg,equal_hl,0.99859,0,35.1,2.3,9.6,,32.3,235.7
EURUSD,1,-1,1.00323,1.0022700000000002,22500,1.0022300000000002,0.99915358,399.5999999999375,2022-10-27 13:05:00+00:00,2022-10-27 13:20:00+00:00,stop,amd_fvg_h1,momentum,fib_extension,near,ifvg,240T,False,,63.1,with,behind,ifvg,63.1,with,2,1b,judas,ny_judas,ny,,,False,1,3,W|15T,-1,True,W,D,False,-1,60T,D,,False,False,True,False,,True,single,21.6,28.0,3.0,2.0,high,4.9,True,2022-10-26 17:30:00+00:00,2022-10-27 00:15:00+00:00,2022-10-27 00:45:00+00:00,2022-10-27 00:55:00+00:00,True,discount,pdh,m15_range,False,False,,against,,,,,,,,,0,,0,,False,0,2,False,False,0,True,False,False,True,,,equal_hl,1.000295,0,29.7,5.1,226.5,401.7,497.5,497.5
GBPUSD,1,-1,1.1524,1.15345,11250,1.1534,1.14701612,-218.53124999999903,2022-10-28 08:00:00+00:00,2022-10-28 08:05:00+00:00,stop,amd_fvg_m15,momentum,fib_extension,near,fvg,240T,True,240T,0.0,against,inside,fvg,0.0,against,1,1a_ip,breakout,london_judas,london,,,False,1,2,60T,-1,False,60T,D|60T,False,0,,D,,False,False,True,False,,True,single,11.0,11.0,6.0,3.0,high,20.9,True,2022-10-27 22:15:00+00:00,2022-10-28 00:45:00+00:00,2022-10-28 02:45:00+00:00,2022-10-28 02:55:00+00:00,False,discount,eqh,m15_range,False,False,,golden,,,,,,,,,0,,0,,False,0,3,False,False,1,True,False,False,True,,,equal_hl,1.15065,0,0.4,,254.6,602.3,1198.9,1198.9
EURUSD,1,-1,0.99491,0.99495,28125,0.99491,0.95357,-20.812500000020815,2022-10-28 11:00:00+00:00,2022-10-28 12:00:00+00:00,stop,amd_fvg_m5,golden,opposing_liq,,,,False,,5.7,against,ahead,fvg,5.7,against,2,golden,mm_golden,ny_golden,ny,,,False,4,0,,0,False,,,False,0,,,,False,False,False,False,,False,,21.9,30.0,2.0,2.0,high,,True,,,,,,,,m15_range,False,False,,golden,cascade,,failed,,1b,15T,ifvg,15T,0,,0,,True,1,3,False,False,1,True,False,False,True,,,equal_hl,0.9949589999999999,0,13.9,0.0,0.0,0.0,0.0,0.0
GBPUSD,1,-1,1.15665,1.1557000000000002,11250,1.15565,1.15333,197.71874999995512,2022-10-31 08:00:00+00:00,2022-10-31 09:05:00+00:00,stop,amd_fvg_m5,momentum,swing,near,ifvg,240T,False,,18.2,against,ahead,ifvg,18.2,against,1,1a,breakout,london_judas,london,,,False,2,2,60T,-1,False,60T,D,False,0,,,,False,False,False,False,,True,single,31.3,39.0,2.0,5.0,high,-6.6,True,2022-10-30 21:15:00+00:00,2022-10-31 06:45:00+00:00,2022-10-31 07:00:00+00:00,2022-10-31 07:00:00+00:00,,,,session_range,False,False,,golden,,,,,,,,,0,,0,,False,0,5,True,True,0,True,False,True,True,continuation,breaker,equal_hl,1.15065,0,24.6,,64.0,507.4,1241.4,1241.4
EURUSD,1,-1,0.9942599999999999,0.9933,11250,0.9932599999999999,0.99124,199.79999999999185,2022-10-31 07:15:00+00:00,2022-10-31 09:05:00+00:00,stop,amd_fvg_m5,momentum,equal_hl,d3,ifvg,240T,False,,0.0,against,inside,ifvg,0.0,against,1,3a,judas,london_judas,london,,,False,4,2,W,-1,False,W,D,False,-1,60T,,,False,False,False,False,,True,dual,14.5,8.0,2.0,2.0,high,6.4,True,2022-10-31 01:45:00+00:00,2022-10-31 03:30:00+00:00,2022-10-31 03:45:00+00:00,2022-10-31 03:55:00+00:00,,,,m15_range,False,False,confirmed,against,,,,,,,,,0,,0,,False,0,4,True,True,0,True,False,False,True,,,equal_hl,0.99284,0,28.6,0.4,17.0,238.7,407.8,407.8
GBPUSD,1,-1,1.1521,1.15315,11250,1.1530999999999998,1.14894776,-218.53124999999903,2022-10-31 12:35:00+00:00,2022-10-31 12:45:00+00:00,stop,mss_fvg_m5,momentum,fib_extension,d3,ifvg,240T,True,240T,0.0,against,inside,ifvg,0.0,against,1,1a_ip,judas,ny_judas,ny,,,True,1,2,60T,-1,False,60T,D,False,0,,,,False,False,False,False,,True,single,,,,,,,,,,,,,,,,False,False,,golden,,,,,,,,,0,,0,,False,0,5,True,True,0,True,False,True,True,continuation,breaker,equal_hl,1.1497674999999998,0,-0.0,,18.5,461.9,1195.9,1195.9
GBPUSD,1,-1,1.12259,1.12264,22500,1.12259,1.03261,-20.812500000043922,2022-11-04 07:00:00+00:00,2022-11-04 07:35:00+00:00,stop,amd_fvg_m5,golden,opposing_liq,,,,False,,74.8,against,ahead,ifvg,74.8,against,2,golden,mm_golden,london_golden,london,,,False,3,0,,0,False,,,False,0,,,,False,False,False,False,,False,,33.5,11.0,2.0,2.0,high,,True,,,,,,,,m15_range,False,False,,golden,cascade,240T,failed,,1a,60T,ifvg,60T,0,,0,,True,1,4,False,False,1,True,False,True,True,continuation,d1_fvg,equal_hl,1.121205,0,20.8,0.0,0.0,0.0,0.0,0.0
EURUSD,1,1,0.98196,0.98292,22500,0.9829600000000001,1.14948,399.5999999999837,2022-11-04 12:45:00+00:00,2022-11-04 12:55:00+00:00,stop,amd_fvg_m15,golden,opposing_liq,,,,False,,7.2,with,behind,ifvg,7.2,with,2,golden,mm_golden,ny_golden,ny,,,False,3,0,,0,False,,,False,0,,,,False,False,False,False,,False,,20.8,10.0,2.0,3.0,low,,True,,,,,,,,m15_range,False,False,,golden,own_ob,,respected,15T,2a,15T,ob,5T,0,,0,,True,2,3,False,False,1,True,False,False,True,,,equal_hl,0.98424,0,31.3,0.0,0.0,0.0,0.0,0.0
GBPUSD,1,1,1.13359,1.1345399999999999,9000,1.13459,1.1400000000000001,158.1749999999641,2022-11-07 08:10:00+00:00,2022-11-07 08:15:00+00:00,stop,amd_fvg_m5,momentum,round_number,near,ifvg,240T,False,,85.7,against,ahead,fvg,85.7,against,1,2b,judas,london_judas,london,,,False,1,2,D|15T,1,False,D,240T|60T,False,0,,,,False,False,False,False,,True,dual,31.8,6.0,2.0,1.0,low,16.7,True,2022-11-07 06:00:00+00:00,2022-11-07 07:15:00+00:00,2022-11-07 07:30:00+00:00,2022-11-07 07:35:00+00:00,,,,session_range,False,False,,against,,,,,,,,,0,,0,,False,0,3,True,False,0,True,False,False,True,,,equal_hl,1.14286,0,32.0,14.6,86.7,310.0,310.0,425.1
EURUSD,1,1,1.00004,0.99932,28125,0.99936,1.14948,-374.6250000000281,2022-11-08 12:05:00+00:00,2022-11-08 12:15:00+00:00,stop,amd_ob_m5,golden,opposing_liq,,,,False,,95.0,against,ahead,ifvg,95.0,against,2,golden,mm_golden,ny_golden,ny,,,False,4,0,,0,False,,,False,0,,,,False,False,False,False,,False,,28.8,26.0,5.0,3.0,low,,True,,,,,,,,m15_range,False,False,,golden,cascade,240T,failed,,2a,15T,ob2,60T,0,,0,,True,1,4,True,False,0,True,False,True,True,continuation,d1_fvg,equal_hl,1.001525,0,0.0,0.0,0.0,0.0,0.0,0.0
GBPUSD,1,-1,1.15294,1.1494900000000001,15625,1.14944,1.1492600199999998,997.2656249999865,2022-11-09 09:00:00+00:00,2022-11-09 09:35:00+00:00,stop,amd_fvg_m5,judas,fib_extension,near,,,False,,36.5,with,behind,ifvg,36.5,with,2,1a,judas,london_judas,london,,,False,2,3,60T,-1,True,60T,D,True,1,D,240T,,False,False,True,False,,True,single,24.7,16.0,2.0,2.0,high,14.1,True,2022-11-09 03:45:00+00:00,2022-11-09 07:30:00+00:00,2022-11-09 08:15:00+00:00,2022-11-09 08:20:00+00:00,False,discount,eqh,m15_range,False,False,,golden,,,,,,,,,0,,0,,False,0,4,True,False,0,True,False,True,True,continuation,breaker,equal_hl,1.143985,0,57.0,8.1,240.5,273.0,607.7,1204.3
NZDUSD,1,-1,0.5935549999999999,0.59263,6250,0.5925549999999999,0.5901314800000002,106.95312499999464,2022-11-09 09:00:00+00:00,2022-11-09 09:45:00+00:00,stop,amd_ob_m5,judas,fib_extension,near,ifvg,W,False,,37.3,against,ahead,fvg,37.3,against,1,N-short,judas,london_judas,london,,,False,4,3,240T|15T,-1,True,240T,D,True,1,D,,,False,False,True,False,,False,,13.1,8.0,2.0,3.0,high,62.7,True,2022-11-08 12:45:00+00:00,2022-11-08 14:30:00+00:00,2022-11-08 16:45:00+00:00,2022-11-08 16:45:00+00:00,False,discount,eqh,m15_range,False,False,,,,,,,,,,,0,,0,,False,0,3,True,False,0,True,False,False,True,,,equal_hl,0.5872200000000001,0,23.3,3.3,89.2,280.5,425.0,425.0
GBPUSD,2,-1,1.1434900000000001,1.1435400000000002,9000,1.1434900000000001,1.13795312,-8.325000000017567,2022-11-09 13:10:00+00:00,2022-11-09 13:15:00+00:00,stop,pyramid_wamd1.0_fvg_h1,no_open,fib_extension,near,fvg,D,True,240T,25.1,against,ahead,fvg,25.1,against,2,1a_h4,breakout,ny_judas,ny,,,False,3,2,15T,-1,False,15T,D,False,1,60T,240T,,False,False,True,False,,True,single,24.7,16.0,2.0,2.0,high,14.1,True,2022-11-09 03:45:00+00:00,2022-11-09 07:30:00+00:00,2022-11-09 08:15:00+00:00,2022-11-09 08:20:00+00:00,False,discount,eqh,m15_range,False,False,,golden,,,,,,,,,0,,0,,False,0,3,True,False,0,True,False,False,True,,,equal_hl,1.140775,0,14.4,,165.9,198.4,533.1,1129.7
GBPUSD,1,-1,1.14548,1.14203,28125,1.14198,1.13795312,1795.0781249999754,2022-11-09 13:00:00+00:00,2022-11-09 13:20:00+00:00,stop,amd_ob_m5,momentum,fib_extension,near,fvg,D,True,240T,25.1,against,ahead,fvg,25.1,against,2,1a_h4,breakout,ny_judas,ny,,,False,3,2,15T,-1,False,15T,D,False,1,60T,240T,,False,False,True,False,,True,single,24.7,16.0,2.0,2.0,high,14.1,True,2022-11-09 03:45:00+00:00,2022-11-09 07:30:00+00:00,2022-11-09 08:15:00+00:00,2022-11-09 08:20:00+00:00,False,discount,eqh,m15_range,False,False,,golden,,,,,,,,,0,,0,,False,0,3,True,False,0,True,False,False,True,,,equal_hl,1.140775,0,47.2,,165.9,198.4,533.1,1129.7
GBPUSD,2,-1,1.14214,1.14219,9000,1.14214,1.13795312,-8.325000000017567,2022-11-09 13:15:00+00:00,2022-11-09 13:20:00+00:00,stop,pyramid_wamd1.0_fvg_m5,no_open,fib_extension,near,fvg,D,True,240T,25.1,against,ahead,fvg,25.1,against,2,1a_h4,breakout,ny_judas,ny,,,False,3,2,15T,-1,False,15T,D,False,1,60T,240T,,False,False,True,False,,True,single,24.7,16.0,2.0,2.0,high,14.1,True,2022-11-09 03:45:00+00:00,2022-11-09 07:30:00+00:00,2022-11-09 08:15:00+00:00,2022-11-09 08:20:00+00:00,False,discount,eqh,m15_range,False,False,,golden,,,,,,,,,0,,0,,False,0,3,True,False,0,True,False,False,True,,,equal_hl,1.140775,0,13.8,,165.9,198.4,533.1,1129.7
EURUSD,1,-1,0.99828,0.99482,14062,0.99478,0.99521,900.1086199999759,2022-11-10 09:00:00+00:00,2022-11-10 10:20:00+00:00,stop,amd_fvg_m5,momentum,swing,near,ifvg,D,True,D,11.3,against,ahead,fvg,11.3,against,1,1b,breakout,london_judas,london,,D,False,4,2,W,-1,False,W,D|60T,False,0,,240T,,False,False,False,False,,True,dual,32.0,41.0,3.0,6.0,high,4.1,True,2022-11-09 20:15:00+00:00,2022-11-10 06:15:00+00:00,2022-11-10 06:45:00+00:00,2022-11-10 06:45:00+00:00,False,discount,eqh,m15_range,False,False,,against,,,,,,,,,0,,0,,False,0,3,True,False,0,True,False,False,True,,,equal_hl,0.995866,0,44.8,,66.2,177.0,352.2,448.0
GBPUSD,1,1,1.13919,1.1391399999999998,18000,1.13919,1.1525050000000001,-16.650000000035135,2022-11-10 13:00:00+00:00,2022-11-10 13:10:00+00:00,stop,amd_fvg_m5,momentum,equal_hl,near,,,False,,0.0,with,inside,fvg,0.0,with,2,2b,judas,ny_judas,ny,,,False,3,2,D,1,False,D,,False,-1,60T,,,False,False,True,False,,True,dual,22.6,15.0,2.0,2.0,low,27.3,True,2022-11-10 03:15:00+00:00,2022-11-10 06:45:00+00:00,2022-11-10 09:45:00+00:00,2022-11-10 09:55:00+00:00,False,premium,eql,m15_range,False,False,confirmed,against,,,,,,,,,0,,0,,False,0,2,False,False,0,True,False,False,True,,,equal_hl,1.1609166666666668,0,12.0,20.8,207.9,254.0,254.0,347.0
EURUSD,1,1,1.0247899999999999,1.0247499999999998,22500,1.0247899999999999,1.02867656,-16.65000000001665,2022-11-11 08:30:00+00:00,2022-11-11 08:40:00+00:00,stop,amd_fvg_m5,momentum,fib_extension,near,ifvg,W,False,,0.0,against,inside,ifvg,0.0,against,2,3b,judas,london_judas,london,,,False,3,1,240T,0,False,240T,,False,-1,60T,D,,False,False,True,False,,True,dual,28.5,13.0,2.0,2.0,low,12.6,True,2022-11-10 22:15:00+00:00,2022-11-11 01:15:00+00:00,2022-11-11 01:45:00+00:00,2022-11-11 01:45:00+00:00,False,premium,eql,m15_range,False,False,,golden,,,,,,,,,0,,0,,False,0,2,False,False,0,True,False,True,False,continuation,d1_fvg,,0.0,0,12.4,,,,,
GBPUSD,1,1,1.18037,1.1813199999999997,22500,1.1813699999999998,1.37487,395.43749999991024,2022-11-14 08:25:00+00:00,2022-11-14 09:00:00+00:00,stop,amd_fvg_m15,golden,opposing_liq,,,,False,,27.4,against,ahead,ifvg,27.4,against,2,golden,mm_golden,london_golden,london,,,False,3,0,,0,False,,,False,0,,,,False,False,False,False,,False,,20.1,8.0,4.0,2.0,low,,True,,,,,,,,m15_range,False,False,,golden,cascade,,failed,,2b,5T,fvg,60T,0,,0,,True,1,2,True,False,0,True,False,False,False,,,,0.0,0,24.6,0.0,0.0,0.0,0.0,0.0
GBPUSD,1,1,1.19036,1.18977,22500,1.18982,1.37487,-245.58750000003764,2022-11-15 13:00:00+00:00,2022-11-15 13:05:00+00:00,stop,amd_fvg_m5,golden,opposing_liq,,,,False,,0.0,against,inside,ifvg,0.0,against,2,golden,mm_golden,ny_golden,ny,,,False,2,0,,0,False,,,False,0,,,,False,False,False,False,,False,,24.8,11.0,2.0,3.0,low,,True,,,,,,,,m15_range,False,False,,golden,cascade,,failed,,2b,15T,fvg,60T,0,,0,,True,1,2,True,False,0,True,False,False,False,,,,0.0,0,5.5,0.0,0.0,0.0,0.0,0.0
GBPUSD,1,1,1.19771,1.1986599999999998,18000,1.19871,1.21031096,316.3499999999282,2022-11-15 13:30:00+00:00,2022-11-15 13:35:00+00:00,stop,amd_fvg_m5,momentum,fib_extension,near,ob,W,True,D,0.0,against,inside,fvg,0.0,against,2,2b,breakout,ny_judas,ny,,,False,2,2,D|240T,1,False,D,240T,False,0,,,,False,False,True,False,,True,single,24.8,11.0,2.0,3.0,low,9.2,True,2022-11-14 20:15:00+00:00,2022-11-14 22:45:00+00:00,2022-11-15 01:00:00+00:00,2022-11-15 01:05:00+00:00,False,premium,eql,m15_range,False,False,confirmed,against,,,,,,,,,0,,0,,False,0,2,True,False,0,True,False,False,False,,,,0.0,0,51.4,,,,,
NZDUSD,1,1,0.6172850000000001,0.61721,33750,0.6172850000000001,0.62063932,-46.8281250000295,2022-11-16 09:10:00+00:00,2022-11-16 11:05:00+00:00,stop,amd_fvg_h1,momentum,fib_extension,d60,ifvg,D,False,,0.0,against,inside,ifvg,0.0,against,3,N-long,judas,london_judas,london,,,False,4,2,D|240T|60T,1,False,D,240T|60T,False,0,,,,False,False,True,False,,True,single,32.0,15.0,2.0,2.0,low,6.0,True,2022-11-15 21:00:00+00:00,2022-11-16 00:30:00+00:00,2022-11-16 04:00:00+00:00,2022-11-16 04:10:00+00:00,False,premium,eql,m15_range,False,False,,,,,,,,,,,0,,0,,False,0,3,True,False,0,True,False,False,True,,,equal_hl,0.61981,0,20.5,,31.2,,31.2,31.2
GBPUSD,1,-1,1.17978,1.18083,14062,1.18078,1.17637,-273.1543499999988,2022-11-17 13:00:00+00:00,2022-11-17 13:30:00+00:00,stop,amd_fvg_m5,momentum,swing,near,ifvg,D,True,240T,33.3,with,behind,ob,0.0,against,0,1a,breakout,ny_judas,ny,,W,False,1,2,,-1,False,,D,False,0,,240T,,False,False,False,False,,True,dual,23.9,12.0,2.0,2.0,high,67.8,True,2022-11-17 02:15:00+00:00,2022-11-17 05:00:00+00:00,2022-11-17 08:15:00+00:00,2022-11-17 08:20:00+00:00,False,discount,eqh,m15_range,False,False,,golden,,,,,,,,,0,,0,,False,0,3,False,False,0,True,False,True,True,continuation,d1_fvg,equal_hl,1.176295,0,14.2,,89.0,653.8,742.3,1472.7
EURUSD,1,-1,1.02511,1.0241500000000001,9000,1.02411,1.022,159.839999999975,2022-11-21 08:50:00+00:00,2022-11-21 10:15:00+00:00,stop,mss_fvg_h1,momentum,round_number,near,ifvg,W,False,,0.0,against,inside,ifvg,0.0,against,1,1b_h4,breakout,london_judas,london,,,False,1,2,W|15T,-1,False,W,D,False,1,60T,,,False,False,False,False,,True,single,,,,,,,,,,,,,,,,False,False,,against,,,,,,,,,0,,0,,False,0,3,True,False,0,True,False,False,True,,,equal_hl,0.99649,0,25.1,,,334.5,547.2,716.3
GBPUSD,1,1,1.21229,1.21224,11250,1.21229,1.21648,-10.406250000021961,2022-11-24 14:15:00+00:00,2022-11-24 14:20:00+00:00,stop,amd_fvg_m5,judas,swing,near,ob,W,False,,359.2,with,behind,ob,5.4,against,1,2b_h4,judas,ny_judas,ny,,,False,2,2,D|60T|15T,1,False,D,60T,False,0,,,,False,False,False,False,,False,,18.6,8.0,2.0,2.0,low,18.8,True,2022-11-24 06:00:00+00:00,2022-11-24 07:45:00+00:00,2022-11-24 08:30:00+00:00,2022-11-24 08:30:00+00:00,True,premium,eql,m15_range,False,False,opposing,against,,,,,,,,,0,,0,,False,0,1,False,False,0,True,False,False,False,,,,0.0,0,12.7,9.5,,,,
EURUSD,1,-1,1.03803,1.0370700000000002,9000,1.0370300000000001,1.03380066,159.839999999975,2022-11-25 13:00:00+00:00,2022-11-25 14:35:00+00:00,stop,amd_fvg_m5,momentum,fib_extension,near,ifvg,W,True,240T,0.0,against,inside,fvg,0.0,against,0,1b_ip,breakout,ny_judas,ny,,240T,False,2,2,W|15T,-1,False,W,,False,0,,D,,False,False,True,False,,True,dual,12.2,11.0,3.0,2.0,high,13.5,True,2022-11-25 01:00:00+00:00,2022-11-25 03:30:00+00:00,2022-11-25 04:00:00+00:00,2022-11-25 04:10:00+00:00,False,discount,eqh,m15_range,False,False,,against,,,,,,,,,0,,0,,False,0,2,False,False,0,True,False,False,True,,,equal_hl,1.0326,0,25.7,,139.5,463.7,676.4,845.5
EURUSD,1,1,1.04243,1.04239,22500,1.04243,1.14948,-16.65000000001665,2022-11-28 08:45:00+00:00,2022-11-28 08:50:00+00:00,stop,amd_fvg_m15,golden,opposing_liq,,,,False,,42.7,with,behind,ifvg,42.7,with,2,golden,mm_golden,london_golden,london,,,False,2,0,,0,False,,,False,0,,,,False,False,False,False,,False,,12.9,10.0,2.0,2.0,low,,True,,,,,,,,m15_range,False,False,,golden,cascade,240T,failed,,2a,5T,fvg,60T,0,,0,,True,1,5,True,True,0,True,False,True,True,continuation,d1_fvg,equal_hl,1.0438633333333334,0,13.6,0.0,0.0,0.0,0.0,0.0
GBPUSD,1,-1,1.20123,1.2002800000000002,28125,1.2002300000000001,1.1980600000000001,494.2968749998878,2022-11-29 13:30:00+00:00,2022-11-29 13:50:00+00:00,stop,mss_ob_m5,momentum,equal_hl,near,ifvg,D,True,240T,0.0,against,inside,ifvg,0.0,against,2,1a_ip,judas,ny_judas,ny,,,False,3,1,60T,0,False,60T,60T,False,0,,240T,,False,False,True,False,,True,single,19.6,10.0,2.0,2.0,low,3.6,False,2022-11-28 22:30:00+00:00,2022-11-29 00:45:00+00:00,2022-11-29 01:15:00+00:00,2022-11-29 01:20:00+00:00,False,discount,eql,m15_range,False,False,,golden,,,,,,,,,0,,0,,False,0,4,True,True,0,False,False,True,True,continuation,d1_fvg,equal_hl,1.19406,0,30.1,65.3,73.5,303.5,868.3,1687.2
EURUSD,1,1,1.0530899999999999,1.0530499999999998,33750,1.0530899999999999,1.0575388000000001,-24.975000000024977,2022-12-07 13:45:00+00:00,2022-12-07 13:50:00+00:00,stop,amd_fvg_m5,momentum,fib_extension,near,ob,W,False,,149.3,with,behind,ob,140.4,against,3,3b,breakout,ny_judas,ny,,,False,2,2,D|15T,1,False,D,D,False,-1,60T,D,,False,False,True,False,,True,single,29.0,51.0,3.0,2.0,low,4.2,True,2022-12-06 18:15:00+00:00,2022-12-07 06:45:00+00:00,2022-12-07 07:15:00+00:00,2022-12-07 07:15:00+00:00,False,premium,none,m15_range,False,False,,golden,,,,,,,,,0,,0,,False,0,4,True,False,0,True,False,True,True,continuation,pdhl,equal_hl,1.0546,0,15.7,,64.8,,64.8,64.8
GBPUSD,1,-1,1.2367,1.2357500000000001,22500,1.2357,1.23289604,395.43749999991024,2022-12-15 08:10:00+00:00,2022-12-15 08:35:00+00:00,stop,amd_fvg_h1,momentum,fib_extension,near,ifvg,240T,False,,25.6,against,ahead,fvg,25.6,against,2,1a,breakout,london_judas,london,,,False,1,0,,0,False,,,False,1,60T,D,,False,False,True,False,,True,single,30.3,10.0,2.0,2.0,high,23.2,True,2022-12-14 15:30:00+00:00,2022-12-14 17:45:00+00:00,2022-12-14 20:00:00+00:00,2022-12-14 20:10:00+00:00,False,discount,eqh,m15_range,False,False,,golden,,,,,,,,,0,,0,,False,0,5,True,False,1,True,False,True,True,continuation,w_fvg,equal_hl,1.220355,0,30.0,,162.6,468.1,1005.4,1445.3
GBPUSD,2,-1,1.23074,1.23179,9000,1.2317399999999998,1.03261,-174.82499999999922,2022-12-15 12:55:00+00:00,2022-12-15 13:10:00+00:00,stop,pyramid_wamdnews1.0_fvg_m5,no_open,opposing_liq,,,,False,,0.0,against,inside,fvg,0.0,against,2,golden,mm_golden,ny_golden,ny,,,False,2,0,,0,False,,,False,0,,,,False,False,False,False,,False,,30.3,10.0,2.0,2.0,high,,True,,,,,,,,m15_range,False,False,,golden,cascade,240T,untested,,1a,5T,ifvg,5T,0,,0,,True,1,5,True,False,1,True,False,True,True,continuation,w_fvg,equal_hl,1.220355,0,8.6,0.0,0.0,0.0,0.0,0.0
GBPUSD,1,-1,1.23256,1.2326100000000002,22500,1.23256,1.03261,-20.812500000043922,2022-12-15 12:35:00+00:00,2022-12-15 13:15:00+00:00,stop,amd_fvg_h1,golden,opposing_liq,,,,False,,0.0,against,inside,fvg,0.0,against,2,golden,mm_golden,ny_golden,ny,,,False,2,0,,0,False,,,False,0,,,,False,False,False,False,,False,,30.3,10.0,2.0,2.0,high,,True,,,,,,,,m15_range,False,False,,golden,cascade,240T,untested,,1a,5T,ifvg,5T,0,,0,,True,1,5,True,False,1,True,False,True,True,continuation,w_fvg,equal_hl,1.220355,0,26.8,0.0,0.0,0.0,0.0,0.0
GBPUSD,1,-1,1.21703,1.21808,22500,1.21803,1.03261,-437.06249999999807,2022-12-16 08:35:00+00:00,2022-12-16 08:55:00+00:00,stop,amd_fvg_m15,golden,opposing_liq,,,,False,,36.5,against,ahead,ifvg,36.5,against,2,golden,mm_golden,london_golden,london,,,False,1,0,,0,False,,,False,0,,,,False,False,False,False,,False,,18.6,14.0,2.0,5.0,high,,True,,,,,,,,m15_range,False,False,,golden,cascade,,failed,,1a,5T,fvg,60T,0,,0,,True,1,4,True,False,1,True,False,False,True,,,equal_hl,1.2157,0,6.1,0.0,0.0,0.0,0.0,0.0
EURUSD,1,1,1.06364,1.0645999999999998,15625,1.0646399999999998,1.0672284399999998,277.4999999999566,2022-12-19 08:00:00+00:00,2022-12-19 09:20:00+00:00,stop,amd_fvg_m5,momentum,fib_extension,near,ifvg,W,True,240T,17.7,with,behind,ifvg,17.7,with,2,3b,judas,london_judas,london,,,False,4,2,D|240T,1,False,D,D|240T,False,1,D,D,,False,False,True,False,,True,single,12.2,11.0,3.0,3.0,low,1.9,True,2022-12-16 21:00:00+00:00,2022-12-18 23:30:00+00:00,2022-12-19 00:00:00+00:00,2022-12-19 00:00:00+00:00,,,,m15_range,False,False,,golden,,,,,,,,,0,,0,,False,0,4,True,False,0,True,False,True,True,continuation,d1_fvg,equal_hl,1.06604,0,21.4,,100.6,,100.6,100.6
GBPUSD,1,1,1.21499,1.2159399999999998,18000,1.21599,1.23006,316.3499999999282,2022-12-20 08:00:00+00:00,2022-12-20 08:40:00+00:00,stop,mss_fvg_m15,momentum,equal_hl,d3,ifvg,D,True,240T,16.1,with,behind,ifvg,16.1,with,2,2b_ip,judas,london_judas,london,,,False,3,2,D,1,False,D,D|60T,False,0,,D,,False,False,True,False,,True,single,32.9,13.0,2.0,3.0,high,35.2,False,2022-12-19 12:15:00+00:00,2022-12-19 15:15:00+00:00,2022-12-20 03:00:00+00:00,2022-12-20 03:05:00+00:00,False,premium,eqh,m15_range,False,False,confirmed,against,,,,,,,,,0,,0,,False,0,2,True,False,0,False,False,False,True,,,equal_hl,1.222295,0,23.4,74.5,92.7,195.2,297.5,297.5
GBPUSD,1,-1,1.21387,1.21392,22500,1.21387,1.21058,-20.812500000043922,2022-12-21 14:00:00+00:00,2022-12-21 14:05:00+00:00,stop,amd_fvg_m5,judas,pwh_pwl,near,ob,240T,False,,4.9,against,ahead,ifvg,4.9,against,2,1a_ip,judas,ny_judas,ny,,,False,3,1,240T,0,False,240T,,False,0,,,,False,False,True,False,,False,,30.5,14.0,2.0,2.0,high,3.4,True,2022-12-20 19:45:00+00:00,2022-12-20 23:00:00+00:00,2022-12-20 23:15:00+00:00,2022-12-20 23:25:00+00:00,False,discount,eqh,m15_range,False,False,,golden,,,,,,,,,0,,0,,False,0,2,False,False,0,True,False,False,True,,,equal_hl,1.2055099999999999,0,10.4,54.3,55.0,33.9,377.5,1217.0
GBPUSD,1,-1,1.20306,1.20005,14062,1.2020600000000001,1.2,783.0424699999888,2022-12-22 13:30:00+00:00,2022-12-22 14:30:00+00:00,target,amd_fvg_m15,momentum,round_number,near,ifvg,D,False,,0.0,against,inside,ifvg,0.0,against,1,1a_ip,breakout,ny_judas,ny,,,False,3,1,240T,0,False,240T,,False,1,60T,240T,,False,False,False,False,,True,dual,33.5,27.0,2.0,2.0,high,13.0,True,2022-12-22 01:15:00+00:00,2022-12-22 07:45:00+00:00,2022-12-22 08:15:00+00:00,2022-12-22 08:25:00+00:00,False,discount,eqh,m15_range,False,False,,golden,,,,,,,,,0,,0,,False,0,2,False,False,0,True,False,False,True,,,equal_hl,1.19406,0,37.9,,,,269.4,975.1
EURUSD,1,1,1.06144,1.06084,28125,1.06088,1.14948,-312.1874999999656,2022-12-23 12:00:00+00:00,2022-12-23 12:30:00+00:00,stop,amd_ob_m5,golden,opposing_liq,,,,False,,0.0,with,inside,ifvg,0.0,with,2,golden,mm_golden,ny_golden,ny,,,False,4,0,,0,False,,,False,0,,,,False,False,False,False,,False,,10.5,20.0,5.0,4.0,low,,True,,,,,,,,m15_range,False,False,,golden,cascade,240T,failed,,2a,5T,ifvg,15T,0,,0,,True,1,3,False,False,0,True,False,True,True,continuation,breaker,equal_hl,1.06585,0,4.1,0.0,0.0,0.0,0.0,0.0
GBPUSD,1,-1,1.2038,1.2043300000000001,14062,1.20428,1.200515,-137.8779100000368,2022-12-27 12:00:00+00:00,2022-12-27 12:40:00+00:00,stop,amd_fvg_m5,judas,equal_hl,d3,ifvg,D,False,,0.0,against,inside,ifvg,0.0,against,1,1a_h4,judas,ny_judas,ny,,,False,4,1,240T|15T,0,False,240T,,False,1,60T,D,,False,False,True,False,,True,single,20.2,15.0,3.0,3.0,high,13.1,True,2022-12-27 02:15:00+00:00,2022-12-27 05:45:00+00:00,2022-12-27 07:00:00+00:00,2022-12-27 07:10:00+00:00,False,discount,eqh,m15_range,False,False,confirmed,golden,,,,,,,,,0,,0,,False,0,4,True,False,0,True,False,True,True,continuation,breaker,equal_hl,1.19406,0,10.5,,21.0,,217.0,978.9
GBPUSD,1,1,1.20834,1.2082899999999999,14062,1.20834,1.21144992,-13.007350000027449,2022-12-28 12:15:00+00:00,2022-12-28 13:10:00+00:00,stop,amd_fvg_m5,momentum,fib_extension,d3,,,False,,25.7,with,behind,ob,19.5,with,1,2b_ip,breakout,ny_judas,ny,,,False,5,3,D,1,True,D,D|60T,True,0,,,,False,False,True,False,,True,dual,25.6,33.0,4.0,2.0,low,5.3,True,2022-12-27 19:15:00+00:00,2022-12-28 03:15:00+00:00,2022-12-28 03:30:00+00:00,2022-12-28 03:35:00+00:00,True,premium,pdl,m15_range,False,False,,against,,,,,,,,,0,,0,,False,0,2,False,False,0,True,False,False,True,,,equal_hl,1.2089800000000002,0,16.4,,29.6,364.0,364.0,364.0
EURUSD,1,1,1.0653199999999998,1.0652799999999998,22500,1.0653199999999998,1.14948,-16.65000000001665,2022-12-29 13:00:00+00:00,2022-12-29 13:40:00+00:00,stop,amd_fvg_m15,golden,opposing_liq,,,,False,,34.5,with,behind,ifvg,34.5,with,2,golden,mm_golden,ny_golden,ny,,,False,2,0,,0,False,,,False,0,,,,False,False,False,False,,False,,14.5,21.0,4.0,3.0,low,,True,,,,,,,,m15_range,False,False,,golden,cascade,,failed,,2a,15T,fvg,60T,0,,0,,True,1,2,False,False,0,True,False,False,True,,,equal_hl,1.06585,0,10.9,0.0,0.0,0.0,0.0,0.0
GBPUSD,1,-1,1.1999900000000001,1.1990400000000003,22500,1.1989900000000002,1.1920357599999998,395.43749999991024,2023-01-03 08:00:00+00:00,2023-01-03 08:05:00+00:00,stop,amd_fvg_m5,momentum,fib_extension,near,ifvg,D,True,D,0.0,against,inside,ifvg,0.0,against,2,1a,breakout,london_judas,london,,,False,2,0,,0,False,,,False,1,60T,,,False,False,True,False,,True,single,30.8,13.0,2.0,3.0,high,19.5,True,2023-01-02 23:15:00+00:00,2023-01-03 02:15:00+00:00,2023-01-03 03:00:00+00:00,2023-01-03 03:00:00+00:00,False,discount,none,m15_range,False,False,opposing,golden,,,,,,,,,0,,0,,False,0,5,True,True,0,True,False,True,True,continuation,d1_fvg,equal_hl,1.18999,0,41.0,,,9.0,101.0,855.9
NZDUSD,1,-1,0.627965,0.62804,22500,0.627965,0.62427,-31.218750000019668,2023-01-03 08:00:00+00:00,2023-01-03 08:05:00+00:00,stop,amd_fvg_m5,momentum,equal_hl,near,ob,D,False,,115.3,with,behind,ob,35.5,against,2,N-short,breakout,london_judas,london,,,False,4,0,,0,False,,,False,1,60T,,,False,False,True,False,,True,single,29.4,39.0,2.0,2.0,high,32.6,True,2023-01-02 15:15:00+00:00,2023-01-03 01:30:00+00:00,2023-01-03 03:45:00+00:00,2023-01-03 03:45:00+00:00,False,discount,eqh,m15_range,False,False,,,,,,,,,,,0,,0,,False,0,4,True,True,0,True,False,False,True,,,equal_hl,0.62154,0,10.9,,,50.8,125.5,624.6
EURUSD,1,1,1.06077,1.05985,28125,1.05989,1.14948,-478.68750000001666,2023-01-04 12:40:00+00:00,2023-01-04 12:50:00+00:00,stop,amd_ob_m15,golden,opposing_liq,,,,False,,226.1,with,behind,ifvg,226.1,with,2,golden,mm_golden,ny_golden,ny,,,False,4,0,,0,False,,,False,0,,,,False,False,False,False,,False,,33.3,15.0,1.0,2.0,low,,True,,,,,,,,session_range,False,False,,golden,cascade,240T,failed,,2a,5T,ifvg,5T,0,,0,,True,1,4,True,False,0,True,False,True,True,continuation,breaker,equal_hl,1.0630633333333332,0,0.0,0.0,0.0,0.0,0.0,0.0
GBPUSD,1,-1,1.20113,1.2001800000000002,22500,1.2001300000000001,1.03261,395.43749999991024,2023-01-05 13:00:00+00:00,2023-01-05 13:15:00+00:00,stop,amd_fvg_m15,golden,opposing_liq,,,,False,,0.0,against,inside,ifvg,0.0,against,2,golden,mm_golden,ny_golden,ny,,,False,2,0,,0,False,,,False,0,,,,False,False,False,False,,False,,22.7,8.0,2.0,2.0,high,,True,,,,,,,,m15_range,False,False,,golden,cascade,240T,failed,,1a,5T,fvg,60T,0,,0,,True,1,3,False,False,0,True,False,True,True,continuation,d1_fvg,equal_hl,1.20117,0,33.0,0.0,0.0,0.0,0.0,0.0
EURUSD,1,1,1.07328,1.07324,42187,1.07328,1.14948,-31.21838000003122,2023-01-10 09:00:00+00:00,2023-01-10 11:10:00+00:00,stop,amd_ob_m5,golden,opposing_liq,,,,False,,81.5,with,behind,fvg,81.5,with,3,golden,mm_golden,london_golden,london,,,False,4,0,,0,False,,,False,0,,,,False,False,False,False,,False,,33.5,37.0,2.0,3.0,low,,True,,,,,,,,m15_range,False,False,,golden,cascade,240T,failed,,2a,5T,ob2,15T,0,,0,,True,2,4,True,False,0,True,False,True,True,continuation,d1_fvg,equal_hl,1.075985,0,18.8,0.0,0.0,0.0,0.0,0.0
GBPUSD,1,-1,1.21421,1.2112200000000002,6250,1.2132100000000001,1.21117,345.7187499999799,2023-01-10 12:30:00+00:00,2023-01-10 13:40:00+00:00,target,amd_fvg_m5,momentum,swing,near,,,False,,80.4,with,behind,ob,64.2,against,0,1a,breakout,ny_judas,ny,,,False,1,0,,0,False,,,False,0,,,,False,False,False,False,,True,single,34.3,9.0,2.0,1.0,high,-29.0,True,2023-01-10 09:45:00+00:00,2023-01-10 11:45:00+00:00,2023-01-10 12:00:00+00:00,2023-01-10 12:00:00+00:00,False,discount,eqh,session_range,False,False,,golden,,,,,,,,,0,,0,,False,0,3,True,False,0,True,False,False,True,,,equal_hl,1.2121899999999999,0,32.5,,302.3,141.3,302.3,998.1
EURUSD,1,1,1.0727099999999998,1.0736699999999997,28125,1.0737099999999997,1.14948,499.49999999992184,2023-01-11 09:00:00+00:00,2023-01-11 12:10:00+00:00,stop,amd_None,golden,opposing_liq,,,,False,,15.2,with,behind,fvg,15.2,with,2,golden,mm_golden,london_golden,london,,,False,5,0,,0,False,,,False,0,,,,False,False,False,False,,False,,31.8,65.0,3.0,2.0,low,,True,,,,,,,,m15_range,False,False,,golden,cascade,240T,failed,,2a,15T,ifvg,60T,0,,0,,True,1,4,True,False,0,True,False,True,True,continuation,d1_fvg,equal_hl,1.075985,0,27.9,0.0,0.0,0.0,0.0,0.0
EURUSD,1,1,1.0766499999999999,1.07577,33750,1.07581,1.14948,-549.4499999999949,2023-01-12 12:30:00+00:00,2023-01-12 12:40:00+00:00,stop,amd_fvg_m5,golden,opposing_liq,,,,False,,54.6,with,behind,fvg,54.6,with,3,golden,mm_golden,ny_golden,ny,,,False,2,0,,0,False,,,False,0,,,,False,False,False,False,,False,,28.4,56.0,2.0,4.0,low,,True,,,,,,,,m15_range,False,False,,golden,cascade,240T,failed,,2a,15T,ifvg,60T,0,,0,,True,2,2,False,False,0,True,False,True,False,continuation,d1_fvg,,0.0,0,0.0,0.0,0.0,0.0,0.0,0.0
GBPUSD,1,1,1.22056,1.22375992,9000,1.22156,1.22380992,532.7866799999854,2023-01-13 08:00:00+00:00,2023-01-13 08:40:00+00:00,target,amd_fvg_m15,momentum,fib_extension,near,ifvg,D,False,,16.9,against,ahead,ifvg,16.9,against,1,2b,judas,london_judas,london,,,False,3,2,,1,False,,D|240T|60T,False,1,60T,D,,False,False,True,False,,True,single,29.7,16.0,2.0,3.0,low,13.4,True,2023-01-13 00:45:00+00:00,2023-01-13 04:30:00+00:00,2023-01-13 05:30:00+00:00,2023-01-13 05:35:00+00:00,False,premium,eql,m15_range,False,False,confirmed,against,,,,,,,,,0,,0,,False,0,3,True,False,0,True,False,False,True,,,equal_hl,1.223795,0,33.0,27.6,41.9,,241.8,241.8
EURUSD,1,1,1.0854599999999999,1.08445,22500,1.08449,1.14948,-420.41249999998143,2023-01-13 09:00:00+00:00,2023-01-13 09:20:00+00:00,stop,amd_ob_m5,golden,opposing_liq,,,,False,,142.7,with,behind,fvg,142.7,with,2,golden,mm_golden,london_golden,london,,,False,2,0,,0,False,,,False,0,,,,False,False,False,False,,False,,11.2,11.0,2.0,2.0,low,,True,,,,,,,,m15_range,False,False,,golden,cascade,240T,untested,,2a,60T,ifvg,60T,0,,0,,True,1,3,False,False,0,True,False,True,True,continuation,d1_fvg,equal_hl,1.086735,0,5.0,0.0,0.0,0.0,0.0,0.0
EURUSD,1,-1,1.07949,1.07953,9000,1.07949,1.07592,-6.660000000006661,2023-01-13 13:45:00+00:00,2023-01-13 14:05:00+00:00,stop,amd_fvg_h1,momentum,pdh_pdl,near,ifvg,W,True,240T,83.0,against,ahead,fvg,83.0,against,1,3a,breakout,ny_judas,ny,,,False,2,1,,0,True,,,False,1,60T,,,False,False,True,False,,True,single,24.8,29.0,3.0,3.0,high,7.7,True,2023-01-13 00:45:00+00:00,2023-01-13 07:45:00+00:00,2023-01-13 08:45:00+00:00,2023-01-13 08:45:00+00:00,False,discount,eqh,m15_range,False,False,opposing,against,,,,,,,,,0,,0,,False,0,2,False,False,0,True,False,False,True,,,equal_hl,1.072755,0,14.6,,83.9,197.9,313.5,1048.6
GBPUSD,1,-1,1.22198,1.2210300000000003,11250,1.2209800000000002,1.2176764,197.71874999995512,2023-01-16 08:00:00+00:00,2023-01-16 08:20:00+00:00,stop,amd_fvg_m5,momentum,fib_extension,near,,,False,,2.7,with,behind,ifvg,2.7,with,1,1a,breakout,london_judas,london,,W,False,3,0,,0,False,,,False,1,60T,D,,False,False,True,False,,True,dual,33.9,7.0,1.0,2.0,high,-24.9,True,2023-01-16 06:15:00+00:00,2023-01-16 07:45:00+00:00,2023-01-16 08:00:00+00:00,2023-01-16 08:00:00+00:00,,,,session_range,False,False,,golden,,,,,,,,,0,,0,,False,0,3,True,False,0,True,False,False,True,,,equal_hl,1.2157,0,22.1,10.4,132.9,380.0,380.0,930.9
GBPUSD,1,1,1.2220199999999999,1.2209699999999999,22500,1.22102,1.37487,-437.06249999999807,2023-01-17 08:00:00+00:00,2023-01-17 08:55:00+00:00,stop,amd_fvg_m15,golden,opposing_liq,,,,False,,2.3,against,ahead,ifvg,2.3,against,2,golden,mm_golden,london_golden,london,,,False,2,0,,0,False,,,False,0,,,,False,False,False,False,,False,,19.6,13.0,2.0,2.0,low,,True,,,,,,,,m15_range,False,False,,golden,cascade,,failed,,2b,60T,ifvg,60T,0,,0,,True,1,3,True,False,0,True,False,False,True,,,equal_hl,1.222295,0,8.7,0.0,0.0,0.0,0.0,0.0
GBPUSD,1,1,1.23357,1.23252,18000,1.2325700000000002,1.2393718799999998,-349.64999999999844,2023-01-18 08:15:00+00:00,2023-01-18 08:20:00+00:00,stop,amd_fvg_m5,momentum,fib_extension,near,ob,240T,False,,0.0,against,inside,ifvg,0.0,against,2,2b_h4,breakout,london_judas,london,,,False,3,2,240T,1,False,240T,D|240T,False,-1,60T,D,,False,False,True,False,,True,dual,33.2,34.0,2.0,2.0,low,4.3,True,2023-01-17 18:00:00+00:00,2023-01-18 02:15:00+00:00,2023-01-18 02:30:00+00:00,2023-01-18 02:40:00+00:00,False,premium,eql,m15_range,False,False,,against,,,,,,,,,0,,0,,False,0,3,True,False,0,True,False,False,True,,,equal_hl,1.243055,0,2.3,,,,111.7,111.7
NZDUSD,1,1,0.6486550000000001,0.64758,18000,0.6476550000000001,0.6533251,-357.97500000001605,2023-01-18 08:15:00+00:00,2023-01-18 08:55:00+00:00,stop,mss_fvg_m5,momentum,fib_extension,d60,,,False,,160.1,with,behind,ifvg,160.1,with,2,N-long,breakout,london_judas,london,,,False,3,2,240T|60T|15T,1,False,240T,D|240T,False,-1,60T,,,False,False,True,False,,True,single,34.0,7.0,1.0,3.0,high,5.0,False,2023-01-18 06:15:00+00:00,2023-01-18 07:45:00+00:00,2023-01-18 08:15:00+00:00,2023-01-18 08:15:00+00:00,False,premium,none,session_range,False,False,,,,,,,,,,,0,,0,,False,0,1,True,False,0,False,False,False,False,,,,0.0,0,1.9,,,,27.8,27.8
NZDUSD,1,1,0.6488750000000001,0.6488,23437,0.6488750000000001,0.652285,-32.51883750002049,2023-01-30 09:35:00+00:00,2023-01-30 11:25:00+00:00,stop,amd_fvg_m5,judas,equal_hl,d3,,,False,,162.3,with,behind,ifvg,162.3,with,3,N-long,judas,london_judas,london,,,False,5,2,60T,1,False,60T,D,False,-1,60T,240T,,False,False,True,False,,False,,28.7,60.0,2.0,2.0,low,3.8,True,2023-01-27 16:15:00+00:00,2023-01-30 08:00:00+00:00,2023-01-30 08:15:00+00:00,2023-01-30 08:25:00+00:00,,,,m15_range,False,False,,,,,,,,,,,0,,0,,False,0,5,True,True,0,True,False,True,True,continuation,w_fvg,equal_hl,0.64947,0,19.0,16.7,26.3,42.4,42.4,42.4
EURUSD,1,-1,1.0837100000000002,1.0837500000000002,5000,1.0837100000000002,1.07992256,-3.7000000000037003,2023-01-31 08:00:00+00:00,2023-01-31 08:05:00+00:00,stop,amd_ob_m15,momentum,fib_extension,d3,,,False,,2.7,against,behind,ifvg,2.7,against,1,3a,breakout,london_judas,london,,,False,3,1,15T,0,False,15T,240T,False,0,,D,,False,False,True,False,,True,single,8.1,15.0,5.0,2.0,high,6.9,True,2023-01-30 20:45:00+00:00,2023-01-31 00:15:00+00:00,2023-01-31 01:45:00+00:00,2023-01-31 01:45:00+00:00,False,discount,eqh,m15_range,False,False,confirmed,against,,,,,,,,,0,,0,,False,0,4,True,True,0,True,False,False,True,,,equal_hl,1.0802049999999999,0,13.1,5.2,0.3,71.9,355.7,596.3
EURUSD,1,-1,1.07582,1.07224068,5000,1.07482,1.07220068,331.08710000000485,2023-02-06 14:00:00+00:00,2023-02-06 15:45:00+00:00,target,amd_fvg_m5,momentum,fib_extension,near,fvg,W,False,,18.0,against,behind,ifvg,18.0,against,1,1b,breakout,ny_judas,ny,,,False,2,1,60T|15T,0,False,60T,,False,1,D,,,False,False,False,False,,True,single,31.6,12.0,1.0,1.0,high,-5.1,True,2023-02-06 09:00:00+00:00,2023-02-06 11:45:00+00:00,2023-02-06 12:45:00+00:00,2023-02-06 12:45:00+00:00,,,,session_range,False,False,confirmed,against,,,,,,,,,0,,0,,False,0,3,True,False,0,True,False,False,True,,,equal_hl,1.072755,0,36.2,2.6,,,276.8,469.1
GBPUSD,1,1,1.21038,1.2113299999999998,5000,1.21138,1.21373,87.87499999998005,2023-02-09 08:15:00+00:00,2023-02-09 08:20:00+00:00,stop,amd_ob_m5,momentum,swing,d3,ifvg,D,False,,0.0,against,inside,ifvg,0.0,against,1,2b_h4,breakout,london_judas,london,,,False,1,2,60T|15T,1,False,60T,D,False,0,,,,False,False,False,False,,True,single,27.5,26.0,2.0,3.0,low,3.4,True,2023-02-08 18:30:00+00:00,2023-02-09 00:45:00+00:00,2023-02-09 01:00:00+00:00,2023-02-09 01:05:00+00:00,False,premium,eql,m15_range,False,False,confirmed,against,,,,,,,,,0,,0,,False,0,2,False,False,0,True,False,False,True,,,equal_hl,1.2173500000000002,0,22.6,,6.4,344.8,344.8,344.8
GBPUSD,1,1,1.21584,1.2167899999999998,5000,1.21684,1.2195976000000002,87.87499999998005,2023-02-09 13:00:00+00:00,2023-02-09 13:40:00+00:00,stop,amd_fvg_m5,momentum,fib_extension,near,ifvg,D,False,,0.0,against,inside,ifvg,0.0,against,1,2b,breakout,ny_judas,ny,,,False,2,2,60T|15T,1,False,60T,D,False,0,,,,False,False,False,False,,True,single,27.5,26.0,2.0,3.0,low,3.4,True,2023-02-08 18:30:00+00:00,2023-02-09 00:45:00+00:00,2023-02-09 01:00:00+00:00,2023-02-09 01:05:00+00:00,False,premium,eql,m15_range,False,False,,against,,,,,,,,,0,,0,,False,0,2,False,False,0,True,False,False,True,,,equal_hl,1.2193666666666667,0,23.8,,,290.2,290.2,290.2
GBPUSD,1,1,1.21302,1.21197,6250,1.21202,1.21648,-121.40624999999947,2023-02-10 08:00:00+00:00,2023-02-10 08:10:00+00:00,stop,amd_fvg_m5,momentum,swing,near,ifvg,D,True,240T,0.0,against,inside,ifvg,0.0,against,1,2b,judas,london_judas,london,,D,False,2,2,60T,1,False,60T,D,False,1,60T,240T,,False,False,False,False,,True,dual,33.6,34.0,3.0,3.0,low,0.3,True,2023-02-09 19:30:00+00:00,2023-02-10 03:45:00+00:00,2023-02-10 04:00:00+00:00,2023-02-10 04:00:00+00:00,False,premium,eql,m15_range,False,False,,against,,,,,,,,,0,,0,,False,0,2,False,False,0,True,False,False,True,,,equal_hl,1.214315,0,8.8,,64.4,318.4,318.4,318.4
EURUSD,1,-1,1.06926,1.07015,5000,1.07011,1.0650374,-82.32499999998477,2023-02-10 12:30:00+00:00,2023-02-10 14:45:00+00:00,stop,amd_fvg_h1,momentum,fib_extension,d3,fvg,D,True,D,0.0,against,inside,ifvg,0.0,against,1,1b_ip,judas,ny_judas,ny,,,False,3,0,,0,False,,,False,0,,D,,False,False,True,False,,True,dual,32.0,57.0,2.0,5.0,high,3.4,True,2023-02-09 17:45:00+00:00,2023-02-10 07:45:00+00:00,2023-02-10 08:00:00+00:00,2023-02-10 08:05:00+00:00,False,discount,none,m15_range,False,False,,against,,,,,,,,,0,,0,,False,0,2,False,False,0,True,False,False,True,,,equal_hl,1.06739,0,11.5,,24.5,,211.2,265.5
GBPUSD,1,1,1.20616,1.2061099999999998,5000,1.20616,1.20957446,-4.62500000000976,2023-02-13 12:00:00+00:00,2023-02-13 12:10:00+00:00,stop,amd_fvg_m5,momentum,fib_extension,near,ifvg,D,False,,0.0,against,inside,ifvg,0.0,against,1,2b,breakout,ny_judas,ny,,,False,3,2,,1,False,,D,False,-1,60T,D,,False,False,True,False,,True,dual,11.2,15.0,5.0,4.0,low,9.1,True,2023-02-13 02:30:00+00:00,2023-02-13 06:00:00+00:00,2023-02-13 10:15:00+00:00,2023-02-13 10:20:00+00:00,,,,m15_range,False,False,confirmed,against,,,,,,,,,0,,0,,False,0,3,True,False,0,True,False,False,True,,,equal_hl,1.2112075,0,12.7,5.0,133.0,356.7,387.0,387.0
GBPUSD,1,1,1.21671,1.2166599999999999,5000,1.21671,1.22059224,-4.62500000000976,2023-02-14 08:45:00+00:00,2023-02-14 09:10:00+00:00,stop,amd_fvg_m5,momentum,fib_extension,near,fvg,W,False,,0.0,against,inside,ifvg,0.0,against,1,2b,breakout,london_judas,london,,,False,3,2,D|60T|15T,1,False,D,D,False,-1,60T,D,,False,False,True,False,,True,dual,11.2,10.0,3.0,2.0,low,6.3,True,2023-02-13 19:30:00+00:00,2023-02-13 21:45:00+00:00,2023-02-13 22:00:00+00:00,2023-02-13 22:10:00+00:00,False,premium,eql,m15_range,False,False,opposing,against,,,,,,,,,0,,0,,False,0,3,True,False,0,True,False,False,True,,,equal_hl,1.2193666666666667,0,16.7,,,251.2,281.5,281.5
GBPUSD,1,-1,1.20596,1.20251,18750,1.2024599999999999,1.2013556799999998,1196.7187499999836,2023-02-15 12:30:00+00:00,2023-02-15 13:30:00+00:00,stop,amd_fvg_m5,judas,fib_extension,d3,ifvg,D,False,,0.0,with,inside,ifvg,0.0,with,3,1a_h4,judas,ny_judas,ny,,,False,3,1,60T|15T,0,False,60T,,False,-1,D,,,False,False,True,False,,False,,14.8,11.0,3.0,2.0,high,2.1,True,2023-02-15 02:15:00+00:00,2023-02-15 04:45:00+00:00,2023-02-15 05:00:00+00:00,2023-02-15 05:05:00+00:00,False,discount,eqh,m15_range,False,False,confirmed,golden,,,,,,,,,0,,0,,False,0,3,True,False,0,True,False,False,True,,,equal_hl,1.204025,0,53.5,,30.1,30.5,99.8,219.8
GBPUSD,1,-1,1.19241,1.19286,33750,1.19281,1.03261,-280.96875000003837,2023-02-17 08:45:00+00:00,2023-02-17 08:50:00+00:00,stop,amd_fvg_m15,golden,opposing_liq,,,,False,,0.0,against,inside,ifvg,0.0,against,3,golden,mm_golden,london_golden,london,,,False,1,0,,0,False,,,False,0,,,,False,False,False,False,,False,,20.4,8.0,2.0,5.0,high,,True,,,,,,,,m15_range,False,False,,golden,cascade,240T,failed,,1a,5T,ifvg,60T,0,,0,,True,2,2,False,False,0,True,False,True,False,continuation,d1_fvg,,0.0,0,2.3,0.0,0.0,0.0,0.0,0.0
GBPUSD,1,-1,1.2096,1.2096500000000001,22500,1.2096,1.2062368799999998,-20.812500000043922,2023-02-22 08:30:00+00:00,2023-02-22 08:35:00+00:00,stop,amd_fvg_m5,momentum,fib_extension,near,ifvg,D,False,,0.0,with,inside,ifvg,0.0,with,2,1a,breakout,london_judas,london,,,False,3,2,D,-1,False,D,240T,False,-1,60T,,,False,False,True,False,,True,single,29.7,24.0,2.0,2.0,high,1.1,True,2023-02-22 01:45:00+00:00,2023-02-22 07:30:00+00:00,2023-02-22 07:45:00+00:00,2023-02-22 07:50:00+00:00,False,premium,eqh,m15_range,False,False,,golden,,,,,,,,,0,,0,,False,0,3,True,False,0,True,False,False,True,,,equal_hl,1.20515,0,13.1,1.2,111.6,136.2,182.5,256.2
EURUSD,1,-1,1.06031,1.0603500000000001,11250,1.06031,1.0573,-8.325000000008325,2023-02-23 09:00:00+00:00,2023-02-23 12:00:00+00:00,stop,amd_fvg_h1,momentum,swing,d30,ob,D,False,,60.7,with,behind,ob,0.0,against,1,3a,judas,london_judas,london,,,False,3,2,D|240T|60T|15T,-1,False,D,240T|60T,False,0,,240T,,False,False,False,False,,True,dual,28.1,35.0,2.0,2.0,high,0.5,True,2023-02-22 18:45:00+00:00,2023-02-23 06:15:00+00:00,2023-02-23 06:30:00+00:00,2023-02-23 06:30:00+00:00,False,discount,eqh,m15_range,False,False,,against,,,,,,,,,0,,0,,False,0,2,False,False,0,True,False,False,True,,,equal_hl,1.0582850000000001,0,15.9,2.8,5.1,,5.1,121.7
EURUSD,1,-1,1.05875,1.05529,18000,1.05525,1.0545300000000002,1152.1800000000062,2023-02-24 08:00:00+00:00,2023-02-24 14:00:00+00:00,stop,amd_ob_m5,momentum,fib_extension,d30,ob,D,False,,40.0,with,behind,ob,0.0,against,2,1b_ip,breakout,london_judas,london,,,False,2,2,D|240T|60T,-1,False,D,240T|60T,False,0,,,,False,False,True,False,,True,single,30.8,17.0,4.0,3.0,high,1.2,True,2023-02-23 07:30:00+00:00,2023-02-23 12:30:00+00:00,2023-02-23 12:45:00+00:00,2023-02-23 12:55:00+00:00,False,discount,eqh,m15_range,False,False,confirmed,against,,,,,,,,,0,,0,,False,0,2,False,False,0,True,False,False,True,,,equal_hl,1.0582850000000001,0,43.8,,9.4,,9.4,106.1
GBPUSD,1,-1,1.19782,1.19413392,28125,1.1968200000000002,1.19408392,1917.9135000000188,2023-02-24 12:05:00+00:00,2023-02-24 14:10:00+00:00,target,amd_fvg_m5,momentum,fib_extension,near,ifvg,D,False,,0.0,against,inside,ifvg,0.0,against,2,1a_h4,judas,ny_judas,ny,,,True,2,2,D,-1,False,D,240T|60T,False,0,,240T,,False,False,True,False,,True,dual,12.7,13.0,2.0,2.0,high,14.0,True,2023-02-24 03:45:00+00:00,2023-02-24 06:45:00+00:00,2023-02-24 08:30:00+00:00,2023-02-24 08:40:00+00:00,False,discount,eqh,m15_range,False,False,confirmed,golden,,,,,,,,,0,,0,,False,0,3,False,False,0,True,False,True,True,continuation,d1_fvg,equal_hl,1.1963666666666668,0,42.0,,,18.4,64.7,138.4
EURUSD,1,-1,1.05959,1.06063,22500,1.06059,0.95357,-432.8999999999708,2023-02-28 08:15:00+00:00,2023-02-28 08:20:00+00:00,stop,amd_None,golden,opposing_liq,,,,False,,31.6,with,behind,ob,0.0,against,2,golden,mm_golden,london_golden,london,,,False,1,0,,0,False,,,False,0,,,,False,False,False,False,,False,,30.7,31.0,2.0,4.0,high,,True,,,,,,,,m15_range,False,False,,golden,cascade,,failed,,1b,60T,ifvg,60T,0,,0,,True,1,4,True,True,0,True,False,False,True,,,equal_hl,1.05934,0,-0.0,0.0,0.0,0.0,0.0,0.0
GBPUSD,1,-1,1.20256,1.2032,42187,1.20315,1.03261,-499.49407999997965,2023-03-07 08:45:00+00:00,2023-03-07 09:00:00+00:00,stop,amd_ob_m5,golden,opposing_liq,,,,False,,30.9,with,behind,ob,0.0,against,3,golden,mm_golden,london_golden,london,,,False,4,0,,0,False,,,False,0,,,,False,False,False,False,,False,,32.5,24.0,3.0,9.0,high,,True,,,,,,,,session_range,False,False,,golden,cascade,240T,failed,,1a,15T,ifvg,60T,0,,0,,True,2,4,True,False,0,True,False,True,True,continuation,d1_fvg,equal_hl,1.202655,0,0.7,0.0,0.0,0.0,0.0,0.0
EURUSD,1,-1,1.06664,1.06668,14062,1.06664,1.0629700000000002,-10.405880000010407,2023-03-07 09:00:00+00:00,2023-03-07 10:50:00+00:00,stop,amd_fvg_m15,momentum,fib_extension,near,ifvg,240T,True,240T,93.8,against,ahead,ob,35.0,against,1,3a,judas,london_judas,london,,,False,4,2,,-1,False,,D,False,1,60T,,,False,False,False,False,,True,dual,19.6,39.0,4.0,2.0,high,1.2,True,2023-03-06 19:45:00+00:00,2023-03-07 07:15:00+00:00,2023-03-07 07:30:00+00:00,2023-03-07 07:35:00+00:00,True,discount,pdh,m15_range,False,False,,against,,,,,,,,,0,,0,,False,0,3,True,False,0,True,False,False,True,,,equal_hl,1.065535,0,12.2,,74.9,131.4,134.5,185.0
GBPUSD,1,-1,1.1977,1.19852,42187,1.19847,1.1937445599999998,-639.9767900000335,2023-03-07 14:40:00+00:00,2023-03-07 14:50:00+00:00,stop,amd_fvg_m5,momentum,fib_extension,d3,ob,240T,True,240T,79.5,with,behind,ob,0.0,against,3,1a_h4,breakout,ny_judas,ny,,,False,2,2,,-1,False,,D,False,-1,60T,D,,False,False,True,False,,True,dual,33.4,47.0,3.0,3.0,high,16.6,True,2023-03-06 15:15:00+00:00,2023-03-07 06:45:00+00:00,2023-03-07 07:15:00+00:00,2023-03-07 07:25:00+00:00,True,discount,pdh,m15_range,False,False,opposing,golden,,,,,,,,,0,,0,,False,0,4,True,False,0,True,False,True,True,continuation,d1_fvg,equal_hl,1.1964899999999998,0,5.6,2.3,30.5,50.1,63.5,137.2
GBPUSD,1,1,1.21871,1.2186599999999999,22500,1.21871,1.37487,-20.812500000043922,2023-03-20 07:40:00+00:00,2023-03-20 08:10:00+00:00,stop,amd_breaker_m5,golden,opposing_liq,,,,False,,0.0,against,inside,ifvg,0.0,against,2,golden,mm_golden,london_golden,london,,,False,3,0,,0,False,,,False,0,,,,False,False,False,False,,False,,21.5,10.0,2.0,2.0,low,,True,,,,,,,,m15_range,False,False,,golden,cascade,,failed,,2b,5T,fvg,60T,0,,0,,True,1,3,True,False,0,True,False,False,True,,,equal_hl,1.219815,0,16.1,0.0,0.0,0.0,0.0,0.0
GBPUSD,1,1,1.22196,1.2219099999999998,5000,1.22196,1.225,-4.62500000000976,2023-03-20 11:00:00+00:00,2023-03-20 12:15:00+00:00,stop,amd_fvg_m5,judas,round_number,near,ifvg,W,False,,0.8,against,behind,ifvg,0.8,against,1,2b_ip,breakout,ny_judas,ny,,,False,2,2,W|60T,1,False,W,240T|60T,False,0,,,,False,False,False,False,,True,single,21.1,21.0,2.0,3.0,low,4.1,True,2023-03-20 01:45:00+00:00,2023-03-20 06:45:00+00:00,2023-03-20 07:00:00+00:00,2023-03-20 07:00:00+00:00,,,,m15_range,False,False,,against,,,,,,,,,0,,0,,False,0,3,True,False,0,True,False,False,True,,,equal_hl,1.2247400000000002,0,18.0,,,,51.0,229.0
EURUSD,1,1,1.07642,1.07638,9765,1.07642,1.07982664,-7.226100000007227,2023-03-21 11:00:00+00:00,2023-03-21 16:05:00+00:00,stop,amd_fvg_m5,no_open,fib_extension,near,ifvg,W,True,D,2.2,against,ahead,ifvg,2.2,against,1,2a,judas,ny_judas,ny,,,False,4,1,240T,0,False,240T,240T|60T,False,0,,240T,,False,False,False,False,,False,,20.2,45.0,2.0,2.0,low,2.9,True,2023-03-20 14:15:00+00:00,2023-03-21 06:15:00+00:00,2023-03-21 06:30:00+00:00,2023-03-21 06:35:00+00:00,False,premium,eql,m15_range,False,False,confirmed,golden,,,,,,,,,0,,0,,False,0,4,True,False,0,True,False,True,True,continuation,d1_fvg,equal_hl,1.0775033333333333,0,15.7,,,,41.1,269.4
GBPUSD,1,1,1.22685,1.2277999999999998,5000,1.2278499999999999,1.23,87.87499999998005,2023-03-22 08:00:00+00:00,2023-03-22 12:00:00+00:00,stop,amd_fvg_m5,momentum,round_number,d30,ob,D,False,,91.8,with,behind,ob,3.4,against,1,2b_ip,judas,london_judas,london,,,False,2,2,W|60T|15T,1,False,W,240T|60T,False,0,,,,False,False,False,False,,True,single,17.8,17.0,2.0,2.0,low,1.7,True,2023-03-21 19:00:00+00:00,2023-03-22 01:00:00+00:00,2023-03-22 01:15:00+00:00,2023-03-22 01:25:00+00:00,False,premium,eql,m15_range,False,False,confirmed,against,,,,,,,,,0,,0,,False,0,2,False,False,-1,True,False,False,True,,,equal_hl,1.22813,0,25.5,,14.5,,14.5,180.1
GBPUSD,1,-1,1.22846,1.2285100000000002,11250,1.22846,1.2252732600000003,-10.406250000021961,2023-03-23 12:40:00+00:00,2023-03-23 12:45:00+00:00,stop,amd_fvg_m5,no_open,fib_extension,near,ifvg,W,False,,107.9,against,ahead,ob,0.0,with,1,1a_ip,breakout,ny_judas,ny,,D,False,2,2,,-1,False,,D,False,1,60T,D,,False,False,True,False,,False,,20.9,11.0,2.0,2.0,high,14.0,True,2023-03-23 02:45:00+00:00,2023-03-23 05:15:00+00:00,2023-03-23 07:15:00+00:00,2023-03-23 07:25:00+00:00,False,premium,eqh,m15_range,False,False,opposing,golden,,,,,,,,,0,,0,,False,0,4,True,False,1,True,False,False,True,,,equal_hl,1.2265300000000001,0,11.2,21.0,119.0,483.2,483.2,483.2
EURUSD,1,-1,1.08241,1.0814500000000002,9000,1.0814100000000002,1.0767145599999999,159.839999999975,2023-03-24 08:00:00+00:00,2023-03-24 08:05:00+00:00,stop,amd_ob_m5,momentum,fib_extension,near,ifvg,240T,False,,0.0,with,inside,ifvg,0.0,with,1,1b,breakout,london_judas,london,,,False,2,2,D,-1,False,D,D,False,1,D,D,,False,False,True,False,,True,single,15.8,16.0,5.0,4.0,high,1.4,True,2023-03-23 23:00:00+00:00,2023-03-24 02:45:00+00:00,2023-03-24 05:30:00+00:00,2023-03-24 05:40:00+00:00,False,discount,eqh,m15_range,False,False,,against,,,,,,,,,0,,0,,False,0,3,False,False,1,True,False,False,True,,,equal_hl,1.0776075,0,39.1,7.9,121.2,300.9,309.2,309.2
GBPUSD,1,1,1.23265,1.2326,11250,1.23265,1.23614,-10.406250000021961,2023-03-30 07:45:00+00:00,2023-03-30 08:05:00+00:00,stop,amd_ob_m5,momentum,pdh_pdl,near,,,False,,24.2,with,behind,ob,0.0,against,1,2b,judas,london_judas,london,,,False,3,3,W|240T|60T,1,True,W,240T|60T,True,-1,60T,,,False,False,True,False,,True,dual,13.1,12.0,4.0,2.0,low,9.2,True,2023-03-29 20:45:00+00:00,2023-03-30 01:30:00+00:00,2023-03-30 02:00:00+00:00,2023-03-30 02:10:00+00:00,True,premium,pdl,m15_range,False,False,confirmed,against,,,,,,,,,0,,0,,False,0,2,False,False,0,True,False,False,True,,,equal_hl,1.2338900000000002,0,14.9,,35.9,,35.9,122.1
GBPUSD,1,-1,1.23797,1.2370200000000002,14062,1.2369700000000001,1.2346,247.1396499999439,2023-03-31 08:15:00+00:00,2023-03-31 09:15:00+00:00,stop,amd_ob_m15,momentum,pdh_pdl,near,,,False,,77.4,against,ahead,ifvg,77.4,against,1,1a_ip,judas,london_judas,london,,D,False,3,2,,-1,False,,D,False,1,60T,D,,False,False,True,False,,True,dual,27.2,24.0,2.0,2.0,high,30.1,True,2023-03-30 14:30:00+00:00,2023-03-31 01:15:00+00:00,2023-03-31 02:30:00+00:00,2023-03-31 02:30:00+00:00,True,premium,pdh,m15_range,False,False,,golden,,,,,,,,,0,,0,,False,0,2,False,False,0,True,False,False,True,,,equal_hl,1.2341866666666668,0,22.4,0.6,100.0,371.0,578.3,578.3
EURUSD,1,1,1.0852199999999999,1.0904619599999998,11250,1.08872,1.0905019599999999,1090.982924999998,2023-04-03 11:00:00+00:00,2023-04-04 00:00:00+00:00,target,amd_fvg_m15,momentum,fib_extension,near,,,False,,34.5,with,behind,fvg,34.5,with,1,3b,breakout,ny_judas,ny,,,False,3,1,,0,False,,240T,False,-1,60T,D,,False,False,True,False,,True,dual,25.9,17.0,2.0,4.0,low,2.6,True,2023-04-03 00:30:00+00:00,2023-04-03 04:30:00+00:00,2023-04-03 04:45:00+00:00,2023-04-03 04:55:00+00:00,,,,m15_range,False,False,,golden,,,,,,,,,0,,0,,False,0,5,True,True,0,True,False,True,True,continuation,d1_fvg,equal_hl,1.08728,0,53.7,,74.9,78.3,78.3,181.4
EURUSD,2,1,1.08684,1.0904619599999998,9000,1.08784,1.0905019599999999,603.0563399999689,2023-04-03 11:50:00+00:00,2023-04-04 00:00:00+00:00,target,pyramid_im0.8_fvg_m15,no_open,fib_extension,near,,,False,,34.5,with,behind,fvg,34.5,with,1,3b,breakout,ny_judas,ny,,,False,3,1,,0,False,,240T,False,-1,60T,D,,False,False,True,False,,True,dual,25.9,17.0,2.0,4.0,low,2.6,True,2023-04-03 00:30:00+00:00,2023-04-03 04:30:00+00:00,2023-04-03 04:45:00+00:00,2023-04-03 04:55:00+00:00,,,,m15_range,False,False,,golden,,,,,,,,,0,,0,,False,0,5,True,True,0,True,False,True,True,continuation,d1_fvg,equal_hl,1.08728,0,37.5,,74.9,78.3,78.3,181.4
GBPUSD,1,1,1.24258,1.24643,11250,1.24358,1.24648,801.2812499999811,2023-04-04 08:00:00+00:00,2023-04-04 08:45:00+00:00,target,amd_fvg_m5,momentum,fib_extension,d60,ifvg,W,False,,123.5,with,behind,ifvg,123.5,with,0,2b,breakout,london_judas,london,,,False,1,2,W|240T|15T,1,False,W,240T,False,-1,60T,D,,False,False,True,False,,True,dual,32.6,27.0,3.0,5.0,low,1.3,True,2023-04-03 00:15:00+00:00,2023-04-03 06:45:00+00:00,2023-04-03 07:00:00+00:00,2023-04-03 07:10:00+00:00,True,premium,pdl,m15_range,False,False,,against,,,,,,,,,0,,0,,False,0,3,True,True,0,True,False,False,False,,,,0.0,0,45.1,0.2,,,,5.4
GBPUSD,1,1,1.2468299999999999,1.2467799999999998,28125,1.2468299999999999,1.37487,-26.0156250000549,2023-04-06 08:00:00+00:00,2023-04-06 09:00:00+00:00,stop,amd_fvg_m5,golden,opposing_liq,,,,False,,36.0,with,behind,fvg,36.0,with,2,golden,mm_golden,london_golden,london,,,False,4,0,,0,False,,,False,0,,,,False,False,False,False,,False,,19.0,19.0,3.0,2.0,low,,True,,,,,,,,m15_range,False,False,,golden,own_ob,,respected,15T,2b,15T,ob,60T,0,,0,,True,2,1,False,False,0,True,False,False,False,,,,0.0,0,18.4,0.0,0.0,0.0,0.0,0.0
EURUSD,1,-1,1.08856,1.0886,22500,1.08856,1.0852857599999999,-16.65000000001665,2023-04-10 13:00:00+00:00,2023-04-10 13:05:00+00:00,stop,amd_fvg_m5,no_open,fib_extension,d3,fvg,D,True,D,2.8,against,ahead,fvg,2.8,against,2,3a,breakout,ny_judas,ny,,,False,2,2,,-1,False,,D,False,0,,240T,,False,False,True,False,,False,,34.9,78.0,2.0,2.0,high,18.1,True,2023-04-05 17:15:00+00:00,2023-04-06 15:30:00+00:00,2023-04-06 17:30:00+00:00,2023-04-06 17:30:00+00:00,,,,m15_range,False,False,confirmed,against,,,,,,,,,0,,0,,False,0,3,True,False,0,True,False,False,True,,,equal_hl,1.083855,0,20.5,0.1,2.0,141.6,370.7,370.7
EURUSD,1,1,1.0894599999999999,1.0904199999999997,15625,1.0904599999999998,1.092595,277.4999999999566,2023-04-11 08:05:00+00:00,2023-04-11 13:00:00+00:00,stop,amd_ob_m5,momentum,equal_hl,d3,ifvg,W,False,,11.8,with,behind,fvg,11.8,with,2,3b,judas,london_judas,london,,,False,6,1,240T,0,False,240T,240T,False,0,,,,False,False,True,False,,False,,32.6,67.0,4.0,2.0,low,53.5,True,2023-04-06 20:45:00+00:00,2023-04-10 12:15:00+00:00,2023-04-10 16:45:00+00:00,2023-04-10 16:55:00+00:00,False,premium,eql,m15_range,False,False,opposing,golden,,,,,,,,,0,,0,,False,0,4,True,False,0,True,False,True,True,inside,d1_fvg,equal_hl,1.0910066666666667,0,25.1,,26.9,32.5,76.4,139.0
GBPUSD,1,-1,1.24224,1.24329,22500,1.24324,1.03261,-437.06249999999807,2023-04-12 07:30:00+00:00,2023-04-12 07:50:00+00:00,stop,amd_fvg_m5,golden,opposing_liq,,,,False,,27.7,against,ahead,fvg,27.7,against,2,golden,mm_golden,london_golden,london,,,False,3,0,,0,False,,,False,0,,,,False,False,False,False,,False,,19.2,30.0,5.0,3.0,high,,True,,,,,,,,m15_range,False,False,,golden,cascade,,failed,,1a,60T,ifvg,60T,0,,0,,True,1,3,True,False,0,True,False,False,True,,,equal_hl,1.241645,0,1.1,0.0,0.0,0.0,0.0,0.0
EURUSD,1,1,1.09982,1.10323,6250,1.10332,1.10327,394.28124999998994,2023-04-13 08:10:00+00:00,2023-04-14 01:00:00+00:00,target,amd_fvg_m5,momentum,ith_liquidity,d60,ob,W,False,,115.4,with,behind,ifvg,115.4,with,1,3b,breakout,london_judas,london,,,False,2,2,60T,0,True,60T,240T,True,0,,,,False,False,True,False,,True,single,15.4,19.0,2.0,3.0,low,6.0,True,2023-04-13 03:00:00+00:00,2023-04-13 07:30:00+00:00,2023-04-13 07:45:00+00:00,2023-04-13 07:55:00+00:00,False,premium,eql,m15_range,False,False,opposing,golden,,,,,,,,,0,,0,,False,0,2,False,False,0,True,False,True,False,continuation,d1_fvg,,0.0,0,59.1,7.6,1.5,,1.5,29.3
GBPUSD,1,-1,1.24974,1.2462900000000001,22500,1.24624,1.03261,1436.0624999999804,2023-04-14 12:15:00+00:00,2023-04-14 15:00:00+00:00,stop,amd_fvg_m5,golden,opposing_liq,,,,False,,20.0,against,ahead,fvg,20.0,against,2,golden,mm_golden,ny_golden,ny,,,False,3,0,,0,False,,,False,0,,,,False,False,False,False,,False,,25.8,13.0,3.0,3.0,high,,True,,,,,,,,m15_range,False,False,,golden,own_ob,,respected,15T,1a,15T,ob,5T,0,,0,,True,2,3,True,False,0,True,False,False,True,,,equal_hl,1.2432699999999999,0,58.2,0.0,0.0,0.0,0.0,0.0
GBPUSD,1,1,1.24089,1.2441799999999998,11250,1.24189,1.24423,684.731249999957,2023-04-18 07:45:00+00:00,2023-04-18 09:50:00+00:00,target,amd_fvg_m5,momentum,swing,near,ifvg,W,True,240T,7.4,against,ahead,ifvg,7.4,against,0,2b,breakout,london_judas,london,,,False,5,2,W|15T,1,False,W,240T,False,0,,,,False,False,False,False,,True,single,34.3,9.0,2.0,3.0,low,21.0,True,2023-04-17 09:15:00+00:00,2023-04-17 11:15:00+00:00,2023-04-17 17:45:00+00:00,2023-04-17 17:55:00+00:00,False,premium,eql,m15_range,False,False,,against,,,,,,,,,0,,0,,False,0,3,True,False,0,True,False,False,True,,,equal_hl,1.2421300000000002,0,34.1,,138.0,117.1,138.0,138.0
EURUSD,1,-1,1.0947500000000001,1.09579,14062,1.09575,1.09156,-270.55287999998177,2023-04-19 07:20:00+00:00,2023-04-19 07:45:00+00:00,stop,amd_fvg_m5,momentum,swing,near,ob,D,True,240T,35.3,with,behind,ob,30.4,against,0,1b,breakout,london_judas,london,,,False,6,1,60T,0,False,60T,60T,False,0,,240T,,False,False,False,False,,True,single,13.5,14.0,3.0,2.0,high,8.7,True,2023-04-18 17:30:00+00:00,2023-04-18 23:45:00+00:00,2023-04-19 02:00:00+00:00,2023-04-19 02:00:00+00:00,False,premium,eqh,m15_range,False,False,confirmed,against,,,,,,,,,0,,0,,False,0,3,True,False,0,True,False,False,True,,,equal_hl,1.09241,0,1.2,,36.8,160.2,432.6,432.6
EURUSD,1,1,1.09628,1.09536,35156,1.0954,1.0993,-598.3551200000207,2023-04-20 07:00:00+00:00,2023-04-20 08:15:00+00:00,stop,amd_ob_m5,momentum,fib_extension,near,ifvg,D,True,D,20.0,against,ahead,ifvg,20.0,against,2,3b,breakout,london_judas,london,,,False,5,2,D|15T,1,False,D,240T,False,0,,240T,,False,False,True,False,,True,single,25.2,16.0,2.0,3.0,low,3.7,True,2023-04-19 15:15:00+00:00,2023-04-20 00:00:00+00:00,2023-04-20 00:30:00+00:00,2023-04-20 00:30:00+00:00,False,premium,eql,m15_range,False,False,,golden,,,,,,,,,0,,0,,False,0,3,False,False,0,True,False,True,True,continuation,pdhl,equal_hl,1.09698,0,10.2,,37.8,8.2,113.9,113.9
GBPUSD,1,-1,1.24266,1.2395099200000002,28125,1.2416600000000002,1.23945992,1639.025999999971,2023-04-21 07:15:00+00:00,2023-04-21 08:30:00+00:00,target,amd_ob_m5,momentum,fib_extension,near,ifvg,D,True,240T,0.0,with,inside,ifvg,0.0,with,2,1a,breakout,london_judas,london,,,False,5,1,240T|15T,0,False,240T,,False,1,60T,,,False,False,True,False,,True,dual,8.5,10.0,3.0,3.0,high,28.6,True,2023-04-20 04:15:00+00:00,2023-04-20 06:30:00+00:00,2023-04-20 13:45:00+00:00,2023-04-20 13:55:00+00:00,False,discount,eqh,m15_range,False,False,,golden,,,,,,,,,0,,0,,False,0,4,True,False,0,True,False,True,True,continuation,ob,equal_hl,1.23669,0,35.7,,60.4,153.6,326.1,625.2
EURUSD,1,1,1.09761,1.0971,33750,1.09714,1.14948,-318.43125000000657,2023-04-24 08:00:00+00:00,2023-04-24 08:05:00+00:00,stop,amd_breaker_m15,golden,opposing_liq,,,,False,,93.3,with,behind,ob,59.0,with,3,golden,mm_golden,london_golden,london,,,False,2,0,,0,False,,,False,0,,,,False,False,False,False,,False,,24.9,48.0,2.0,3.0,low,,True,,,,,,,,m15_range,False,False,,golden,own_ob,240T,respected,15T,2a,15T,ob,15T,0,,0,,True,3,4,True,False,0,True,False,True,True,continuation,d1_fvg,equal_hl,1.09839,0,0.0,0.0,0.0,0.0,0.0,0.0
EURUSD,1,-1,1.1032000000000002,1.10424,11250,1.1042,1.09936,-216.4499999999854,2023-04-25 08:00:00+00:00,2023-04-25 10:00:00+00:00,stop,amd_ob_m5,momentum,pdh_pdl,near,fvg,240T,False,,149.2,against,ahead,ob,114.9,against,0,3a,breakout,london_judas,london,,240T,False,4,0,,0,False,,,False,0,,D,,False,False,True,False,,True,single,16.4,15.0,3.0,3.0,high,9.3,True,2023-04-24 18:45:00+00:00,2023-04-25 01:15:00+00:00,2023-04-25 02:15:00+00:00,2023-04-25 02:25:00+00:00,False,premium,eqh,m15_range,False,False,,against,,,,,,,,,0,,0,,False,0,3,True,False,0,True,False,False,True,,,equal_hl,1.098745,0,7.5,,94.9,195.6,329.1,517.1
EURUSD,1,-1,1.09827,1.09895,9000,1.09891,1.095,-113.22000000000232,2023-04-28 12:45:00+00:00,2023-04-28 20:00:00+00:00,stop,amd_ob_m5,no_open,round_number,d3,,,False,,99.9,against,ahead,ob,65.6,against,1,1b,breakout,ny_judas,ny,,,False,2,1,60T|15T,0,False,60T,,False,1,60T,,,False,False,False,False,,False,,29.0,23.0,3.0,4.0,high,1.7,True,2023-04-28 02:00:00+00:00,2023-04-28 07:30:00+00:00,2023-04-28 07:45:00+00:00,2023-04-28 07:55:00+00:00,False,discount,eqh,m15_range,False,False,confirmed,against,,,,,,,,,0,,0,,False,0,2,False,False,0,True,False,False,True,,,equal_hl,1.09704,0,10.4,,19.5,146.3,270.5,467.8
EURUSD,1,-1,1.0997400000000002,1.10078,11250,1.10074,1.09658,-216.4499999999854,2023-05-01 07:15:00+00:00,2023-05-01 15:00:00+00:00,stop,amd_ob_m5,momentum,swing,d3,,,True,240T,114.6,against,ahead,ob,80.3,against,0,3a,breakout,london_judas,london,,,False,5,1,15T,0,False,15T,60T,False,0,,,,False,False,False,False,,True,single,29.0,23.0,3.0,4.0,high,10.3,True,2023-04-28 02:00:00+00:00,2023-04-28 07:30:00+00:00,2023-04-28 16:30:00+00:00,2023-04-28 16:40:00+00:00,,,,m15_range,False,False,opposing,against,,,,,,,,,0,,0,,False,0,4,True,True,0,True,False,False,True,,,equal_hl,1.0989200000000001,0,9.2,,26.0,86.7,253.4,482.5
GBPUSD,1,1,1.26192,1.2618699999999998,22500,1.26192,1.37487,-20.812500000043922,2023-05-05 07:35:00+00:00,2023-05-05 08:05:00+00:00,stop,amd_fvg_m5,golden,opposing_liq,,,,False,,70.7,with,behind,fvg,70.7,with,2,golden,mm_golden,london_golden,london,,,False,1,0,,0,False,,,False,0,,,,False,False,False,False,,False,,33.5,21.0,3.0,2.0,low,,True,,,,,,,,m15_range,False,False,,golden,own_ob,,respected,15T,2b,15T,ob,60T,0,,0,,True,2,2,False,False,1,True,False,False,False,,,,0.0,0,14.8,0.0,0.0,0.0,0.0,0.0
EURUSD,1,-1,1.09861,1.0986500000000001,22500,1.09861,1.09507,-16.65000000001665,2023-05-09 08:15:00+00:00,2023-05-09 09:05:00+00:00,stop,amd_breaker_m5,momentum,fib_extension,d3,,,False,,103.3,against,ahead,ob,69.0,against,2,3a,judas,london_judas,london,,,False,3,0,,0,False,,,False,1,60T,D,,False,False,True,False,,True,single,32.0,31.0,3.0,2.0,high,3.0,True,2023-05-08 01:15:00+00:00,2023-05-08 08:45:00+00:00,2023-05-08 09:00:00+00:00,2023-05-08 09:00:00+00:00,True,discount,pdh,m15_range,False,False,,against,,,,,,,,,0,,0,,False,0,3,True,False,0,True,False,False,True,,,equal_hl,1.0974266666666666,0,13.4,2.1,20.3,22.9,149.7,471.2
EURUSD,1,-1,1.09609,1.09613,12500,1.09609,1.09201,-9.250000000009251,2023-05-09 13:00:00+00:00,2023-05-09 19:00:00+00:00,stop,amd_fvg_m5,momentum,fib_extension,near,ob,D,False,,78.1,against,ahead,ob,43.8,against,2,1b_h4,judas,ny_judas,ny,,,True,2,0,,0,False,,,False,1,60T,D,,False,False,True,False,,True,single,32.0,31.0,3.0,2.0,high,3.0,True,2023-05-08 01:15:00+00:00,2023-05-08 08:45:00+00:00,2023-05-08 09:00:00+00:00,2023-05-08 09:00:00+00:00,True,discount,pdh,m15_range,False,False,,against,,,,,,,,,0,,0,,False,0,3,True,False,0,True,False,False,True,,,equal_hl,1.09457,0,11.7,,,,124.5,446.0
EURUSD,1,-1,1.09731,1.0963500000000002,12500,1.0963100000000001,1.09418,221.9999999999653,2023-05-11 07:05:00+00:00,2023-05-11 07:30:00+00:00,stop,amd_ob_m5,momentum,equal_hl,near,,,False,,27.6,with,behind,ifvg,27.6,with,2,1b,judas,london_judas,london,,,False,3,1,,0,False,,60T,False,1,60T,240T,,False,False,True,False,,True,single,24.2,21.0,3.0,2.0,high,9.8,True,2023-05-10 15:30:00+00:00,2023-05-11 01:30:00+00:00,2023-05-11 02:15:00+00:00,2023-05-11 02:15:00+00:00,False,discount,eqh,m15_range,False,False,,against,,,,,,,,,0,,0,,False,0,2,False,False,0,True,False,False,True,,,equal_hl,1.09297,0,23.1,0.5,32.6,9.9,136.7,458.2
EURUSD,1,1,1.0867399999999998,1.0866999999999998,14062,1.0867399999999998,1.09,-10.405880000010407,2023-05-15 07:00:00+00:00,2023-05-15 09:55:00+00:00,stop,amd_ob_m15,momentum,round_number,near,fvg,D,True,240T,0.0,with,inside,ifvg,0.0,with,0,3b,breakout,london_judas,london,D,,False,2,2,D|15T,1,False,D,,False,0,,,,False,False,False,False,,True,single,15.4,14.0,2.0,3.0,low,0.2,True,2023-05-12 16:15:00+00:00,2023-05-12 21:30:00+00:00,2023-05-12 21:45:00+00:00,2023-05-12 21:55:00+00:00,,,,m15_range,False,False,,golden,,,,,,,,,0,,0,,False,0,4,True,False,0,True,False,True,True,inside,d1_fvg,equal_hl,1.089165,0,12.7,,131.6,225.2,225.2,225.2
GBPUSD,1,1,1.24786,1.2514899999999998,18000,1.2488599999999999,1.2515399999999999,1208.7899999999333,2023-05-15 08:00:00+00:00,2023-05-15 14:55:00+00:00,target,mss_fvg_m15,momentum,fib_extension,near,ifvg,240T,True,240T,0.0,against,inside,fvg,0.0,against,2,2b_ip,judas,london_judas,london,,,False,3,2,W|D,1,False,W,,False,0,,,,False,False,True,False,,True,single,19.2,32.0,3.0,2.0,high,13.8,False,2023-05-11 21:00:00+00:00,2023-05-12 06:45:00+00:00,2023-05-12 08:15:00+00:00,2023-05-12 08:20:00+00:00,,,,m15_range,False,False,confirmed,against,,,,,,,,,0,,0,,False,0,2,True,False,0,False,False,False,True,,,equal_hl,1.2489133333333333,0,40.7,,162.7,174.6,199.7,199.7
GBPUSD,1,-1,1.2457,1.2423939200000003,11250,1.2447000000000001,1.2423439200000002,688.0778999999516,2023-05-17 08:15:00+00:00,2023-05-17 08:55:00+00:00,target,amd_fvg_m15,momentum,fib_extension,d3,ob,D,False,,0.0,against,inside,fvg,0.0,against,1,1a,breakout,london_judas,london,,,False,3,1,240T,0,False,240T,240T,False,1,60T,D,,False,False,True,False,,True,single,18.4,37.0,3.0,2.0,high,13.4,True,2023-05-15 18:30:00+00:00,2023-05-16 06:30:00+00:00,2023-05-16 10:00:00+00:00,2023-05-16 10:05:00+00:00,False,discount,eqh,m15_range,False,False,confirmed,golden,,,,,,,,,0,,0,,False,0,4,True,False,0,True,False,True,True,continuation,breaker,equal_hl,1.2416099999999999,0,35.8,,14.8,22.2,105.2,655.6
EURUSD,1,-1,1.0821,1.07907,18000,1.0786,1.07903,1008.9900000000293,2023-05-18 08:15:00+00:00,2023-05-18 20:00:00+00:00,target,amd_fvg_h1,momentum,fib_extension,d30,ob,240T,False,,3.3,against,ahead,ifvg,3.3,against,2,3a,breakout,london_judas,london,,,False,3,2,240T|60T|15T,0,True,240T,240T|60T,False,0,,,,False,False,True,False,,True,dual,9.7,18.0,2.0,4.0,high,3.5,True,2023-05-17 18:45:00+00:00,2023-05-18 02:00:00+00:00,2023-05-18 02:15:00+00:00,2023-05-18 02:25:00+00:00,False,discount,eqh,m15_range,False,False,,against,,,,,,,,,0,,0,,False,0,3,True,False,0,True,False,False,True,,,equal_hl,1.0763600000000002,0,55.1,,7.2,,7.2,306.1
EURUSD,1,-1,1.07759,1.07863,11250,1.07859,1.0730000000000002,-216.4499999999854,2023-05-23 12:00:00+00:00,2023-05-24 06:55:00+00:00,stop,amd_fvg_m5,no_open,fib_extension,d30,ifvg,D,True,D,16.9,against,ahead,ifvg,16.9,against,1,1b_h4,breakout,ny_judas,ny,,240T,False,1,1,,0,False,,240T,False,0,,D,,False,False,True,False,,False,,34.3,69.0,2.0,2.0,high,-16.9,True,2023-05-22 04:00:00+00:00,2023-05-23 04:00:00+00:00,2023-05-23 07:45:00+00:00,2023-05-23 07:45:00+00:00,True,discount,pdh,session_range,False,False,,against,,,,,,,,,0,,0,,False,0,3,True,False,0,True,False,False,True,,,equal_hl,1.0761825,0,9.5,,16.8,,16.8,261.0
GBPUSD,1,-1,1.24248,1.2425300000000001,22500,1.24248,1.03261,-20.812500000043922,2023-05-24 08:35:00+00:00,2023-05-24 09:10:00+00:00,stop,amd_fvg_m15,golden,opposing_liq,,,,False,,30.1,against,ahead,ifvg,30.1,against,2,golden,mm_golden,london_golden,london,,,False,3,0,,0,False,,,False,0,,,,False,False,False,False,,False,,30.8,44.0,2.0,2.0,high,,True,,,,,,,,m15_range,False,False,,golden,cascade,240T,failed,,1a,5T,ifvg,60T,0,,0,,True,1,3,False,False,0,True,False,True,True,continuation,breaker,equal_hl,1.2417349999999998,0,22.9,0.0,0.0,0.0,0.0,0.0
GBPUSD,1,-1,1.23831,1.2383600000000001,28125,1.23831,1.23528,-26.0156250000549,2023-05-24 11:00:00+00:00,2023-05-24 13:00:00+00:00,stop,amd_fvg_m5,momentum,itl_liquidity,d30,ifvg,D,True,D,0.0,against,inside,ifvg,0.0,against,2,1a,breakout,ny_judas,ny,,,False,5,1,240T|60T,0,False,240T,240T|60T,False,0,,,,False,False,True,False,,True,dual,30.8,44.0,2.0,2.0,high,30.2,True,2023-05-23 16:00:00+00:00,2023-05-24 06:45:00+00:00,2023-05-24 07:30:00+00:00,2023-05-24 07:40:00+00:00,False,discount,vah,m15_range,False,False,confirmed,golden,,,,,,,,,0,,0,,False,0,3,False,False,0,True,False,True,True,continuation,breaker,equal_hl,1.2366975,0,19.3,,7.8,,17.5,374.4
GBPUSD,1,1,1.2351,1.23405,22500,1.2341000000000002,1.23867,-437.06249999999807,2023-05-26 08:15:00+00:00,2023-05-26 08:40:00+00:00,stop,amd_ob_m5,momentum,pdh_pdl,near,,,False,,48.7,with,behind,ifvg,48.7,with,2,2b_ip,judas,london_judas,london,,,False,4,2,W|D|15T,1,False,W,,False,0,,,,False,False,True,False,,True,single,9.4,10.0,2.0,2.0,low,5.1,True,2023-05-25 19:30:00+00:00,2023-05-25 23:45:00+00:00,2023-05-26 01:15:00+00:00,2023-05-26 01:15:00+00:00,False,premium,eql,m15_range,False,False,confirmed,against,,,,,,,,,0,,0,,False,0,3,True,False,0,True,False,False,True,,,equal_hl,1.2390949999999998,0,1.8,,119.1,327.3,327.3,327.3
GBPUSD,1,1,1.23782,1.23677,18000,1.23682,1.2429746600000002,-349.64999999999844,2023-05-26 12:00:00+00:00,2023-05-26 14:05:00+00:00,stop,amd_fvg_m5,no_open,fib_extension,near,ob,240T,True,240T,75.9,with,behind,ifvg,75.9,with,2,2b_ip,breakout,ny_judas,ny,,,False,2,2,W|D|15T,1,False,W,,False,0,,,,False,False,True,False,,False,,9.4,10.0,2.0,2.0,low,5.1,True,2023-05-25 19:30:00+00:00,2023-05-25 23:45:00+00:00,2023-05-26 01:15:00+00:00,2023-05-26 01:15:00+00:00,False,premium,eql,m15_range,False,False,confirmed,against,,,,,,,,,0,,0,,False,0,3,True,False,0,True,False,False,True,,,equal_hl,1.2390949999999998,0,17.0,,91.9,300.1,300.1,300.1
EURUSD,1,1,1.07412,1.07324,11250,1.07328,1.07738,-183.14999999999833,2023-05-29 07:00:00+00:00,2023-05-29 08:00:00+00:00,stop,amd_ob_m5,momentum,swing,d3,,,True,D,14.4,against,ahead,ifvg,14.4,against,0,3b,breakout,london_judas,london,,,False,3,1,15T,0,False,15T,,False,-1,60T,,,False,False,False,False,,True,single,33.0,44.0,2.0,3.0,low,22.4,True,2023-05-26 02:00:00+00:00,2023-05-26 13:45:00+00:00,2023-05-26 16:15:00+00:00,2023-05-26 16:20:00+00:00,,,,m15_range,False,False,confirmed,golden,,,,,,,,,0,,0,,False,0,4,True,True,0,True,False,False,True,,,equal_hl,1.07564,0,2.2,,16.9,164.3,351.4,351.4
GBPUSD,1,1,1.2427,1.24165,28125,1.2417,1.24691,-546.3281249999976,2023-05-30 11:00:00+00:00,2023-05-30 11:05:00+00:00,stop,amd_fvg_m5,momentum,ith_liquidity,near,ifvg,240T,False,,113.2,against,ahead,ifvg,113.2,against,2,2b_h4,breakout,ny_judas,ny,,,False,3,2,W|D|15T,1,False,W,,False,-1,60T,240T,,False,False,True,False,,True,dual,33.1,46.0,2.0,2.0,low,8.1,True,2023-05-29 08:00:00+00:00,2023-05-30 02:15:00+00:00,2023-05-30 07:00:00+00:00,2023-05-30 07:10:00+00:00,True,premium,pdl,m15_range,False,False,,against,,,,,,,,,0,,0,,False,0,4,True,True,0,True,False,False,True,,,equal_hl,1.244426,0,0.0,,,120.1,251.3,251.3
GBPUSD,1,1,1.26482,1.26795,9000,1.26582,1.268,521.1449999999759,2023-06-14 13:00:00+00:00,2023-06-14 15:00:00+00:00,target,amd_fvg_h1,momentum,round_number,d60,ifvg,W,False,,114.4,with,behind,fvg,114.4,with,1,2b,breakout,ny_judas,ny,,,False,3,2,240T,1,False,240T,W|240T|60T,False,0,,,,False,False,False,False,,True,single,10.6,13.0,8.0,2.0,low,4.5,True,2023-06-14 03:00:00+00:00,2023-06-14 06:00:00+00:00,2023-06-14 06:30:00+00:00,2023-06-14 06:30:00+00:00,False,premium,eql,m15_range,False,False,,against,,,,,,,,,0,,0,,False,0,2,True,False,-1,True,False,False,False,,,,0.0,0,35.8,2.3,,,30.1,30.1
GBPUSD,1,1,1.2788,1.2797499999999997,22500,1.2797999999999998,1.37487,395.43749999991024,2023-06-16 07:00:00+00:00,2023-06-16 07:20:00+00:00,stop,amd_fvg_h1,golden,opposing_liq,,,,False,,158.8,with,behind,fvg,158.8,with,2,golden,mm_golden,london_golden,london,,,False,2,0,,0,False,,,False,0,,,,False,False,False,False,,False,,15.5,14.0,2.0,3.0,low,,True,,,,,,,,m15_range,False,False,,golden,own_ob,,respected,15T,2b,15T,ob,60T,0,,0,,True,2,2,False,False,1,True,False,False,False,,,,0.0,0,25.1,0.0,0.0,0.0,0.0,0.0
NZDUSD,1,1,0.619325,0.61825,9000,0.618325,0.62249,-178.98750000000803,2023-06-20 08:30:00+00:00,2023-06-20 10:15:00+00:00,stop,amd_fvg_m15,momentum,swing,near,ifvg,D,True,D,0.0,against,inside,ifvg,0.0,against,1,N-long,judas,london_judas,london,,,False,3,2,,1,False,,W|240T|60T,False,-1,60T,,,False,False,False,False,,True,single,30.5,43.0,5.0,2.0,low,14.5,True,2023-06-19 11:45:00+00:00,2023-06-20 05:15:00+00:00,2023-06-20 06:15:00+00:00,2023-06-20 06:20:00+00:00,False,discount,eql,m15_range,False,False,,,,,,,,,,,0,,0,,False,0,4,True,False,0,True,False,True,True,inside,d1_fvg,equal_hl,0.6196759999999999,0,2.4,13.2,55.0,,110.2,192.2
GBPUSD,1,-1,1.27568,1.27673,14062,1.2766799999999998,1.272,-273.1543499999988,2023-06-22 13:00:00+00:00,2023-06-22 13:10:00+00:00,stop,mss_fvg_m5,momentum,round_number,near,fvg,D,True,D,0.0,against,inside,fvg,0.0,against,1,1a_ip,judas,ny_judas,ny,,,False,4,2,60T,-1,False,60T,D,False,1,60T,,,False,False,False,False,,True,dual,13.8,33.0,3.0,2.0,low,54.6,False,2023-06-20 20:45:00+00:00,2023-06-21 06:45:00+00:00,2023-06-21 12:00:00+00:00,2023-06-21 12:00:00+00:00,False,discount,eql,m15_range,False,False,confirmed,golden,,,,,,,,,0,,0,,False,0,2,False,False,0,False,False,True,True,continuation,d1_fvg,equal_hl,1.262695,0,2.0,19.3,58.6,384.7,449.3,449.3
EURUSD,1,-1,1.0923800000000001,1.0914200000000003,14062,1.0913800000000002,1.0879999999999999,249.74111999996094,2023-06-23 07:30:00+00:00,2023-06-23 08:15:00+00:00,stop,amd_fvg_h1,momentum,fib_extension,d3,ifvg,D,True,240T,2.1,against,ahead,ifvg,2.1,against,0,1b,breakout,london_judas,london,W,,False,3,2,240T|15T,-1,False,240T,D,False,1,60T,D,,False,False,True,False,,True,single,24.2,51.0,3.0,2.0,high,4.2,True,2023-06-21 19:15:00+00:00,2023-06-22 10:45:00+00:00,2023-06-22 11:15:00+00:00,2023-06-22 11:25:00+00:00,True,discount,pdh,m15_range,False,False,confirmed,against,,,,,,,,,0,,0,,False,0,3,False,False,1,True,False,False,True,,,equal_hl,1.09091,0,40.3,,25.1,257.8,289.2,289.2
EURUSD,1,1,1.0906399999999998,1.0905999999999998,28125,1.0906399999999998,1.09474,-20.812500000020815,2023-06-26 12:00:00+00:00,2023-06-26 17:10:00+00:00,stop,mss_fvg_m15,no_open,equal_hl,near,fvg,W,True,240T,0.0,with,inside,ifvg,0.0,with,2,2a,judas,ny_judas,ny,,D,False,4,2,,1,False,,W|240T|60T,False,-1,60T,,,False,False,True,False,,False,,24.4,39.0,8.0,2.0,high,1.1,False,2023-06-23 17:15:00+00:00,2023-06-26 06:45:00+00:00,2023-06-26 07:00:00+00:00,2023-06-26 07:10:00+00:00,,,,m15_range,False,False,confirmed,golden,,,,,,,,,0,,0,,False,0,3,True,False,0,False,False,True,True,continuation,w_fvg,equal_hl,1.0946150000000001,0,13.5,4.2,102.6,60.3,102.6,186.2
EURUSD,1,-1,1.0943200000000002,1.0953600000000001,11250,1.09532,1.09086,-216.4499999999854,2023-06-28 07:20:00+00:00,2023-06-28 08:40:00+00:00,stop,amd_ob_m5,momentum,equal_hl,near,fvg,W,False,,21.5,against,ahead,ob,0.0,with,1,3a,judas,london_judas,london,,,False,4,3,240T|15T,-1,True,240T,D,False,-1,60T,,,False,False,True,False,,True,single,8.5,13.0,3.0,3.0,high,0.1,True,2023-06-28 03:45:00+00:00,2023-06-28 06:45:00+00:00,2023-06-28 07:00:00+00:00,2023-06-28 07:05:00+00:00,False,discount,eqh,m15_range,False,False,,against,,,,,,,,,0,,0,,False,0,3,True,False,0,True,False,False,True,,,equal_hl,1.0927033333333334,0,7.2,2.0,56.8,211.1,308.6,308.6
GBPUSD,2,-1,1.2636100000000001,1.2636600000000002,9000,1.2636100000000001,1.25910496,-8.325000000017567,2023-06-28 13:40:00+00:00,2023-06-28 16:20:00+00:00,stop,pyramid_wamd1.0_fvg_m5,no_open,fib_extension,near,fvg,W,True,240T,23.5,against,ahead,fvg,23.5,against,1,1a,breakout,ny_judas,ny,,,False,2,2,15T,-1,False,15T,D,False,1,60T,D,,False,False,True,False,,False,,10.7,9.0,2.0,2.0,high,0.7,True,2023-06-28 03:30:00+00:00,2023-06-28 05:30:00+00:00,2023-06-28 08:30:00+00:00,2023-06-28 08:30:00+00:00,False,discount,eqh,m15_range,False,False,confirmed,golden,,,,,,,,,0,,0,,False,0,3,True,False,0,True,False,False,True,,,equal_hl,1.262695,0,27.9,,,165.7,345.2,345.2
GBPUSD,1,-1,1.2652700000000001,1.2643200000000003,11250,1.2642700000000002,1.25910496,197.71874999995512,2023-06-28 13:00:00+00:00,2023-06-28 17:15:00+00:00,stop,amd_fvg_m5,no_open,fib_extension,near,fvg,W,True,240T,23.5,against,ahead,fvg,23.5,against,1,1a,breakout,ny_judas,ny,,,False,2,2,15T,-1,False,15T,D,False,1,60T,D,,False,False,True,False,,False,,10.7,9.0,2.0,2.0,high,0.7,True,2023-06-28 03:30:00+00:00,2023-06-28 05:30:00+00:00,2023-06-28 08:30:00+00:00,2023-06-28 08:30:00+00:00,False,discount,eqh,m15_range,False,False,confirmed,golden,,,,,,,,,0,,0,,False,0,3,True,False,0,True,False,False,True,,,equal_hl,1.262695,0,44.5,,,165.7,345.2,345.2
NZDUSD,1,-1,0.610355,0.60943,18000,0.609355,0.60623,308.0249999999846,2023-06-28 07:20:00+00:00,2023-06-29 02:25:00+00:00,stop,amd_fvg_m5,momentum,equal_hl,near,ifvg,W,False,,0.0,against,inside,fvg,0.0,against,2,N-short,judas,london_judas,london,,,False,3,2,240T|15T,-1,False,240T,D,False,-1,60T,D,,False,False,True,False,,True,single,22.9,15.0,2.0,2.0,high,1.9,True,2023-06-27 09:15:00+00:00,2023-06-27 13:45:00+00:00,2023-06-27 15:00:00+00:00,2023-06-27 15:00:00+00:00,False,discount,eqh,m15_range,False,False,,,,,,,,,,,0,,0,,False,0,4,True,False,0,True,False,True,True,continuation,d1_fvg,equal_hl,0.608845,0,35.5,,,,117.1,117.1
EURUSD,1,1,1.09147,1.0924299999999998,28125,1.0924699999999998,1.14948,499.49999999992184,2023-06-29 08:30:00+00:00,2023-06-29 13:30:00+00:00,stop,amd_fvg_m15,golden,opposing_liq,,,,False,,0.0,with,inside,ifvg,0.0,with,2,golden,mm_golden,london_golden,london,,,False,4,0,,0,False,,,False,0,,,,False,False,False,False,,False,,26.9,27.0,3.0,5.0,low,,True,,,,,,,,m15_range,False,False,,golden,cascade,240T,failed,,2a,60T,ifvg,60T,0,,0,,True,1,3,False,False,0,True,False,True,True,continuation,w_fvg,equal_hl,1.09384,0,26.7,0.0,0.0,0.0,0.0,0.0
GBPUSD,1,-1,1.26248,1.2615300000000003,14062,1.2614800000000002,1.2587899999999999,247.1396499999439,2023-06-29 13:30:00+00:00,2023-06-29 13:50:00+00:00,stop,amd_ob_m5,momentum,fib_extension,d3,fvg,W,True,240T,0.0,against,inside,ifvg,0.0,against,1,1a_ip,breakout,ny_judas,ny,,,False,3,3,60T,-1,True,60T,D,True,0,,240T,,False,False,True,False,,True,single,20.4,19.0,2.0,4.0,high,14.2,True,2023-06-28 16:30:00+00:00,2023-06-29 01:00:00+00:00,2023-06-29 13:00:00+00:00,2023-06-29 13:10:00+00:00,False,discount,eqh,m15_range,False,False,,golden,,,,,,,,,0,,0,,False,0,3,True,False,0,True,False,False,True,,,equal_hl,1.260205,0,20.8,11.4,17.6,137.8,317.3,317.3
EURUSD,1,-1,1.09007,1.0891100000000002,9000,1.0890700000000002,1.08676,159.839999999975,2023-07-03 07:00:00+00:00,2023-07-03 10:00:00+00:00,stop,amd_fvg_m5,momentum,fib_extension,near,ifvg,D,True,240T,0.0,against,inside,ifvg,0.0,against,1,3a,breakout,london_judas,london,,,False,3,2,240T|60T,-1,False,240T,D,False,0,,D,,False,False,True,False,,False,,23.0,8.0,3.0,2.0,high,3.2,True,2023-06-30 14:00:00+00:00,2023-06-30 16:45:00+00:00,2023-06-30 17:00:00+00:00,2023-06-30 17:00:00+00:00,,,,m15_range,False,False,,against,,,,,,,,,0,,0,,False,0,4,True,True,0,True,False,False,True,,,equal_hl,1.08656,0,30.5,1.2,66.4,57.3,266.1,266.1
GBPUSD,1,1,1.27404,1.27359,22500,1.27364,1.37487,-187.31250000002558,2023-07-07 07:00:00+00:00,2023-07-07 07:55:00+00:00,stop,amd_ob_m5,golden,opposing_liq,,,,False,,48.3,with,behind,ifvg,48.3,with,2,golden,mm_golden,london_golden,london,,,False,3,0,,0,False,,,False,0,,,,False,False,False,False,,False,,17.4,27.0,3.0,4.0,low,,True,,,,,,,,m15_range,False,False,,golden,cascade,,failed,,2b,60T,ifvg,60T,0,,0,,True,1,2,False,False,0,True,False,False,True,,,equal_hl,1.2751625,0,9.2,0.0,0.0,0.0,0.0,0.0
GBPUSD,1,1,1.29054,1.28949,18000,1.2895400000000001,1.29549768,-349.64999999999844,2023-07-11 07:15:00+00:00,2023-07-11 07:50:00+00:00,stop,amd_fvg_m5,momentum,fib_extension,near,ifvg,W,False,,75.0,with,behind,ifvg,75.0,with,2,2b_ip,breakout,london_judas,london,,,False,2,2,240T|60T|15T,1,False,240T,W|240T|60T,False,0,,,,False,False,True,False,,True,single,27.0,31.0,2.0,2.0,low,47.8,True,2023-07-10 03:15:00+00:00,2023-07-10 10:45:00+00:00,2023-07-10 13:45:00+00:00,2023-07-10 13:55:00+00:00,False,premium,eql,m15_range,False,False,,against,,,,,,,,,0,,0,,False,0,2,True,False,0,True,False,False,False,,,,0.0,0,7.8,,,,,
EURUSD,1,1,1.11479,1.11375,15625,1.11379,1.11848,-300.62499999997976,2023-07-13 07:25:00+00:00,2023-07-13 08:25:00+00:00,stop,mss_ob_m5,momentum,ith_liquidity,near,ob,W,False,,136.8,with,behind,fvg,136.8,with,2,3b,judas,london_judas,london,,,False,4,2,240T|60T|15T,1,False,240T,W|240T|60T,False,0,,,,False,False,True,False,,True,dual,31.5,31.0,2.0,2.0,high,0.9,False,2023-07-12 16:30:00+00:00,2023-07-13 04:00:00+00:00,2023-07-13 04:15:00+00:00,2023-07-13 04:15:00+00:00,False,premium,eqh,m15_range,False,False,,golden,,,,,,,,,0,,0,,False,0,1,False,False,0,False,False,True,False,continuation,d1_fvg,,0.0,0,9.8,1.6,,,,
GBPUSD,1,1,1.30728,1.30623,5000,1.30628,1.3103715999999999,-97.12499999999957,2023-07-13 12:35:00+00:00,2023-07-13 12:45:00+00:00,stop,amd_fvg_m5,no_open,fib_extension,near,ob,W,False,,169.0,with,behind,fvg,169.0,with,1,2b_ip,judas,ny_judas,ny,,,True,2,2,240T|60T,1,False,240T,W|240T|60T,False,0,,,,False,False,False,False,,False,,30.6,23.0,2.0,3.0,low,2.1,True,2023-07-12 19:30:00+00:00,2023-07-13 04:00:00+00:00,2023-07-13 07:00:00+00:00,2023-07-13 07:00:00+00:00,False,premium,eql,m15_range,False,False,,against,,,,,,,,,0,,0,,False,0,1,False,False,0,True,False,False,False,,,,0.0,0,0.4,,,,,
EURUSD,1,1,1.1234499999999998,1.1234099999999998,6250,1.1234499999999998,1.12711,-4.625000000004626,2023-07-17 08:00:00+00:00,2023-07-17 17:10:00+00:00,stop,amd_ob_m5,momentum,fib_extension,d60,fvg,W,False,,30.4,with,behind,fvg,30.4,with,1,3b,judas,london_judas,london,,,False,2,2,240T|60T,1,False,240T,W|240T|60T,False,0,,,,False,False,False,False,,True,single,27.7,40.0,3.0,2.0,low,2.4,True,2023-07-14 09:00:00+00:00,2023-07-17 02:45:00+00:00,2023-07-17 03:00:00+00:00,2023-07-17 03:00:00+00:00,,,,m15_range,False,False,confirmed,golden,,,,,,,,,0,,0,,False,0,4,True,False,0,True,False,True,True,continuation,d1_fvg,equal_hl,1.1246749999999999,0,14.2,,11.2,,11.2,11.2
EURUSD,1,1,1.12672,1.12568,12500,1.12572,1.14948,-240.49999999998377,2023-07-18 08:05:00+00:00,2023-07-18 08:50:00+00:00,stop,amd_fvg_m5,golden,opposing_liq,,,,False,,63.1,with,behind,ifvg,63.1,with,2,golden,mm_golden,london_golden,london,,,False,1,0,,0,False,,,False,0,,,,False,False,False,False,,False,,11.4,8.0,2.0,3.0,low,,True,,,,,,,,m15_range,False,False,,golden,own_ob,240T,respected,15T,2a,15T,ob,60T,0,,0,,True,2,3,True,False,0,True,False,True,False,continuation,d1_fvg,,0.0,0,8.4,0.0,0.0,0.0,0.0,0.0
EURUSD,1,-1,1.09606,1.0971,6250,1.09706,1.0923162000000002,-120.24999999999189,2023-07-28 08:05:00+00:00,2023-07-28 08:10:00+00:00,stop,mss_breaker_m15,momentum,fib_extension,near,ifvg,D,True,D,4.3,against,ahead,ifvg,4.3,against,1,1b,judas,london_judas,london,,,False,2,1,240T,0,False,240T,,False,0,,D,,False,False,True,False,,True,single,34.9,33.0,2.0,2.0,low,17.6,False,2023-07-27 17:00:00+00:00,2023-07-28 05:00:00+00:00,2023-07-28 06:30:00+00:00,2023-07-28 06:35:00+00:00,True,discount,pdl,m15_range,False,False,,against,,,,,,,,,0,,0,,False,0,2,False,False,1,False,False,False,True,,,equal_hl,1.09483,0,-0.0,,,18.1,127.8,326.0
GBPUSD,1,1,1.2824,1.28535568,7812,1.2859,1.28540568,427.16078495998624,2023-07-28 11:15:00+00:00,2023-07-28 13:00:00+00:00,target,amd_fvg_m5,momentum,fib_extension,near,,,False,,0.0,with,inside,ifvg,0.0,with,1,2b_ip,judas,ny_judas,ny,,D,False,4,3,15T,1,True,15T,W|D,True,-1,60T,D,,False,False,True,False,,True,dual,22.0,24.0,2.0,2.0,low,23.2,True,2023-07-27 22:00:00+00:00,2023-07-28 04:45:00+00:00,2023-07-28 05:30:00+00:00,2023-07-28 05:30:00+00:00,True,discount,pdl,m15_range,False,False,,against,,,,,,,,,0,,0,,False,0,3,False,False,1,True,False,False,True,,,equal_hl,1.288545,0,50.9,,172.3,319.1,319.1,319.1
EURUSD,1,1,1.1039299999999999,1.10289,19531,1.10293,1.1075099999999998,-375.7764399999747,2023-07-31 11:45:00+00:00,2023-07-31 12:20:00+00:00,stop,mss_fvg_m5,momentum,fib_extension,near,fvg,W,True,240T,47.5,against,ahead,ifvg,47.5,against,2,3b,breakout,ny_judas,ny,W,W,False,3,2,,1,False,,W|D,False,-1,60T,240T,,False,False,True,False,,True,dual,32.5,64.0,3.0,4.0,high,2.5,False,2023-07-28 17:15:00+00:00,2023-07-31 11:00:00+00:00,2023-07-31 11:45:00+00:00,2023-07-31 11:45:00+00:00,,,,m15_range,False,False,confirmed,golden,,,,,,,,,0,,0,,False,0,4,True,True,0,False,False,True,True,continuation,d1_fvg,equal_hl,1.1046649999999998,0,0.4,,105.5,237.2,237.2,237.2
EURUSD,1,-1,1.0982500000000002,1.0982900000000002,6250,1.0982500000000002,1.095,-4.625000000004626,2023-08-01 08:00:00+00:00,2023-08-01 11:55:00+00:00,stop,amd_ob_m5,momentum,round_number,near,ifvg,D,True,D,4.2,against,ahead,ifvg,4.2,against,1,3a,breakout,london_judas,london,,,False,6,1,240T|60T|15T,0,False,240T,240T|60T,False,0,,,,False,False,False,False,,True,single,17.7,16.0,2.0,3.0,high,1.1,True,2023-08-01 03:30:00+00:00,2023-08-01 07:15:00+00:00,2023-08-01 07:30:00+00:00,2023-08-01 07:35:00+00:00,False,discount,eqh,m15_range,False,False,,against,,,,,,,,,0,,0,,False,0,4,True,True,0,True,False,False,True,,,equal_hl,1.0958266666666667,0,16.7,3.1,39.9,,149.7,347.9
GBPUSD,1,-1,1.27843,1.2774800000000002,7812,1.27743,1.27502,137.29589999996884,2023-08-01 13:00:00+00:00,2023-08-01 14:20:00+00:00,stop,amd_fvg_m5,momentum,swing,d3,,,False,,0.0,against,inside,ifvg,0.0,against,1,1a_h4,breakout,ny_judas,ny,,,False,4,1,60T|15T,0,False,60T,240T|60T,False,0,,,,False,False,False,False,,True,single,7.7,13.0,3.0,4.0,high,2.0,True,2023-07-31 20:00:00+00:00,2023-07-31 23:00:00+00:00,2023-07-31 23:15:00+00:00,2023-07-31 23:15:00+00:00,False,discount,eqh,m15_range,False,False,,golden,,,,,,,,,0,,0,,False,0,5,True,True,0,True,False,True,True,continuation,d1_fvg,equal_hl,1.274545,0,28.6,6.1,22.7,,188.0,476.8
EURUSD,1,1,1.09316,1.09226,12500,1.0923,1.14948,-208.12499999997706,2023-08-03 11:00:00+00:00,2023-08-03 11:10:00+00:00,stop,amd_fvg_m5,golden,opposing_liq,,,,False,,0.0,with,inside,ifvg,0.0,with,2,golden,mm_golden,ny_golden,ny,,,False,3,0,,0,False,,,False,0,,,,False,False,False,False,,False,,29.4,25.0,3.0,3.0,low,,True,,,,,,,,m15_range,False,False,,golden,cascade,240T,failed,,2a,15T,fvg,5T,0,,0,,True,1,4,True,False,0,True,False,True,True,continuation,breaker,equal_hl,1.0937649999999999,0,0.0,0.0,0.0,0.0,0.0,0.0
EURUSD,1,-1,1.0980400000000001,1.09894,6250,1.0989,1.095,-104.06249999998853,2023-08-07 07:00:00+00:00,2023-08-07 08:25:00+00:00,stop,amd_fvg_m5,momentum,round_number,near,ifvg,D,False,,0.0,against,inside,fvg,0.0,against,1,3a,judas,london_judas,london,,,False,5,1,,0,False,,240T,False,0,,,,False,False,False,False,,True,single,12.1,11.0,2.0,3.0,high,0.1,True,2023-08-04 19:45:00+00:00,2023-08-06 22:15:00+00:00,2023-08-06 22:30:00+00:00,2023-08-06 22:35:00+00:00,,,,m15_range,False,False,,against,,,,,,,,,0,,0,,False,0,3,True,False,0,True,False,False,True,,,equal_hl,1.0965799999999999,0,9.6,,69.1,37.8,147.6,345.8
GBPUSD,1,1,1.2743,1.27775,5000,1.2778,1.278,319.1249999999957,2023-08-07 13:00:00+00:00,2023-08-07 14:30:00+00:00,stop,amd_fvg_m15,momentum,round_number,near,ifvg,240T,False,,4.8,with,behind,fvg,4.8,with,1,2b,judas,ny_judas,ny,,,False,3,2,60T,1,False,60T,W|D|60T,False,0,,,,False,False,False,False,,True,single,33.8,21.0,2.0,2.0,low,3.7,True,2023-08-07 02:15:00+00:00,2023-08-07 07:15:00+00:00,2023-08-07 07:30:00+00:00,2023-08-07 07:35:00+00:00,,,,m15_range,False,False,,against,,,,,,,,,0,,0,,False,0,3,True,False,0,True,False,False,True,,,equal_hl,1.278385,0,43.6,2.5,49.8,253.3,400.1,400.1
EURUSD,1,-1,1.09657,1.0935300000000001,7812,1.0955700000000002,1.09349,439.34687999999016,2023-08-08 11:00:00+00:00,2023-08-08 13:20:00+00:00,target,amd_fvg_m5,momentum,swing,near,ifvg,D,False,,0.0,against,inside,fvg,0.0,against,1,3a,breakout,ny_judas,ny,,,False,2,1,,0,False,,240T|60T,False,0,,240T,,False,False,False,False,,True,dual,10.0,24.0,3.0,2.0,high,2.5,True,2023-08-07 19:15:00+00:00,2023-08-08 01:00:00+00:00,2023-08-08 07:30:00+00:00,2023-08-08 07:40:00+00:00,True,discount,pdh,m15_range,False,False,,against,,,,,,,,,0,,0,,False,0,3,True,False,0,True,False,False,True,,,equal_hl,1.09491,0,31.0,,31.7,23.1,132.9,331.1
GBPUSD,1,-1,1.2734,1.2724500000000003,7812,1.2724000000000002,1.27,137.29589999996884,2023-08-09 12:00:00+00:00,2023-08-09 13:30:00+00:00,stop,amd_fvg_m15,judas,round_number,near,ifvg,D,True,240T,0.0,against,inside,ifvg,0.0,against,1,1a_h4,judas,ny_judas,ny,,240T,False,2,1,60T,0,False,60T,,False,0,,240T,,False,False,False,False,,True,single,29.1,45.0,2.0,4.0,high,14.4,True,2023-08-08 20:00:00+00:00,2023-08-09 07:00:00+00:00,2023-08-09 08:00:00+00:00,2023-08-09 08:00:00+00:00,False,discount,eqh,m15_range,False,False,,golden,,,,,,,,,0,,0,,False,0,3,False,False,0,True,False,True,True,continuation,d1_fvg,equal_hl,1.271215,0,22.1,,51.2,,114.8,408.3
EURUSD,1,1,1.09875,1.10173,9765,1.0997499999999998,1.1017700000000001,538.344450000037,2023-08-10 07:00:00+00:00,2023-08-10 08:20:00+00:00,target,amd_ob_m5,momentum,fib_extension,d3,fvg,W,False,,31.2,with,behind,ifvg,31.2,with,1,3b,breakout,london_judas,london,,D,False,5,2,D|240T,1,False,D,W|D,False,-1,60T,240T,,False,False,False,False,,True,dual,20.4,40.0,2.0,3.0,low,3.9,True,2023-08-09 15:15:00+00:00,2023-08-10 01:00:00+00:00,2023-08-10 01:30:00+00:00,2023-08-10 01:35:00+00:00,False,premium,eql,m15_range,False,False,,golden,,,,,,,,,0,,0,,False,0,3,False,False,0,True,False,True,True,continuation,d1_fvg,equal_hl,1.100515,0,31.1,,25.1,160.3,289.0,289.0
EURUSD,1,1,1.10259,1.10185,11250,1.10189,1.10647418,-154.0124999999923,2023-08-10 11:30:00+00:00,2023-08-10 12:50:00+00:00,stop,amd_fvg_h1,momentum,fib_extension,near,fvg,W,True,240T,60.9,against,ahead,ifvg,60.9,against,1,3b,breakout,ny_judas,ny,,D,False,2,2,D|240T,1,False,D,W|D,False,-1,60T,,,False,False,False,False,,True,single,20.4,40.0,2.0,3.0,low,3.9,True,2023-08-09 15:15:00+00:00,2023-08-10 01:00:00+00:00,2023-08-10 01:30:00+00:00,2023-08-10 01:35:00+00:00,False,premium,eql,m15_range,False,False,,golden,,,,,,,,,0,,0,,False,0,3,False,False,0,True,False,True,True,continuation,d1_fvg,equal_hl,1.104385,0,3.7,,,121.9,250.6,250.6
EURUSD,1,-1,1.1000800000000002,1.1005200000000002,28125,1.1004800000000001,0.95357,-228.9374999999979,2023-08-11 13:00:00+00:00,2023-08-11 13:25:00+00:00,stop,amd_None,golden,opposing_liq,,,,False,,44.5,against,ahead,ifvg,44.5,against,2,golden,mm_golden,ny_golden,ny,,,False,4,0,,0,False,,,False,0,,,,False,False,False,False,,False,,27.0,74.0,3.0,3.0,high,,True,,,,,,,,m15_range,False,False,,golden,cascade,,failed,,1b,15T,ifvg,60T,0,,0,,True,1,2,False,False,0,True,False,False,True,,,equal_hl,1.09978,0,5.5,0.0,0.0,0.0,0.0,0.0
EURUSD,1,-1,1.0977700000000001,1.0978100000000002,12500,1.0977700000000001,1.0945399999999998,-9.250000000009251,2023-08-11 13:30:00+00:00,2023-08-11 15:00:00+00:00,stop,mss_breaker_m5,judas,fib_extension,near,ifvg,D,False,,21.4,against,ahead,ifvg,21.4,against,2,3a,judas,ny_judas,ny,,,False,6,1,,0,True,,,True,1,60T,D,,False,False,True,False,,True,single,28.8,76.0,2.0,3.0,low,2.4,False,2023-08-10 18:30:00+00:00,2023-08-11 13:15:00+00:00,2023-08-11 13:30:00+00:00,2023-08-11 13:40:00+00:00,False,discount,eql,m15_range,False,False,,against,,,,,,,,,0,,0,,False,0,1,False,False,0,False,False,False,True,,,equal_hl,1.096635,0,22.9,2.3,49.6,35.1,111.7,316.9
EURUSD,1,-1,1.0935700000000002,1.0903021000000002,12500,1.0925700000000003,1.0902621000000001,755.7018749999978,2023-08-14 13:00:00+00:00,2023-08-14 13:40:00+00:00,target,mss_fvg_m15,momentum,fib_extension,d30,ifvg,D,True,D,0.0,against,inside,ifvg,0.0,against,2,1b_h4,judas,ny_judas,ny,,,False,3,1,60T|15T,0,False,60T,,False,1,60T,240T,,False,False,True,False,,True,dual,32.1,23.0,2.0,2.0,low,0.2,False,2023-08-14 07:15:00+00:00,2023-08-14 12:45:00+00:00,2023-08-14 13:00:00+00:00,2023-08-14 13:10:00+00:00,,,,m15_range,False,False,confirmed,against,,,,,,,,,0,,0,,False,0,2,True,False,0,False,False,False,True,,,equal_hl,1.0903850000000002,0,33.2,10.5,,24.4,24.4,269.7
GBPUSD,1,1,1.2723,1.27575,14062,1.2758,1.27579,897.5071499999877,2023-08-16 07:20:00+00:00,2023-08-16 09:30:00+00:00,stop,amd_fvg_m5,momentum,swing,d3,ob,240T,False,,30.9,with,behind,ifvg,30.9,with,1,2b,judas,london_judas,london,,,False,4,2,D|60T|15T,1,False,D,W|D,False,-1,60T,240T,,False,False,False,False,,True,dual,30.8,31.0,3.0,2.0,low,5.4,True,2023-08-15 18:15:00+00:00,2023-08-16 01:45:00+00:00,2023-08-16 02:15:00+00:00,2023-08-16 02:15:00+00:00,False,premium,eql,m15_range,False,False,,against,,,,,,,,,0,,0,,False,0,2,False,False,0,True,False,False,True,,,equal_hl,1.27329,0,43.0,,30.1,150.4,420.1,420.1
EURUSD,1,-1,1.09117,1.09121,14062,1.09117,1.088,-10.405880000010407,2023-08-16 13:15:00+00:00,2023-08-16 14:30:00+00:00,stop,mss_ob_m5,momentum,round_number,near,ob,D,False,,0.0,against,inside,ifvg,0.0,against,1,1b_h4,breakout,ny_judas,ny,,,False,5,1,60T,0,False,60T,240T|60T,False,-1,60T,240T,,False,False,False,False,,True,single,20.3,10.0,2.0,2.0,low,0.5,False,2023-08-16 10:45:00+00:00,2023-08-16 13:00:00+00:00,2023-08-16 13:15:00+00:00,2023-08-16 13:20:00+00:00,False,discount,eql,m15_range,False,False,confirmed,against,,,,,,,,,0,,0,,False,0,1,False,False,0,False,False,False,True,,,equal_hl,1.0901057142857142,0,15.6,6.7,37.9,0.4,37.9,245.7
EURUSD,1,1,1.08819,1.08715,14062,1.08719,1.09122,-270.55287999998177,2023-08-17 07:30:00+00:00,2023-08-17 09:55:00+00:00,stop,amd_fvg_m15,momentum,pwh_pwl,near,fvg,240T,True,240T,69.8,against,ahead,ob,0.0,with,0,3b,breakout,london_judas,london,,,False,3,2,,1,False,,W|D,False,0,,D,,False,False,True,False,,True,dual,10.5,18.0,2.0,3.0,low,10.9,True,2023-08-16 20:30:00+00:00,2023-08-17 00:45:00+00:00,2023-08-17 02:30:00+00:00,2023-08-17 02:30:00+00:00,True,discount,pdl,m15_range,False,False,opposing,golden,,,,,,,,,0,,0,,False,0,3,True,False,0,True,False,False,True,,,equal_hl,1.0905825,0,4.7,2.2,79.0,164.8,394.6,394.6
EURUSD,1,1,1.0898999999999999,1.08886,17577,1.0889,1.09345,-338.1814799999772,2023-08-17 13:00:00+00:00,2023-08-17 13:30:00+00:00,stop,amd_fvg_h1,momentum,pdh_pdl,near,,,True,240T,52.7,against,ahead,ob,0.0,with,0,3b,breakout,ny_judas,ny,,240T,False,4,2,15T,1,False,15T,W|D,False,-1,60T,D,,False,False,True,False,,True,dual,10.5,18.0,2.0,3.0,low,10.9,True,2023-08-16 20:30:00+00:00,2023-08-17 00:45:00+00:00,2023-08-17 02:30:00+00:00,2023-08-17 02:30:00+00:00,True,premium,pdl,m15_range,False,False,,golden,,,,,,,,,0,,0,,False,0,3,True,False,0,True,False,False,True,,,equal_hl,1.0913775000000001,0,2.1,,61.9,147.7,377.5,377.5
GBPUSD,1,1,1.27366,1.2771560399999997,14062,1.27466,1.2772060399999998,909.4843178799221,2023-08-17 11:15:00+00:00,2023-08-17 13:35:00+00:00,target,amd_fvg_m5,momentum,fib_extension,d3,ifvg,240T,False,,44.5,with,behind,ifvg,44.5,with,0,2b,breakout,ny_judas,ny,,,False,4,2,D|60T,1,False,D,W|D,False,0,,240T,,False,False,False,False,,True,dual,33.2,56.0,2.0,4.0,low,8.6,True,2023-08-16 19:45:00+00:00,2023-08-17 09:30:00+00:00,2023-08-17 10:00:00+00:00,2023-08-17 10:10:00+00:00,False,premium,eql,m15_range,False,False,opposing,against,,,,,,,,,0,,0,,False,0,2,False,False,0,True,False,False,True,,,equal_hl,1.275172,0,46.6,,30.5,136.8,406.5,406.5
EURUSD,1,-1,1.08603,1.08607,11250,1.08603,1.08275564,-8.325000000008325,2023-08-18 13:15:00+00:00,2023-08-18 14:05:00+00:00,stop,amd_fvg_m15,momentum,fib_extension,d30,ifvg,W,False,,91.4,with,behind,ob,0.0,against,1,1b_ip,breakout,ny_judas,ny,,240T,False,4,1,60T|15T,0,False,60T,240T|60T,False,1,60T,,,False,False,False,False,,True,dual,26.1,25.0,2.0,2.0,high,1.4,True,2023-08-17 20:45:00+00:00,2023-08-18 02:45:00+00:00,2023-08-18 03:15:00+00:00,2023-08-18 03:20:00+00:00,False,discount,eqh,m15_range,False,False,confirmed,against,,,,,,,,,0,,0,,False,0,2,False,False,0,True,False,False,True,,,equal_hl,1.0851266666666668,0,15.3,1.1,4.9,,4.9,164.6
EURUSD,1,1,1.0901999999999998,1.0901599999999998,14062,1.0901999999999998,1.0944299999999998,-10.405880000010407,2023-08-21 12:00:00+00:00,2023-08-21 13:15:00+00:00,stop,amd_fvg_m5,judas,fib_extension,d3,ifvg,D,True,240T,49.7,against,ahead,ifvg,49.7,against,1,3b,breakout,ny_judas,ny,,,False,4,3,60T|15T,1,True,60T,W|D,True,-1,60T,,,False,False,True,False,,False,,14.1,28.0,4.0,4.0,low,0.8,True,2023-08-18 15:00:00+00:00,2023-08-18 21:45:00+00:00,2023-08-20 22:00:00+00:00,2023-08-20 22:00:00+00:00,,,,m15_range,False,False,opposing,golden,,,,,,,,,0,,0,,False,0,3,True,False,0,True,False,False,True,,,equal_hl,1.0910700000000002,0,11.6,,16.9,163.9,374.5,374.5
EURUSD,1,1,1.0912899999999999,1.0912499999999998,17577,1.0912899999999999,1.095,-13.006980000013009,2023-08-22 07:00:00+00:00,2023-08-22 09:45:00+00:00,stop,mss_ob_m5,momentum,round_number,d3,ifvg,D,False,,38.8,against,ahead,ifvg,38.8,against,0,3b,breakout,london_judas,london,,D,False,4,2,60T|15T,1,False,60T,W|D,False,1,60T,,,False,False,False,False,,True,single,34.2,53.0,3.0,2.0,high,0.7,False,2023-08-21 16:00:00+00:00,2023-08-22 05:00:00+00:00,2023-08-22 05:15:00+00:00,2023-08-22 05:20:00+00:00,True,premium,pdh,m15_range,False,False,opposing,golden,,,,,,,,,0,,0,,False,0,3,True,False,0,False,False,True,True,continuation,breaker,equal_hl,1.0918933333333334,0,17.4,3.8,1.6,153.0,363.6,363.6
GBPUSD,1,1,1.2792,1.27815,9000,1.2782,1.2833400000000001,-174.82499999999922,2023-08-22 08:15:00+00:00,2023-08-22 09:50:00+00:00,stop,amd_fvg_m5,momentum,fib_extension,near,ifvg,D,True,D,7.4,against,ahead,ifvg,7.4,against,0,2b_h4,breakout,london_judas,london,,D,False,2,2,60T|15T,1,False,60T,W|D,False,-1,60T,,,False,False,False,False,,False,,21.6,9.0,3.0,2.0,low,20.5,True,2023-08-21 12:15:00+00:00,2023-08-21 14:15:00+00:00,2023-08-21 15:15:00+00:00,2023-08-21 15:15:00+00:00,False,premium,none,m15_range,False,False,confirmed,against,,,,,,,,,0,,0,,False,0,3,True,False,0,True,False,False,True,,,equal_hl,1.279552,0,8.1,,,27.5,333.9,351.1
NZDUSD,1,1,0.5937950000000001,0.59472,11250,0.5947950000000001,0.59746,192.51562499999034,2023-08-22 07:00:00+00:00,2023-08-22 13:40:00+00:00,stop,amd_ob_m15,momentum,pwh_pwl,d3,ob,240T,True,240T,53.6,against,ahead,ifvg,53.6,against,1,N-long,breakout,london_judas,london,,D,False,3,2,15T,1,False,15T,W|D,False,1,60T,D,,False,False,True,False,,True,single,33.8,79.0,2.0,2.0,low,3.7,True,2023-08-18 20:00:00+00:00,2023-08-21 15:30:00+00:00,2023-08-21 16:15:00+00:00,2023-08-21 16:15:00+00:00,True,premium,pdl,m15_range,False,False,,,,,,,,,,,0,,0,,False,0,3,True,False,0,True,False,False,True,,,equal_hl,0.59675,0,33.5,5.7,9.8,181.2,406.9,474.7
EURUSD,1,-1,1.0815400000000002,1.08258,27000,1.08254,1.0783557400000001,-519.479999999965,2023-08-23 08:35:00+00:00,2023-08-23 08:45:00+00:00,stop,amd_fvg_m5,momentum,fib_extension,near,ifvg,W,False,,56.3,against,ahead,fvg,56.3,against,3,1b,breakout,london_judas,london,,,False,3,2,240T,0,True,240T,240T,True,1,60T,D,,False,False,True,False,,True,dual,19.9,63.0,4.0,5.0,high,8.0,True,2023-08-22 16:00:00+00:00,2023-08-23 07:30:00+00:00,2023-08-23 08:15:00+00:00,2023-08-23 08:25:00+00:00,False,discount,eqh,m15_range,False,False,,against,,,,,,,,,0,,0,,False,0,3,True,False,0,True,False,False,True,,,equal_hl,1.080305,0,0.4,,,,,57.2
GBPUSD,1,-1,1.26818,1.26892,33750,1.26887,1.26506896,-462.03749999997683,2023-08-24 12:05:00+00:00,2023-08-24 12:10:00+00:00,stop,amd_fvg_m5,judas,fib_extension,near,ifvg,W,False,,0.0,against,inside,ifvg,0.0,against,3,1a_h4,judas,ny_judas,ny,,,True,3,2,D|60T,-1,False,D,240T,False,1,60T,,,False,False,True,False,,False,,13.7,21.0,4.0,3.0,high,2.0,True,2023-08-23 20:00:00+00:00,2023-08-24 01:00:00+00:00,2023-08-24 01:15:00+00:00,2023-08-24 01:20:00+00:00,False,discount,eqh,m15_range,False,False,,golden,,,,,,,,,0,,0,,False,0,2,False,False,0,True,False,False,True,,,equal_hl,1.26247,0,-0.0,,68.5,17.3,68.5,85.5
EURUSD,1,-1,1.08609,1.08263,52733,1.08259,1.0826043400000005,3375.4393300000183,2023-08-24 07:30:00+00:00,2023-08-24 13:40:00+00:00,stop,amd_fvg_m5,momentum,fib_extension,near,ifvg,W,True,240T,90.8,with,behind,ifvg,90.8,with,3,3a,judas,london_judas,london,,240T,False,4,1,240T,0,False,240T,240T,False,1,60T,240T,,False,False,True,False,,True,dual,34.4,61.0,2.0,2.0,high,1.1,True,2023-08-23 15:15:00+00:00,2023-08-24 06:15:00+00:00,2023-08-24 06:30:00+00:00,2023-08-24 06:30:00+00:00,True,premium,pdh,m15_range,False,False,confirmed,against,,,,,,,,,0,,0,,False,0,3,True,False,0,True,False,False,True,,,equal_hl,1.0851266666666668,0,43.4,3.5,59.3,,59.3,87.9
GBPUSD,1,1,1.25989,1.2608399999999997,11250,1.2608899999999998,1.26378,197.71874999995512,2023-08-25 11:45:00+00:00,2023-08-25 14:15:00+00:00,stop,amd_fvg_m5,momentum,swing,near,ifvg,W,True,240T,65.1,with,behind,ob,0.0,with,0,2b_ip,breakout,ny_judas,ny,,,False,1,2,15T,1,False,15T,W|D,False,0,,240T,,False,False,False,False,,True,dual,34.8,21.0,2.0,4.0,low,3.6,True,2023-08-25 00:00:00+00:00,2023-08-25 05:00:00+00:00,2023-08-25 05:15:00+00:00,2023-08-25 05:15:00+00:00,False,discount,eql,m15_range,False,False,,against,,,,,,,,,0,,0,,False,0,2,False,False,0,True,False,False,True,,,equal_hl,1.270375,0,25.0,7.5,202.2,220.6,397.4,544.2
GBPUSD,1,-1,1.26069,1.2597400000000003,42187,1.2596900000000002,1.03261,741.4365249998317,2023-08-28 07:05:00+00:00,2023-08-28 14:00:00+00:00,stop,amd_None,golden,opposing_liq,,,,False,,16.3,with,ahead,ob,7.7,against,3,golden,mm_golden,london_golden,london,,,False,4,0,,0,False,,,False,0,,,,False,False,False,False,,False,,27.4,30.0,2.0,3.0,high,,True,,,,,,,,m15_range,False,False,,golden,cascade,,failed,,1a,60T,ifvg,60T,0,,0,,True,2,4,True,True,0,True,False,False,True,,,equal_hl,1.2595633333333334,0,41.6,0.0,0.0,0.0,0.0,0.0
GBPUSD,1,-1,1.25953,1.25658,14062,1.2585300000000001,1.25653,767.4336500000021,2023-08-29 11:25:00+00:00,2023-08-29 13:25:00+00:00,target,amd_fvg_m5,momentum,swing,near,ob,D,False,,61.5,against,ahead,ob,0.0,against,1,1a,judas,ny_judas,ny,,,False,3,2,D,-1,False,D,240T,False,1,60T,240T,,False,False,False,False,,True,dual,34.6,41.0,4.0,3.0,high,3.4,True,2023-08-28 22:15:00+00:00,2023-08-29 08:15:00+00:00,2023-08-29 08:30:00+00:00,2023-08-29 08:30:00+00:00,False,premium,eqh,m15_range,False,False,,golden,,,,,,,,,0,,0,,False,0,4,True,True,0,True,False,False,True,,,equal_hl,1.2563849999999999,0,32.9,0.9,48.7,,48.7,48.7
EURUSD,1,-1,1.0805200000000001,1.0795600000000003,28125,1.0795200000000003,0.95357,499.49999999992184,2023-09-04 12:20:00+00:00,2023-09-04 16:50:00+00:00,stop,amd_None,golden,opposing_liq,,,,False,,0.0,with,inside,fvg,0.0,with,2,golden,mm_golden,ny_golden,ny,,,False,4,0,,0,False,,,False,0,,,,False,False,False,False,,False,,33.7,45.0,2.0,4.0,high,,True,,,,,,,,m15_range,False,False,,golden,cascade,,failed,,1b,60T,ifvg,60T,0,,0,,True,1,3,True,False,0,True,False,False,True,,,equal_hl,1.0798725,0,22.0,0.0,0.0,0.0,0.0,0.0
GBPUSD,1,-1,1.26071,1.2577500000000001,42187,1.25971,1.2577,2310.1601199998845,2023-09-05 07:00:00+00:00,2023-09-05 08:30:00+00:00,target,amd_fvg_h1,momentum,pdh_pdl,near,ob,D,False,,0.0,with,inside,fvg,0.0,with,3,1a,breakout,london_judas,london,,,False,4,2,D|15T,-1,False,D,,False,0,,,,False,False,True,False,,False,,34.9,23.0,2.0,2.0,high,5.5,True,2023-09-04 05:30:00+00:00,2023-09-04 11:00:00+00:00,2023-09-04 11:30:00+00:00,2023-09-04 11:30:00+00:00,False,discount,eqh,m15_range,False,False,,golden,,,,,,,,,0,,0,,False,0,4,True,False,0,True,False,True,True,continuation,d1_fvg,equal_hl,1.258145,0,35.2,,31.1,60.5,60.5,60.5
EURUSD,1,-1,1.07355,1.07359,33750,1.07355,1.0696266,-24.975000000024977,2023-09-05 12:00:00+00:00,2023-09-05 13:40:00+00:00,stop,amd_fvg_m5,momentum,fib_extension,near,,,False,,4.1,against,behind,ifvg,4.1,against,3,1b_h4,breakout,ny_judas,ny,,,False,3,2,D|60T|15T,-1,False,D,,False,0,,,,False,False,True,False,,True,single,29.6,14.0,4.0,3.0,high,-22.5,True,2023-09-05 07:30:00+00:00,2023-09-05 10:45:00+00:00,2023-09-05 11:15:00+00:00,2023-09-05 11:15:00+00:00,True,discount,eqh,session_range,False,False,confirmed,against,,,,,,,,,0,,0,,False,0,2,True,False,0,True,False,False,False,,,,0.0,0,18.8,,,,,
EURUSD,1,-1,1.07403,1.0730700000000002,42187,1.0730300000000002,0.95357,749.2411199998828,2023-09-06 12:45:00+00:00,2023-09-06 15:00:00+00:00,stop,amd_None,golden,opposing_liq,,,,False,,41.2,with,behind,fvg,41.2,with,3,golden,mm_golden,ny_golden,ny,,,False,5,0,,0,False,,,False,0,,,,False,False,False,False,,False,,20.0,11.0,3.0,2.0,high,,True,,,,,,,,m15_range,False,False,,golden,cascade,,failed,,1b,60T,ifvg,60T,0,,0,,True,2,3,True,False,0,True,False,False,True,,,equal_hl,1.0704349999999998,0,37.8,0.0,0.0,0.0,0.0,0.0
GBPUSD,1,-1,1.24997,1.24652,33750,1.24647,1.03261,2154.093749999971,2023-09-07 07:40:00+00:00,2023-09-07 12:00:00+00:00,stop,amd_breaker_m5,golden,opposing_liq,,,,False,,0.0,against,inside,ifvg,0.0,against,3,golden,mm_golden,london_golden,london,,,False,2,0,,0,False,,,False,0,,,,False,False,False,False,,False,,19.1,8.0,2.0,2.0,high,,True,,,,,,,,m15_range,False,False,,golden,cascade,240T,failed,,1a,5T,fvg,60T,0,,0,,True,2,2,False,False,0,True,False,True,False,continuation,d1_fvg,,0.0,0,49.5,0.0,0.0,0.0,0.0,0.0
GBPUSD,2,-1,1.24641,1.2464600000000001,9000,1.24641,1.03261,-8.325000000017567,2023-09-07 11:00:00+00:00,2023-09-07 12:00:00+00:00,stop,pyramid_im0.8_fvg_m15,no_open,opposing_liq,,,,False,,0.0,against,inside,ifvg,0.0,against,3,golden,mm_golden,london_golden,london,,,False,2,0,,0,False,,,False,0,,,,False,False,False,False,,False,,19.1,8.0,2.0,2.0,high,,True,,,,,,,,m15_range,False,False,,golden,cascade,240T,failed,,1a,5T,fvg,60T,0,,0,,True,2,2,False,False,0,True,False,True,False,continuation,d1_fvg,,0.0,0,13.9,0.0,0.0,0.0,0.0,0.0
EURUSD,1,-1,1.0700800000000001,1.0701200000000002,33750,1.0700800000000001,1.0667333333333333,-24.975000000024977,2023-09-07 13:20:00+00:00,2023-09-07 14:05:00+00:00,stop,mss_ob_m5,momentum,equal_hl,near,,,False,,48.0,with,behind,fvg,48.0,with,3,1b_ip,judas,ny_judas,ny,,,False,3,2,D|240T|60T|15T,-1,False,D,240T|60T,False,0,,,,False,False,True,False,,True,single,29.2,88.0,4.0,2.0,low,1.1,False,2023-09-06 15:15:00+00:00,2023-09-07 13:00:00+00:00,2023-09-07 13:15:00+00:00,2023-09-07 13:20:00+00:00,True,discount,pdl,m15_range,False,False,,against,,,,,,,,,0,,0,,False,0,0,False,False,0,False,False,False,False,,,,0.0,0,14.7,,,,,
EURUSD,1,-1,1.0707,1.07114,28125,1.0711,0.95357,-228.9374999999979,2023-09-08 13:30:00+00:00,2023-09-08 13:35:00+00:00,stop,amd_ob_m5,golden,opposing_liq,,,,False,,41.8,with,behind,fvg,41.8,with,2,golden,mm_golden,ny_golden,ny,,,False,5,0,,0,False,,,False,0,,,,False,False,False,False,,False,,7.6,12.0,2.0,2.0,high,,True,,,,,,,,m15_range,False,False,,golden,cascade,,failed,,1b,5T,fvg,60T,0,,0,,True,1,2,False,False,0,True,False,False,True,,,equal_hl,1.0704349999999998,0,-0.0,0.0,0.0,0.0,0.0,0.0
EURUSD,1,-1,1.0736400000000001,1.0726800000000003,28125,1.0726400000000003,1.0704349999999998,499.49999999992184,2023-09-12 07:30:00+00:00,2023-09-12 16:20:00+00:00,stop,amd_fvg_h1,momentum,equal_hl,near,fvg,240T,True,240T,12.4,with,behind,fvg,12.4,with,2,1b,breakout,london_judas,london,,,False,5,2,D|240T|15T,-1,False,D,D,False,1,60T,D,,False,False,True,False,,True,single,16.8,42.0,2.0,3.0,high,11.4,True,2023-09-11 15:30:00+00:00,2023-09-12 01:45:00+00:00,2023-09-12 02:00:00+00:00,2023-09-12 02:10:00+00:00,True,discount,pdh,m15_range,False,False,confirmed,against,,,,,,,,,0,,0,,False,0,3,True,False,0,True,False,False,True,,,equal_hl,1.0707066666666667,0,30.9,,43.2,,51.2,51.2
GBPUSD,1,-1,1.24644,1.24699,22500,1.24694,1.03261,-228.937500000021,2023-09-13 11:30:00+00:00,2023-09-13 11:55:00+00:00,stop,amd_fvg_h1,golden,opposing_liq,,,,False,,43.5,with,behind,ob,6.0,against,2,golden,mm_golden,ny_golden,ny,,,False,2,0,,0,False,,,False,0,,,,False,False,False,False,,False,,15.7,14.0,2.0,2.0,high,,True,,,,,,,,m15_range,False,False,,golden,cascade,240T,failed,,1a,5T,ifvg,60T,0,,0,,True,1,3,False,False,0,True,False,True,True,continuation,d1_fvg,equal_hl,1.2454999999999998,0,8.9,0.0,0.0,0.0,0.0,0.0
EURUSD,1,-1,1.07047,1.0695100000000002,18000,1.0694700000000001,1.0667333333333333,319.67999999995,2023-09-14 13:15:00+00:00,2023-09-14 13:30:00+00:00,stop,amd_ob_m15,momentum,equal_hl,d60,,,False,,44.1,with,behind,fvg,44.1,with,2,1b,breakout,ny_judas,ny,,,False,2,3,D,-1,True,D,D|60T,True,0,,,,False,False,True,False,,True,dual,23.0,62.0,2.0,3.0,high,2.0,True,2023-09-13 14:45:00+00:00,2023-09-14 06:00:00+00:00,2023-09-14 06:30:00+00:00,2023-09-14 06:30:00+00:00,False,discount,eqh,m15_range,False,False,opposing,against,,,,,,,,,0,,0,,False,0,1,False,False,0,True,False,False,False,,,,0.0,0,49.4,,0.1,,19.5,19.5
EURUSD,1,-1,1.06796,1.069,22500,1.06896,0.95357,-432.8999999999708,2023-09-14 13:40:00+00:00,2023-09-14 14:05:00+00:00,stop,amd_fvg_m15,golden,opposing_liq,,,,False,,69.2,with,behind,fvg,69.2,with,2,golden,mm_golden,ny_golden,ny,,,False,3,0,,0,False,,,False,0,,,,False,False,False,False,,False,,23.0,62.0,2.0,3.0,high,,True,,,,,,,,m15_range,False,False,,golden,cascade,,failed,,1b,5T,fvg,60T,0,,0,,True,1,1,False,False,0,True,False,False,False,,,,0.0,0,9.8,0.0,0.0,0.0,0.0,0.0
GBPUSD,1,-1,1.23969,1.24074,28125,1.2406899999999998,1.2364534999999999,-546.3281249999976,2023-09-15 13:30:00+00:00,2023-09-15 14:10:00+00:00,stop,amd_fvg_m5,momentum,fib_extension,d60,,,False,,111.0,with,behind,ifvg,111.0,with,2,1a,judas,ny_judas,ny,,240T,False,2,2,D|240T,-1,False,D,D|60T,False,0,,240T,,False,False,True,False,,True,dual,26.2,24.0,2.0,2.0,high,5.4,True,2023-09-15 03:30:00+00:00,2023-09-15 09:15:00+00:00,2023-09-15 09:45:00+00:00,2023-09-15 09:50:00+00:00,False,discount,eqh,m15_range,False,False,confirmed,golden,,,,,,,,,0,,0,,False,0,3,False,False,1,True,False,True,False,continuation,d1_fvg,,0.0,0,8.3,,1.9,,1.9,1.9
EURUSD,1,1,1.06944,1.0703999999999998,21971,1.0704399999999998,1.0725942,390.204959999939,2023-09-19 11:15:00+00:00,2023-09-19 13:35:00+00:00,stop,amd_ob_m5,momentum,fib_extension,d3,ifvg,240T,True,240T,0.0,against,inside,fvg,0.0,against,1,3b,judas,ny_judas,ny,,,False,4,2,,1,False,,W,False,-1,60T,240T,,False,False,False,False,,True,single,24.2,91.0,3.0,4.0,low,1.4,True,2023-09-15 15:15:00+00:00,2023-09-18 13:45:00+00:00,2023-09-18 14:00:00+00:00,2023-09-18 14:00:00+00:00,True,premium,pdl,m15_range,False,False,opposing,golden,,,,,,,,,0,,0,,False,0,3,True,False,0,True,False,False,True,,,equal_hl,1.07189,0,23.6,3.0,5.1,115.2,258.9,582.1
GBPUSD,1,-1,1.23474,1.23579,28125,1.2357399999999998,1.03261,-546.3281249999976,2023-09-20 07:30:00+00:00,2023-09-20 07:40:00+00:00,stop,amd_fvg_m5,golden,opposing_liq,,,,False,,43.6,with,behind,ifvg,43.6,with,2,golden,mm_golden,london_golden,london,,,False,4,0,,0,False,,,False,0,,,,False,False,False,False,,False,,33.5,78.0,3.0,2.0,high,,True,,,,,,,,m15_range,False,False,,golden,cascade,240T,failed,,1a,15T,fvg,60T,0,,0,,True,1,3,True,False,-1,True,False,True,False,continuation,breaker,,0.0,0,-0.0,0.0,0.0,0.0,0.0,0.0
GBPUSD,1,-1,1.22904,1.2295200000000002,22500,1.22947,1.03261,-199.80000000010742,2023-09-21 11:15:00+00:00,2023-09-21 11:25:00+00:00,stop,amd_fvg_m15,golden,opposing_liq,,,,False,,100.6,with,behind,ifvg,100.6,with,2,golden,mm_golden,ny_golden,ny,,,False,3,0,,0,False,,,False,0,,,,False,False,False,False,,False,,11.0,12.0,4.0,2.0,high,,True,,,,,,,,m15_range,False,False,,golden,cascade,240T,failed,,1a,15T,fvg,60T,0,,0,,True,1,3,False,False,1,True,False,True,False,continuation,d1_fvg,,0.0,0,-0.0,0.0,0.0,0.0,0.0,0.0
EURUSD,1,1,1.05666,1.0576199999999998,14062,1.0576599999999998,1.0615,249.74111999996094,2023-10-02 07:20:00+00:00,2023-10-02 08:40:00+00:00,stop,amd_breaker_m5,judas,pwh_pwl,near,ifvg,D,True,240T,42.4,against,ahead,ifvg,42.4,against,1,3b,judas,london_judas,london,,,False,4,3,60T,1,True,60T,W|60T,True,-1,60T,,,False,False,True,False,,False,,16.4,20.0,2.0,4.0,low,5.5,True,2023-09-29 18:00:00+00:00,2023-10-01 22:45:00+00:00,2023-10-01 23:45:00+00:00,2023-10-01 23:55:00+00:00,,,,m15_range,False,False,,golden,,,,,,,,,0,,0,,False,0,5,True,True,0,True,False,True,True,continuation,breaker,equal_hl,1.0612949999999999,0,25.3,6.4,51.2,171.1,379.7,581.2
EURUSD,1,-1,1.05325,1.05004,11250,1.0522500000000001,1.05,668.0812499999865,2023-10-02 12:00:00+00:00,2023-10-02 15:10:00+00:00,target,amd_fvg_m5,momentum,round_number,near,,,False,,76.5,with,behind,ifvg,76.5,with,0,3a,breakout,ny_judas,ny,,,False,2,2,D|240T,-1,False,D,D|240T,False,0,,240T,,False,False,False,False,,True,dual,32.5,64.0,2.0,4.0,high,1.6,True,2023-09-29 16:00:00+00:00,2023-10-02 07:45:00+00:00,2023-10-02 08:00:00+00:00,2023-10-02 08:00:00+00:00,,,,m15_range,False,False,,against,,,,,,,,,0,,0,,False,0,4,True,True,0,True,False,False,True,,,equal_hl,1.04895,0,34.7,,42.4,,45.4,45.4
EURUSD,1,-1,1.05438,1.0534200000000002,22500,1.0533800000000002,1.0500999999999998,399.5999999999375,2023-10-09 07:25:00+00:00,2023-10-09 09:40:00+00:00,stop,amd_fvg_h1,momentum,fib_extension,near,ifvg,D,True,240T,43.8,against,ahead,ifvg,43.8,against,2,3a,judas,london_judas,london,,D,False,4,2,D,-1,False,D,D,False,-1,60T,,,False,False,True,False,,True,dual,19.9,15.0,2.0,4.0,high,4.9,True,2023-10-08 22:00:00+00:00,2023-10-09 01:30:00+00:00,2023-10-09 01:45:00+00:00,2023-10-09 01:55:00+00:00,,,,m15_range,False,False,,against,,,,,,,,,0,,0,,False,0,3,True,False,0,True,False,False,True,,,equal_hl,1.0491133333333333,0,24.4,,62.3,56.7,96.4,96.4
EURUSD,1,-1,1.05291,1.05335,28125,1.05331,0.95357,-228.9374999999979,2023-10-09 12:00:00+00:00,2023-10-09 12:10:00+00:00,stop,amd_fvg_m5,golden,opposing_liq,,,,False,,29.1,against,ahead,ifvg,29.1,against,2,golden,mm_golden,ny_golden,ny,,,False,6,0,,0,False,,,False,0,,,,False,False,False,False,,False,,24.5,10.0,2.0,2.0,high,,True,,,,,,,,m15_range,False,False,,golden,cascade,,failed,,1b,15T,ifvg,60T,0,,0,,True,1,3,True,False,0,True,False,False,True,,,equal_hl,1.0491133333333333,0,-0.0,0.0,0.0,0.0,0.0,0.0
GBPUSD,1,-1,1.22328,1.22333,21971,1.22328,1.21988,-20.323175000042887,2023-10-10 07:00:00+00:00,2023-10-10 08:40:00+00:00,stop,amd_ob_m5,judas,pdh_pdl,near,ifvg,D,True,240T,34.0,against,ahead,ifvg,34.0,against,1,1a,breakout,london_judas,london,,D,False,4,3,D,-1,True,D,D|240T,False,1,60T,240T,,False,False,True,False,,True,single,15.8,23.0,2.0,2.0,high,12.5,True,2023-10-09 18:45:00+00:00,2023-10-10 00:15:00+00:00,2023-10-10 02:15:00+00:00,2023-10-10 02:25:00+00:00,True,premium,pdh,m15_range,False,False,,golden,,,,,,,,,0,,0,,False,0,4,True,False,0,True,False,True,True,continuation,w_fvg,equal_hl,1.2196,0,21.4,0.7,128.5,123.7,196.9,196.9
GBPUSD,1,1,1.22882,1.22877,22500,1.22882,1.37487,-20.812500000043922,2023-10-11 13:30:00+00:00,2023-10-11 13:40:00+00:00,stop,amd_breaker_m5,golden,opposing_liq,,,,False,,5.3,against,ahead,fvg,5.3,against,2,golden,mm_golden,ny_golden,ny,,,False,3,0,,0,False,,,False,0,,,,False,False,False,False,,False,,34.4,72.0,2.0,3.0,low,,True,,,,,,,,m15_range,False,False,,golden,cascade,,failed,,2b,5T,ifvg,60T,0,,0,,True,1,3,True,False,0,True,False,False,True,,,equal_hl,1.229235,0,11.1,0.0,0.0,0.0,0.0,0.0
EURUSD,1,1,1.0635599999999998,1.06259,11250,1.06263,1.06760556,-201.88124999998237,2023-10-12 07:00:00+00:00,2023-10-12 08:25:00+00:00,stop,amd_ob_m5,momentum,fib_extension,near,ob,D,False,,0.0,against,inside,ifvg,0.0,against,1,3b,judas,london_judas,london,,,False,2,2,240T|60T,1,False,240T,W|60T,False,1,60T,,,False,False,False,False,,True,single,28.3,13.0,2.0,3.0,low,21.4,True,2023-10-11 14:00:00+00:00,2023-10-11 17:00:00+00:00,2023-10-11 18:45:00+00:00,2023-10-11 18:45:00+00:00,False,premium,val,m15_range,False,False,confirmed,golden,,,,,,,,,0,,0,,False,0,3,False,False,0,True,False,True,True,continuation,breaker,equal_hl,1.0637150000000002,0,4.1,,,20.8,134.5,430.3
EURUSD,1,1,1.05389,1.05385,7812,1.05389,1.05735,-5.780880000005782,2023-10-13 08:15:00+00:00,2023-10-13 10:35:00+00:00,stop,mss_breaker_m5,judas,fib_extension,near,fvg,D,True,D,38.9,with,behind,ifvg,38.9,with,0,3b,breakout,london_judas,london,,240T,False,4,3,240T,1,True,240T,W,True,1,60T,,,False,False,True,False,,False,,24.2,48.0,2.0,2.0,high,0.9,False,2023-10-12 18:00:00+00:00,2023-10-13 05:45:00+00:00,2023-10-13 06:00:00+00:00,2023-10-13 06:10:00+00:00,False,discount,none,m15_range,False,False,,golden,,,,,,,,,0,,0,,False,0,1,False,False,0,False,False,False,True,,,equal_hl,1.05551,0,19.5,10.0,101.7,117.5,231.2,527.0
EURUSD,1,-1,1.05265,1.05369,15000,1.05365,1.0491,-288.5999999999805,2023-10-13 11:15:00+00:00,2023-10-13 13:30:00+00:00,stop,amd_fvg_m5,momentum,fib_extension,d3,ifvg,D,True,D,26.5,against,ahead,ifvg,26.5,against,3,3a,judas,ny_judas,ny,,,False,3,2,D,-1,False,D,D,False,0,,D,,False,False,True,False,,True,single,25.1,58.0,3.0,2.0,high,7.6,True,2023-10-12 18:00:00+00:00,2023-10-13 08:15:00+00:00,2023-10-13 09:00:00+00:00,2023-10-13 09:05:00+00:00,False,discount,none,m15_range,False,False,opposing,against,,,,,,,,,0,,0,,False,0,3,True,False,0,True,False,False,True,,,equal_hl,1.04977,0,12.6,0.6,1.7,39.4,79.1,79.1
EURUSD,1,1,1.0530199999999998,1.0529799999999998,6250,1.0530199999999998,1.05643,-4.625000000004626,2023-10-16 07:00:00+00:00,2023-10-16 11:00:00+00:00,stop,amd_ob_m5,momentum,fib_extension,near,ifvg,D,False,,28.2,against,ahead,fvg,28.2,against,0,3b,breakout,london_judas,london,,,False,3,2,,1,False,,W,False,-1,60T,,,False,False,False,False,,True,single,32.7,71.0,4.0,3.0,low,30.3,True,2023-10-12 17:30:00+00:00,2023-10-13 11:00:00+00:00,2023-10-13 16:00:00+00:00,2023-10-13 16:00:00+00:00,,,,m15_range,False,False,,golden,,,,,,,,,0,,0,,False,0,3,True,False,0,True,False,False,True,,,equal_hl,1.05551,0,12.6,,110.4,70.6,239.9,535.7
EURUSD,1,1,1.0531899999999998,1.0531499999999998,9275,1.0531899999999998,1.0565700000000002,-6.863500000006864,2023-10-16 12:30:00+00:00,2023-10-16 14:35:00+00:00,stop,mss_ob_m5,judas,fib_extension,near,ifvg,D,False,,26.5,against,ahead,fvg,26.5,against,0,3b,breakout,ny_judas,ny,,,False,3,2,15T,1,False,15T,W,False,-1,60T,,,False,False,False,False,,True,single,,,,,,,,,,,,,,,,False,False,confirmed,golden,,,,,,,,,0,,0,,False,0,3,True,False,0,True,False,False,True,,,equal_hl,1.05551,0,14.1,,108.7,68.9,238.2,534.0
GBPUSD,1,-1,1.21897,1.2180200000000003,9765,1.2179700000000002,1.21572778,171.61987499996104,2023-10-17 07:00:00+00:00,2023-10-17 08:35:00+00:00,stop,amd_ob_m5,momentum,fib_extension,near,ifvg,W,False,,35.3,with,behind,fvg,35.3,with,1,1a,judas,london_judas,london,,D,False,5,2,D|15T,-1,False,D,D,False,1,60T,,,False,False,False,False,,True,single,26.4,16.0,2.0,3.0,high,2.7,True,2023-10-16 16:15:00+00:00,2023-10-16 20:00:00+00:00,2023-10-16 20:15:00+00:00,2023-10-16 20:25:00+00:00,True,discount,pdh,m15_range,False,False,confirmed,golden,,,,,,,,,0,,0,,False,0,4,True,False,0,True,False,True,True,continuation,d1_fvg,equal_hl,1.21665,0,25.7,,68.4,153.8,153.8,153.8
GBPUSD,1,1,1.21981,1.21936,19570,1.21941,1.37487,-162.92025000002224,2023-10-18 07:35:00+00:00,2023-10-18 07:45:00+00:00,stop,amd_ob_m5,golden,opposing_liq,,,,False,,26.9,against,ahead,fvg,26.9,against,2,golden,mm_golden,london_golden,london,,,False,2,0,,0,False,,,False,0,,,,False,False,False,False,,False,,17.7,28.0,3.0,4.0,low,,True,,,,,,,,m15_range,False,False,,golden,cascade,,failed,,2b,15T,ifvg,60T,0,,0,,True,1,3,True,False,0,True,False,False,True,,,equal_hl,1.2208359999999998,0,1.3,0.0,0.0,0.0,0.0,0.0
EURUSD,1,-1,1.0566200000000001,1.0566600000000002,23437,1.0566200000000001,1.05328,-17.343380000017344,2023-10-18 11:00:00+00:00,2023-10-18 12:30:00+00:00,stop,amd_fvg_m15,momentum,pdh_pdl,near,ifvg,D,False,,0.0,with,inside,ifvg,0.0,with,3,1b_ip,judas,ny_judas,ny,,,False,4,2,D|240T,-1,False,D,D,False,1,60T,240T,,False,False,True,False,,True,dual,29.9,82.0,7.0,2.0,high,32.1,True,2023-10-16 15:30:00+00:00,2023-10-17 11:45:00+00:00,2023-10-17 17:00:00+00:00,2023-10-17 17:00:00+00:00,False,discount,eqh,m15_range,False,False,confirmed,against,,,,,,,,,0,,0,,False,0,3,True,False,0,True,False,False,True,,,equal_hl,1.0554824999999999,0,14.1,6.7,64.6,118.8,118.8,118.8
GBPUSD,1,-1,1.21055,1.2106000000000001,12500,1.21055,1.03261,-11.5625000000244,2023-10-20 07:20:00+00:00,2023-10-20 07:50:00+00:00,stop,amd_fvg_m15,golden,opposing_liq,,,,False,,0.0,against,inside,ifvg,0.0,against,2,golden,mm_golden,london_golden,london,,,False,2,0,,0,False,,,False,0,,,,False,False,False,False,,False,,15.2,9.0,3.0,4.0,high,,True,,,,,,,,m15_range,False,False,,golden,cascade,,failed,,1a,5T,fvg,60T,0,,0,,True,1,2,False,False,0,True,False,False,True,,,equal_hl,1.210635,0,12.6,0.0,0.0,0.0,0.0,0.0
EURUSD,1,-1,1.0578100000000001,1.0582500000000001,18922,1.05821,0.95357,-154.02507999999858,2023-10-23 07:00:00+00:00,2023-10-23 07:40:00+00:00,stop,amd_ob_m5,golden,opposing_liq,,,,False,,30.9,with,behind,ob,2.5,with,2,golden,mm_golden,london_golden,london,,,False,3,0,,0,False,,,False,0,,,,False,False,False,False,,False,,9.0,10.0,2.0,2.0,high,,True,,,,,,,,m15_range,False,False,,golden,own_ob,,respected,15T,1b,15T,ob,60T,0,,0,,True,2,3,True,False,0,True,False,False,True,,,equal_hl,1.0575766666666666,0,6.7,0.0,0.0,0.0,0.0,0.0
GBPUSD,1,1,1.2270699999999999,1.2270199999999998,12500,1.2270699999999999,1.2302447,-11.5625000000244,2023-10-24 07:00:00+00:00,2023-10-24 08:30:00+00:00,stop,amd_ob_m5,momentum,fib_extension,near,ifvg,W,False,,2.7,against,behind,ob,0.0,against,2,2b,breakout,london_judas,london,,,False,3,3,15T,1,True,15T,W|240T|60T,False,1,D,,,False,False,True,False,,True,single,9.7,13.0,2.0,6.0,low,0.2,True,2023-10-24 03:45:00+00:00,2023-10-24 06:45:00+00:00,2023-10-24 07:00:00+00:00,2023-10-24 07:00:00+00:00,True,premium,eql,m15_range,False,False,,against,,,,,,,,,0,,0,,False,0,3,True,False,0,True,False,False,True,,,equal_hl,1.228985,0,17.8,4.1,,67.4,155.0,530.4
GBPUSD,1,1,1.23952,1.2404699999999997,10000,1.2405199999999998,1.2431699999999999,175.7499999999601,2023-11-06 08:15:00+00:00,2023-11-06 09:45:00+00:00,stop,mss_ob_m5,momentum,fib_extension,near,fvg,W,False,,0.0,against,inside,ifvg,0.0,against,2,2b,breakout,london_judas,london,,,False,3,3,W|240T|60T,1,True,W,W|60T,True,0,,,,False,False,True,False,,True,single,31.4,40.0,2.0,3.0,high,2.1,False,2023-11-05 22:15:00+00:00,2023-11-06 08:00:00+00:00,2023-11-06 08:15:00+00:00,2023-11-06 08:15:00+00:00,,,,m15_range,False,False,,against,,,,,,,,,0,,0,,False,0,2,True,False,0,False,False,False,True,,,equal_hl,1.2424650000000002,0,28.4,,,,,351.8
GBPUSD,1,-1,1.22539,1.22544,6250,1.22539,1.222,-5.7812500000122,2023-11-08 09:00:00+00:00,2023-11-08 10:30:00+00:00,stop,amd_fvg_h1,momentum,round_number,near,fvg,D,False,,0.0,against,inside,fvg,0.0,against,1,1a,breakout,london_judas,london,,240T,False,3,2,D,-1,False,D,,False,1,D,,,False,False,False,False,,True,single,9.0,10.0,5.0,3.0,high,0.7,True,2023-11-07 20:15:00+00:00,2023-11-07 22:30:00+00:00,2023-11-07 22:45:00+00:00,2023-11-07 22:50:00+00:00,False,discount,eqh,m15_range,False,False,,golden,,,,,,,,,0,,0,,False,0,4,True,False,0,True,False,True,True,continuation,d1_fvg,equal_hl,1.223875,0,12.5,,,185.8,218.0,218.0
EURUSD,1,-1,1.0674000000000001,1.0674400000000002,5000,1.0674000000000001,1.06421,-3.7000000000037003,2023-11-08 08:15:00+00:00,2023-11-08 11:05:00+00:00,stop,mss_ob_m5,momentum,swing,d3,fvg,240T,False,,0.0,against,inside,fvg,0.0,against,1,3a,judas,london_judas,london,,240T,False,2,0,,0,False,,,False,1,D,,,False,False,False,False,,True,single,29.2,57.0,2.0,4.0,low,2.5,False,2023-11-07 18:00:00+00:00,2023-11-08 08:00:00+00:00,2023-11-08 08:15:00+00:00,2023-11-08 08:20:00+00:00,False,discount,eql,m15_range,False,False,,against,,,,,,,,,0,,0,,False,0,2,True,False,0,False,False,False,True,,,equal_hl,1.066165,0,14.7,,10.9,152.8,223.5,226.6
EURUSD,1,1,1.0674,1.07086,12500,1.0709,1.14948,800.1250000000043,2023-11-08 14:00:00+00:00,2023-11-08 17:00:00+00:00,stop,amd_ob_m5,golden,opposing_liq,,,,False,,0.0,with,inside,fvg,0.0,with,2,golden,mm_golden,ny_golden,ny,,,False,3,0,,0,False,,,False,0,,,,False,False,False,False,,False,,33.6,29.0,2.0,2.0,low,,True,,,,,,,,m15_range,False,False,,golden,cascade,240T,failed,,2a,60T,ifvg,60T,0,,0,,True,1,4,True,False,0,True,False,True,True,continuation,d1_fvg,equal_hl,1.0676350000000001,0,42.0,0.0,0.0,0.0,0.0,0.0
EURUSD,1,-1,1.0679400000000001,1.0679800000000002,11250,1.0679400000000001,1.06421,-8.325000000008325,2023-11-13 12:00:00+00:00,2023-11-13 14:55:00+00:00,stop,amd_ob_m5,momentum,swing,d3,fvg,240T,False,,64.8,against,ahead,ob,4.6,against,1,1b,judas,ny_judas,ny,,240T,False,3,0,,0,False,,,False,1,60T,240T,,False,False,False,False,,True,dual,35.0,96.0,3.0,2.0,high,3.9,True,2023-11-10 09:15:00+00:00,2023-11-13 09:00:00+00:00,2023-11-13 09:30:00+00:00,2023-11-13 09:35:00+00:00,,,,m15_range,False,False,confirmed,against,,,,,,,,,0,,0,,False,0,3,True,False,0,True,False,False,True,,,equal_hl,1.066088,0,14.4,0.4,24.3,163.6,184.9,232.0
GBPUSD,1,1,1.22888,1.2288299999999999,22500,1.22888,1.2320128799999999,-20.812500000043922,2023-11-14 09:20:00+00:00,2023-11-14 10:40:00+00:00,stop,mss_fvg_h1,momentum,fib_extension,near,ifvg,W,False,,12.3,against,ahead,ifvg,12.3,against,2,2b_ip,judas,london_judas,london,,,False,3,2,W|60T,1,False,W,D,False,-1,60T,240T,,False,False,True,False,,True,dual,,,,,,,,,,,,,premium,,,False,False,,against,,,,,,,,,0,,0,,False,0,3,True,False,0,True,False,False,True,,,equal_hl,1.23047,0,18.5,,,101.4,140.4,343.8
GBPUSD,1,1,1.24231,1.24226,22500,1.24231,1.24711912,-20.812500000043922,2023-11-14 14:00:00+00:00,2023-11-14 14:20:00+00:00,stop,amd_fvg_m5,momentum,fib_extension,d30,,,False,,27.1,against,behind,ifvg,27.1,against,2,2b,breakout,ny_judas,ny,,,False,3,2,W|60T,1,False,W,D|60T,False,-1,60T,,,False,False,True,False,,True,single,31.4,16.0,2.0,2.0,low,-3.7,True,2023-11-14 08:00:00+00:00,2023-11-14 11:45:00+00:00,2023-11-14 12:00:00+00:00,2023-11-14 12:00:00+00:00,True,premium,eql,session_range,False,False,,against,,,,,,,,,0,,0,,False,0,3,True,False,0,True,False,False,True,,,equal_hl,1.25058,0,11.0,,,,6.1,209.5
EURUSD,1,-1,1.0844900000000002,1.08553,9000,1.08549,1.08071,-173.15999999998832,2023-11-15 09:30:00+00:00,2023-11-15 10:15:00+00:00,stop,amd_fvg_m5,momentum,fib_extension,near,fvg,D,False,,230.3,against,ahead,ob,10.2,with,0,3a,breakout,london_judas,london,,,False,3,0,,0,False,,,False,0,,,,False,False,False,False,,True,single,22.9,12.0,2.0,2.0,high,10.5,True,2023-11-14 16:45:00+00:00,2023-11-14 19:30:00+00:00,2023-11-14 20:30:00+00:00,2023-11-14 20:40:00+00:00,False,premium,eqh,m15_range,False,False,,against,,,,,,,,,0,,0,,False,0,3,True,False,0,True,False,False,True,,,equal_hl,1.07178,0,1.0,,180.8,329.1,350.4,397.5
GBPUSD,1,1,1.23962,1.2405699999999997,22500,1.2406199999999998,1.2436289600000001,395.43749999991024,2023-11-16 13:05:00+00:00,2023-11-16 13:30:00+00:00,stop,mss_ob_m5,judas,fib_extension,near,ifvg,W,False,,0.0,with,inside,fvg,0.0,with,2,2b_ip,judas,ny_judas,ny,,,False,2,2,W,1,False,W,D,False,0,,,,False,False,True,False,,False,,30.6,30.0,2.0,3.0,high,6.6,False,2023-11-16 01:45:00+00:00,2023-11-16 09:00:00+00:00,2023-11-16 09:30:00+00:00,2023-11-16 09:30:00+00:00,True,discount,eqh,m15_range,False,False,confirmed,against,,,,,,,,,0,,0,,False,0,1,False,False,0,False,False,False,True,,,equal_hl,1.249475,0,23.6,28.5,110.6,,110.6,152.5
EURUSD,1,1,1.0848099999999998,1.0857699999999997,14062,1.0858099999999997,1.0885633333333333,249.74111999996094,2023-11-17 09:00:00+00:00,2023-11-17 12:20:00+00:00,stop,amd_fvg_m5,judas,equal_hl,near,ob,D,False,,16.6,with,behind,ob,7.0,against,1,3b,judas,london_judas,london,,,False,4,3,W|D|60T,1,True,W,D|60T,True,-1,60T,D,,False,False,True,False,,False,,29.3,55.0,2.0,2.0,low,10.4,True,2023-11-16 18:15:00+00:00,2023-11-17 07:45:00+00:00,2023-11-17 08:00:00+00:00,2023-11-17 08:05:00+00:00,False,discount,eql,m15_range,False,False,,golden,,,,,,,,,0,,0,,False,0,2,False,False,0,True,False,False,True,,,equal_hl,1.0889600000000002,0,26.5,9.7,48.3,,48.3,48.3
GBPUSD,1,1,1.2486,1.2495499999999997,18000,1.2495999999999998,1.2525914599999999,316.3499999999282,2023-11-20 09:10:00+00:00,2023-11-20 09:55:00+00:00,stop,mss_ob_m5,momentum,fib_extension,d30,ifvg,D,True,D,21.9,against,ahead,ifvg,21.9,against,2,2b,breakout,london_judas,london,,,False,3,2,W|60T|15T,1,False,W,D,False,-1,60T,,,False,False,True,False,,True,single,22.8,10.0,3.0,2.0,high,10.0,False,2023-11-20 01:30:00+00:00,2023-11-20 03:45:00+00:00,2023-11-20 04:15:00+00:00,2023-11-20 04:15:00+00:00,,,,m15_range,False,False,,against,,,,,,,,,0,,0,,False,0,2,True,False,0,False,False,False,True,,,equal_hl,1.251005,0,23.8,10.2,,,20.8,62.7
GBPUSD,1,1,1.25294,1.2524899999999999,22500,1.25254,1.37487,-187.31250000002558,2023-11-21 08:50:00+00:00,2023-11-21 09:30:00+00:00,stop,amd_breaker_m5,golden,opposing_liq,,,,False,,1.8,against,behind,ifvg,1.8,against,2,golden,mm_golden,london_golden,london,,,False,2,0,,0,False,,,False,0,,,,False,False,False,False,,False,,17.1,22.0,2.0,3.0,low,,True,,,,,,,,m15_range,False,False,,golden,cascade,,failed,,2b,5T,ifvg,60T,0,,0,,True,1,2,True,False,0,True,False,False,False,,,,0.0,0,11.2,0.0,0.0,0.0,0.0,0.0
EURUSD,1,-1,1.08997,1.0900100000000001,9000,1.08997,1.08623868,-6.660000000006661,2023-11-22 08:30:00+00:00,2023-11-22 09:30:00+00:00,stop,amd_fvg_m5,judas,fib_extension,d3,ob,240T,True,240T,0.0,against,inside,ifvg,0.0,against,0,1b,breakout,london_judas,london,,,False,2,1,60T|15T,0,False,60T,60T,False,0,,D,,False,False,True,False,,False,,11.0,23.0,2.0,2.0,high,3.3,True,2023-11-21 19:15:00+00:00,2023-11-22 00:45:00+00:00,2023-11-22 01:15:00+00:00,2023-11-22 01:15:00+00:00,False,discount,eqh,m15_range,False,False,opposing,against,,,,,,,,,0,,0,,False,0,3,True,False,0,True,False,False,True,,,equal_hl,1.0828733333333334,0,17.1,,3.2,244.6,383.9,452.3
NZDUSD,1,-1,0.6023949999999999,0.60347,9000,0.6033949999999999,0.59914136,-178.98750000000803,2023-11-22 08:20:00+00:00,2023-11-22 10:55:00+00:00,stop,amd_fvg_h1,judas,fib_extension,near,ifvg,W,True,240T,0.0,against,inside,fvg,0.0,against,1,N-short,judas,london_judas,london,,,False,3,1,,0,False,,60T,False,0,,,,False,False,False,False,,False,,7.1,8.0,2.0,3.0,high,6.8,True,2023-11-21 23:15:00+00:00,2023-11-22 01:00:00+00:00,2023-11-22 01:15:00+00:00,2023-11-22 01:15:00+00:00,False,discount,eqh,m15_range,False,False,,,,,,,,,,,0,,0,,False,0,3,True,False,0,True,False,False,True,,,equal_hl,0.6001799999999999,0,8.9,,46.9,147.2,252.3,252.3
GBPUSD,1,-1,1.24977,1.24624,14062,1.2487700000000002,1.24619,918.3189100000086,2023-11-22 14:00:00+00:00,2023-11-22 15:10:00+00:00,target,amd_fvg_m5,momentum,pdh_pdl,near,fvg,D,True,D,0.0,against,inside,fvg,0.0,against,0,1a_ip,breakout,ny_judas,ny,,,False,3,1,,0,False,,60T,False,0,,240T,,False,False,False,False,,True,dual,16.8,10.0,2.0,3.0,high,10.9,True,2023-11-22 09:30:00+00:00,2023-11-22 11:45:00+00:00,2023-11-22 12:15:00+00:00,2023-11-22 12:15:00+00:00,False,discount,eqh,m15_range,False,False,confirmed,golden,,,,,,,,,0,,0,,False,0,3,True,False,0,True,False,False,True,,,equal_hl,1.244715,0,39.2,,53.2,311.9,429.6,461.8
EURUSD,1,-1,1.08982,1.09069,11250,1.09065,1.08597422,-181.06874999998468,2023-11-23 13:00:00+00:00,2023-11-23 15:20:00+00:00,stop,amd_fvg_m15,momentum,fib_extension,near,ob,240T,True,240T,66.7,against,ahead,ifvg,66.7,against,1,1b_ip,judas,ny_judas,ny,,,False,3,1,15T,0,False,15T,60T,False,0,,240T,,False,False,False,False,,True,single,34.2,48.0,3.0,5.0,high,12.7,True,2023-11-22 20:30:00+00:00,2023-11-23 08:15:00+00:00,2023-11-23 08:30:00+00:00,2023-11-23 08:30:00+00:00,False,premium,eqh,m15_range,False,False,,against,,,,,,,,,0,,0,,False,0,2,False,False,0,True,False,False,True,,,equal_hl,1.0900966666666665,0,11.2,15.7,46.9,243.1,382.4,450.8
GBPUSD,1,1,1.25462,1.25457,22500,1.25462,1.25818,-20.812500000043922,2023-11-24 08:30:00+00:00,2023-11-24 09:40:00+00:00,stop,amd_fvg_m15,momentum,fib_extension,d60,ob,W,False,,42.0,with,behind,ob,39.7,against,2,2b,breakout,london_judas,london,,,False,5,2,W|240T|60T,1,False,W,D|240T,False,0,,,,False,False,True,False,,True,dual,18.6,8.0,2.0,3.0,low,0.2,True,2023-11-24 01:00:00+00:00,2023-11-24 02:45:00+00:00,2023-11-24 03:00:00+00:00,2023-11-24 03:05:00+00:00,False,premium,eql,m15_range,False,False,opposing,against,,,,,,,,,0,,0,,False,0,1,False,False,0,True,False,False,False,,,,0.0,0,19.6,,23.1,,23.1,23.1
GBPUSD,1,1,1.259,1.2599499999999997,18000,1.2599999999999998,1.263107,316.3499999999282,2023-11-24 14:15:00+00:00,2023-11-24 15:25:00+00:00,stop,amd_fvg_m5,momentum,fib_extension,near,ifvg,D,True,D,2.8,against,ahead,ob,0.0,against,2,2b_h4,judas,ny_judas,ny,,,True,2,2,W|240T|60T|15T,1,False,W,D|240T,False,0,,,,False,False,True,False,,True,single,18.6,8.0,2.0,3.0,low,0.2,True,2023-11-24 01:00:00+00:00,2023-11-24 02:45:00+00:00,2023-11-24 03:00:00+00:00,2023-11-24 03:05:00+00:00,False,premium,eql,m15_range,False,False,confirmed,against,,,,,,,,,0,,0,,False,0,1,False,False,0,True,False,False,False,,,,0.0,0,25.0,,,,,
GBPUSD,1,1,1.26278,1.26233,33750,1.26238,1.37487,-280.96875000003837,2023-11-27 13:15:00+00:00,2023-11-27 13:20:00+00:00,stop,amd_ob_m5,golden,opposing_liq,,,,False,,0.0,against,inside,ifvg,0.0,against,3,golden,mm_golden,ny_golden,ny,,,False,1,0,,0,False,,,False,0,,,,False,False,False,False,,False,,20.8,11.0,2.0,2.0,low,,True,,,,,,,,m15_range,False,False,,golden,cascade,,failed,,2b,5T,ifvg,60T,0,,0,,True,2,3,True,True,0,True,False,False,False,,,,0.0,0,1.6,0.0,0.0,0.0,0.0,0.0
EURUSD,1,-1,1.0939800000000002,1.0940200000000002,11250,1.0939800000000002,1.0908799999999998,-8.325000000008325,2023-11-27 14:00:00+00:00,2023-11-27 18:00:00+00:00,stop,amd_ob_m5,momentum,fib_extension,near,ifvg,240T,True,240T,1.4,against,ahead,fvg,1.4,against,1,1b_ip,judas,ny_judas,ny,,,False,4,1,,0,True,,,True,1,60T,,,False,False,True,False,,False,,18.1,22.0,2.0,2.0,high,3.2,True,2023-11-27 01:30:00+00:00,2023-11-27 06:45:00+00:00,2023-11-27 07:00:00+00:00,2023-11-27 07:10:00+00:00,,,,m15_range,False,False,confirmed,against,,,,,,,,,0,,0,,False,0,4,True,True,0,True,False,False,True,,,equal_hl,1.0900966666666665,0,14.7,1.5,53.7,275.7,424.0,492.4
EURUSD,1,1,1.09584,1.0967999999999998,33750,1.0968399999999998,1.09898974,599.3999999999063,2023-11-28 13:35:00+00:00,2023-11-28 15:35:00+00:00,stop,amd_fvg_m15,momentum,fib_extension,d60,ob,W,False,,20.0,with,behind,ob,8.9,against,3,3b,breakout,ny_judas,ny,,,False,2,3,W|D|240T|60T|15T,1,True,W,D|240T|60T,False,0,,,,False,False,True,False,,True,single,12.3,16.0,3.0,2.0,low,12.9,True,2023-11-28 02:45:00+00:00,2023-11-28 06:30:00+00:00,2023-11-28 07:45:00+00:00,2023-11-28 07:55:00+00:00,False,premium,eql,m15_range,False,False,confirmed,golden,,,,,,,,,0,,0,,False,0,4,True,True,0,True,False,True,False,continuation,d1_fvg,,0.0,0,32.1,5.3,1.7,,7.6,7.6
GBPUSD,1,1,1.26515,1.2660999999999998,33750,1.2661499999999999,1.37487,593.1562499998654,2023-12-01 08:30:00+00:00,2023-12-01 10:10:00+00:00,stop,amd_fvg_m15,golden,opposing_liq,,,,False,,54.6,with,behind,ifvg,54.6,with,3,golden,mm_golden,london_golden,london,,,False,1,0,,0,False,,,False,0,,,,False,False,False,False,,False,,18.1,9.0,3.0,2.0,low,,True,,,,,,,,m15_range,False,False,,golden,cascade,,failed,,2b,5T,ifvg,15T,0,,0,,True,2,2,False,False,0,True,False,False,True,,,equal_hl,1.271305,0,23.1,0.0,0.0,0.0,0.0,0.0
EURUSD,1,-1,1.08437,1.0834100000000002,9000,1.0833700000000002,1.08059,159.839999999975,2023-12-04 14:00:00+00:00,2023-12-04 14:40:00+00:00,stop,amd_fvg_m15,momentum,swing,d3,ifvg,W,False,,12.2,against,ahead,ifvg,12.2,against,0,3a,breakout,ny_judas,ny,,,False,3,0,,0,False,,,False,1,60T,,,False,False,False,False,,True,single,22.8,26.0,4.0,2.0,high,2.0,True,2023-12-01 16:45:00+00:00,2023-12-03 23:00:00+00:00,2023-12-03 23:15:00+00:00,2023-12-03 23:25:00+00:00,,,,m15_range,False,False,opposing,against,,,,,,,,,0,,0,,False,0,3,True,False,0,True,False,False,True,,,equal_hl,1.0828725,0,24.1,,15.9,,327.9,396.3
EURUSD,1,1,1.07899,1.0789499999999999,33750,1.07899,1.14948,-24.975000000024977,2023-12-06 14:15:00+00:00,2023-12-06 15:00:00+00:00,stop,amd_fvg_h1,golden,opposing_liq,,,,False,,0.0,with,inside,ifvg,0.0,with,3,golden,mm_golden,ny_golden,ny,,,False,3,0,,0,False,,,False,0,,,,False,False,False,False,,False,,27.5,79.0,3.0,3.0,low,,True,,,,,,,,m15_range,False,False,,golden,cascade,,failed,,2a,5T,ob2,60T,0,,0,,True,2,3,True,False,0,True,False,False,True,,,equal_hl,1.089002,0,14.8,0.0,0.0,0.0,0.0,0.0
GBPUSD,1,1,1.25758,1.2575299999999998,11250,1.25758,1.26103166,-10.406250000021961,2023-12-07 09:30:00+00:00,2023-12-07 10:30:00+00:00,stop,amd_fvg_h1,momentum,fib_extension,near,,,False,,71.6,with,behind,ob,26.5,with,1,2b_ip,breakout,london_judas,london,,,False,5,2,W,1,False,W,D,False,-1,60T,D,,False,False,True,False,,True,single,32.0,43.0,2.0,2.0,low,1.2,True,2023-12-06 18:30:00+00:00,2023-12-07 05:00:00+00:00,2023-12-07 05:15:00+00:00,2023-12-07 05:15:00+00:00,False,premium,none,m15_range,False,False,,against,,,,,,,,,0,,0,,False,0,2,False,False,0,True,False,False,True,,,equal_hl,1.26101,0,14.9,,137.0,40.2,158.1,158.1
EURUSD,1,1,1.07754,1.07662,15625,1.07666,1.0813799999999998,-265.9375000000092,2023-12-07 13:20:00+00:00,2023-12-07 13:30:00+00:00,stop,amd_ob_m5,momentum,fib_extension,near,ifvg,W,False,,0.0,with,inside,ifvg,0.0,with,2,3b,judas,ny_judas,ny,,,True,3,2,W|D|15T,1,False,W,D,False,-1,60T,D,,False,False,True,False,,True,dual,34.9,58.0,3.0,3.0,low,1.7,True,2023-12-06 16:30:00+00:00,2023-12-07 06:45:00+00:00,2023-12-07 07:00:00+00:00,2023-12-07 07:00:00+00:00,True,premium,pdl,m15_range,False,False,confirmed,golden,,,,,,,,,0,,0,,False,0,2,False,False,0,True,False,False,True,,,equal_hl,1.089002,0,2.3,,112.0,190.6,242.6,242.6
EURUSD,1,1,1.07869,1.07825,19335,1.07829,1.14948,-157.38689999999858,2023-12-07 14:00:00+00:00,2023-12-07 14:10:00+00:00,stop,amd_ob_m5,golden,opposing_liq,,,,False,,0.0,with,inside,ifvg,0.0,with,2,golden,mm_golden,ny_golden,ny,,,False,3,0,,0,False,,,False,0,,,,False,False,False,False,,False,,11.4,28.0,2.0,2.0,low,,True,,,,,,,,m15_range,False,False,,golden,cascade,,failed,,2a,60T,ifvg,60T,0,,0,,True,1,2,False,False,0,True,False,False,True,,,equal_hl,1.089002,0,2.1,0.0,0.0,0.0,0.0,0.0
EURUSD,1,-1,1.0739400000000001,1.07498,6250,1.07494,1.07055,-120.24999999999189,2023-12-08 13:30:00+00:00,2023-12-08 13:40:00+00:00,stop,amd_ob_m5,momentum,swing,near,ifvg,D,False,,0.0,against,inside,ifvg,0.0,against,0,1b_ip,breakout,ny_judas,ny,,,False,4,1,60T|15T,0,False,60T,240T,False,-1,60T,,,False,False,False,False,,True,single,18.8,16.0,4.0,3.0,high,-5.2,True,2023-12-08 08:00:00+00:00,2023-12-08 11:45:00+00:00,2023-12-08 12:15:00+00:00,2023-12-08 12:25:00+00:00,False,discount,eqh,session_range,False,False,confirmed,against,,,,,,,,,0,,0,,False,0,2,False,False,0,True,False,False,True,,,equal_hl,1.0719733333333332,0,1.8,,,,125.7,292.0
EURUSD,1,1,1.07828,1.0792399999999998,23437,1.0792799999999998,1.14948,416.2411199999349,2023-12-12 09:00:00+00:00,2023-12-12 11:50:00+00:00,stop,amd_fvg_m5,golden,opposing_liq,,,,False,,0.0,with,inside,ifvg,0.0,with,3,golden,mm_golden,london_golden,london,,,False,4,0,,0,False,,,False,0,,,,False,False,False,False,,False,,27.6,17.0,2.0,2.0,low,,True,,,,,,,,m15_range,False,False,,golden,cascade,240T,failed,,2a,15T,ifvg,15T,0,,0,,True,2,4,True,False,0,True,False,True,True,continuation,d1_fvg,equal_hl,1.08026,0,24.4,0.0,0.0,0.0,0.0,0.0
EURUSD,1,1,1.09489,1.09385,19531,1.09389,1.10050376,-375.7764399999747,2023-12-14 14:00:00+00:00,2023-12-14 14:05:00+00:00,stop,amd_fvg_m5,momentum,fib_extension,near,ob,W,False,,0.0,against,inside,fvg,0.0,against,2,3b,breakout,ny_judas,ny,,,False,4,2,W|240T|60T|15T,1,False,W,D|60T,False,0,,,,False,False,True,False,,True,single,11.5,10.0,2.0,2.0,low,13.0,True,2023-12-14 04:30:00+00:00,2023-12-14 06:45:00+00:00,2023-12-14 08:00:00+00:00,2023-12-14 08:05:00+00:00,True,premium,eql,m15_range,False,False,,golden,,,,,,,,,0,,0,,False,0,3,False,False,1,True,False,False,True,,,equal_hl,1.10117,0,1.5,3.2,,69.1,69.1,69.1
GBPUSD,1,1,1.27144,1.2713899999999998,5000,1.27144,1.27652032,-4.62500000000976,2023-12-14 13:45:00+00:00,2023-12-14 14:20:00+00:00,stop,amd_fvg_m5,momentum,fib_extension,d60,,,False,,30.1,against,behind,ob,0.0,against,1,2b_ip,breakout,ny_judas,ny,,,False,2,2,W,1,False,W,D|60T,False,0,,D,,False,False,True,False,,True,single,33.6,33.0,2.0,2.0,low,7.1,True,2023-12-13 23:15:00+00:00,2023-12-14 07:15:00+00:00,2023-12-14 07:45:00+00:00,2023-12-14 07:45:00+00:00,False,premium,eql,m15_range,False,False,,against,,,,,,,,,0,,0,,False,0,3,False,False,1,True,False,False,True,,,equal_hl,1.272845,0,23.0,,,19.5,19.5,19.5
GBPUSD,2,1,1.27317,1.27212,5000,1.27217,1.27652032,-97.12499999999957,2023-12-14 14:00:00+00:00,2023-12-14 14:20:00+00:00,stop,pyramid_im0.8_fvg_m5,no_open,fib_extension,d60,,,False,,30.1,against,behind,ob,0.0,against,1,2b_ip,breakout,ny_judas,ny,,,False,2,2,W,1,False,W,D|60T,False,0,,D,,False,False,True,False,,True,single,33.6,33.0,2.0,2.0,low,7.1,True,2023-12-13 23:15:00+00:00,2023-12-14 07:15:00+00:00,2023-12-14 07:45:00+00:00,2023-12-14 07:45:00+00:00,False,premium,eql,m15_range,False,False,,against,,,,,,,,,0,,0,,False,0,3,False,False,1,True,False,False,True,,,equal_hl,1.272845,0,5.7,,,19.5,19.5,19.5
GBPUSD,1,1,1.27472,1.27412,16537,1.27417,1.37487,-183.56070000004772,2023-12-15 08:45:00+00:00,2023-12-15 09:25:00+00:00,stop,amd_None,golden,opposing_liq,,,,False,,243.0,with,behind,ob,90.9,against,2,golden,mm_golden,london_golden,london,,,False,4,0,,0,False,,,False,0,,,,False,False,False,False,,False,,27.4,57.0,2.0,2.0,low,,True,,,,,,,,m15_range,False,False,,golden,cascade,,failed,,2b,15T,ifvg,15T,0,,0,,True,1,3,False,False,1,True,False,False,True,,,equal_hl,1.2791899999999998,0,8.8,0.0,0.0,0.0,0.0,0.0
EURUSD,1,-1,1.0943500000000002,1.0933900000000003,6250,1.0933500000000003,1.09018,110.99999999998265,2023-12-15 13:15:00+00:00,2023-12-15 13:30:00+00:00,stop,amd_fvg_m5,momentum,swing,near,,,False,,64.4,against,ahead,fvg,64.4,against,0,3a,breakout,ny_judas,ny,,,False,5,1,15T,0,False,15T,240T,False,1,60T,,,False,False,False,False,,False,,20.4,13.0,2.0,3.0,high,0.1,True,2023-12-15 08:45:00+00:00,2023-12-15 11:45:00+00:00,2023-12-15 12:00:00+00:00,2023-12-15 12:00:00+00:00,False,discount,eqh,m15_range,False,False,opposing,against,,,,,,,,,0,,0,,False,0,3,False,False,1,True,False,False,True,,,equal_hl,1.0900966666666665,0,21.0,,183.2,115.7,288.4,462.0
GBPUSD,1,1,1.27097,1.2744199999999999,10000,1.27447,1.2762698199999998,638.2499999999914,2023-12-19 12:00:00+00:00,2023-12-19 14:55:00+00:00,stop,amd_fvg_h1,momentum,fib_extension,near,ob,240T,True,240T,41.6,with,behind,ifvg,41.6,with,2,2b_ip,breakout,ny_judas,ny,,,False,2,2,W|D|15T,1,False,W,D|240T,False,-1,60T,,,False,False,True,False,,True,single,17.8,9.0,2.0,2.0,low,1.9,True,2023-12-18 17:15:00+00:00,2023-12-18 19:15:00+00:00,2023-12-18 19:30:00+00:00,2023-12-18 19:35:00+00:00,False,premium,eql,m15_range,False,False,confirmed,against,,,,,,,,,0,,0,,False,0,3,True,False,0,True,False,False,True,,,equal_hl,1.2791899999999998,0,47.8,,81.4,3.1,85.0,85.0
GBPUSD,2,1,1.27279,1.2737399999999999,5000,1.27379,1.2762698199999998,87.87499999998005,2023-12-19 12:45:00+00:00,2023-12-19 15:00:00+00:00,stop,pyramid_im0.8_fvg_m5,no_open,fib_extension,near,ob,240T,True,240T,41.6,with,behind,ifvg,41.6,with,2,2b_ip,breakout,ny_judas,ny,,,False,2,2,W|D|15T,1,False,W,D|240T,False,-1,60T,,,False,False,True,False,,True,single,17.8,9.0,2.0,2.0,low,1.9,True,2023-12-18 17:15:00+00:00,2023-12-18 19:15:00+00:00,2023-12-18 19:30:00+00:00,2023-12-18 19:35:00+00:00,False,premium,eql,m15_range,False,False,confirmed,against,,,,,,,,,0,,0,,False,0,3,True,False,0,True,False,False,True,,,equal_hl,1.2791899999999998,0,29.6,,81.4,3.1,85.0,85.0
EURUSD,1,-1,1.0938700000000001,1.09447,9000,1.09443,1.09071,-99.89999999998899,2023-12-20 12:15:00+00:00,2023-12-20 13:10:00+00:00,stop,amd_fvg_m5,judas,swing,near,fvg,D,False,,23.9,against,ahead,fvg,23.9,against,0,3a,breakout,ny_judas,ny,,,False,3,2,D,-1,False,D,,False,1,60T,,,False,False,False,False,,False,,9.3,14.0,2.0,5.0,high,3.4,True,2023-12-19 18:30:00+00:00,2023-12-19 21:45:00+00:00,2023-12-19 22:00:00+00:00,2023-12-19 22:10:00+00:00,False,discount,eqh,m15_range,False,False,confirmed,against,,,,,,,,,0,,0,,False,0,3,True,False,0,True,False,False,True,,,equal_hl,1.09342,0,4.8,,47.6,216.0,216.0,444.2
GBPUSD,1,1,1.26953,1.26884,23507,1.26889,1.37487,-300.06685500003454,2023-12-22 08:00:00+00:00,2023-12-22 08:05:00+00:00,stop,amd_ob_m15,golden,opposing_liq,,,,False,,27.2,with,behind,ifvg,27.2,with,3,golden,mm_golden,london_golden,london,,,False,4,0,,0,False,,,False,0,,,,False,False,False,False,,False,,20.7,45.0,2.0,4.0,low,,True,,,,,,,,m15_range,False,False,,golden,cascade,,failed,,2b,5T,ifvg,60T,0,,0,,True,2,2,False,False,0,True,False,False,True,,,equal_hl,1.2699699999999998,0,3.6,0.0,0.0,0.0,0.0,0.0
GBPUSD,1,1,1.27417,1.27312,18750,1.2731700000000001,1.2782857600000002,-364.2187499999984,2023-12-22 14:00:00+00:00,2023-12-22 14:10:00+00:00,stop,mss_fvg_m5,momentum,fib_extension,d3,ob,240T,False,,73.6,with,behind,ifvg,73.6,with,3,2b_ip,judas,ny_judas,ny,,,False,4,2,W|D|15T,1,False,W,D,False,0,,D,,False,False,True,False,,True,single,,,,,,,,,,,,,premium,,,False,False,confirmed,against,,,,,,,,,0,,0,,False,0,2,False,False,0,True,False,False,True,,,equal_hl,1.2791899999999998,0,2.1,2.7,20.8,,53.0,53.0
EURUSD,1,-1,1.1011300000000002,1.10217,6250,1.10213,1.0981214200000002,-120.24999999999189,2023-12-26 09:00:00+00:00,2023-12-26 13:20:00+00:00,stop,amd_fvg_m15,momentum,fib_extension,d3,ifvg,D,True,D,17.5,against,ahead,ifvg,17.5,against,1,3a,judas,london_judas,london,,,False,3,2,D,-1,False,D,,False,0,,,,False,False,False,False,,True,dual,29.2,48.0,3.0,4.0,high,2.0,True,2023-12-25 01:00:00+00:00,2023-12-26 02:45:00+00:00,2023-12-26 03:15:00+00:00,2023-12-26 03:15:00+00:00,True,premium,pdh,m15_range,False,False,,against,,,,,,,,,0,,0,,False,0,3,True,False,0,True,False,False,True,,,equal_hl,1.100965,0,2.8,11.3,18.9,270.7,288.6,495.5
EURUSD,1,1,1.10754,1.1114,18750,1.1085399999999999,1.11144,1338.9374999999911,2023-12-27 14:00:00+00:00,2023-12-27 15:40:00+00:00,target,amd_fvg_m5,momentum,fib_extension,near,ifvg,W,False,,81.6,with,behind,ifvg,81.6,with,3,3b,breakout,ny_judas,ny,,,False,3,2,W|240T|60T|15T,1,False,W,D|240T,False,0,,,,False,False,True,False,,True,single,21.5,16.0,5.0,1.0,low,-10.6,True,2023-12-27 08:00:00+00:00,2023-12-27 11:45:00+00:00,2023-12-27 12:45:00+00:00,2023-12-27 12:50:00+00:00,False,premium,eql,session_range,False,False,,golden,,,,,,,,,0,,0,,False,0,3,True,False,0,True,False,True,False,continuation,ob,,0.0,0,39.5,,,,,
EURUSD,1,1,1.11313,1.11209,22500,1.11213,1.14948,-432.8999999999708,2023-12-28 09:30:00+00:00,2023-12-28 11:20:00+00:00,stop,amd_ob_m5,golden,opposing_liq,,,,False,,102.7,with,behind,fvg,102.7,with,2,golden,mm_golden,london_golden,london,,,False,1,0,,0,False,,,False,0,,,,False,False,False,False,,False,,6.5,8.0,4.0,2.0,low,,True,,,,,,,,m15_range,False,False,,golden,own_ob,,respected,15T,2a,15T,ob,60T,0,,0,,True,2,1,False,False,0,True,False,False,False,,,,0.0,0,8.1,0.0,0.0,0.0,0.0,0.0
GBPUSD,1,-1,1.27382,1.2728700000000002,14062,1.27282,1.26989524,247.1396499999439,2023-12-29 09:00:00+00:00,2023-12-29 10:50:00+00:00,stop,amd_fvg_m5,momentum,fib_extension,near,,,False,,70.1,against,ahead,ifvg,70.1,against,1,1a_ip,judas,london_judas,london,,240T,False,4,0,,0,False,,,False,1,60T,D,,False,False,True,False,,False,,34.6,50.0,3.0,2.0,high,25.6,True,2023-12-28 16:30:00+00:00,2023-12-29 04:45:00+00:00,2023-12-29 06:45:00+00:00,2023-12-29 06:55:00+00:00,False,discount,eqh,m15_range,False,False,confirmed,golden,,,,,,,,,0,,0,,False,0,3,False,False,0,True,False,True,True,continuation,pdhl,equal_hl,1.2699150000000001,0,38.2,14.8,55.1,239.3,250.7,670.1
GBPUSD,1,1,1.27431,1.27379,28125,1.27384,1.37487,-270.5625000000395,2023-12-29 12:10:00+00:00,2023-12-29 12:35:00+00:00,stop,amd_fvg_m5,golden,opposing_liq,,,,False,,75.0,with,behind,ifvg,75.0,with,2,golden,mm_golden,ny_golden,ny,,,False,4,0,,0,False,,,False,0,,,,False,False,False,False,,False,,27.6,28.0,2.0,2.0,low,,True,,,,,,,,m15_range,False,False,,golden,cascade,,failed,,2b,60T,ifvg,60T,0,,0,,True,1,2,False,False,0,True,False,False,True,,,equal_hl,1.2795466666666666,0,6.2,0.0,0.0,0.0,0.0,0.0
GBPUSD,1,-1,1.26568,1.2625000000000002,14062,1.26468,1.26245,827.267459999932,2024-01-02 12:15:00+00:00,2024-01-02 13:50:00+00:00,target,amd_fvg_m5,momentum,swing,near,,,False,,0.0,against,inside,ifvg,0.0,against,0,1a_ip,breakout,ny_judas,ny,,W,False,3,0,,0,False,,,False,1,60T,240T,,False,False,False,False,,True,dual,32.0,41.0,3.0,2.0,high,18.1,True,2023-12-29 21:15:00+00:00,2024-01-02 07:15:00+00:00,2024-01-02 08:00:00+00:00,2024-01-02 08:10:00+00:00,,,,m15_range,False,False,,golden,,,,,,,,,0,,0,,False,0,5,True,True,0,True,False,True,True,continuation,breaker,equal_hl,1.262645,0,35.7,,,45.9,157.9,588.7
EURUSD,1,-1,1.09284,1.09288,28125,1.09284,0.95357,-20.812500000020815,2024-01-03 12:15:00+00:00,2024-01-03 13:30:00+00:00,stop,amd_fvg_h1,golden,opposing_liq,,,,False,,13.6,against,ahead,fvg,13.6,against,2,golden,mm_golden,ny_golden,ny,,,False,4,0,,0,False,,,False,0,,,,False,False,False,False,,False,,20.2,9.0,2.0,2.0,high,,True,,,,,,,,m15_range,False,False,,golden,cascade,,failed,,1b,5T,ob2,60T,0,,0,,True,1,3,True,False,0,True,False,False,True,,,equal_hl,1.0904425,0,18.3,0.0,0.0,0.0,0.0,0.0
EURUSD,1,-1,1.0926500000000001,1.0916900000000003,28125,1.0916500000000002,0.95357,499.49999999992184,2024-01-05 09:30:00+00:00,2024-01-05 11:45:00+00:00,stop,amd_ob_m5,golden,opposing_liq,,,,False,,11.7,against,ahead,ifvg,11.7,against,2,golden,mm_golden,london_golden,london,,,False,7,0,,0,False,,,False,0,,,,False,False,False,False,,False,,27.0,8.0,2.0,2.0,high,,True,,,,,,,,m15_range,False,False,,golden,cascade,,failed,,1b,5T,ifvg,15T,0,,0,,True,1,2,False,False,0,True,False,False,True,,,equal_hl,1.0926325,0,22.9,0.0,0.0,0.0,0.0,0.0
GBPUSD,1,1,1.27087,1.27432,22500,1.27437,1.37487,1436.0624999999804,2024-01-08 12:50:00+00:00,2024-01-08 18:30:00+00:00,stop,amd_ob_m5,golden,opposing_liq,,,,False,,204.5,with,behind,ob,129.4,against,2,golden,mm_golden,ny_golden,ny,,,False,3,0,,0,False,,,False,0,,,,False,False,False,False,,False,,33.1,28.0,2.0,2.0,low,,True,,,,,,,,m15_range,False,False,,golden,cascade,,failed,,2b,5T,ifvg,15T,0,,0,,True,1,3,True,False,0,True,False,False,True,,,equal_hl,1.2711949999999999,0,58.1,0.0,0.0,0.0,0.0,0.0
GBPUSD,2,1,1.27266,1.2736099999999997,9000,1.2736599999999998,1.37487,158.1749999999641,2024-01-08 14:30:00+00:00,2024-01-09 06:30:00+00:00,stop,pyramid_im0.8_ob_m5,no_open,opposing_liq,,,,False,,204.5,with,behind,ob,129.4,against,2,golden,mm_golden,ny_golden,ny,,,False,3,0,,0,False,,,False,0,,,,False,False,False,False,,False,,33.1,28.0,2.0,2.0,low,,True,,,,,,,,m15_range,False,False,,golden,cascade,,failed,,2b,5T,ifvg,15T,0,,0,,True,1,3,True,False,0,True,False,False,True,,,equal_hl,1.2711949999999999,0,40.2,0.0,0.0,0.0,0.0,0.0
EURUSD,1,1,1.09429,1.09425,14062,1.09429,1.0976166666666667,-10.405880000010407,2024-01-10 09:00:00+00:00,2024-01-10 11:35:00+00:00,stop,amd_ob_m5,momentum,equal_hl,near,ifvg,D,False,,22.5,against,ahead,ifvg,22.5,against,0,3b,breakout,london_judas,london,,,False,5,2,W|D|15T,1,False,W,D,False,-1,60T,D,,False,False,True,False,,True,single,18.2,12.0,3.0,3.0,low,1.8,True,2024-01-09 16:30:00+00:00,2024-01-09 19:15:00+00:00,2024-01-09 19:30:00+00:00,2024-01-09 19:40:00+00:00,False,premium,eql,m15_range,False,False,,golden,,,,,,,,,0,,0,,False,0,3,True,False,0,True,False,False,True,,,equal_hl,1.09472,0,12.4,,36.8,197.4,197.4,197.4
GBPUSD,1,-1,1.27583,1.2748800000000002,14062,1.2748300000000001,1.2724661400000004,247.1396499999439,2024-01-11 09:00:00+00:00,2024-01-11 11:00:00+00:00,stop,amd_breaker_m5,momentum,fib_extension,near,,,True,240T,254.1,against,ahead,ob,79.8,with,1,1a_ip,judas,london_judas,london,,,False,3,2,D,-1,False,D,,False,1,60T,240T,,False,False,False,False,,True,single,27.3,30.0,3.0,4.0,high,16.5,True,2024-01-10 18:15:00+00:00,2024-01-11 01:30:00+00:00,2024-01-11 06:30:00+00:00,2024-01-11 06:35:00+00:00,False,premium,none,m15_range,False,False,,golden,,,,,,,,,0,,0,,False,0,2,False,False,0,True,False,False,True,,,equal_hl,1.27138,0,24.8,24.5,86.4,86.0,259.4,663.8
GBPUSD,1,1,1.27599,1.27494,33750,1.27499,1.37487,-655.5937499999972,2024-01-11 12:20:00+00:00,2024-01-11 13:10:00+00:00,stop,amd_fvg_m15,golden,opposing_liq,,,,False,,255.7,with,behind,ob,78.2,against,3,golden,mm_golden,ny_golden,ny,,,False,3,0,,0,False,,,False,0,,,,False,False,False,False,,False,,34.5,13.0,2.0,2.0,low,,True,,,,,,,,m15_range,False,False,,golden,cascade,,failed,,2b,5T,ifvg,60T,0,,0,,True,2,2,False,False,0,True,False,False,True,,,equal_hl,1.27637,0,10.4,0.0,0.0,0.0,0.0,0.0
GBPUSD,1,-1,1.27112,1.27217,17577,1.27212,1.26733,-341.4332249999985,2024-01-11 13:50:00+00:00,2024-01-11 13:55:00+00:00,stop,amd_fvg_m5,momentum,pwh_pwl,near,,,True,240T,207.0,against,ahead,ob,126.9,with,1,1a_ip,breakout,ny_judas,ny,,,False,5,3,D|15T,-1,True,D,,True,1,60T,240T,,False,False,True,False,,True,dual,30.9,10.0,2.0,2.0,high,16.2,True,2024-01-11 10:15:00+00:00,2024-01-11 12:30:00+00:00,2024-01-11 13:30:00+00:00,2024-01-11 13:30:00+00:00,False,discount,eqh,m15_range,False,False,,golden,,,,,,,,,0,,0,,False,0,2,False,False,0,True,False,False,True,,,equal_hl,1.2700900000000002,0,2.4,,39.3,38.9,212.3,616.7
EURUSD,1,-1,1.0949,1.09494,14062,1.0949,1.091125,-10.405880000010407,2024-01-12 12:00:00+00:00,2024-01-12 13:25:00+00:00,stop,amd_fvg_m5,judas,equal_hl,near,ifvg,D,False,,16.4,with,behind,ifvg,16.4,with,1,3a,judas,ny_judas,ny,,,False,5,2,60T|15T,0,True,60T,60T,True,1,60T,240T,,False,False,True,False,,False,,28.5,29.0,3.0,2.0,high,0.7,True,2024-01-11 18:45:00+00:00,2024-01-12 01:45:00+00:00,2024-01-12 02:00:00+00:00,2024-01-12 02:05:00+00:00,False,discount,eqh,m15_range,False,False,,against,,,,,,,,,0,,0,,False,0,2,False,False,0,True,False,False,True,,,equal_hl,1.093474,0,13.1,,39.6,,226.3,366.2
GBPUSD,1,-1,1.27377,1.2728200000000003,14062,1.2727700000000002,1.2705100000000003,247.1396499999439,2024-01-15 09:00:00+00:00,2024-01-15 10:50:00+00:00,stop,amd_fvg_m5,momentum,fib_extension,near,ifvg,240T,True,240T,233.5,against,ahead,ob,100.4,with,1,1a_ip,judas,london_judas,london,,,False,4,2,D|15T,-1,False,D,,False,1,60T,,,False,False,False,False,,True,single,32.5,11.0,2.0,2.0,high,1.1,True,2024-01-15 00:30:00+00:00,2024-01-15 03:00:00+00:00,2024-01-15 03:15:00+00:00,2024-01-15 03:20:00+00:00,,,,m15_range,False,False,opposing,golden,,,,,,,,,0,,0,,False,0,3,True,False,0,True,False,False,True,,,equal_hl,1.271595,0,24.9,10.7,48.9,128.2,238.8,554.5
NZDUSD,1,-1,0.6196849999999999,0.61976,9000,0.6196849999999999,0.61651,-12.487500000007866,2024-01-15 09:00:00+00:00,2024-01-15 11:00:00+00:00,stop,amd_fvg_m5,momentum,swing,d3,ifvg,D,True,D,14.5,against,ahead,ifvg,14.5,against,1,N-short_h4,judas,london_judas,london,,,False,1,0,,0,False,,,False,1,60T,,,False,False,False,False,,True,single,13.6,10.0,2.0,2.0,high,3.5,True,2024-01-15 00:15:00+00:00,2024-01-15 02:30:00+00:00,2024-01-15 02:45:00+00:00,2024-01-15 02:55:00+00:00,,,,m15_range,False,False,,,,,,,,,,,0,,0,,False,0,4,True,False,0,True,False,True,True,continuation,breaker,equal_hl,0.6181650000000001,0,14.0,,2.9,17.6,114.4,336.6
EURUSD,1,-1,1.0901100000000001,1.0891500000000003,18000,1.0891100000000002,1.08594212,319.67999999995,2024-01-16 08:30:00+00:00,2024-01-16 11:35:00+00:00,stop,amd_fvg_m5,momentum,fib_extension,near,ifvg,W,False,,0.0,against,inside,ifvg,0.0,against,2,3a,breakout,london_judas,london,,,False,2,1,60T,0,False,60T,60T,False,0,,,,False,False,True,False,,True,single,31.1,30.0,1.0,2.0,high,-16.4,True,2024-01-16 00:30:00+00:00,2024-01-16 07:45:00+00:00,2024-01-16 08:15:00+00:00,2024-01-16 08:20:00+00:00,False,discount,val,session_range,False,False,opposing,against,,,,,,,,,0,,0,,False,0,3,True,False,0,True,False,False,True,,,equal_hl,1.0894759999999999,0,27.2,,,25.3,160.5,246.0
EURUSD,1,-1,1.0889900000000001,1.0890300000000002,22500,1.0889900000000001,0.95357,-16.65000000001665,2024-01-16 12:30:00+00:00,2024-01-16 13:30:00+00:00,stop,amd_ob_m5,golden,opposing_liq,,,,False,,8.1,against,behind,ifvg,8.1,against,2,golden,mm_golden,ny_golden,ny,,,False,3,0,,0,False,,,False,0,,,,False,False,False,False,,False,,34.0,93.0,2.0,2.0,high,,True,,,,,,,,session_range,False,False,,golden,cascade,,failed,,1b,5T,ifvg,60T,0,,0,,True,1,3,True,False,0,True,False,False,True,,,equal_hl,1.08884625,0,15.3,0.0,0.0,0.0,0.0,0.0
EURUSD,1,-1,1.08739,1.0874300000000001,18000,1.08739,1.0835899999999998,-13.320000000013321,2024-01-18 13:00:00+00:00,2024-01-18 13:35:00+00:00,stop,amd_fvg_m15,momentum,fib_extension,d3,ifvg,W,True,D,0.0,against,inside,ifvg,0.0,against,2,1b_h4,breakout,ny_judas,ny,,,False,3,1,15T,0,False,15T,,False,1,60T,,,False,False,True,False,,True,dual,27.1,39.0,3.0,4.0,high,0.4,True,2024-01-17 21:00:00+00:00,2024-01-18 06:30:00+00:00,2024-01-18 06:45:00+00:00,2024-01-18 06:50:00+00:00,False,discount,eqh,m15_range,False,False,,against,,,,,,,,,0,,0,,False,0,2,False,False,0,True,False,False,True,,,equal_hl,1.0851325,0,21.5,,30.3,,101.7,218.8
GBPUSD,1,-1,1.26974,1.2661300000000002,11250,1.2687400000000002,1.26608,751.3312499999773,2024-01-23 14:00:00+00:00,2024-01-23 15:40:00+00:00,target,amd_fvg_h1,momentum,pdh_pdl,near,,,False,,0.0,with,inside,fvg,0.0,with,1,1a_ip,judas,ny_judas,ny,,,False,3,1,15T,0,False,15T,,False,1,60T,D,,False,False,True,False,,True,single,31.5,20.0,2.0,2.0,high,0.4,True,2024-01-23 02:00:00+00:00,2024-01-23 06:45:00+00:00,2024-01-23 07:00:00+00:00,2024-01-23 07:05:00+00:00,False,discount,eqh,m15_range,False,False,,golden,,,,,,,,,0,,0,,False,0,4,True,False,0,True,False,True,True,continuation,d1_fvg,equal_hl,1.2680014285714287,0,39.2,,37.6,25.5,102.1,502.0
GBPUSD,1,1,1.27149,1.27494,22500,1.27499,1.2744900000000001,1436.0624999999804,2024-01-24 09:00:00+00:00,2024-01-24 09:30:00+00:00,stop,amd_fvg_m5,momentum,equal_hl,near,ob,D,True,D,1.5,against,ahead,ob,0.0,against,2,2b,breakout,london_judas,london,,D,False,5,2,240T|15T,1,False,240T,D,False,-1,60T,D,,False,False,True,False,,True,single,33.9,15.0,2.0,2.0,low,61.2,True,2024-01-23 07:30:00+00:00,2024-01-23 11:00:00+00:00,2024-01-23 17:30:00+00:00,2024-01-23 17:40:00+00:00,False,premium,none,m15_range,False,False,confirmed,against,,,,,,,,,0,,0,,False,0,3,True,False,0,True,False,False,True,,,equal_hl,1.27647,0,42.6,,32.8,71.5,113.3,113.3
EURUSD,1,1,1.09023,1.0911899999999999,11250,1.09123,1.09332,199.79999999996875,2024-01-24 13:00:00+00:00,2024-01-24 14:45:00+00:00,stop,amd_fvg_m5,momentum,swing,d3,ifvg,D,True,240T,0.0,against,inside,ifvg,0.0,against,1,3b,breakout,ny_judas,ny,,D,False,3,2,W|15T,1,False,W,D,False,0,,,,False,False,False,False,,True,single,25.7,17.0,2.0,3.0,low,38.5,True,2024-01-23 10:15:00+00:00,2024-01-23 14:15:00+00:00,2024-01-23 15:30:00+00:00,2024-01-23 15:40:00+00:00,False,premium,eql,m15_range,False,False,,golden,,,,,,,,,0,,0,,False,0,4,True,False,0,True,False,True,True,continuation,d1_fvg,equal_hl,1.092656,0,30.0,,14.8,98.6,238.0,238.0
NZDUSD,1,1,0.611565,0.61149,33750,0.611565,0.61484,-46.8281250000295,2024-01-25 08:30:00+00:00,2024-01-25 12:25:00+00:00,stop,amd_ob_m5,momentum,pdh_pdl,near,fvg,D,True,240T,35.7,against,ahead,fvg,35.7,against,3,N-long,judas,london_judas,london,240T,,False,5,2,60T,1,False,60T,D|60T,False,1,60T,,,False,False,True,False,,True,dual,29.5,28.0,3.0,4.0,low,8.1,True,2024-01-24 15:00:00+00:00,2024-01-24 21:45:00+00:00,2024-01-24 22:00:00+00:00,2024-01-24 22:00:00+00:00,False,discount,eql,m15_range,False,False,,,,,,,,,,,0,,0,,False,0,3,False,False,0,True,False,True,True,continuation,w_fvg,equal_hl,0.6123625,0,13.5,,34.0,163.2,254.6,254.6
EURUSD,1,-1,1.08921,1.08965,33750,1.08961,0.95357,-274.72499999999746,2024-01-25 13:05:00+00:00,2024-01-25 13:15:00+00:00,stop,amd_ob_m5,golden,opposing_liq,,,,False,,0.0,with,inside,ifvg,0.0,with,3,golden,mm_golden,ny_golden,ny,,,False,2,0,,0,False,,,False,0,,,,False,False,False,False,,False,,27.3,57.0,2.0,2.0,high,,True,,,,,,,,m15_range,False,False,,golden,cascade,,failed,,1b,15T,ob2,60T,0,,0,,True,2,2,False,False,0,True,False,False,True,,,equal_hl,1.0891666666666666,0,3.7,0.0,0.0,0.0,0.0,0.0
GBPUSD,1,1,1.27494,1.27389,28125,1.27394,1.37487,-546.3281249999976,2024-01-26 13:55:00+00:00,2024-01-26 14:15:00+00:00,stop,amd_fvg_h1,golden,opposing_liq,,,,False,,14.7,against,behind,ob,0.0,against,2,golden,mm_golden,ny_golden,ny,,,False,6,0,,0,False,,,False,0,,,,False,False,False,False,,False,,19.7,11.0,2.0,3.0,low,,True,,,,,,,,m15_range,False,False,,golden,cascade,,failed,,2b,5T,fvg,60T,0,,0,,True,1,3,False,False,1,True,False,False,True,,,equal_hl,1.2749525,0,4.9,0.0,0.0,0.0,0.0,0.0
EURUSD,1,-1,1.0829600000000001,1.0830000000000002,18000,1.0829600000000001,1.07415,-13.320000000013321,2024-01-29 09:00:00+00:00,2024-01-29 12:20:00+00:00,stop,amd_fvg_m5,momentum,itl_liquidity,d30,ifvg,D,True,D,0.0,against,inside,ifvg,0.0,against,2,1b,judas,london_judas,london,,,False,2,1,240T|60T,0,False,240T,60T,False,-1,60T,,,False,False,True,False,,True,dual,32.1,14.0,4.0,2.0,high,9.3,True,2024-01-26 09:45:00+00:00,2024-01-26 13:00:00+00:00,2024-01-26 13:30:00+00:00,2024-01-26 13:30:00+00:00,,,,m15_range,False,False,,against,,,,,,,,,0,,0,,False,0,4,True,True,0,True,False,False,True,,,equal_hl,1.0823933333333333,0,15.7,,17.7,,17.7,106.9
EURUSD,1,-1,1.0818800000000002,1.0809200000000003,18000,1.0808800000000003,1.0783500199999998,319.67999999995,2024-01-29 14:00:00+00:00,2024-01-29 17:00:00+00:00,stop,amd_fvg_m5,momentum,fib_extension,d30,ifvg,W,False,,0.0,against,inside,ifvg,0.0,against,2,3a,breakout,ny_judas,ny,,,False,3,1,240T|60T|15T,0,False,240T,60T,False,0,,,,False,False,True,False,,True,single,27.9,16.0,2.0,4.0,high,-5.0,True,2024-01-29 08:00:00+00:00,2024-01-29 11:45:00+00:00,2024-01-29 12:30:00+00:00,2024-01-29 12:40:00+00:00,,,,session_range,False,False,,against,,,,,,,,,0,,0,,False,0,4,True,True,0,True,False,False,True,,,equal_hl,1.08042,0,23.0,5.9,6.9,,6.9,96.1
GBPUSD,1,-1,1.26162,1.26207,22500,1.26202,1.03261,-187.31250000002558,2024-02-05 08:45:00+00:00,2024-02-05 08:50:00+00:00,stop,amd_fvg_m5,golden,opposing_liq,,,,False,,112.0,against,ahead,ob,66.9,against,2,golden,mm_golden,london_golden,london,,,False,3,0,,0,False,,,False,0,,,,False,False,False,False,,False,,27.7,35.0,2.0,2.0,high,,True,,,,,,,,m15_range,False,False,,golden,cascade,240T,failed,,1a,15T,ifvg,60T,0,,0,,True,1,4,True,False,0,True,False,True,True,continuation,ob,equal_hl,1.2617025000000002,0,0.1,0.0,0.0,0.0,0.0,0.0
GBPUSD,1,-1,1.2565,1.25755,28125,1.2574999999999998,1.2534614599999998,-546.3281249999976,2024-02-05 12:00:00+00:00,2024-02-05 12:25:00+00:00,stop,amd_fvg_m5,momentum,fib_extension,near,ifvg,W,False,,60.8,against,ahead,ob,15.7,against,2,1a,judas,ny_judas,ny,,,True,1,2,D,-1,False,D,60T,False,0,,240T,,False,False,True,False,,True,dual,27.7,35.0,2.0,2.0,high,3.2,True,2024-02-04 23:15:00+00:00,2024-02-05 07:45:00+00:00,2024-02-05 08:00:00+00:00,2024-02-05 08:10:00+00:00,,,,m15_range,False,False,confirmed,golden,,,,,,,,,0,,0,,False,0,4,True,False,0,True,False,True,True,continuation,breaker,equal_hl,1.25476,0,0.4,,,,,66.1
EURUSD,1,-1,1.0761500000000002,1.0724071400000001,33750,1.0751500000000003,1.07236714,2336.948212500009,2024-02-05 09:15:00+00:00,2024-02-05 15:40:00+00:00,target,amd_ob_m5,momentum,fib_extension,near,ifvg,D,False,,0.0,against,inside,ifvg,0.0,against,3,1b_ip,breakout,london_judas,london,,,False,4,1,240T,0,False,240T,,False,1,60T,,,False,False,True,False,,True,single,18.5,40.0,10.0,5.0,high,0.3,True,2024-02-04 22:00:00+00:00,2024-02-05 07:45:00+00:00,2024-02-05 08:00:00+00:00,2024-02-05 08:10:00+00:00,,,,session_range,False,False,,against,,,,,,,,,0,,0,,False,0,3,True,False,0,True,False,False,True,,,equal_hl,1.072335,0,38.4,,,,,38.8
EURUSD,1,-1,1.0740800000000001,1.0741200000000002,33750,1.0740800000000001,1.0656633333333334,-24.975000000024977,2024-02-06 09:15:00+00:00,2024-02-06 11:45:00+00:00,stop,amd_fvg_m15,momentum,equal_hl,d60,ob,W,False,,0.0,against,inside,ifvg,0.0,against,3,1b,judas,london_judas,london,,D,False,4,1,60T,0,False,60T,60T,False,0,,,,False,False,True,False,,True,single,34.4,76.0,2.0,2.0,high,4.8,True,2024-02-05 12:00:00+00:00,2024-02-06 06:45:00+00:00,2024-02-06 07:15:00+00:00,2024-02-06 07:15:00+00:00,False,discount,eqh,m15_range,False,False,,against,,,,,,,,,0,,0,,False,0,3,True,False,0,True,False,False,True,,,equal_hl,1.0723066666666667,0,16.6,2.6,18.6,,18.6,18.6
EURUSD,1,-1,1.07768,1.07854,23437,1.0785,1.07231,-372.88267000003594,2024-02-08 08:15:00+00:00,2024-02-08 10:00:00+00:00,stop,amd_fvg_m5,momentum,pdh_pdl,near,ifvg,D,True,D,0.0,against,inside,ifvg,0.0,against,3,3a,judas,london_judas,london,,D,False,5,1,,0,False,,240T,False,-1,60T,D,,False,False,True,False,,True,single,32.7,96.0,2.0,2.0,high,0.6,True,2024-02-07 07:15:00+00:00,2024-02-08 07:00:00+00:00,2024-02-08 07:15:00+00:00,2024-02-08 07:20:00+00:00,True,premium,pdh,m15_range,False,False,opposing,against,,,,,,,,,0,,0,,False,0,2,False,False,0,True,False,False,True,,,equal_hl,1.077626,0,8.4,9.8,55.2,,55.2,55.2
EURUSD,1,-1,1.07728,1.0778,15770,1.07776,1.07416,-151.70740000002215,2024-02-09 09:00:00+00:00,2024-02-09 13:30:00+00:00,stop,amd_fvg_m5,momentum,pdh_pdl,near,ifvg,D,True,240T,0.0,against,inside,ifvg,0.0,against,2,3a,judas,london_judas,london,,D,False,2,2,D|240T,-1,False,D,D|240T|60T,False,0,,D,,False,False,True,False,,True,dual,31.2,68.0,2.0,2.0,high,0.6,True,2024-02-08 15:30:00+00:00,2024-02-09 08:15:00+00:00,2024-02-09 08:30:00+00:00,2024-02-09 08:30:00+00:00,True,premium,pdh,m15_range,False,False,opposing,against,,,,,,,,,0,,0,,False,0,2,False,False,0,True,False,False,True,,,equal_hl,1.0765950000000002,0,10.7,4.4,51.2,,51.2,51.2
EURUSD,1,-1,1.07885,1.0778900000000002,12500,1.0778500000000002,1.07416,221.9999999999653,2024-02-12 08:10:00+00:00,2024-02-12 10:50:00+00:00,stop,amd_ob_m5,momentum,pdh_pdl,near,ifvg,D,True,240T,0.0,against,inside,ifvg,0.0,against,2,1b,judas,london_judas,london,,D,False,4,2,D,-1,False,D,D,False,1,60T,D,,False,False,True,False,,True,dual,31.3,74.0,5.0,2.0,high,5.8,True,2024-02-09 13:15:00+00:00,2024-02-12 07:30:00+00:00,2024-02-12 07:45:00+00:00,2024-02-12 07:55:00+00:00,,,,m15_range,False,False,,against,,,,,,,,,0,,0,,False,0,3,True,False,0,True,False,False,True,,,equal_hl,1.07695,0,21.8,12.8,47.8,19.6,66.9,66.9
EURUSD,2,-1,1.07718,1.07722,5000,1.07718,1.07416,-3.7000000000037003,2024-02-12 09:30:00+00:00,2024-02-12 16:10:00+00:00,stop,pyramid_im0.8_fvg_m5,no_open,pdh_pdl,near,ifvg,D,True,240T,0.0,against,inside,ifvg,0.0,against,2,1b,judas,london_judas,london,,D,False,4,2,D,-1,False,D,D,False,1,60T,D,,False,False,True,False,,True,dual,31.3,74.0,5.0,2.0,high,5.8,True,2024-02-09 13:15:00+00:00,2024-02-12 07:30:00+00:00,2024-02-12 07:45:00+00:00,2024-02-12 07:55:00+00:00,,,,m15_range,False,False,,against,,,,,,,,,0,,0,,False,0,3,True,False,0,True,False,False,True,,,equal_hl,1.07695,0,15.9,12.8,47.8,19.6,66.9,66.9
NZDUSD,1,-1,0.612885,0.6139600000000001,6250,0.613885,0.60981,-124.29687500000557,2024-02-12 08:10:00+00:00,2024-02-12 17:55:00+00:00,stop,amd_fvg_m5,momentum,swing,near,ifvg,D,True,240T,0.0,against,inside,fvg,0.0,against,1,N-short,judas,london_judas,london,,D,False,4,2,W|D|15T,-1,False,W,D,False,1,60T,,,False,False,False,False,,True,single,6.6,13.0,5.0,2.0,high,10.4,True,2024-02-12 03:45:00+00:00,2024-02-12 06:45:00+00:00,2024-02-12 07:45:00+00:00,2024-02-12 07:55:00+00:00,,,,m15_range,False,False,,,,,,,,,,,0,,0,,False,0,4,True,False,0,True,False,True,True,continuation,d1_fvg,equal_hl,0.6107888888888888,0,8.9,6.4,51.5,81.0,92.2,92.2
EURUSD,1,-1,1.0783500000000001,1.0787900000000001,23412,1.07875,0.95357,-190.57367999999826,2024-02-13 12:45:00+00:00,2024-02-13 13:00:00+00:00,stop,amd_breaker_m15,golden,opposing_liq,,,,False,,0.0,against,inside,ifvg,0.0,against,2,golden,mm_golden,ny_golden,ny,,,False,5,0,,0,False,,,False,0,,,,False,False,False,False,,False,,30.1,96.0,3.0,2.0,high,,True,,,,,,,,m15_range,False,False,,golden,cascade,,failed,,1b,60T,ifvg,60T,0,,0,,True,1,3,True,False,0,True,False,False,True,,,equal_hl,1.0778966666666667,0,-0.0,0.0,0.0,0.0,0.0,0.0
EURUSD,1,-1,1.07071,1.07175,12500,1.07171,1.0657059000000002,-240.49999999998377,2024-02-13 13:50:00+00:00,2024-02-13 14:15:00+00:00,stop,amd_fvg_m5,momentum,fib_extension,near,ob,W,False,,0.0,against,inside,ifvg,0.0,against,2,3a,breakout,ny_judas,ny,,,False,5,3,D|60T,-1,True,D,D|60T,True,1,60T,D,,False,False,True,False,,True,dual,22.6,10.0,2.0,3.0,high,3.9,True,2024-02-13 11:00:00+00:00,2024-02-13 13:15:00+00:00,2024-02-13 13:30:00+00:00,2024-02-13 13:30:00+00:00,False,discount,vah,m15_range,False,False,,against,,,,,,,,,0,,0,,False,0,2,True,False,0,True,False,False,False,,,,0.0,0,6.5,,,,,
GBPUSD,1,-1,1.2557,1.2547500000000003,15625,1.2547000000000001,1.25181,274.60937499993764,2024-02-14 08:00:00+00:00,2024-02-14 10:55:00+00:00,stop,amd_fvg_m5,momentum,itl_liquidity,near,ifvg,W,False,,52.8,against,ahead,ob,7.7,against,2,1a_ip,breakout,london_judas,london,,,False,4,2,D,-1,False,D,D,False,-1,60T,D,,False,False,True,False,,True,dual,25.2,41.0,3.0,2.0,high,1.7,True,2024-02-13 20:30:00+00:00,2024-02-14 06:30:00+00:00,2024-02-14 06:45:00+00:00,2024-02-14 06:50:00+00:00,False,discount,eqh,m15_range,False,False,,golden,,,,,,,,,0,,0,,False,0,4,True,False,0,True,False,True,True,continuation,w_fvg,equal_hl,1.25476,0,21.8,,,,39.9,58.1
EURUSD,1,-1,1.0711600000000001,1.07161,26636,1.07157,0.95357,-221.74469999992087,2024-02-14 13:30:00+00:00,2024-02-14 13:35:00+00:00,stop,amd_ob_m15,golden,opposing_liq,,,,False,,0.0,against,inside,ifvg,0.0,against,3,golden,mm_golden,ny_golden,ny,,,False,3,0,,0,False,,,False,0,,,,False,False,False,False,,False,,18.5,19.0,2.0,4.0,high,,True,,,,,,,,m15_range,False,False,,golden,cascade,,failed,,1b,60T,ifvg,60T,0,,0,,True,2,3,True,False,0,True,False,False,True,,,equal_hl,1.06977,0,0.9,0.0,0.0,0.0,0.0,0.0
EURUSD,1,1,1.0740299999999998,1.0774899999999998,7812,1.0775299999999999,1.07766982,500.0461200000027,2024-02-15 12:15:00+00:00,2024-02-15 14:30:00+00:00,stop,amd_ob_m5,momentum,fib_extension,near,ifvg,W,False,,0.0,with,inside,ifvg,0.0,with,1,2a,judas,ny_judas,ny,,,False,4,2,W|15T,1,False,W,,False,-1,D,D,,False,False,True,False,,True,dual,12.1,16.0,5.0,7.0,low,-7.4,True,2024-02-15 08:00:00+00:00,2024-02-15 11:45:00+00:00,2024-02-15 12:00:00+00:00,2024-02-15 12:00:00+00:00,False,premium,eql,session_range,False,False,confirmed,golden,,,,,,,,,0,,0,,False,0,3,True,False,0,True,False,False,True,,,equal_hl,1.076495,0,42.6,,66.1,158.0,260.6,400.0
GBPUSD,1,-1,1.25977,1.25632,23343,1.25627,1.03261,1489.8669749999797,2024-02-16 12:00:00+00:00,2024-02-16 13:30:00+00:00,stop,amd_breaker_m5,golden,opposing_liq,,,,False,,93.5,against,ahead,ob,48.4,against,2,golden,mm_golden,ny_golden,ny,,,False,4,0,,0,False,,,False,0,,,,False,False,False,False,,False,,21.4,15.0,2.0,4.0,high,,True,,,,,,,,m15_range,False,False,,golden,cascade,240T,failed,,1a,60T,ifvg,60T,0,,0,,True,1,4,True,False,0,True,False,True,True,inside,w_fvg,equal_hl,1.257205,0,45.0,0.0,0.0,0.0,0.0,0.0
GBPUSD,2,-1,1.25813,1.2571800000000002,5000,1.25713,1.03261,87.87499999998005,2024-02-16 12:55:00+00:00,2024-02-16 13:30:00+00:00,stop,pyramid_wamd1.0_fvg_m5,no_open,opposing_liq,,,,False,,93.5,against,ahead,ob,48.4,against,2,golden,mm_golden,ny_golden,ny,,,False,4,0,,0,False,,,False,0,,,,False,False,False,False,,False,,21.4,15.0,2.0,4.0,high,,True,,,,,,,,m15_range,False,False,,golden,cascade,240T,failed,,1a,60T,ifvg,60T,0,,0,,True,1,4,True,False,0,True,False,True,True,inside,w_fvg,equal_hl,1.257205,0,28.6,0.0,0.0,0.0,0.0,0.0
EURUSD,1,-1,1.0768300000000002,1.0758700000000003,15000,1.0758300000000003,1.07344,266.3999999999583,2024-02-16 13:00:00+00:00,2024-02-16 13:30:00+00:00,stop,mss_ob_m15,momentum,pdh_pdl,near,ifvg,D,True,240T,0.0,against,inside,ifvg,0.0,against,3,1b_ip,judas,ny_judas,ny,,,False,3,2,D|240T,-1,False,D,D|240T|60T,False,1,60T,D,,False,False,True,False,,True,single,26.2,9.0,2.0,2.0,low,3.3,False,2024-02-15 13:45:00+00:00,2024-02-15 15:45:00+00:00,2024-02-15 16:30:00+00:00,2024-02-15 16:30:00+00:00,False,discount,eql,m15_range,False,False,,against,,,,,,,,,0,,0,,False,0,1,False,False,0,False,False,False,True,,,equal_hl,1.0738333333333332,0,27.1,11.9,74.3,,74.3,74.3
EURUSD,1,-1,1.0773300000000001,1.0773700000000002,27000,1.0773300000000001,1.074155,-19.98000000001998,2024-02-19 12:35:00+00:00,2024-02-19 17:25:00+00:00,stop,mss_ob_m5,momentum,equal_hl,near,ifvg,240T,True,240T,112.7,with,behind,ob,98.5,against,3,3a,judas,ny_judas,ny,,,False,2,2,D|15T,-1,False,D,D|240T,False,-1,D,D,,False,False,True,False,,True,single,16.4,45.0,5.0,4.0,low,0.9,False,2024-02-18 22:15:00+00:00,2024-02-19 09:15:00+00:00,2024-02-19 10:00:00+00:00,2024-02-19 10:00:00+00:00,,,,m15_range,False,False,,against,,,,,,,,,0,,0,,False,0,2,True,False,0,False,False,False,True,,,equal_hl,1.076848,0,11.2,2.4,49.6,51.7,79.3,79.3
EURUSD,1,1,1.0801299999999998,1.08363774,22500,1.0811299999999997,1.08367774,1460.0967750000386,2024-02-20 13:00:00+00:00,2024-02-20 14:30:00+00:00,target,mss_fvg_h1,momentum,fib_extension,near,ifvg,W,False,,84.7,against,ahead,ifvg,84.7,against,2,3b,breakout,ny_judas,ny,,,False,2,2,W|240T|15T,1,False,W,240T,False,0,,,,False,False,True,False,,True,single,11.9,8.0,2.0,2.0,high,0.7,False,2024-02-20 11:00:00+00:00,2024-02-20 12:45:00+00:00,2024-02-20 13:00:00+00:00,2024-02-20 13:10:00+00:00,False,premium,eqh,m15_range,False,False,,golden,,,,,,,,,0,,0,,False,0,3,True,False,0,False,False,True,True,continuation,w_fvg,equal_hl,1.08521,0,37.4,,,,145.7,339.0
GBPUSD,1,1,1.26491,1.2648599999999999,11250,1.26491,1.26875,-10.406250000021961,2024-02-20 14:15:00+00:00,2024-02-20 14:55:00+00:00,stop,amd_fvg_m5,momentum,ith_liquidity,near,ifvg,240T,False,,144.9,with,behind,ob,40.7,against,1,2b_ip,breakout,ny_judas,ny,,,False,3,1,15T,0,False,15T,240T,False,0,,D,,False,False,True,False,,True,single,34.0,69.0,2.0,2.0,low,0.1,True,2024-02-19 12:30:00+00:00,2024-02-20 05:30:00+00:00,2024-02-20 05:45:00+00:00,2024-02-20 05:50:00+00:00,True,premium,pdl,m15_range,False,False,,against,,,,,,,,,0,,0,,False,0,3,True,False,0,True,False,False,True,,,equal_hl,1.267215,0,14.5,,,,126.4,179.1
EURUSD,1,-1,1.08075,1.0807900000000001,11250,1.08075,1.07766,-8.325000000008325,2024-02-21 08:20:00+00:00,2024-02-21 13:00:00+00:00,stop,amd_ob_m5,momentum,swing,near,ifvg,W,True,240T,78.5,with,behind,ifvg,78.5,with,1,3a,judas,london_judas,london,W,D,False,4,2,D,-1,False,D,D,False,0,,,,False,False,False,False,,True,single,12.2,30.0,3.0,5.0,high,1.4,True,2024-02-20 20:15:00+00:00,2024-02-21 03:30:00+00:00,2024-02-21 04:00:00+00:00,2024-02-21 04:05:00+00:00,False,discount,eqh,m15_range,False,False,,against,,,,,,,,,0,,0,,False,0,2,False,False,0,True,False,False,True,,,equal_hl,1.0793533333333334,0,17.6,2.9,46.9,85.9,113.5,113.5
GBPUSD,1,1,1.26748,1.2684299999999997,9000,1.2684799999999998,1.27143,158.1749999999641,2024-02-22 08:00:00+00:00,2024-02-22 09:30:00+00:00,stop,amd_fvg_m5,momentum,swing,near,ob,D,False,,170.6,with,behind,ob,15.0,against,1,2b,breakout,london_judas,london,,,False,2,1,240T|15T,0,False,240T,240T,False,-1,60T,,,False,False,False,False,,True,dual,32.0,64.0,2.0,2.0,low,13.8,True,2024-02-20 16:30:00+00:00,2024-02-21 08:15:00+00:00,2024-02-21 09:00:00+00:00,2024-02-21 09:10:00+00:00,False,premium,eql,m15_range,False,False,,against,,,,,,,,,0,,0,,False,0,2,False,False,0,True,False,False,True,,,equal_hl,1.2705187500000001,0,34.5,,,,100.7,153.4
EURUSD,1,1,1.0851899999999999,1.0847499999999999,22500,1.08479,1.14948,-183.14999999999833,2024-02-22 09:30:00+00:00,2024-02-22 11:05:00+00:00,stop,amd_ob_m5,golden,opposing_liq,,,,False,,34.1,against,ahead,ifvg,34.1,against,2,golden,mm_golden,london_golden,london,,,False,3,0,,0,False,,,False,0,,,,False,False,False,False,,False,,34.4,97.0,2.0,2.0,low,,True,,,,,,,,session_range,False,False,,golden,cascade,240T,failed,,2a,15T,ifvg,60T,0,,0,,True,1,4,True,False,0,True,False,True,True,continuation,w_fvg,equal_hl,1.08521,0,6.9,0.0,0.0,0.0,0.0,0.0
GBPUSD,1,-1,1.2666,1.263285,28125,1.2656,1.2632349999999999,1724.8359374999777,2024-02-22 13:00:00+00:00,2024-02-22 13:55:00+00:00,target,amd_ob_m5,momentum,equal_hl,near,,,False,,161.8,against,ahead,ob,23.8,with,2,1a_ip,judas,ny_judas,ny,,,False,4,2,,-1,False,,D,False,1,60T,D,,False,False,True,False,,True,single,34.9,11.0,2.0,4.0,high,-19.0,True,2024-02-22 09:15:00+00:00,2024-02-22 11:45:00+00:00,2024-02-22 12:00:00+00:00,2024-02-22 12:00:00+00:00,False,premium,none,session_range,False,False,,golden,,,,,,,,,0,,0,,False,0,3,False,False,0,True,False,True,True,continuation,ob,equal_hl,1.2623479999999998,0,40.2,36.1,88.0,148.9,148.9,167.1
EURUSD,1,-1,1.08223,1.08267,9000,1.08263,1.07899,-73.25999999999932,2024-02-23 09:15:00+00:00,2024-02-23 11:05:00+00:00,stop,amd_ob_m5,momentum,pdh_pdl,near,ifvg,W,False,,63.7,with,behind,ob,32.9,against,1,1b_h4,judas,london_judas,london,,240T,False,3,3,D,-1,True,D,D,True,1,60T,D,,False,False,True,False,,True,single,29.2,72.0,3.0,2.0,high,0.6,True,2024-02-22 14:00:00+00:00,2024-02-23 07:45:00+00:00,2024-02-23 08:00:00+00:00,2024-02-23 08:05:00+00:00,False,discount,eqh,m15_range,False,False,,against,,,,,,,,,0,,0,,False,0,2,False,False,0,True,False,False,True,,,equal_hl,1.08159,0,8.3,8.3,61.7,100.7,128.3,128.3
GBPUSD,1,1,1.26836,1.2683099999999998,9000,1.26836,1.27143,-8.325000000017567,2024-02-23 12:15:00+00:00,2024-02-23 13:35:00+00:00,stop,amd_fvg_h1,momentum,swing,d3,ob,D,False,,179.4,with,behind,ob,6.2,against,1,2b,breakout,ny_judas,ny,,,False,3,1,240T,0,False,240T,240T,False,0,,,,False,False,False,False,,True,dual,8.3,16.0,3.0,3.0,low,6.5,True,2024-02-22 19:15:00+00:00,2024-02-22 23:00:00+00:00,2024-02-23 00:30:00+00:00,2024-02-23 00:35:00+00:00,False,premium,eql,m15_range,False,False,,against,,,,,,,,,0,,0,,False,0,2,False,False,0,True,False,False,True,,,equal_hl,1.2704666666666666,0,17.4,,26.7,,91.9,144.6
EURUSD,1,-1,1.08579,1.08623,28125,1.08619,0.95357,-228.9374999999979,2024-02-27 12:00:00+00:00,2024-02-27 12:50:00+00:00,stop,amd_ob_m5,golden,opposing_liq,,,,False,,28.1,with,behind,ifvg,28.1,with,2,golden,mm_golden,ny_golden,ny,,,False,5,0,,0,False,,,False,0,,,,False,False,False,False,,False,,32.2,96.0,2.0,2.0,high,,True,,,,,,,,m15_range,False,False,,golden,cascade,,failed,,1b,5T,ifvg,5T,0,,0,,True,1,4,True,True,0,True,False,False,True,,,equal_hl,1.0846466666666668,0,0.3,0.0,0.0,0.0,0.0,0.0
EURUSD,1,-1,1.0845900000000002,1.0846300000000002,28125,1.0845900000000002,1.0813066666666666,-20.812500000020815,2024-02-27 14:00:00+00:00,2024-02-27 15:45:00+00:00,stop,amd_fvg_h1,momentum,equal_hl,near,ifvg,W,True,240T,40.1,with,behind,ifvg,40.1,with,2,3a,judas,ny_judas,ny,,D,False,6,2,D|15T,-1,False,D,D,False,1,60T,D,,False,False,True,False,,True,dual,13.7,8.0,3.0,2.0,high,1.4,True,2024-02-27 10:45:00+00:00,2024-02-27 12:30:00+00:00,2024-02-27 12:45:00+00:00,2024-02-27 12:50:00+00:00,True,premium,pdh,m15_range,False,False,,against,,,,,,,,,0,,0,,False,0,4,True,True,0,True,False,False,True,,,equal_hl,1.08372,0,12.9,5.0,35.1,151.9,151.9,151.9
GBPUSD,1,-1,1.26371,1.2637600000000002,42187,1.26371,1.03261,-39.022975000082354,2024-02-28 09:00:00+00:00,2024-02-28 10:20:00+00:00,stop,amd_fvg_m15,golden,opposing_liq,,,,False,,4.5,against,behind,fvg,4.5,against,3,golden,mm_golden,london_golden,london,,,False,4,0,,0,False,,,False,0,,,,False,False,False,False,,False,,34.8,27.0,4.0,2.0,high,,True,,,,,,,,session_range,False,False,,golden,cascade,240T,failed,,1a,5T,ifvg,5T,0,,0,,True,2,3,False,False,0,True,False,True,True,continuation,ob,equal_hl,1.26222,0,16.0,0.0,0.0,0.0,0.0,0.0
EURUSD,1,-1,1.08125,1.08176,28125,1.08172,0.95357,-265.3593750000054,2024-03-01 08:00:00+00:00,2024-03-01 08:10:00+00:00,stop,amd_ob_m15,golden,opposing_liq,,,,False,,73.5,with,behind,ob,23.1,against,2,golden,mm_golden,london_golden,london,,,False,4,0,,0,False,,,False,0,,,,False,False,False,False,,False,,19.9,37.0,2.0,2.0,high,,True,,,,,,,,m15_range,False,False,,golden,cascade,,failed,,1b,60T,ifvg,60T,0,,0,,True,1,2,False,False,0,True,False,False,True,,,equal_hl,1.0811400000000002,0,1.2,0.0,0.0,0.0,0.0,0.0
EURUSD,1,-1,1.0850000000000002,1.08589,22500,1.08585,1.0813429999999997,-370.4624999999315,2024-03-04 12:10:00+00:00,2024-03-04 14:50:00+00:00,stop,amd_ob_m5,momentum,fib_extension,near,ifvg,W,False,,36.0,with,behind,ifvg,36.0,with,2,1b,judas,ny_judas,ny,,D,False,4,3,240T,-1,True,240T,W|D|240T,True,1,60T,,,False,False,True,False,,False,,13.1,10.0,4.0,2.0,high,2.2,True,2024-03-04 09:00:00+00:00,2024-03-04 11:15:00+00:00,2024-03-04 12:00:00+00:00,2024-03-04 12:00:00+00:00,,,,m15_range,False,False,confirmed,against,,,,,,,,,0,,0,,False,0,3,True,False,0,True,False,False,True,,,equal_hl,1.0836774999999998,0,9.9,15.9,55.1,89.4,156.0,156.0
EURUSD,1,1,1.08629,1.08927,14062,1.0872899999999999,1.08931,775.2380599999955,2024-03-06 08:00:00+00:00,2024-03-06 15:30:00+00:00,target,amd_ob_m5,momentum,fib_extension,d3,ifvg,D,False,,23.1,against,ahead,ifvg,23.1,against,1,3b,judas,london_judas,london,,,False,6,1,60T,0,False,60T,60T,False,1,D,,,False,False,False,False,,True,dual,26.9,40.0,3.0,2.0,low,5.8,True,2024-03-05 15:15:00+00:00,2024-03-06 01:00:00+00:00,2024-03-06 01:45:00+00:00,2024-03-06 01:45:00+00:00,False,premium,eql,m15_range,False,False,,golden,,,,,,,,,0,,0,,False,0,3,False,False,0,True,False,True,True,continuation,w_fvg,equal_hl,1.088262,0,31.9,,14.0,26.2,35.4,277.4
EURUSD,1,1,1.0895599999999999,1.0925799999999999,17577,1.0905599999999998,1.09262,982.0269900000073,2024-03-07 14:20:00+00:00,2024-03-07 15:45:00+00:00,target,amd_fvg_m5,momentum,swing,d30,,,False,,0.0,against,inside,ifvg,0.0,against,1,3b,judas,ny_judas,ny,,,False,5,1,240T,0,False,240T,60T,False,0,,240T,,False,False,False,False,,True,single,30.0,88.0,2.0,2.0,low,17.5,True,2024-03-06 15:15:00+00:00,2024-03-07 13:00:00+00:00,2024-03-07 13:45:00+00:00,2024-03-07 13:50:00+00:00,False,premium,eql,m15_range,False,False,opposing,golden,,,,,,,,,0,,0,,False,0,3,False,False,0,True,False,True,True,continuation,w_fvg,equal_hl,1.091575,0,34.9,9.6,20.6,,20.6,244.7
GBPUSD,1,1,1.28689,1.28684,11250,1.28689,1.2918587199999998,-10.406250000021961,2024-03-08 13:30:00+00:00,2024-03-08 13:55:00+00:00,stop,amd_fvg_m5,momentum,fib_extension,near,,,False,,197.8,with,behind,ob,13.0,against,0,2b_h4,breakout,ny_judas,ny,,,False,2,3,D|60T,1,True,D,60T,True,0,,,,False,False,True,False,,True,single,28.2,14.0,1.0,2.0,low,-12.8,True,2024-03-08 08:30:00+00:00,2024-03-08 11:45:00+00:00,2024-03-08 13:30:00+00:00,2024-03-08 13:30:00+00:00,True,premium,none,session_range,False,False,confirmed,against,,,,,,,,,0,,0,,False,0,2,False,False,1,True,False,False,False,,,,0.0,0,24.5,,,,,
EURUSD,1,1,1.09428,1.09384,33750,1.09388,1.14948,-274.72499999999746,2024-03-11 07:20:00+00:00,2024-03-11 07:45:00+00:00,stop,amd_ob_m5,golden,opposing_liq,,,,False,,22.6,against,ahead,ifvg,22.6,against,3,golden,mm_golden,london_golden,london,,,False,3,0,,0,False,,,False,0,,,,False,False,False,False,,False,,29.2,17.0,2.0,2.0,low,,True,,,,,,,,m15_range,False,False,,golden,cascade,240T,failed,,2a,60T,ifvg,60T,0,,0,,True,2,4,True,False,0,True,False,True,True,continuation,w_fvg,equal_hl,1.09458,0,4.5,0.0,0.0,0.0,0.0,0.0
EURUSD,1,-1,1.0938100000000002,1.0928500000000003,9000,1.0928100000000003,1.09018,159.839999999975,2024-03-11 12:25:00+00:00,2024-03-11 15:55:00+00:00,stop,mss_breaker_m5,momentum,swing,near,ifvg,240T,True,240T,19.8,against,ahead,fvg,19.8,against,1,3a,breakout,ny_judas,ny,,,False,3,2,,-1,False,,W|D,False,0,,,,False,False,False,False,,True,single,29.6,83.0,2.0,5.0,low,0.5,False,2024-03-08 14:15:00+00:00,2024-03-11 09:45:00+00:00,2024-03-11 10:00:00+00:00,2024-03-11 10:00:00+00:00,,,,m15_range,False,False,confirmed,against,,,,,,,,,0,,0,,False,0,2,True,False,0,False,False,False,True,,,equal_hl,1.092168,0,23.6,3.1,71.2,143.2,244.1,244.1
GBPUSD,1,-1,1.28029,1.2793400000000001,14062,1.27929,1.2768197000000001,247.1396499999439,2024-03-12 07:45:00+00:00,2024-03-12 10:30:00+00:00,stop,amd_fvg_m5,momentum,fib_extension,d3,ifvg,D,True,240T,2.1,against,ahead,ifvg,2.1,against,1,1a,breakout,london_judas,london,,240T,False,2,2,60T,-1,False,60T,W|D|60T,False,0,,240T,,False,False,False,False,,True,single,18.7,40.0,16.0,1.0,high,-4.4,True,2024-03-11 21:00:00+00:00,2024-03-12 06:45:00+00:00,2024-03-12 07:00:00+00:00,2024-03-12 07:00:00+00:00,False,discount,eqh,session_range,False,False,confirmed,golden,,,,,,,,,0,,0,,False,0,3,True,False,0,True,False,False,True,,,equal_hl,1.2718233333333335,0,27.0,,9.0,204.4,270.9,285.8
NZDUSD,1,-1,0.616765,0.617355,11250,0.6172799999999999,0.61313,-122.79374999999571,2024-03-12 08:00:00+00:00,2024-03-12 12:30:00+00:00,stop,amd_ob_m5,judas,swing,d3,fvg,D,True,240T,6.9,against,ahead,ifvg,6.9,against,0,N-short,breakout,london_judas,london,W,240T,False,1,2,W,-1,False,W,W|D|60T,False,-1,60T,,,False,False,False,False,,False,,11.5,53.0,5.0,6.0,high,1.8,True,2024-03-11 14:15:00+00:00,2024-03-12 03:15:00+00:00,2024-03-12 03:30:00+00:00,2024-03-12 03:40:00+00:00,False,discount,eqh,m15_range,False,False,,,,,,,,,,,0,,0,,False,0,3,True,False,0,True,False,False,True,,,equal_hl,0.6157233333333334,0,30.9,6.7,8.9,94.6,122.5,131.0
GBPUSD,1,-1,1.27787,1.27892,11250,1.27887,1.27358408,-218.53124999999903,2024-03-12 12:30:00+00:00,2024-03-12 12:35:00+00:00,stop,mss_breaker_m5,momentum,fib_extension,near,ifvg,240T,True,240T,0.0,against,inside,ifvg,0.0,against,1,1a,judas,ny_judas,ny,,,True,2,3,60T,-1,True,60T,W|D|60T,True,1,60T,,,False,False,True,False,,True,single,11.4,9.0,3.0,2.0,low,32.7,False,2024-03-12 10:15:00+00:00,2024-03-12 12:15:00+00:00,2024-03-12 12:30:00+00:00,2024-03-12 12:30:00+00:00,False,discount,eql,m15_range,False,False,,golden,,,,,,,,,0,,0,,False,0,2,True,False,0,False,False,False,True,,,equal_hl,1.2718233333333335,0,-0.0,,,180.2,246.7,261.6
EURUSD,1,1,1.0933199999999998,1.0932799999999998,22500,1.0933199999999998,1.09663,-16.65000000001665,2024-03-13 11:00:00+00:00,2024-03-13 14:00:00+00:00,stop,mss_ob_m5,momentum,equal_hl,d3,ifvg,D,False,,14.9,with,behind,ifvg,14.9,with,2,3b,judas,ny_judas,ny,,,False,2,3,D|240T,1,True,D,,True,0,,D,,False,False,True,False,,True,dual,,,,,,,,,,,,,premium,,,False,False,,golden,,,,,,,,,0,,0,,False,0,4,True,False,0,True,False,True,True,continuation,w_fvg,equal_hl,1.0945133333333334,0,14.1,,15.7,,48.9,67.7
EURUSD,1,-1,1.0937000000000001,1.09441,22500,1.09437,1.09068064,-295.53749999999513,2024-03-14 12:15:00+00:00,2024-03-14 12:40:00+00:00,stop,amd_ob_m5,momentum,fib_extension,near,,,False,,18.7,against,ahead,ifvg,18.7,against,2,3a,judas,ny_judas,ny,,,False,5,3,,-1,True,,W,True,1,60T,,,False,False,True,False,,True,single,9.3,9.0,4.0,3.0,high,1.0,True,2024-03-14 08:00:00+00:00,2024-03-14 10:00:00+00:00,2024-03-14 10:15:00+00:00,2024-03-14 10:15:00+00:00,False,discount,eqh,m15_range,False,False,,against,,,,,,,,,0,,0,,False,0,2,False,False,0,True,False,False,True,,,equal_hl,1.0921416666666668,0,12.8,,35.6,142.1,243.0,243.0
EURUSD,1,-1,1.0890600000000001,1.084515,11250,1.08556,1.0844749999999999,945.9281250000506,2024-03-18 13:00:00+00:00,2024-03-19 08:35:00+00:00,target,amd_fvg_m15,momentum,equal_hl,d3,ifvg,W,True,240T,9.0,with,behind,fvg,9.0,with,1,3a,judas,ny_judas,ny,,240T,False,5,2,240T|60T,-1,False,240T,W,False,0,,D,,False,False,True,False,,True,single,24.6,96.0,2.0,2.0,high,1.0,True,2024-03-15 11:45:00+00:00,2024-03-18 11:30:00+00:00,2024-03-18 11:45:00+00:00,2024-03-18 11:45:00+00:00,,,,m15_range,False,False,opposing,against,,,,,,,,,0,,0,,False,0,3,True,False,0,True,False,False,True,,,equal_hl,1.0883366666666667,0,48.3,6.3,18.5,53.8,196.6,196.6
EURUSD,1,-1,1.08434,1.08538,14062,1.08534,1.08127,-270.55287999998177,2024-03-19 08:35:00+00:00,2024-03-19 12:35:00+00:00,stop,amd_fvg_m5,momentum,equal_hl,near,ifvg,W,False,,56.2,with,behind,ob,54.0,against,1,3a,breakout,london_judas,london,,,False,4,2,240T,-1,False,240T,W|60T,False,0,,D,,False,False,True,False,,True,single,24.6,96.0,2.0,2.0,high,1.0,True,2024-03-15 11:45:00+00:00,2024-03-18 11:30:00+00:00,2024-03-18 11:45:00+00:00,2024-03-18 11:45:00+00:00,True,discount,pdh,m15_range,False,False,,against,,,,,,,,,0,,0,,False,0,3,True,False,0,True,False,False,True,,,equal_hl,1.0844966666666667,0,8.7,,,6.6,149.4,149.4
EURUSD,1,-1,1.0857700000000001,1.0848100000000003,9000,1.0847700000000002,1.0824966666666667,159.839999999975,2024-03-20 08:00:00+00:00,2024-03-20 14:00:00+00:00,stop,amd_ob_m5,momentum,equal_hl,d3,ifvg,W,False,,18.8,with,behind,fvg,18.8,with,1,3a,judas,london_judas,london,,,False,3,2,240T|60T,-1,False,240T,W,False,0,,,,False,False,False,False,,True,dual,28.3,81.0,5.0,2.0,high,0.9,True,2024-03-19 10:45:00+00:00,2024-03-20 06:45:00+00:00,2024-03-20 07:00:00+00:00,2024-03-20 07:10:00+00:00,False,discount,eqh,m15_range,False,False,,against,,,,,,,,,0,,0,,False,0,2,False,False,-1,True,False,False,True,,,equal_hl,1.0844966666666667,0,21.3,0.4,23.9,20.9,163.7,163.7
NZDUSD,1,-1,0.603745,0.60382,22500,0.603745,0.6003825400000002,-31.218750000019668,2024-03-20 08:00:00+00:00,2024-03-20 15:15:00+00:00,stop,amd_fvg_h1,momentum,fib_extension,d60,ob,W,False,,50.9,with,behind,ob,8.5,against,2,N-short_h4,judas,london_judas,london,,,False,4,2,240T,-1,False,240T,W,False,0,,,,False,False,True,False,,True,dual,22.5,45.0,6.0,2.0,high,0.4,True,2024-03-19 05:45:00+00:00,2024-03-19 16:45:00+00:00,2024-03-19 17:00:00+00:00,2024-03-19 17:00:00+00:00,False,discount,eqh,m15_range,False,False,,,,,,,,,,,0,,0,,False,0,3,False,False,-1,True,False,True,True,continuation,d1_fvg,equal_hl,0.6028899999999999,0,13.3,2.0,5.1,,5.1,5.1
EURUSD,1,-1,1.0901,1.09014,11250,1.0901,1.08661,-8.325000000008325,2024-03-21 08:30:00+00:00,2024-03-21 09:20:00+00:00,stop,amd_fvg_m5,momentum,pdh_pdl,near,fvg,W,True,240T,64.4,with,behind,ifvg,64.4,with,0,1b,breakout,london_judas,london,,,False,3,2,240T,-1,False,240T,W,False,-1,60T,D,,False,False,True,False,,True,dual,24.1,46.0,2.0,2.0,high,3.7,True,2024-03-20 19:30:00+00:00,2024-03-21 06:45:00+00:00,2024-03-21 07:00:00+00:00,2024-03-21 07:10:00+00:00,True,premium,pdh,m15_range,False,False,,against,,,,,,,,,0,,0,,False,0,3,False,False,1,True,False,False,True,,,equal_hl,1.0883366666666667,0,13.8,,67.2,64.2,177.3,207.0
GBPUSD,1,-1,1.2735,1.27455,22500,1.2745,1.03261,-437.06249999999807,2024-03-21 12:10:00+00:00,2024-03-21 12:15:00+00:00,stop,amd_fvg_m5,golden,opposing_liq,,,,False,,63.9,against,ahead,ob,39.1,with,2,golden,mm_golden,ny_golden,ny,,,False,3,0,,0,False,,,False,0,,,,False,False,False,False,,False,,22.0,44.0,2.0,3.0,high,,True,,,,,,,,m15_range,False,False,,golden,own_ob,,respected,15T,1a,15T,ob,5T,0,,0,,True,2,3,False,False,1,True,False,False,True,,,equal_hl,1.272905,0,-0.0,0.0,0.0,0.0,0.0,0.0
GBPUSD,1,-1,1.26166,1.2579500000000001,28125,1.2606600000000001,1.2579,1930.3593749999377,2024-03-22 07:15:00+00:00,2024-03-22 10:05:00+00:00,target,amd_fvg_m15,momentum,itl_liquidity,near,ifvg,W,False,,206.5,with,behind,ob,0.0,against,2,1a,breakout,london_judas,london,,,False,5,2,60T|15T,-1,False,60T,W|240T,False,0,,D,,False,False,True,False,,True,single,24.2,39.0,2.0,3.0,high,0.6,True,2024-03-21 15:30:00+00:00,2024-03-22 01:00:00+00:00,2024-03-22 01:15:00+00:00,2024-03-22 01:15:00+00:00,False,discount,eqh,m15_range,False,False,,golden,,,,,,,,,0,,0,,False,0,4,False,False,1,True,False,True,True,continuation,pdhl,equal_hl,1.2606225,0,37.6,,,,67.2,99.5
GBPUSD,1,1,1.2613699999999999,1.2603199999999999,28125,1.26037,1.37487,-546.3281249999976,2024-03-25 08:15:00+00:00,2024-03-25 08:35:00+00:00,stop,amd_ob_m5,golden,opposing_liq,,,,False,,0.0,against,inside,fvg,0.0,against,2,golden,mm_golden,london_golden,london,,,False,5,0,,0,False,,,False,0,,,,False,False,False,False,,False,,8.3,9.0,2.0,5.0,low,,True,,,,,,,,m15_range,False,False,,golden,cascade,,failed,,2b,60T,fvg,60T,0,,0,,True,1,3,True,False,0,True,False,False,True,,,equal_hl,1.26268,0,2.8,0.0,0.0,0.0,0.0,0.0
EURUSD,1,-1,1.08162,1.0785650199999999,28125,1.0806200000000001,1.0785250199999998,1589.544281250079,2024-03-28 07:00:00+00:00,2024-03-28 09:05:00+00:00,target,mss_fvg_h1,momentum,fib_extension,d30,ifvg,W,False,,0.0,with,inside,fvg,0.0,with,2,1b,breakout,london_judas,london,,,False,5,2,240T|60T,-1,False,240T,W|240T|60T,False,0,,,,False,False,True,False,,False,,25.7,58.0,2.0,3.0,low,2.1,False,2024-03-27 09:30:00+00:00,2024-03-27 23:45:00+00:00,2024-03-28 00:00:00+00:00,2024-03-28 00:10:00+00:00,True,discount,pdl,m15_range,False,False,,against,,,,,,,,,0,,0,,False,0,2,True,False,0,False,False,False,True,,,equal_hl,1.0800459999999998,0,32.6,9.1,15.0,,21.3,122.2
EURUSD,1,-1,1.07755,1.07799,28125,1.07795,0.95357,-228.9374999999979,2024-03-29 07:05:00+00:00,2024-03-29 07:40:00+00:00,stop,amd_ob_m5,golden,opposing_liq,,,,False,,34.9,with,behind,fvg,34.9,with,2,golden,mm_golden,london_golden,london,,,False,4,0,,0,False,,,False,0,,,,False,False,False,False,,False,,30.4,21.0,2.0,2.0,high,,True,,,,,,,,m15_range,False,False,,golden,cascade,,failed,,1b,15T,ob2,60T,0,,0,,True,1,3,True,False,0,True,False,False,True,,,equal_hl,1.0772825000000001,0,-0.0,0.0,0.0,0.0,0.0,0.0
GBPUSD,1,-1,1.26166,1.2586000000000002,14062,1.2606600000000001,1.25855,796.0498199999586,2024-04-01 11:00:00+00:00,2024-04-01 15:00:00+00:00,target,amd_ob_m5,momentum,swing,near,ifvg,W,False,,0.0,with,inside,fvg,0.0,with,1,1a_ip,breakout,ny_judas,ny,,,False,6,2,D|60T|15T,-1,False,D,W|240T,False,0,,,,False,False,False,False,,True,single,18.0,9.0,2.0,2.0,high,0.1,True,2024-03-31 22:15:00+00:00,2024-04-01 01:15:00+00:00,2024-04-01 01:30:00+00:00,2024-04-01 01:30:00+00:00,,,,m15_range,False,False,,golden,,,,,,,,,0,,0,,False,0,4,True,True,0,True,False,False,True,,,equal_hl,1.261114,0,38.2,9.9,32.1,42.8,42.8,99.5
EURUSD,1,-1,1.0784500000000001,1.074195,18000,1.07495,1.074155,1416.91500000004,2024-04-01 13:00:00+00:00,2024-04-01 15:40:00+00:00,target,amd_ob_m5,momentum,equal_hl,d30,ob,W,False,,20.6,with,behind,fvg,20.6,with,2,3a,breakout,ny_judas,ny,,,False,2,2,240T,-1,False,240T,W|240T,False,0,,,,False,False,True,False,,True,single,30.7,76.0,3.0,2.0,high,6.6,True,2024-03-28 17:30:00+00:00,2024-03-29 12:15:00+00:00,2024-03-29 12:30:00+00:00,2024-03-29 12:40:00+00:00,,,,m15_range,False,False,,against,,,,,,,,,0,,0,,False,0,4,True,True,0,True,False,False,True,,,equal_hl,1.0779785714285715,0,44.5,5.8,17.6,,17.6,90.5
EURUSD,1,1,1.07422,1.0777336400000002,28125,1.0752199999999998,1.0777736400000002,1828.1908125001075,2024-04-02 11:45:00+00:00,2024-04-02 15:20:00+00:00,target,mss_fvg_m15,judas,fib_extension,near,ifvg,W,True,240T,62.9,against,ahead,fvg,62.9,against,2,3b,judas,ny_judas,ny,,,False,4,2,,1,False,,D,False,-1,60T,D,,False,False,True,False,,True,single,20.8,79.0,2.0,3.0,high,0.3,False,2024-04-01 16:00:00+00:00,2024-04-02 11:30:00+00:00,2024-04-02 11:45:00+00:00,2024-04-02 11:55:00+00:00,False,discount,eqh,m15_range,False,False,confirmed,golden,,,,,,,,,0,,0,,False,0,3,True,True,0,False,False,False,True,,,equal_hl,1.0784466666666668,0,36.8,3.3,63.8,201.3,239.9,239.9
EURUSD,1,1,1.07809,1.07741,42187,1.07745,1.14948,-530.7124600000109,2024-04-03 12:20:00+00:00,2024-04-03 13:40:00+00:00,stop,amd_ob_m5,golden,opposing_liq,,,,False,,0.0,against,inside,fvg,0.0,against,3,golden,mm_golden,ny_golden,ny,,,False,4,0,,0,False,,,False,0,,,,False,False,False,False,,False,,8.4,16.0,5.0,3.0,low,,True,,,,,,,,m15_range,False,False,,golden,cascade,240T,failed,,2a,5T,fvg,15T,0,,0,,True,2,4,True,False,0,True,False,True,True,continuation,pdhl,equal_hl,1.0784466666666668,0,5.5,0.0,0.0,0.0,0.0,0.0
GBPUSD,1,1,1.26828,1.2692299999999999,22500,1.26928,1.27245,395.43749999991024,2024-04-09 11:00:00+00:00,2024-04-09 15:25:00+00:00,stop,amd_fvg_m5,momentum,fib_extension,near,ifvg,W,True,240T,0.0,against,inside,ifvg,0.0,against,2,2b_h4,breakout,ny_judas,ny,,,False,3,1,240T,0,False,240T,240T|60T,False,0,,240T,,False,False,True,False,,True,dual,32.5,16.0,1.0,6.0,low,-31.1,True,2024-04-09 07:00:00+00:00,2024-04-09 10:45:00+00:00,2024-04-09 11:00:00+00:00,2024-04-09 11:00:00+00:00,False,premium,eql,session_range,False,False,confirmed,against,,,,,,,,,0,,0,,False,0,3,True,False,0,True,False,False,True,,,equal_hl,1.270135,0,26.2,,,,211.6,211.6
EURUSD,1,-1,1.07393,1.07397,22500,1.07393,1.06949,-16.65000000001665,2024-04-11 07:00:00+00:00,2024-04-11 08:10:00+00:00,stop,mss_ob_m5,momentum,itl_liquidity,d30,ob,W,False,,,,,ob,64.5,against,2,1b,breakout,london_judas,london,,,False,3,2,D|60T,-1,False,D,W|60T,False,0,,240T,,False,False,True,False,,True,single,,,,,,,,,,,,,discount,,,False,False,confirmed,against,,,,,,,,,0,,0,,False,0,3,True,False,0,True,False,False,True,,,equal_hl,1.072816,0,12.8,1.9,11.4,,15.6,45.3
EURUSD,1,-1,1.07058,1.06694,11250,1.0695800000000002,1.0669,757.5750000000182,2024-04-12 07:00:00+00:00,2024-04-12 10:00:00+00:00,target,amd_fvg_h1,momentum,swing,d60,ob,W,False,,50.6,with,behind,ob,31.0,against,1,1b,judas,london_judas,london,,,False,2,2,D|15T,-1,False,D,W|60T,False,0,,,,False,False,False,False,,True,single,29.2,85.0,3.0,4.0,high,1.7,True,2024-04-10 16:00:00+00:00,2024-04-11 13:00:00+00:00,2024-04-11 14:15:00+00:00,2024-04-11 14:25:00+00:00,True,discount,pdh,m15_range,False,False,confirmed,against,,,,,,,,,0,,0,,False,0,3,True,False,1,True,False,False,False,,,,0.0,0,37.4,,7.5,,7.5,11.8
EURUSD,1,-1,1.0655700000000001,1.0646100000000003,11250,1.0645700000000002,1.062,199.79999999996875,2024-04-12 11:15:00+00:00,2024-04-12 15:00:00+00:00,stop,amd_fvg_m5,momentum,round_number,near,ob,D,False,,100.7,with,behind,ob,0.0,against,1,3a,breakout,ny_judas,ny,,,False,2,2,D|15T,-1,False,D,W|60T,False,0,,,,False,False,False,False,,True,single,29.2,85.0,3.0,4.0,high,1.7,True,2024-04-10 16:00:00+00:00,2024-04-11 13:00:00+00:00,2024-04-11 14:15:00+00:00,2024-04-11 14:25:00+00:00,True,discount,pdh,m15_range,False,False,,against,,,,,,,,,0,,0,,False,0,3,True,False,1,True,False,False,False,,,,0.0,0,24.8,,,,,
GBPUSD,1,-1,1.24699,1.2432353600000001,33750,1.2459900000000002,1.24318536,2344.30334999995,2024-04-12 13:30:00+00:00,2024-04-12 15:20:00+00:00,target,amd_fvg_m15,momentum,fib_extension,near,fvg,W,False,,108.5,with,behind,ob,0.0,against,3,1a_ip,breakout,ny_judas,ny,,,False,2,2,D|60T|15T,-1,False,D,W|60T,False,0,,,,False,False,True,False,,True,single,33.9,13.0,5.0,3.0,high,-24.2,True,2024-04-12 07:45:00+00:00,2024-04-12 10:45:00+00:00,2024-04-12 11:00:00+00:00,2024-04-12 11:00:00+00:00,False,discount,eqh,session_range,False,False,opposing,golden,,,,,,,,,0,,0,,False,0,4,True,False,1,True,False,True,False,continuation,w_fvg,,0.0,0,41.0,8.1,,,,
EURUSD,1,1,1.0632,1.0631599999999999,14062,1.0632,1.06647,-10.405880000010407,2024-04-16 12:15:00+00:00,2024-04-16 14:10:00+00:00,stop,amd_ob_m5,momentum,fib_extension,near,ifvg,D,False,,19.4,against,ahead,ob,0.0,with,1,3b,judas,ny_judas,ny,,,False,5,0,,0,False,,,False,-1,60T,D,,False,False,True,False,,True,dual,34.3,56.0,2.0,2.0,low,2.8,True,2024-04-15 17:30:00+00:00,2024-04-16 07:15:00+00:00,2024-04-16 07:30:00+00:00,2024-04-16 07:30:00+00:00,False,discount,eql,m15_range,False,False,,golden,,,,,,,,,0,,0,,False,0,4,True,False,0,True,False,True,True,continuation,ob,equal_hl,1.065245,0,21.5,,97.1,245.4,332.7,350.1
GBPUSD,1,1,1.24493,1.2458799999999999,11250,1.24593,1.2490767999999999,197.71874999995512,2024-04-17 07:20:00+00:00,2024-04-17 08:15:00+00:00,stop,amd_fvg_m5,momentum,fib_extension,near,ifvg,D,True,D,13.6,against,ahead,ifvg,13.6,against,1,2b,judas,london_judas,london,,,False,3,2,15T,0,True,15T,,True,0,,240T,,False,False,True,False,,True,single,22.8,40.0,4.0,3.0,low,-4.6,True,2024-04-16 21:00:00+00:00,2024-04-17 06:45:00+00:00,2024-04-17 07:00:00+00:00,2024-04-17 07:00:00+00:00,False,premium,none,session_range,False,False,,against,,,,,,,,,0,,0,,False,0,3,True,False,0,True,False,False,True,,,equal_hl,1.247665,0,29.3,,50.0,235.0,374.4,445.1
EURUSD,1,1,1.06857,1.0677699999999999,28125,1.06781,1.07246,-416.2500000000697,2024-04-18 07:00:00+00:00,2024-04-18 09:00:00+00:00,stop,mss_ob_m5,momentum,pwh_pwl,near,ifvg,240T,True,240T,0.0,against,inside,ifvg,0.0,against,2,3b,breakout,london_judas,london,,,False,4,1,60T|15T,0,False,60T,60T,False,0,,,,False,False,True,False,,True,dual,,,,,,,,,,,,,premium,,,False,False,,golden,,,,,,,,,0,,0,,False,0,3,False,False,0,True,False,True,True,continuation,d1_fvg,equal_hl,1.07313,0,4.3,,,191.7,269.9,296.4
EURUSD,1,-1,1.0667600000000002,1.06309714,11250,1.0657600000000003,1.06305714,762.3327375000326,2024-04-18 13:20:00+00:00,2024-04-19 02:20:00+00:00,target,amd_fvg_m5,momentum,fib_extension,near,ob,D,True,240T,0.0,with,inside,ifvg,0.0,with,1,3a,judas,ny_judas,ny,,,False,2,2,D|240T,-1,False,D,W|240T,False,1,60T,D,,False,False,True,False,,True,dual,19.7,48.0,2.0,6.0,high,6.0,True,2024-04-17 19:00:00+00:00,2024-04-18 06:45:00+00:00,2024-04-18 07:30:00+00:00,2024-04-18 07:40:00+00:00,True,premium,pdh,m15_range,False,False,confirmed,against,,,,,,,,,0,,0,,False,0,2,False,False,0,True,False,False,True,,,equal_hl,1.063565,0,38.9,,67.5,,67.5,67.5
GBPUSD,1,-1,1.23216,1.23221,22500,1.23216,1.2268932,-20.812500000043922,2024-04-22 12:00:00+00:00,2024-04-22 13:20:00+00:00,stop,amd_fvg_m5,momentum,fib_extension,near,ob,W,False,,54.7,with,behind,fvg,54.7,with,2,1a_ip,judas,ny_judas,ny,,240T,False,2,2,D|240T|60T|15T,-1,False,D,W|D,False,0,,,,False,False,True,False,,True,dual,8.8,14.0,2.0,4.0,high,16.5,True,2024-04-19 19:30:00+00:00,2024-04-21 22:45:00+00:00,2024-04-22 03:00:00+00:00,2024-04-22 03:05:00+00:00,,,,m15_range,False,False,,golden,,,,,,,,,0,,0,,False,0,2,True,False,0,True,False,False,False,,,,0.0,0,12.9,,,,,
EURUSD,1,-1,1.06455,1.06554,11250,1.0655,1.0615,-206.04374999996344,2024-04-23 07:00:00+00:00,2024-04-23 08:15:00+00:00,stop,amd_fvg_h1,momentum,swing,near,ob,D,False,,5.9,with,behind,ob,0.0,against,1,3a,judas,london_judas,london,,D,False,6,2,D|60T,-1,False,D,W|D|60T,False,-1,60T,,,False,False,False,False,,True,single,17.2,14.0,2.0,3.0,high,2.9,True,2024-04-22 15:45:00+00:00,2024-04-22 19:00:00+00:00,2024-04-22 19:30:00+00:00,2024-04-22 19:35:00+00:00,False,discount,eqh,m15_range,False,False,,against,,,,,,,,,0,,0,,False,0,3,True,False,0,True,False,False,True,,,equal_hl,1.0642049999999998,0,7.0,,36.0,23.8,45.4,45.4
EURUSD,1,1,1.06562,1.0665799999999999,22500,1.06662,1.14948,399.5999999999375,2024-04-23 12:00:00+00:00,2024-04-23 14:45:00+00:00,stop,amd_ob_m5,golden,opposing_liq,,,,False,,0.0,against,inside,ifvg,0.0,against,2,golden,mm_golden,ny_golden,ny,,,False,2,0,,0,False,,,False,0,,,,False,False,False,False,,False,,27.2,11.0,3.0,2.0,low,,True,,,,,,,,m15_range,False,False,,golden,cascade,,failed,,2a,15T,fvg,60T,0,,0,,True,1,3,True,False,0,True,False,False,True,,,equal_hl,1.0657450000000002,0,47.9,0.0,0.0,0.0,0.0,0.0
EURUSD,1,-1,1.0702500000000001,1.0692900000000003,14062,1.0692500000000003,1.0672115400000002,249.74111999996094,2024-04-24 07:00:00+00:00,2024-04-24 13:35:00+00:00,stop,amd_ob_m5,momentum,fib_extension,near,fvg,D,True,D,53.9,with,behind,ob,27.7,against,1,3a,judas,london_judas,london,,240T,False,4,2,D,-1,False,D,W|D|240T,False,1,60T,D,,False,False,True,False,,True,single,21.6,46.0,3.0,2.0,high,2.7,True,2024-04-23 15:00:00+00:00,2024-04-24 02:15:00+00:00,2024-04-24 02:30:00+00:00,2024-04-24 02:35:00+00:00,True,premium,pdh,m15_range,False,False,confirmed,against,,,,,,,,,0,,0,,False,0,3,True,False,0,True,False,False,True,,,equal_hl,1.0642049999999998,0,24.0,3.9,79.5,80.8,102.4,102.4
GBPUSD,1,1,1.24757,1.25053,11250,1.24857,1.25058,616.0499999999691,2024-04-25 07:00:00+00:00,2024-04-25 08:55:00+00:00,target,amd_ob_m5,momentum,swing,near,fvg,W,True,240T,0.0,against,inside,ifvg,0.0,against,1,2b,breakout,london_judas,london,,,False,2,2,W|60T,1,False,W,60T,False,0,,,,False,False,False,False,,True,single,30.9,21.0,3.0,2.0,low,4.6,True,2024-04-24 04:15:00+00:00,2024-04-24 09:15:00+00:00,2024-04-24 09:30:00+00:00,2024-04-24 09:30:00+00:00,True,premium,pwl,m15_range,False,False,,against,,,,,,,,,0,,0,,False,0,2,False,False,0,True,False,False,True,,,equal_hl,1.2579500000000001,0,33.9,,,234.3,328.3,418.7
EURUSD,1,-1,1.07135,1.07139,18000,1.07135,1.06779,-13.320000000013321,2024-04-25 13:15:00+00:00,2024-04-25 13:30:00+00:00,stop,amd_fvg_m5,momentum,pdh_pdl,near,fvg,D,False,,35.6,against,ahead,fvg,35.6,against,2,3a,judas,ny_judas,ny,,D,False,3,3,D,-1,True,D,W|D,True,-1,60T,D,,False,False,True,False,,False,,33.4,48.0,6.0,2.0,high,0.9,True,2024-04-24 23:15:00+00:00,2024-04-25 11:00:00+00:00,2024-04-25 11:15:00+00:00,2024-04-25 11:20:00+00:00,False,discount,eqh,m15_range,False,False,opposing,against,,,,,,,,,0,,0,,False,0,2,False,False,0,True,False,False,True,,,equal_hl,1.0678100000000001,0,18.8,9.3,90.5,91.8,113.4,113.4
EURUSD,1,-1,1.07226,1.0733,14062,1.0732599999999999,1.06783,-270.55287999998177,2024-04-26 12:40:00+00:00,2024-04-26 13:30:00+00:00,stop,amd_ob_m5,momentum,pdh_pdl,near,ifvg,D,False,,33.8,with,behind,fvg,33.8,with,1,1b,judas,ny_judas,ny,W,,False,4,2,D,-1,False,D,W|D|60T,False,1,60T,D,,False,False,True,False,,True,dual,23.7,66.0,2.0,2.0,high,14.0,True,2024-04-25 16:30:00+00:00,2024-04-26 08:45:00+00:00,2024-04-26 09:30:00+00:00,2024-04-26 09:40:00+00:00,True,premium,pdh,m15_range,False,False,,against,,,,,,,,,0,,0,,False,0,2,False,False,0,True,False,False,True,,,equal_hl,1.0676666666666668,0,10.1,5.0,85.0,100.9,122.5,122.5
GBPUSD,1,-1,1.25366,1.25371,28125,1.25366,1.25038,-26.0156250000549,2024-04-30 13:00:00+00:00,2024-04-30 13:30:00+00:00,stop,mss_ob_m5,momentum,fib_extension,near,fvg,W,True,240T,41.8,with,behind,fvg,41.8,with,2,1a_ip,judas,ny_judas,ny,W,,False,6,2,D|15T,-1,False,D,W|D,False,0,,,,False,False,True,False,,True,single,33.7,48.0,3.0,2.0,low,6.9,False,2024-04-29 19:00:00+00:00,2024-04-30 06:45:00+00:00,2024-04-30 07:30:00+00:00,2024-04-30 07:35:00+00:00,False,discount,eql,m15_range,False,False,confirmed,golden,,,,,,,,,0,,0,,False,0,3,True,True,0,False,False,False,True,,,equal_hl,1.251525,0,34.4,13.6,88.7,172.1,238.5,238.5
EURUSD,1,1,1.0776599999999998,1.0776199999999998,14062,1.0776599999999998,1.08087,-10.405880000010407,2024-05-06 13:00:00+00:00,2024-05-06 16:10:00+00:00,stop,amd_ob_m5,momentum,swing,near,fvg,D,True,D,0.0,against,inside,fvg,0.0,against,1,3b,breakout,ny_judas,ny,,240T,False,4,1,60T,0,False,60T,60T,False,-1,D,,,False,False,False,False,,True,single,12.8,31.0,2.0,2.0,low,1.1,True,2024-05-06 01:15:00+00:00,2024-05-06 08:45:00+00:00,2024-05-06 09:00:00+00:00,2024-05-06 09:00:00+00:00,,,,m15_range,False,False,,golden,,,,,,,,,0,,0,,False,0,4,True,False,0,True,False,True,True,continuation,d1_fvg,equal_hl,1.0794700000000002,0,14.1,0.4,36.7,,109.3,205.5
EURUSD,1,1,1.07645,1.0774099999999998,22500,1.0774499999999998,1.14948,399.5999999999375,2024-05-07 08:30:00+00:00,2024-05-07 15:35:00+00:00,stop,amd_ob_m5,golden,opposing_liq,,,,False,,0.0,against,inside,fvg,0.0,against,2,golden,mm_golden,london_golden,london,,,False,2,0,,0,False,,,False,0,,,,False,False,False,False,,False,,32.1,69.0,3.0,2.0,low,,True,,,,,,,,m15_range,False,False,,golden,cascade,240T,failed,,2a,60T,ifvg,60T,0,,0,,True,1,4,True,False,0,True,False,True,True,inside,d1_fvg,equal_hl,1.078315,0,22.8,0.0,0.0,0.0,0.0,0.0
GBPUSD,1,-1,1.24884,1.24889,42187,1.24884,1.2453946800000002,-39.022975000082354,2024-05-09 07:00:00+00:00,2024-05-09 10:55:00+00:00,stop,amd_ob_m5,momentum,fib_extension,d3,ob,240T,False,,16.1,with,behind,fvg,16.1,with,3,1a,judas,london_judas,london,,D,False,5,2,D|60T,-1,False,D,W|D|60T,False,-1,60T,,,False,False,True,False,,True,dual,6.4,15.0,3.0,7.0,high,2.5,True,2024-05-08 18:15:00+00:00,2024-05-08 21:45:00+00:00,2024-05-09 04:15:00+00:00,2024-05-09 04:20:00+00:00,False,discount,eqh,m15_range,False,False,,golden,,,,,,,,,0,,0,,False,0,3,False,False,0,True,False,True,True,continuation,d1_fvg,equal_hl,1.24696,0,18.6,2.3,21.9,190.3,190.3,190.3
EURUSD,1,-1,1.07359,1.07363,18000,1.07359,1.0700234399999997,-13.320000000013321,2024-05-09 08:30:00+00:00,2024-05-09 13:30:00+00:00,stop,amd_ob_m5,momentum,fib_extension,d3,ob,D,True,240T,0.0,against,inside,ifvg,0.0,against,2,3a,breakout,london_judas,london,,D,False,3,2,240T|60T,-1,False,240T,W|D|60T,False,0,,,,False,False,True,False,,True,single,9.6,43.0,3.0,3.0,high,1.0,True,2024-05-08 17:30:00+00:00,2024-05-09 04:00:00+00:00,2024-05-09 04:15:00+00:00,2024-05-09 04:20:00+00:00,False,discount,pwh,m15_range,False,False,,against,,,,,,,,,0,,0,,False,0,2,False,False,0,True,False,False,True,,,equal_hl,1.0728,0,12.0,,1.8,112.9,135.8,135.8
EURUSD,1,1,1.0753,1.07869,14062,1.0762999999999998,1.07873,881.8983300000011,2024-05-09 13:30:00+00:00,2024-05-10 14:45:00+00:00,target,amd_ob_m5,momentum,pdh_pdl,near,ifvg,D,False,,0.0,with,inside,ifvg,0.0,with,1,3b,breakout,ny_judas,ny,,,False,6,1,,0,True,,,True,-1,60T,D,,False,False,True,False,,True,dual,26.8,78.0,2.0,2.0,low,1.1,True,2024-05-08 17:15:00+00:00,2024-05-09 12:30:00+00:00,2024-05-09 12:45:00+00:00,2024-05-09 12:45:00+00:00,False,premium,eql,m15_range,False,False,opposing,golden,,,,,,,,,0,,0,,False,0,4,True,False,0,True,False,True,True,continuation,breaker,equal_hl,1.0760999999999998,0,36.7,,38.6,0.6,132.9,229.1
EURUSD,1,1,1.07853,1.0794899999999998,14062,1.0795299999999999,1.08175,249.74111999996094,2024-05-13 12:05:00+00:00,2024-05-13 16:00:00+00:00,stop,amd_ob_m5,momentum,swing,d3,ifvg,D,True,D,0.0,against,inside,ifvg,0.0,against,1,3b,judas,ny_judas,ny,,,False,4,2,D|60T|15T,1,False,D,240T|60T,False,0,,,,False,False,False,False,,True,dual,11.0,37.0,2.0,2.0,low,0.5,True,2024-05-10 18:00:00+00:00,2024-05-13 03:00:00+00:00,2024-05-13 03:15:00+00:00,2024-05-13 03:25:00+00:00,,,,m15_range,False,False,opposing,golden,,,,,,,,,0,,0,,False,0,4,True,False,0,True,False,True,True,continuation,d1_fvg,equal_hl,1.079264,0,21.5,,5.6,28.0,100.6,196.8
EURUSD,1,1,1.0793599999999999,1.0784799999999999,28125,1.07852,1.08651,-457.8749999999958,2024-05-14 11:00:00+00:00,2024-05-14 13:30:00+00:00,stop,amd_fvg_m5,judas,equal_hl,d3,ifvg,W,True,D,0.0,against,inside,ifvg,0.0,against,2,3b,judas,ny_judas,ny,,,False,3,3,D|240T|60T,1,True,D,60T,True,-1,60T,240T,,False,False,True,False,,True,single,22.5,73.0,4.0,2.0,low,7.5,True,2024-05-13 14:45:00+00:00,2024-05-14 08:45:00+00:00,2024-05-14 09:15:00+00:00,2024-05-14 09:25:00+00:00,False,premium,eql,m15_range,False,False,,golden,,,,,,,,,0,,0,,False,0,4,True,False,0,True,False,True,True,continuation,d1_fvg,equal_hl,1.079655,0,5.4,0.8,14.1,19.7,92.3,188.5
GBPUSD,1,1,1.26102,1.2619699999999998,28125,1.26202,1.37487,494.2968749998878,2024-05-15 12:20:00+00:00,2024-05-15 13:30:00+00:00,stop,amd_fvg_h1,golden,opposing_liq,,,,False,,0.0,against,inside,ifvg,0.0,against,2,golden,mm_golden,ny_golden,ny,,,False,4,0,,0,False,,,False,0,,,,False,False,False,False,,False,,26.2,12.0,3.0,2.0,low,,True,,,,,,,,m15_range,False,False,,golden,own_ob,,respected,,2b,5T,fvg,60T,0,,0,,True,2,3,True,False,0,True,False,False,True,,,equal_hl,1.263395,0,60.1,0.0,0.0,0.0,0.0,0.0
GBPUSD,1,-1,1.26721,1.2662600000000002,11250,1.26621,1.2640902600000001,197.71874999995512,2024-05-16 12:15:00+00:00,2024-05-16 15:30:00+00:00,stop,amd_ob_m5,judas,fib_extension,near,fvg,D,False,,89.0,against,ahead,ob,12.0,with,1,1a,breakout,ny_judas,ny,,W,False,3,2,15T,-1,False,15T,W|D|240T,False,0,,D,,False,False,True,False,,False,,23.7,32.0,2.0,5.0,high,5.4,True,2024-05-15 17:45:00+00:00,2024-05-16 01:30:00+00:00,2024-05-16 01:45:00+00:00,2024-05-16 01:55:00+00:00,False,premium,eqh,m15_range,False,False,,golden,,,,,,,,,0,,0,,False,0,2,False,False,0,True,False,False,True,,,equal_hl,1.2647333333333335,0,28.9,,163.9,207.2,374.0,374.0
EURUSD,1,-1,1.0869,1.08694,11250,1.0869,1.08356,-8.325000000008325,2024-05-20 12:00:00+00:00,2024-05-20 15:30:00+00:00,stop,amd_ob_m5,judas,pdh_pdl,near,ifvg,D,True,240T,14.6,against,ahead,ifvg,14.6,against,1,1b,judas,ny_judas,ny,W,,False,5,2,15T,-1,False,15T,W|D,False,0,,D,,False,False,True,False,,False,,18.5,61.0,6.0,2.0,high,1.9,True,2024-05-17 15:45:00+00:00,2024-05-20 06:45:00+00:00,2024-05-20 07:00:00+00:00,2024-05-20 07:05:00+00:00,,,,m15_range,False,False,,against,,,,,,,,,0,,0,,False,0,3,True,False,0,True,False,False,True,,,equal_hl,1.0857466666666666,0,15.0,5.9,34.3,146.0,268.9,268.9
EURUSD,1,-1,1.0868900000000001,1.0859300000000003,28125,1.0858900000000002,0.95357,499.49999999992184,2024-05-21 11:30:00+00:00,2024-05-21 14:15:00+00:00,stop,amd_ob_m5,golden,opposing_liq,,,,False,,14.5,against,ahead,ifvg,14.5,against,2,golden,mm_golden,ny_golden,ny,,,False,4,0,,0,False,,,False,0,,,,False,False,False,False,,False,,22.7,96.0,4.0,2.0,high,,True,,,,,,,,m15_range,False,False,,golden,cascade,,failed,,1b,60T,ifvg,60T,0,,0,,True,1,3,True,False,0,True,False,False,True,,,equal_hl,1.086505,0,26.4,0.0,0.0,0.0,0.0,0.0
GBPUSD,1,-1,1.27255,1.2716000000000003,17577,1.2715500000000002,1.2694717199999999,308.9157749999299,2024-05-22 12:00:00+00:00,2024-05-22 13:05:00+00:00,stop,amd_fvg_h1,momentum,fib_extension,near,ifvg,W,False,,82.3,against,ahead,ob,0.0,with,1,1a_ip,judas,ny_judas,ny,,,False,5,2,,-1,False,,W|D|60T,False,1,60T,D,,False,False,True,False,,True,single,19.3,51.0,2.0,2.0,high,38.4,True,2024-05-21 18:15:00+00:00,2024-05-22 06:45:00+00:00,2024-05-22 07:45:00+00:00,2024-05-22 07:50:00+00:00,True,premium,pdh,m15_range,False,False,opposing,golden,,,,,,,,,0,,0,,False,0,3,True,False,0,True,False,False,True,,,equal_hl,1.2687666666666668,0,25.7,23.2,40.2,280.8,427.4,427.4
EURUSD,1,-1,1.0839,1.0839400000000001,22500,1.0839,1.08019,-16.65000000001665,2024-05-22 11:25:00+00:00,2024-05-22 14:25:00+00:00,stop,amd_ob_m5,momentum,equal_hl,near,fvg,D,True,240T,0.0,against,inside,ifvg,0.0,against,2,1b_ip,judas,ny_judas,ny,,,False,4,2,,-1,False,,W|D|60T,False,1,60T,,,False,False,True,False,,True,dual,15.4,51.0,4.0,2.0,high,1.7,True,2024-05-21 14:15:00+00:00,2024-05-22 02:45:00+00:00,2024-05-22 03:00:00+00:00,2024-05-22 03:00:00+00:00,False,discount,eqh,m15_range,False,False,,against,,,,,,,,,0,,0,,False,0,2,False,False,0,True,False,False,True,,,equal_hl,1.0834683333333335,0,17.1,,,116.0,233.9,238.9
EURUSD,1,1,1.08479,1.0847499999999999,17577,1.08479,1.08844,-13.006980000013009,2024-05-23 12:30:00+00:00,2024-05-23 14:45:00+00:00,stop,mss_fvg_m15,momentum,pdh_pdl,near,ob,240T,False,,34.9,with,behind,fvg,34.9,with,1,3b,judas,ny_judas,ny,,,False,6,3,D,1,True,D,240T,False,-1,60T,240T,,False,False,True,False,,True,single,34.5,96.0,3.0,2.0,high,1.4,False,2024-05-22 10:45:00+00:00,2024-05-23 10:30:00+00:00,2024-05-23 10:45:00+00:00,2024-05-23 10:55:00+00:00,False,premium,eqh,m15_range,False,False,confirmed,golden,,,,,,,,,0,,0,,False,0,3,True,False,0,False,False,True,True,continuation,d1_fvg,equal_hl,1.0862150000000002,0,13.1,,37.4,,47.9,107.7
EURUSD,1,1,1.08175,1.08496,14062,1.0827499999999999,1.085,835.071869999983,2024-05-24 08:00:00+00:00,2024-05-24 13:40:00+00:00,target,amd_ob_m5,momentum,round_number,near,ifvg,240T,True,240T,4.5,with,behind,ifvg,4.5,with,1,3b,judas,london_judas,london,,,False,3,2,D,1,False,D,240T,False,-1,60T,,,False,False,False,False,,True,dual,23.3,14.0,2.0,2.0,low,3.6,True,2024-05-23 15:45:00+00:00,2024-05-23 19:00:00+00:00,2024-05-23 19:45:00+00:00,2024-05-23 19:55:00+00:00,True,discount,pdl,m15_range,False,False,confirmed,golden,,,,,,,,,0,,0,,False,0,4,True,False,0,True,False,True,True,continuation,d1_fvg,equal_hl,1.082605,0,33.5,,58.1,,78.3,126.0
EURUSD,1,1,1.08499,1.0849499999999999,17577,1.08499,1.088,-13.006980000013009,2024-05-24 13:40:00+00:00,2024-05-27 13:00:00+00:00,stop,amd_ob_m5,momentum,round_number,d3,ifvg,W,False,,36.9,with,behind,ifvg,36.9,with,1,2a,breakout,ny_judas,ny,,,False,5,2,D,1,False,D,240T,False,-1,60T,,,False,False,False,False,,True,single,23.3,14.0,2.0,2.0,low,3.6,True,2024-05-23 15:45:00+00:00,2024-05-23 19:00:00+00:00,2024-05-23 19:45:00+00:00,2024-05-23 19:55:00+00:00,True,premium,pdl,m15_range,False,False,confirmed,golden,,,,,,,,,0,,0,,False,0,4,True,False,0,True,False,True,True,continuation,d1_fvg,equal_hl,1.08594,0,17.5,,25.7,,45.9,93.6
EURUSD,1,1,1.0883099999999999,1.0874,35156,1.08744,1.0921963400000003,-591.8512599999782,2024-05-28 12:00:00+00:00,2024-05-28 14:10:00+00:00,stop,amd_fvg_m15,momentum,fib_extension,d30,,,False,,70.1,with,behind,ifvg,70.1,with,2,3b,breakout,ny_judas,ny,,240T,False,3,2,D|60T|15T,1,False,D,60T,False,0,,240T,,False,False,True,False,,True,single,25.5,93.0,2.0,4.0,low,1.4,True,2024-05-24 13:45:00+00:00,2024-05-27 12:45:00+00:00,2024-05-27 13:00:00+00:00,2024-05-27 13:05:00+00:00,True,premium,pdl,m15_range,False,False,opposing,golden,,,,,,,,,0,,0,,False,0,4,True,False,0,True,False,True,True,continuation,d1_fvg,equal_hl,1.0886933333333333,0,5.9,,,12.7,12.7,60.4
GBPUSD,1,1,1.27138,1.27093,28125,1.27098,1.37487,-234.14062500003197,2024-05-30 12:45:00+00:00,2024-05-30 12:55:00+00:00,stop,amd_fvg_m5,golden,opposing_liq,,,,False,,70.6,with,behind,fvg,70.6,with,2,golden,mm_golden,ny_golden,ny,,,False,4,0,,0,False,,,False,0,,,,False,False,False,False,,False,,33.6,60.0,2.0,5.0,low,,True,,,,,,,,m15_range,False,False,,golden,cascade,,failed,,2b,15T,ifvg,15T,0,,0,,True,1,2,False,False,0,True,False,False,True,,,equal_hl,1.27259,0,0.0,0.0,0.0,0.0,0.0,0.0
EURUSD,1,1,1.0826099999999999,1.0825699999999998,14062,1.0826099999999999,1.08588,-10.405880000010407,2024-05-30 13:30:00+00:00,2024-05-31 02:40:00+00:00,stop,amd_ob_m5,momentum,pdh_pdl,near,ifvg,W,True,D,66.1,with,behind,ifvg,66.1,with,0,3b,breakout,ny_judas,ny,,,False,4,2,D|240T,1,False,D,,False,-1,60T,D,,False,False,True,False,,True,single,28.3,59.0,4.0,2.0,low,0.7,True,2024-05-29 16:00:00+00:00,2024-05-30 06:30:00+00:00,2024-05-30 06:45:00+00:00,2024-05-30 06:50:00+00:00,False,discount,eql,m15_range,False,False,,golden,,,,,,,,,0,,0,,False,0,3,False,False,0,True,False,True,True,continuation,w_fvg,equal_hl,1.0841500000000002,0,19.0,,63.8,69.7,69.7,117.4
GBPUSD,1,-1,1.27259,1.2716400000000003,11250,1.2715900000000002,1.26913,197.71874999995512,2024-06-03 08:15:00+00:00,2024-06-03 11:45:00+00:00,stop,mss_fvg_m15,momentum,fib_extension,near,ifvg,240T,True,240T,21.0,with,behind,ifvg,21.0,with,1,1a_ip,judas,london_judas,london,,,False,3,2,,-1,False,,W|D|240T,False,1,60T,,,False,False,False,False,,True,single,31.6,60.0,2.0,2.0,low,0.6,False,2024-05-31 17:15:00+00:00,2024-06-03 08:00:00+00:00,2024-06-03 08:15:00+00:00,2024-06-03 08:25:00+00:00,,,,m15_range,False,False,confirmed,golden,,,,,,,,,0,,0,,False,0,3,True,True,0,False,False,False,True,,,equal_hl,1.269745,0,31.8,,46.3,51.6,281.2,427.8
EURUSD,1,-1,1.08949,1.08993,42187,1.08989,0.95357,-343.40217999999686,2024-06-07 12:30:00+00:00,2024-06-07 12:45:00+00:00,stop,amd_None,golden,opposing_liq,,,,False,,35.9,against,ahead,ifvg,35.9,against,3,golden,mm_golden,ny_golden,ny,,,False,4,0,,0,False,,,False,0,,,,False,False,False,False,,False,,26.0,73.0,7.0,4.0,high,,True,,,,,,,,m15_range,False,False,,golden,cascade,,failed,,1b,5T,ob2,60T,0,,0,,True,2,4,True,False,1,True,False,False,True,,,equal_hl,1.085868,0,0.1,0.0,0.0,0.0,0.0,0.0
EURUSD,1,-1,1.0750600000000001,1.0756700000000001,25143,1.07563,0.95357,-283.73875499999974,2024-06-10 07:00:00+00:00,2024-06-10 07:40:00+00:00,stop,amd_fvg_h1,golden,opposing_liq,,,,False,,0.0,against,inside,ifvg,0.0,against,3,golden,mm_golden,london_golden,london,,,False,5,0,,0,False,,,False,0,,,,False,False,False,False,,False,,15.4,12.0,3.0,2.0,high,,True,,,,,,,,m15_range,False,False,,golden,cascade,,failed,,1b,5T,ifvg,60T,0,,0,,True,2,3,True,False,0,True,False,False,True,,,equal_hl,1.073385,0,1.6,0.0,0.0,0.0,0.0,0.0
EURUSD,1,-1,1.07402,1.07506,15000,1.0750199999999999,1.06959,-288.5999999999805,2024-06-10 11:00:00+00:00,2024-06-10 12:45:00+00:00,stop,amd_fvg_m5,momentum,fib_extension,d30,ob,D,False,,0.0,against,inside,ifvg,0.0,against,3,3a,breakout,ny_judas,ny,,,False,3,0,,0,False,,,False,-1,D,,,False,False,True,False,,True,single,15.4,12.0,3.0,2.0,high,1.6,True,2024-06-09 22:00:00+00:00,2024-06-10 00:45:00+00:00,2024-06-10 01:00:00+00:00,2024-06-10 01:05:00+00:00,,,,m15_range,False,False,,against,,,,,,,,,0,,0,,False,0,3,True,False,0,True,False,False,True,,,equal_hl,1.073385,0,7.5,,,,17.2,140.1
EURUSD,1,-1,1.07363,1.0726700000000002,18750,1.0726300000000002,1.07052412,332.99999999994793,2024-06-20 07:00:00+00:00,2024-06-20 10:45:00+00:00,stop,amd_ob_m5,momentum,fib_extension,near,ob,D,False,,42.6,with,behind,ob,1.0,against,3,3a,judas,london_judas,london,,,False,4,2,D|240T|60T|15T,-1,False,D,,False,0,,,,False,False,True,False,,False,,11.9,10.0,2.0,2.0,high,8.9,True,2024-06-19 09:00:00+00:00,2024-06-19 11:15:00+00:00,2024-06-19 12:00:00+00:00,2024-06-19 12:10:00+00:00,False,discount,eqh,m15_range,False,False,,against,,,,,,,,,0,,0,,False,0,3,True,False,0,True,False,False,True,,,equal_hl,1.0731225,0,23.7,,50.9,,69.6,136.2
EURUSD,1,-1,1.0706200000000001,1.0696600000000003,23437,1.0696200000000002,1.06676,416.2411199999349,2024-06-21 08:00:00+00:00,2024-06-21 08:30:00+00:00,stop,mss_fvg_m5,momentum,itl_liquidity,d3,ob,D,False,,72.7,with,behind,ob,0.0,against,3,1b,breakout,london_judas,london,,,False,3,2,D|240T|60T|15T,-1,False,D,,False,0,,240T,,False,False,True,False,,False,,30.5,53.0,3.0,3.0,low,0.4,False,2024-06-20 08:45:00+00:00,2024-06-20 21:45:00+00:00,2024-06-20 22:00:00+00:00,2024-06-20 22:00:00+00:00,True,discount,pdl,m15_range,False,False,,against,,,,,,,,,0,,0,,False,0,2,False,False,1,False,False,False,True,,,equal_hl,1.0676916666666667,0,31.3,5.9,5.9,,39.5,106.1
NZDUSD,1,-1,0.612995,0.61307,12500,0.612995,0.60999,-17.343750000010928,2024-06-20 08:40:00+00:00,2024-06-21 12:55:00+00:00,stop,amd_ob_m5,momentum,pwh_pwl,near,ifvg,D,True,D,10.5,with,behind,fvg,10.5,with,2,N-short_h4,breakout,london_judas,london,,,False,7,3,W|240T,-1,True,W,,False,0,,,,False,False,True,False,,True,single,8.6,19.0,2.0,2.0,high,0.9,True,2024-06-20 03:45:00+00:00,2024-06-20 08:15:00+00:00,2024-06-20 08:30:00+00:00,2024-06-20 08:30:00+00:00,False,discount,eqh,m15_range,False,False,,,,,,,,,,,0,,0,,False,0,3,False,False,0,True,False,True,True,continuation,d1_fvg,equal_hl,0.6125183333333334,0,18.7,10.7,34.4,31.3,49.7,279.5
EURUSD,1,1,1.0703,1.07349,6250,1.0713,1.07353,368.843750000003,2024-06-24 07:15:00+00:00,2024-06-24 12:55:00+00:00,target,amd_ob_m5,momentum,swing,near,ifvg,240T,False,,1.8,against,behind,ob,0.0,with,0,3b,breakout,london_judas,london,,,False,3,0,,0,False,,,False,-1,D,,,False,False,False,False,,True,single,30.9,94.0,3.0,10.0,low,30.2,True,2024-06-20 08:45:00+00:00,2024-06-21 08:00:00+00:00,2024-06-21 08:30:00+00:00,2024-06-21 08:35:00+00:00,,,,m15_range,False,False,,golden,,,,,,,,,0,,0,,False,0,3,True,False,0,True,False,False,True,,,equal_hl,1.07063,0,32.8,,46.6,150.0,213.9,213.9
EURUSD,1,-1,1.0720100000000001,1.0710500000000003,22500,1.0710100000000002,1.0685,399.5999999999375,2024-06-25 12:00:00+00:00,2024-06-25 18:25:00+00:00,stop,mss_fvg_m5,momentum,equal_hl,near,ob,D,True,240T,58.8,with,behind,ob,0.0,against,2,1b,judas,ny_judas,ny,,,False,5,1,15T,0,False,15T,240T,False,-1,D,,,False,False,True,False,,True,single,23.3,83.0,2.0,2.0,low,0.7,False,2024-06-24 15:15:00+00:00,2024-06-25 11:45:00+00:00,2024-06-25 12:00:00+00:00,2024-06-25 12:05:00+00:00,False,discount,eql,m15_range,False,False,confirmed,against,,,,,,,,,0,,0,,False,0,2,True,False,0,False,False,False,True,,,equal_hl,1.0705550000000001,0,29.5,,50.0,53.4,53.4,120.0
GBPUSD,1,-1,1.26657,1.2656200000000002,28125,1.26557,1.26343,494.2968749998878,2024-06-26 11:00:00+00:00,2024-06-26 12:55:00+00:00,stop,amd_fvg_h1,momentum,pdh_pdl,near,ifvg,W,True,240T,0.0,against,inside,fvg,0.0,against,2,1a_ip,breakout,ny_judas,ny,,,False,3,1,240T,0,False,240T,240T|60T,False,0,,D,,False,False,True,False,,True,single,32.2,97.0,2.0,2.0,high,-13.3,True,2024-06-25 04:00:00+00:00,2024-06-26 04:00:00+00:00,2024-06-26 04:30:00+00:00,2024-06-26 04:30:00+00:00,True,discount,pdh,session_range,False,False,opposing,golden,,,,,,,,,0,,0,,False,0,4,True,False,0,True,False,True,True,continuation,d1_fvg,equal_hl,1.2648899999999998,0,26.5,,34.4,9.9,44.9,367.6
EURUSD,1,-1,1.07026,1.0693000000000001,22500,1.06926,1.06724,399.5999999999375,2024-06-26 07:00:00+00:00,2024-06-26 12:55:00+00:00,stop,amd_ob_m5,momentum,equal_hl,d3,,,False,,76.3,with,behind,ob,0.0,against,2,3a,judas,london_judas,london,,,False,5,1,,0,False,,240T|60T,False,-1,60T,,,False,False,True,False,,True,single,25.0,47.0,6.0,2.0,high,0.4,True,2024-06-25 15:15:00+00:00,2024-06-26 02:45:00+00:00,2024-06-26 03:00:00+00:00,2024-06-26 03:10:00+00:00,False,discount,eqh,m15_range,False,False,,against,,,,,,,,,0,,0,,False,0,3,True,False,0,True,False,False,True,,,equal_hl,1.0689285714285715,0,23.1,,19.8,35.9,35.9,97.5
NZDUSD,1,-1,0.611435,0.60845,35156,0.610435,0.608375,1941.402209999938,2024-06-26 07:15:00+00:00,2024-06-26 14:15:00+00:00,target,mss_ob_m5,judas,equal_hl,d3,fvg,W,False,,0.0,against,inside,ifvg,0.0,against,2,N-short,judas,london_judas,london,,,False,4,2,W|60T,-1,False,W,240T|60T,False,-1,60T,240T,,False,False,True,False,,False,,22.6,96.0,3.0,2.0,low,0.5,False,2024-06-24 17:45:00+00:00,2024-06-25 17:30:00+00:00,2024-06-25 17:45:00+00:00,2024-06-25 17:45:00+00:00,True,discount,pdl,m15_range,False,False,,,,,,,,,,,0,,0,,False,0,3,True,False,0,False,False,True,True,continuation,d1_fvg,equal_hl,0.611160909090909,0,32.2,6.7,11.2,16.5,34.1,263.9
EURUSD,1,1,1.07008,1.0710399999999998,11250,1.0710799999999998,1.0730899999999999,199.79999999996875,2024-06-27 11:45:00+00:00,2024-06-27 15:25:00+00:00,stop,amd_ob_m5,momentum,fib_extension,near,fvg,240T,True,240T,78.1,against,ahead,ifvg,78.1,against,0,3b,breakout,ny_judas,ny,,,False,2,1,15T,0,False,15T,,False,0,,,,False,False,False,False,,True,single,33.0,40.0,5.0,2.0,low,13.5,True,2024-06-26 03:45:00+00:00,2024-06-26 13:30:00+00:00,2024-06-26 14:30:00+00:00,2024-06-26 14:30:00+00:00,False,premium,eql,m15_range,False,False,,golden,,,,,,,,,0,,0,,False,0,3,True,False,0,True,False,False,True,,,equal_hl,1.07063,0,25.6,,46.4,152.2,216.1,216.1
EURUSD,1,1,1.07096,1.0702099999999999,14062,1.07025,1.0741,-195.1102500000074,2024-06-28 11:30:00+00:00,2024-06-28 12:25:00+00:00,stop,amd_fvg_m5,judas,swing,near,ifvg,240T,True,240T,69.3,against,ahead,ifvg,69.3,against,1,3b,judas,ny_judas,ny,,,False,4,1,60T,0,False,60T,,False,-1,60T,,,False,False,False,False,,True,single,25.0,44.0,2.0,2.0,low,15.1,True,2024-06-27 14:45:00+00:00,2024-06-28 01:30:00+00:00,2024-06-28 02:30:00+00:00,2024-06-28 02:40:00+00:00,False,premium,eql,m15_range,False,False,,golden,,,,,,,,,0,,0,,False,0,3,True,False,0,True,False,False,True,,,equal_hl,1.0712733333333333,0,2.0,2.1,35.4,143.4,207.3,207.3
EURUSD,1,1,1.0767499999999999,1.07571,22500,1.07575,1.08098486,-432.8999999999708,2024-07-01 07:00:00+00:00,2024-07-01 08:25:00+00:00,stop,amd_ob_m15,momentum,fib_extension,near,ifvg,D,True,240T,11.4,against,ahead,ifvg,11.4,against,2,3b,breakout,london_judas,london,,,False,2,1,60T|15T,0,False,60T,,False,0,,,,False,False,True,False,,True,single,9.7,8.0,3.0,2.0,low,2.7,True,2024-06-28 18:30:00+00:00,2024-06-28 20:15:00+00:00,2024-06-28 20:30:00+00:00,2024-06-28 20:30:00+00:00,,,,m15_range,False,False,confirmed,golden,,,,,,,,,0,,0,,False,0,5,True,True,0,True,False,True,True,continuation,d1_fvg,equal_hl,1.077485,0,8.8,,,,149.4,149.4
EURUSD,1,-1,1.07529,1.0753300000000001,11250,1.07529,1.07228,-8.325000000008325,2024-07-01 11:00:00+00:00,2024-07-01 14:10:00+00:00,stop,amd_ob_m5,momentum,equal_hl,near,ifvg,D,True,240T,20.9,against,ahead,fvg,20.9,against,1,1b,judas,ny_judas,ny,,,False,4,1,240T,0,False,240T,240T,False,0,,,,False,False,False,False,,True,single,30.1,36.0,3.0,2.0,high,14.2,True,2024-06-30 22:00:00+00:00,2024-07-01 06:45:00+00:00,2024-07-01 07:30:00+00:00,2024-07-01 07:30:00+00:00,,,,m15_range,False,False,,against,,,,,,,,,0,,0,,False,0,4,True,True,0,True,False,False,True,,,equal_hl,1.0733419999999998,0,13.1,21.8,76.8,82.8,87.8,129.9
NZDUSD,1,-1,0.604885,0.6056050000000001,33750,0.60553,0.60172,-449.55000000003366,2024-07-02 08:00:00+00:00,2024-07-02 09:55:00+00:00,stop,amd_ob_m15,momentum,fib_extension,near,,,True,D,0.0,against,inside,ifvg,0.0,against,3,N-short,breakout,london_judas,london,240T,240T,False,3,2,W|240T|60T|15T,-1,False,W,240T,False,0,,D,,False,False,True,False,,True,single,12.5,26.0,3.0,2.0,high,0.2,True,2024-07-01 15:45:00+00:00,2024-07-01 22:00:00+00:00,2024-07-01 22:15:00+00:00,2024-07-01 22:15:00+00:00,False,discount,eqh,m15_range,False,False,,,,,,,,,,,0,,0,,False,0,5,True,True,0,True,False,True,True,continuation,pdhl,equal_hl,0.60432,0,1.6,2.8,,,,176.4
EURUSD,1,-1,1.0729000000000002,1.0729400000000002,22500,1.0729000000000002,1.06852,-16.65000000001665,2024-07-02 07:35:00+00:00,2024-07-02 13:10:00+00:00,stop,mss_ob_m5,judas,pdh_pdl,near,ifvg,240T,True,240T,0.0,against,inside,ifvg,0.0,against,2,3a,judas,london_judas,london,,,False,4,1,,0,False,,240T,False,0,,D,,False,False,True,False,,False,,14.4,39.0,2.0,3.0,low,0.1,False,2024-07-01 21:45:00+00:00,2024-07-02 07:15:00+00:00,2024-07-02 07:30:00+00:00,2024-07-02 07:40:00+00:00,False,discount,eql,m15_range,False,False,,against,,,,,,,,,0,,0,,False,0,3,True,True,0,False,False,False,True,,,equal_hl,1.0716759999999999,0,19.0,,44.7,58.9,63.9,91.4
GBPUSD,1,1,1.26596,1.2669099999999998,28125,1.2669599999999999,1.2696200000000002,494.2968749998878,2024-07-02 13:00:00+00:00,2024-07-02 15:00:00+00:00,stop,amd_fvg_m5,momentum,fib_extension,near,ifvg,D,True,240T,14.6,against,ahead,ifvg,14.6,against,2,2b_ip,judas,ny_judas,ny,,,False,4,1,60T,0,False,60T,,False,-1,60T,D,,False,False,True,False,,True,dual,27.0,65.0,2.0,4.0,low,15.6,True,2024-07-01 15:45:00+00:00,2024-07-02 07:45:00+00:00,2024-07-02 08:30:00+00:00,2024-07-02 08:40:00+00:00,True,discount,pdl,m15_range,False,False,confirmed,against,,,,,,,,,0,,0,,False,0,4,True,True,0,True,False,False,True,,,equal_hl,1.2666849999999998,0,25.5,,51.5,81.1,201.8,201.8
EURUSD,2,1,1.0824399999999998,1.08177,9000,1.08181,1.14948,-111.55499999999141,2024-07-05 07:00:00+00:00,2024-07-05 08:00:00+00:00,stop,pyramid_wamd1.0_ob_m15,no_open,opposing_liq,,,,False,,0.0,against,inside,ifvg,0.0,against,2,golden,mm_golden,ny_golden,ny,,,False,2,0,,0,False,,,False,0,,,,False,False,False,False,,False,,22.2,11.0,2.0,3.0,low,,True,,,,,,,,m15_range,False,False,,golden,cascade,240T,failed,,2a,15T,ob2,60T,0,,0,,True,1,4,True,False,0,True,False,True,True,continuation,d1_fvg,equal_hl,1.081326,0,1.4,0.0,0.0,0.0,0.0,0.0
EURUSD,2,1,1.08196,1.08192,9000,1.08196,1.14948,-6.660000000006661,2024-07-05 08:00:00+00:00,2024-07-05 12:50:00+00:00,stop,pyramid_wamd1.0_ob_m15,no_open,opposing_liq,,,,False,,0.0,against,inside,ifvg,0.0,against,2,golden,mm_golden,ny_golden,ny,,,False,2,0,,0,False,,,False,0,,,,False,False,False,False,,False,,22.2,11.0,2.0,3.0,low,,True,,,,,,,,m15_range,False,False,,golden,cascade,240T,failed,,2a,15T,ob2,60T,0,,0,,True,1,4,True,False,0,True,False,True,True,continuation,d1_fvg,equal_hl,1.081326,0,12.3,0.0,0.0,0.0,0.0,0.0
EURUSD,1,1,1.07972,1.0806799999999999,22500,1.08072,1.14948,399.5999999999375,2024-07-04 11:05:00+00:00,2024-07-05 13:30:00+00:00,stop,amd_ob_m5,golden,opposing_liq,,,,False,,0.0,against,inside,ifvg,0.0,against,2,golden,mm_golden,ny_golden,ny,,,False,2,0,,0,False,,,False,0,,,,False,False,False,False,,False,,22.2,11.0,2.0,3.0,low,,True,,,,,,,,m15_range,False,False,,golden,cascade,240T,failed,,2a,15T,ob2,60T,0,,0,,True,1,4,True,False,0,True,False,True,True,continuation,d1_fvg,equal_hl,1.081326,0,45.1,0.0,0.0,0.0,0.0,0.0
EURUSD,2,1,1.08202,1.08158,9000,1.08162,1.14948,-73.25999999999932,2024-07-05 12:50:00+00:00,2024-07-05 13:30:00+00:00,stop,pyramid_wamd1.0_ob_m15,no_open,opposing_liq,,,,False,,0.0,against,inside,ifvg,0.0,against,2,golden,mm_golden,ny_golden,ny,,,False,2,0,,0,False,,,False,0,,,,False,False,False,False,,False,,22.2,11.0,2.0,3.0,low,,True,,,,,,,,m15_range,False,False,,golden,cascade,240T,failed,,2a,15T,ob2,60T,0,,0,,True,1,4,True,False,0,True,False,True,True,continuation,d1_fvg,equal_hl,1.081326,0,22.1,0.0,0.0,0.0,0.0,0.0
EURUSD,1,-1,1.08162,1.08257,22500,1.08253,0.95357,-395.4375000000026,2024-07-08 07:15:00+00:00,2024-07-08 07:40:00+00:00,stop,amd_ob_m5,golden,opposing_liq,,,,False,,0.0,with,inside,ifvg,0.0,with,2,golden,mm_golden,london_golden,london,,,False,3,0,,0,False,,,False,0,,,,False,False,False,False,,False,,11.0,19.0,7.0,2.0,high,,True,,,,,,,,m15_range,False,False,,golden,cascade,,failed,,1b,15T,fvg,60T,0,,0,,True,1,3,True,False,0,True,False,False,True,,,equal_hl,1.08144,0,1.6,0.0,0.0,0.0,0.0,0.0
EURUSD,1,-1,1.0819,1.0819400000000001,7812,1.0819,1.076365,-5.780880000005782,2024-07-09 12:05:00+00:00,2024-07-10 04:20:00+00:00,stop,mss_ob_m15,momentum,equal_hl,d3,fvg,D,True,240T,0.0,with,inside,ifvg,0.0,with,1,3a,breakout,ny_judas,ny,D,,False,2,2,D|15T,-1,False,D,,False,1,60T,D,,False,False,True,False,,True,dual,25.8,96.0,5.0,3.0,low,4.1,False,2024-07-08 08:45:00+00:00,2024-07-09 08:30:00+00:00,2024-07-09 09:00:00+00:00,2024-07-09 09:00:00+00:00,True,discount,pdl,m15_range,False,False,confirmed,against,,,,,,,,,0,,0,,False,0,2,True,False,0,False,False,False,True,,,equal_hl,1.08104,0,13.6,0.7,20.6,153.9,153.9,170.5
EURUSD,1,1,1.08195,1.08133,8151,1.08137,1.085,-93.4919700000098,2024-07-10 07:20:00+00:00,2024-07-10 09:00:00+00:00,stop,amd_ob_m5,momentum,round_number,d3,ifvg,D,True,240T,0.0,against,inside,ifvg,0.0,against,1,3b,judas,london_judas,london,,240T,False,5,1,240T,0,False,240T,240T,False,-1,60T,,,False,False,False,False,,True,single,24.0,92.0,2.0,5.0,low,6.7,True,2024-07-08 16:00:00+00:00,2024-07-09 14:45:00+00:00,2024-07-09 16:15:00+00:00,2024-07-09 16:15:00+00:00,False,premium,eql,m15_range,False,False,,golden,,,,,,,,,0,,0,,False,0,4,True,False,0,True,False,True,True,continuation,d1_fvg,equal_hl,1.082635,0,5.4,2.4,26.4,,83.4,97.4
GBPUSD,1,1,1.28768,1.28693,15000,1.28698,1.29085,-208.1250000000079,2024-07-11 12:45:00+00:00,2024-07-11 13:25:00+00:00,stop,mss_ob_m5,momentum,fib_extension,near,,,False,,91.3,with,behind,ifvg,91.3,with,3,2b_h4,breakout,ny_judas,ny,,,False,1,1,15T,0,False,15T,240T|60T,False,1,D,,,False,False,True,False,,True,single,34.9,57.0,3.0,2.0,high,2.1,False,2024-07-10 21:00:00+00:00,2024-07-11 11:00:00+00:00,2024-07-11 11:15:00+00:00,2024-07-11 11:20:00+00:00,False,premium,eqh,m15_range,False,False,opposing,against,,,,,,,,,0,,0,,False,0,1,True,False,0,False,False,False,False,,,,0.0,0,3.5,,,,,
GBPUSD,1,1,1.29165,1.2951,15625,1.29515,1.37487,997.2656249999865,2024-07-12 08:30:00+00:00,2024-07-12 11:25:00+00:00,stop,amd_ob_m5,golden,opposing_liq,,,,False,,67.5,with,behind,fvg,67.5,with,2,golden,mm_golden,london_golden,london,,,False,4,0,,0,False,,,False,0,,,,False,False,False,False,,False,,24.2,13.0,3.0,2.0,low,,True,,,,,,,,m15_range,False,False,,golden,cascade,,failed,,2b,15T,ifvg,60T,0,,0,,True,1,2,True,False,0,True,False,False,False,,,,0.0,0,40.3,0.0,0.0,0.0,0.0,0.0
GBPUSD,2,1,1.29527,1.2952199999999998,5000,1.29527,1.37487,-4.62500000000976,2024-07-12 11:00:00+00:00,2024-07-12 13:30:00+00:00,stop,pyramid_wamd1.0_fvg_m5,no_open,opposing_liq,,,,False,,67.5,with,behind,fvg,67.5,with,2,golden,mm_golden,london_golden,london,,,False,4,0,,0,False,,,False,0,,,,False,False,False,False,,False,,24.2,13.0,3.0,2.0,low,,True,,,,,,,,m15_range,False,False,,golden,cascade,,failed,,2b,15T,ifvg,60T,0,,0,,True,1,2,True,False,0,True,False,False,False,,,,0.0,0,13.1,0.0,0.0,0.0,0.0,0.0
EURUSD,1,-1,1.0890900000000001,1.0891300000000002,14062,1.0890900000000001,1.0855026600000004,-10.405880000010407,2024-07-16 13:30:00+00:00,2024-07-16 18:30:00+00:00,stop,amd_breaker_m5,momentum,fib_extension,d3,fvg,D,True,240T,29.2,against,ahead,fvg,29.2,against,1,3a,breakout,ny_judas,ny,,,False,4,3,D,-1,True,D,,True,1,D,D,,False,False,True,False,,True,dual,15.7,18.0,3.0,3.0,high,4.5,True,2024-07-15 11:30:00+00:00,2024-07-15 15:45:00+00:00,2024-07-15 16:00:00+00:00,2024-07-15 16:05:00+00:00,True,discount,pdh,m15_range,False,False,,against,,,,,,,,,0,,0,,False,0,3,True,False,0,True,False,False,True,,,equal_hl,1.0866600000000002,0,19.4,8.2,30.1,181.8,225.8,225.8
GBPUSD,1,1,1.29863,1.2985799999999998,27000,1.29863,1.30273,-24.975000000052706,2024-07-17 08:00:00+00:00,2024-07-17 08:10:00+00:00,stop,amd_fvg_m5,momentum,fib_extension,d60,,,False,,23.8,with,behind,ifvg,23.8,with,3,2b,breakout,london_judas,london,,,False,2,1,240T,0,False,240T,240T,False,0,,D,,False,False,True,False,,True,single,22.3,76.0,5.0,2.0,low,13.0,True,2024-07-15 18:15:00+00:00,2024-07-16 13:00:00+00:00,2024-07-16 13:45:00+00:00,2024-07-16 13:55:00+00:00,False,premium,eql,m15_range,False,False,confirmed,against,,,,,,,,,0,,0,,False,0,2,True,False,0,True,False,False,False,,,,0.0,0,10.5,,9.4,,9.4,9.4
EURUSD,1,-1,1.09298,1.09373,11250,1.09369,1.0895,-156.0937500000059,2024-07-18 12:15:00+00:00,2024-07-18 13:30:00+00:00,stop,amd_ob_m5,momentum,pdh_pdl,near,ob,240T,True,240T,68.1,against,ahead,fvg,68.1,against,1,3a,judas,ny_judas,ny,,,False,4,3,D,-1,True,D,,False,0,,,,False,False,True,False,,False,,17.1,38.0,4.0,2.0,high,0.2,True,2024-07-17 15:00:00+00:00,2024-07-18 00:15:00+00:00,2024-07-18 00:30:00+00:00,2024-07-18 00:40:00+00:00,False,premium,eqh,m15_range,False,False,,against,,,,,,,,,0,,0,,False,0,2,False,False,0,True,False,False,True,,,equal_hl,1.0894249999999999,0,3.6,,59.2,220.7,264.7,264.7
GBPUSD,1,1,1.29863,1.2976299999999998,22500,1.29768,1.37487,-416.2500000000466,2024-07-18 13:30:00+00:00,2024-07-18 13:45:00+00:00,stop,amd_breaker_h1,golden,opposing_liq,,,,False,,23.8,with,behind,ifvg,23.8,with,2,golden,mm_golden,ny_golden,ny,,,False,3,0,,0,False,,,False,0,,,,False,False,False,False,,False,,31.4,81.0,5.0,2.0,low,,True,,,,,,,,m15_range,False,False,,golden,cascade,,failed,,2b,60T,ifvg,60T,0,,0,,True,1,2,False,False,0,True,False,False,True,,,equal_hl,1.2989433333333333,0,1.6,0.0,0.0,0.0,0.0,0.0
EURUSD,1,-1,1.0867200000000001,1.0857600000000003,6735,1.0857200000000002,1.0836672200000002,119.61359999998129,2024-07-23 11:00:00+00:00,2024-07-23 16:40:00+00:00,stop,amd_ob_m5,judas,fib_extension,near,fvg,W,True,240T,5.5,against,ahead,fvg,5.5,against,1,3a,breakout,ny_judas,ny,,,False,3,1,60T,0,False,60T,60T,False,-1,60T,240T,,False,False,False,False,,False,,11.9,44.0,5.0,2.0,high,2.8,True,2024-07-22 17:15:00+00:00,2024-07-23 04:00:00+00:00,2024-07-23 04:15:00+00:00,2024-07-23 04:25:00+00:00,False,discount,eqh,m15_range,False,False,confirmed,against,,,,,,,,,0,,0,,False,0,3,True,False,0,True,False,False,True,,,equal_hl,1.0859333333333334,0,23.4,,,62.7,202.1,202.1
GBPUSD,1,1,1.29075,1.2916999999999998,12500,1.29175,1.29386,219.68749999995012,2024-07-24 12:30:00+00:00,2024-07-24 15:45:00+00:00,stop,amd_fvg_m5,judas,equal_hl,near,ifvg,D,True,D,5.6,with,behind,ifvg,5.6,with,2,2b,judas,ny_judas,ny,,,False,5,0,,0,False,,,False,-1,60T,D,,False,False,True,False,,True,single,34.8,69.0,4.0,2.0,low,4.8,True,2024-07-23 15:45:00+00:00,2024-07-24 08:45:00+00:00,2024-07-24 09:15:00+00:00,2024-07-24 09:20:00+00:00,False,premium,eql,m15_range,False,False,,against,,,,,,,,,0,,0,,False,0,3,True,False,0,True,False,False,True,,,equal_hl,1.293585,0,29.7,2.3,35.4,84.0,137.8,137.8
GBPUSD,1,-1,1.28569,1.28617,22500,1.28612,1.03261,-199.80000000001496,2024-07-26 07:15:00+00:00,2024-07-26 07:35:00+00:00,stop,amd_ob_m5,golden,opposing_liq,,,,False,,0.0,against,inside,ifvg,0.0,against,2,golden,mm_golden,london_golden,london,,,False,2,0,,0,False,,,False,0,,,,False,False,False,False,,False,,10.2,16.0,2.0,5.0,high,,True,,,,,,,,m15_range,False,False,,golden,cascade,240T,failed,,1a,15T,ifvg,60T,0,,0,,True,1,3,False,False,0,True,False,True,True,continuation,d1_fvg,equal_hl,1.2848766666666667,0,0.2,0.0,0.0,0.0,0.0,0.0
GBPUSD,1,-1,1.28637,1.28223,12500,1.28287,1.2821799999999999,957.3750000000075,2024-07-29 08:00:00+00:00,2024-07-29 09:05:00+00:00,target,amd_fvg_m15,momentum,fib_extension,d3,fvg,W,True,D,0.0,against,inside,ifvg,0.0,against,2,1a,judas,london_judas,london,,,False,3,1,240T|60T,0,False,240T,,False,1,60T,D,,False,False,True,False,,True,dual,9.9,12.0,3.0,3.0,high,16.1,True,2024-07-28 22:15:00+00:00,2024-07-29 01:00:00+00:00,2024-07-29 01:45:00+00:00,2024-07-29 01:55:00+00:00,,,,m15_range,False,False,,golden,,,,,,,,,0,,0,,False,0,5,True,True,0,True,False,True,True,continuation,d1_fvg,equal_hl,1.2803,0,43.3,8.9,16.9,,252.2,252.2
EURUSD,1,-1,1.0831600000000001,1.0822000000000003,22500,1.0821600000000002,1.07997788,399.5999999999375,2024-07-29 12:10:00+00:00,2024-07-29 16:05:00+00:00,stop,amd_fvg_h1,momentum,fib_extension,d3,fvg,W,False,,1.6,against,behind,ob,0.0,against,2,1b_h4,judas,ny_judas,ny,,,True,5,0,,0,False,,,False,1,60T,,,False,False,True,False,,True,single,26.3,96.0,3.0,2.0,high,1.7,True,2024-07-26 03:15:00+00:00,2024-07-29 03:00:00+00:00,2024-07-29 03:15:00+00:00,2024-07-29 03:25:00+00:00,,,,m15_range,False,False,,against,,,,,,,,,0,,0,,False,0,4,True,True,0,True,False,False,True,,,equal_hl,1.081592,0,28.8,,4.3,,166.5,166.5
EURUSD,1,-1,1.08234,1.0813800000000002,18000,1.0813400000000002,1.076365,319.67999999995,2024-07-30 13:00:00+00:00,2024-07-30 14:25:00+00:00,stop,amd_fvg_h1,momentum,equal_hl,d3,fvg,W,True,D,39.8,against,ahead,fvg,39.8,against,2,3a,judas,ny_judas,ny,,D,False,2,1,,0,False,,240T|60T,False,0,,,,False,False,True,False,,True,single,31.8,89.0,2.0,2.0,high,1.0,True,2024-07-29 12:15:00+00:00,2024-07-30 10:15:00+00:00,2024-07-30 11:00:00+00:00,2024-07-30 11:05:00+00:00,False,discount,eqh,m15_range,False,False,,against,,,,,,,,,0,,0,,False,0,4,True,True,0,True,False,False,True,,,equal_hl,1.080155,0,21.9,8.3,21.5,,158.3,158.3
EURUSD,1,1,1.0838999999999999,1.08286,28125,1.0829,1.14948,-541.1249999999635,2024-07-31 13:35:00+00:00,2024-07-31 15:40:00+00:00,stop,amd_fvg_m15,golden,opposing_liq,,,,False,,0.0,against,inside,fvg,0.0,against,2,golden,mm_golden,ny_golden,ny,,,False,6,0,,0,False,,,False,0,,,,False,False,False,False,,False,,15.8,8.0,2.0,3.0,low,,True,,,,,,,,m15_range,False,False,,golden,cascade,240T,failed,,2a,5T,fvg,15T,0,,0,,True,1,4,True,False,-1,True,False,True,True,continuation,d1_fvg,equal_hl,1.0838842857142859,0,10.3,0.0,0.0,0.0,0.0,0.0
EURUSD,1,1,1.08218,1.0831399999999998,28125,1.0831799999999998,1.14948,499.49999999992184,2024-08-02 11:00:00+00:00,2024-08-02 13:30:00+00:00,stop,amd_fvg_m15,golden,opposing_liq,,,,False,,13.8,against,ahead,ifvg,13.8,against,2,golden,mm_golden,ny_golden,ny,,,False,5,0,,0,False,,,False,0,,,,False,False,False,False,,False,,12.9,28.0,2.0,3.0,low,,True,,,,,,,,m15_range,False,False,,golden,cascade,240T,failed,,2a,15T,fvg,15T,0,,0,,True,1,5,True,False,1,True,False,True,True,continuation,d1_fvg,equal_hl,1.083408,0,51.6,0.0,0.0,0.0,0.0,0.0
EURUSD,1,1,1.09405,1.09361,33750,1.09365,1.14948,-274.72499999999746,2024-08-05 11:00:00+00:00,2024-08-05 11:05:00+00:00,stop,amd_ob_m5,golden,opposing_liq,,,,False,,37.7,with,behind,fvg,37.7,with,3,golden,mm_golden,ny_golden,ny,,,False,3,0,,0,False,,,False,0,,,,False,False,False,False,,False,,23.7,54.0,3.0,2.0,low,,True,,,,,,,,m15_range,False,False,,golden,cascade,,failed,,2a,15T,ifvg,60T,0,,0,,True,2,3,True,False,0,True,False,False,True,,,equal_hl,1.0944500000000001,0,1.5,0.0,0.0,0.0,0.0,0.0
EURUSD,1,1,1.0913899999999999,1.0913499999999998,33750,1.0913899999999999,1.14948,-24.975000000024977,2024-08-07 07:35:00+00:00,2024-08-07 10:05:00+00:00,stop,amd_breaker_m5,golden,opposing_liq,,,,False,,11.1,with,behind,ifvg,11.1,with,3,golden,mm_golden,london_golden,london,,,False,3,0,,0,False,,,False,0,,,,False,False,False,False,,False,,30.9,14.0,2.0,2.0,low,,True,,,,,,,,m15_range,False,False,,golden,cascade,240T,failed,,2a,60T,ifvg,60T,0,,0,,True,2,4,True,False,0,True,False,True,True,inside,d1_fvg,equal_hl,1.0918225,0,14.0,0.0,0.0,0.0,0.0,0.0
GBPUSD,1,1,1.26967,1.26962,6407,1.26967,1.27287,-5.926475000012506,2024-08-08 07:00:00+00:00,2024-08-08 08:25:00+00:00,stop,amd_fvg_h1,momentum,fib_extension,near,ifvg,W,False,,53.5,with,behind,ob,0.0,with,1,2b_ip,judas,london_judas,london,,,False,3,2,,0,True,,240T,False,0,,D,,False,False,True,False,,True,single,32.9,30.0,2.0,5.0,low,4.4,True,2024-08-07 17:00:00+00:00,2024-08-08 00:15:00+00:00,2024-08-08 00:45:00+00:00,2024-08-08 00:55:00+00:00,True,premium,pdl,m15_range,False,False,,against,,,,,,,,,0,,0,,False,0,3,True,False,0,True,False,False,True,,,equal_hl,1.27209,0,16.5,4.3,120.8,246.2,348.6,348.6
EURUSD,1,-1,1.09118,1.0902200000000002,5000,1.0901800000000001,1.088,88.79999999998611,2024-08-08 13:30:00+00:00,2024-08-08 15:50:00+00:00,stop,amd_fvg_h1,momentum,round_number,d3,ifvg,D,False,,9.0,against,ahead,ifvg,9.0,against,1,1b,breakout,ny_judas,ny,,,False,3,1,,0,False,,60T,False,1,60T,,,False,False,False,False,,True,single,34.2,96.0,2.0,2.0,high,2.4,True,2024-08-07 07:45:00+00:00,2024-08-08 07:30:00+00:00,2024-08-08 08:00:00+00:00,2024-08-08 08:00:00+00:00,False,discount,eqh,m15_range,False,False,,against,,,,,,,,,0,,0,,False,0,2,False,False,0,True,False,False,True,,,equal_hl,1.08962,0,30.4,,20.4,87.1,135.3,246.7
GBPUSD,1,1,1.27614,1.27509,22500,1.2751400000000002,1.2801749999999998,-437.06249999999807,2024-08-09 07:00:00+00:00,2024-08-09 11:05:00+00:00,stop,amd_ob_m5,momentum,equal_hl,near,ifvg,240T,True,240T,118.2,with,behind,ob,51.3,with,2,2b,judas,london_judas,london,,,False,5,2,60T,1,False,60T,D|240T,False,-1,60T,D,,False,False,True,False,,True,single,11.7,22.0,3.0,2.0,low,1.2,True,2024-08-08 20:00:00+00:00,2024-08-09 01:15:00+00:00,2024-08-09 01:30:00+00:00,2024-08-09 01:40:00+00:00,False,premium,eql,m15_range,False,False,confirmed,against,,,,,,,,,0,,0,,False,0,3,True,False,0,True,False,False,True,,,equal_hl,1.2772633333333332,0,10.4,,42.3,181.5,283.9,283.9
EURUSD,1,1,1.0924099999999999,1.09177,12657,1.09181,1.14948,-149.85887999999392,2024-08-12 08:05:00+00:00,2024-08-12 09:10:00+00:00,stop,amd_ob_m5,golden,opposing_liq,,,,False,,21.3,with,behind,ifvg,21.3,with,2,golden,mm_golden,london_golden,london,,,False,2,0,,0,False,,,False,0,,,,False,False,False,False,,False,,13.4,29.0,2.0,3.0,low,,True,,,,,,,,m15_range,False,False,,golden,cascade,240T,failed,,2a,60T,ifvg,60T,0,,0,,True,1,4,True,False,0,True,False,True,True,inside,d1_fvg,equal_hl,1.0924600000000002,0,4.3,0.0,0.0,0.0,0.0,0.0
EURUSD,1,-1,1.09195,1.0924800000000001,7543,1.09244,1.08873,-73.95911500001974,2024-08-12 13:30:00+00:00,2024-08-12 14:20:00+00:00,stop,amd_ob_m5,momentum,swing,near,ifvg,D,False,,16.7,against,ahead,ifvg,16.7,against,1,3a,judas,ny_judas,ny,,,False,5,1,240T,0,False,240T,,False,1,60T,,,False,False,False,False,,True,single,18.4,77.0,3.0,2.0,high,1.5,True,2024-08-09 15:45:00+00:00,2024-08-12 10:45:00+00:00,2024-08-12 11:15:00+00:00,2024-08-12 11:15:00+00:00,,,,m15_range,False,False,confirmed,against,,,,,,,,,0,,0,,False,0,3,True,False,0,True,False,False,True,,,equal_hl,1.0910799999999998,0,1.9,6.8,39.0,143.0,143.0,254.4
EURUSD,1,-1,1.0973300000000001,1.0973700000000002,5000,1.0973300000000001,1.09393,-3.7000000000037003,2024-08-15 13:30:00+00:00,2024-08-15 13:35:00+00:00,stop,amd_ob_m5,momentum,pdh_pdl,near,fvg,D,True,240T,0.0,against,inside,fvg,0.0,against,0,1b,breakout,ny_judas,ny,,,False,3,1,,0,True,,,False,0,,,,False,False,True,False,,False,,12.1,16.0,12.0,3.0,high,-1.2,True,2024-08-15 07:00:00+00:00,2024-08-15 10:45:00+00:00,2024-08-15 13:15:00+00:00,2024-08-15 13:20:00+00:00,False,discount,eqh,session_range,False,False,confirmed,against,,,,,,,,,0,,0,,False,0,2,False,False,0,True,False,False,True,,,equal_hl,1.091265,0,11.4,,62.6,196.8,196.8,308.2
GBPUSD,1,1,1.29073,1.28968,10000,1.28973,1.293955,-194.24999999999915,2024-08-16 11:05:00+00:00,2024-08-16 13:40:00+00:00,stop,amd_fvg_m15,momentum,equal_hl,near,ob,W,False,,26.9,against,ahead,ifvg,26.9,against,2,2b_ip,judas,ny_judas,ny,,,False,3,2,D|240T|60T|15T,1,False,D,D|240T|60T,False,0,,,,False,False,True,False,,True,single,22.3,11.0,2.0,2.0,low,1.4,True,2024-08-15 15:45:00+00:00,2024-08-15 18:15:00+00:00,2024-08-15 18:30:00+00:00,2024-08-15 18:40:00+00:00,False,premium,eql,m15_range,False,False,,against,,,,,,,,,0,,0,,False,0,2,False,False,0,True,False,False,True,,,equal_hl,1.293585,0,6.4,,,,138.0,138.0
GBPUSD,1,1,1.30114,1.3043799999999999,5000,1.3021399999999999,1.30443,299.69999999999163,2024-08-20 13:05:00+00:00,2024-08-20 15:50:00+00:00,target,mss_fvg_m5,momentum,swing,near,,,False,,80.1,with,behind,ob,0.0,against,1,2b_ip,judas,ny_judas,ny,,,False,2,2,D|240T|60T,1,False,D,D|240T|60T,False,0,,,,False,False,False,False,,True,single,20.3,14.0,2.0,2.0,high,3.9,False,2024-08-20 09:15:00+00:00,2024-08-20 12:30:00+00:00,2024-08-20 12:45:00+00:00,2024-08-20 12:55:00+00:00,False,premium,eqh,m15_range,False,False,,against,,,,,,,,,0,,0,,False,0,2,True,False,0,False,False,False,True,,,equal_hl,1.304815,0,40.6,5.0,,,33.9,33.9
GBPUSD,1,1,1.3125499999999999,1.3114999999999999,12500,1.31155,1.37487,-242.81249999999895,2024-08-22 11:00:00+00:00,2024-08-22 11:15:00+00:00,stop,amd_fvg_m5,golden,opposing_liq,,,,False,,115.1,with,behind,fvg,115.1,with,2,golden,mm_golden,ny_golden,ny,,,False,1,0,,0,False,,,False,0,,,,False,False,False,False,,False,,16.1,43.0,2.0,4.0,low,,True,,,,,,,,m15_range,False,False,,golden,own_ob,,respected,15T,2b,15T,ob,60T,0,,0,,True,2,1,False,False,0,True,False,False,False,,,,0.0,0,1.8,0.0,0.0,0.0,0.0,0.0
EURUSD,1,-1,1.11349,1.1125300000000002,6250,1.1124900000000002,1.105,110.99999999998265,2024-08-22 12:20:00+00:00,2024-08-23 02:40:00+00:00,stop,mss_fvg_m15,momentum,round_number,near,ifvg,W,True,240T,35.7,against,ahead,fvg,35.7,against,1,1b_h4,judas,ny_judas,ny,,,False,1,1,15T,0,False,15T,,False,1,60T,240T,,False,False,False,False,,True,single,23.7,87.0,3.0,2.0,low,9.6,False,2024-08-20 17:15:00+00:00,2024-08-21 14:45:00+00:00,2024-08-21 15:00:00+00:00,2024-08-21 15:00:00+00:00,False,premium,eql,m15_range,False,False,opposing,against,,,,,,,,,0,,0,,False,0,1,False,False,0,False,False,False,True,,,equal_hl,1.1098599999999998,0,36.9,,113.1,254.4,358.4,469.8
GBPUSD,1,1,1.31129,1.31124,12500,1.31129,1.31462784,-11.5625000000244,2024-08-23 07:30:00+00:00,2024-08-23 08:30:00+00:00,stop,amd_ob_m5,momentum,fib_extension,d60,,,False,,36.6,with,behind,fvg,36.6,with,2,2b,breakout,london_judas,london,,,False,4,3,D|240T,1,True,D,D|240T,True,-1,60T,,,False,False,True,False,,True,single,20.0,9.0,2.0,2.0,low,6.3,True,2024-08-22 16:00:00+00:00,2024-08-22 18:00:00+00:00,2024-08-22 18:45:00+00:00,2024-08-22 18:55:00+00:00,False,premium,eql,m15_range,False,False,confirmed,against,,,,,,,,,0,,0,,False,0,1,False,False,0,True,False,False,False,,,,0.0,0,12.6,,18.0,,18.0,18.0
EURUSD,1,-1,1.1169,1.11694,5360,1.1169,1.11316,-3.9664000000039668,2024-08-26 12:15:00+00:00,2024-08-26 15:25:00+00:00,stop,amd_fvg_m5,momentum,fib_extension,near,ifvg,240T,True,240T,0.0,against,inside,fvg,0.0,against,1,3a,breakout,ny_judas,ny,,,False,1,1,15T,0,False,15T,,False,0,,,,False,False,False,False,,True,single,15.4,29.0,2.0,4.0,high,0.7,True,2024-08-23 18:30:00+00:00,2024-08-26 01:30:00+00:00,2024-08-26 01:45:00+00:00,2024-08-26 01:50:00+00:00,,,,m15_range,False,False,confirmed,against,,,,,,,,,0,,0,,False,0,3,True,False,0,True,False,False,True,,,equal_hl,1.110175,0,19.0,,71.9,258.3,392.5,503.9
EURUSD,1,-1,1.1151200000000001,1.11556,18077,1.11552,0.95357,-147.14677999999864,2024-08-28 08:00:00+00:00,2024-08-28 08:05:00+00:00,stop,amd_ob_m5,golden,opposing_liq,,,,False,,52.0,against,ahead,ob,0.0,against,2,golden,mm_golden,london_golden,london,,,False,2,0,,0,False,,,False,0,,,,False,False,False,False,,False,,30.6,19.0,2.0,3.0,high,,True,,,,,,,,m15_range,False,False,,golden,own_ob,,respected,15T,1b,15T,ob,5T,0,,0,,True,2,3,True,False,0,True,False,False,True,,,equal_hl,1.115005,0,0.4,0.0,0.0,0.0,0.0,0.0
EURUSD,1,-1,1.11317,1.1122100000000001,15625,1.11217,1.1098599999999998,277.4999999999566,2024-08-28 11:00:00+00:00,2024-08-28 14:35:00+00:00,stop,amd_fvg_m5,momentum,equal_hl,near,ifvg,D,True,240T,32.5,against,ahead,ob,0.0,against,2,1b,breakout,ny_judas,ny,,,False,5,1,15T,0,False,15T,,False,1,60T,,,False,False,True,False,,True,single,30.6,19.0,2.0,3.0,high,1.2,True,2024-08-27 15:00:00+00:00,2024-08-27 19:30:00+00:00,2024-08-27 19:45:00+00:00,2024-08-27 19:45:00+00:00,True,discount,pdh,m15_range,False,False,opposing,against,,,,,,,,,0,,0,,False,0,3,True,False,0,True,False,False,True,,,equal_hl,1.110525,0,26.7,,,221.0,355.2,466.6
GBPUSD,1,-1,1.31785,1.3179,12500,1.31785,1.31317234,-11.5625000000244,2024-08-29 13:00:00+00:00,2024-08-29 13:30:00+00:00,stop,amd_fvg_h1,momentum,fib_extension,d3,fvg,D,True,240T,0.0,against,inside,fvg,0.0,against,2,1a_ip,judas,ny_judas,ny,,,False,1,1,60T|15T,0,False,60T,60T,False,0,,,,False,False,True,False,,True,single,29.0,40.0,3.0,5.0,high,14.7,True,2024-08-28 20:00:00+00:00,2024-08-29 05:45:00+00:00,2024-08-29 07:00:00+00:00,2024-08-29 07:05:00+00:00,False,discount,eqh,m15_range,False,False,,golden,,,,,,,,,0,,0,,False,0,3,False,False,0,True,False,True,True,continuation,d1_fvg,equal_hl,1.29698,0,23.5,11.5,12.2,432.6,514.7,567.0
GBPUSD,1,-1,1.31748,1.3144520800000001,9765,1.31748,1.31440208,547.001317799973,2024-08-30 13:30:00+00:00,2024-08-30 13:50:00+00:00,target,amd_ob_m5,momentum,fib_extension,near,ifvg,240T,True,240T,0.0,against,inside,fvg,0.0,against,1,1a_ip,breakout,ny_judas,ny,,,False,4,0,,0,False,,,False,0,,240T,,False,False,False,False,,True,single,34.9,14.0,3.0,2.0,high,0.9,True,2024-08-30 06:00:00+00:00,2024-08-30 09:15:00+00:00,2024-08-30 09:30:00+00:00,2024-08-30 09:30:00+00:00,False,discount,eqh,m15_range,False,False,opposing,golden,,,,,,,,,0,,0,,False,0,3,False,False,0,True,False,True,True,continuation,pdhl,equal_hl,1.29698,0,31.7,15.9,30.8,428.9,511.0,563.3
EURUSD,1,1,1.10658,1.10562,28125,1.10566,1.14948,-499.49999999992184,2024-09-02 08:00:00+00:00,2024-09-02 08:25:00+00:00,stop,amd_fvg_m15,golden,opposing_liq,,,,False,,0.0,with,inside,ifvg,0.0,with,2,golden,mm_golden,london_golden,london,,,False,4,0,,0,False,,,False,0,,,,False,False,False,False,,False,,10.2,15.0,5.0,3.0,low,,True,,,,,,,,m15_range,False,False,,golden,own_ob,240T,respected,15T,2a,15T,ob,15T,0,,0,,True,2,5,True,True,0,True,False,True,True,continuation,d1_fvg,equal_hl,1.109125,0,0.0,0.0,0.0,0.0,0.0,0.0
EURUSD,1,-1,1.1033300000000001,1.1043,10000,1.10426,1.09958,-179.44999999998436,2024-09-03 11:30:00+00:00,2024-09-03 12:35:00+00:00,stop,mss_fvg_m5,momentum,fib_extension,near,ob,W,True,240T,0.7,against,behind,ob,0.0,against,2,1b,judas,ny_judas,ny,,,False,3,2,240T|15T,0,True,240T,,True,1,60T,,,False,False,True,False,,True,single,33.7,32.0,3.0,2.0,low,1.1,False,2024-09-03 03:30:00+00:00,2024-09-03 11:15:00+00:00,2024-09-03 11:30:00+00:00,2024-09-03 11:35:00+00:00,False,discount,eql,m15_range,False,False,,against,,,,,,,,,0,,0,,False,0,3,True,True,0,False,False,False,True,,,equal_hl,1.1024500000000002,0,0.3,,,11.5,256.8,368.2
GBPUSD,1,-1,1.31029,1.31034,7812,1.31029,1.3059400000000003,-7.226100000015249,2024-09-09 07:45:00+00:00,2024-09-09 08:35:00+00:00,stop,amd_fvg_m5,momentum,fib_extension,near,ifvg,W,True,240T,26.6,against,ahead,fvg,26.6,against,1,1a,breakout,london_judas,london,,,False,1,0,,0,False,,,False,1,60T,240T,,False,False,False,False,,True,single,11.9,11.0,2.0,3.0,high,1.9,True,2024-09-08 23:15:00+00:00,2024-09-09 01:45:00+00:00,2024-09-09 02:00:00+00:00,2024-09-09 02:10:00+00:00,,,,m15_range,False,False,opposing,golden,,,,,,,,,0,,0,,False,0,3,True,False,0,True,False,False,True,,,equal_hl,1.30932,0,12.4,,,,439.1,488.7
NZDUSD,1,-1,0.615265,0.61434,12500,0.614265,0.6120200000000001,213.90624999998929,2024-09-09 07:45:00+00:00,2024-09-09 14:20:00+00:00,stop,amd_fvg_h1,momentum,fib_extension,near,fvg,W,True,240T,16.7,against,behind,ob,0.0,against,2,N-short,breakout,london_judas,london,,,False,5,0,,0,False,,,False,1,60T,,,False,False,True,False,,True,dual,19.7,36.0,2.0,2.0,high,0.3,True,2024-09-06 18:15:00+00:00,2024-09-09 03:00:00+00:00,2024-09-09 03:15:00+00:00,2024-09-09 03:15:00+00:00,,,,m15_range,False,False,,,,,,,,,,,0,,0,,False,0,4,True,False,0,True,False,True,True,continuation,ob,equal_hl,0.61312,0,28.7,,,,304.6,304.6
EURUSD,1,-1,1.10565,1.1046900000000002,6250,1.1046500000000001,1.10263,110.99999999998265,2024-09-09 08:00:00+00:00,2024-09-09 17:15:00+00:00,stop,amd_fvg_m5,momentum,swing,near,fvg,W,True,D,0.0,against,inside,ifvg,0.0,against,1,3a,breakout,london_judas,london,,,False,5,0,,0,False,,,False,1,60T,,,False,False,False,False,,True,single,21.3,33.0,5.0,2.0,high,0.2,True,2024-09-06 17:00:00+00:00,2024-09-09 01:00:00+00:00,2024-09-09 01:15:00+00:00,2024-09-09 01:20:00+00:00,,,,m15_range,False,False,confirmed,against,,,,,,,,,0,,0,,False,0,3,True,False,0,True,False,False,True,,,equal_hl,1.1042425,0,22.5,,,13.6,176.0,347.4
GBPUSD,1,-1,1.30844,1.3084900000000002,15625,1.30844,1.30518812,-14.4531250000305,2024-09-11 13:00:00+00:00,2024-09-11 13:30:00+00:00,stop,amd_ob_m15,momentum,fib_extension,near,ifvg,W,False,,8.1,against,ahead,fvg,8.1,against,2,1a_h4,judas,ny_judas,ny,,,False,4,1,240T,0,False,240T,,False,1,60T,,,False,False,True,False,,True,single,32.7,47.0,2.0,2.0,high,12.9,True,2024-09-10 17:45:00+00:00,2024-09-11 05:15:00+00:00,2024-09-11 06:15:00+00:00,2024-09-11 06:20:00+00:00,False,discount,eqh,m15_range,False,False,confirmed,golden,,,,,,,,,0,,0,,False,0,2,False,False,0,True,False,False,True,,,equal_hl,1.3006,0,33.3,10.9,36.2,,420.6,420.6
EURUSD,1,1,1.1100599999999998,1.1137299999999999,12705,1.1110599999999997,1.11377,862.6059750000146,2024-09-16 07:00:00+00:00,2024-09-17 08:55:00+00:00,target,mss_fvg_h1,momentum,fib_extension,d3,ifvg,D,True,240T,29.1,with,behind,fvg,29.1,with,2,3b,judas,london_judas,london,,,False,3,2,15T,1,False,15T,D|60T,False,0,,,,False,False,True,False,,True,single,27.9,58.0,2.0,2.0,high,4.9,False,2024-09-13 14:15:00+00:00,2024-09-16 04:30:00+00:00,2024-09-16 04:45:00+00:00,2024-09-16 04:55:00+00:00,,,,m15_range,False,False,opposing,golden,,,,,,,,,0,,0,,False,0,3,True,False,0,False,False,True,True,continuation,d1_fvg,equal_hl,1.11359,0,37.2,5.2,2.0,55.9,101.8,101.8
GBPUSD,1,1,1.31869,1.3221399999999999,28125,1.32219,1.37487,1795.0781249999754,2024-09-18 08:00:00+00:00,2024-09-18 14:00:00+00:00,stop,amd_fvg_m5,golden,opposing_liq,,,,False,,41.0,with,behind,fvg,41.0,with,2,golden,mm_golden,london_golden,london,,,False,4,0,,0,False,,,False,0,,,,False,False,False,False,,False,,8.5,13.0,3.0,3.0,low,,True,,,,,,,,m15_range,False,False,,golden,own_ob,,respected,15T,2b,15T,ob,60T,0,,0,,True,2,2,False,False,-1,True,False,False,True,,,equal_hl,1.322324,0,43.0,0.0,0.0,0.0,0.0,0.0
GBPUSD,1,1,1.33099,1.3319399999999997,33750,1.3319899999999998,1.37487,593.1562499998654,2024-09-20 07:00:00+00:00,2024-09-20 07:35:00+00:00,stop,amd_fvg_h1,golden,opposing_liq,,,,False,,164.0,with,behind,fvg,164.0,with,3,golden,mm_golden,london_golden,london,,,False,2,0,,0,False,,,False,0,,,,False,False,False,False,,False,,16.0,33.0,4.0,3.0,low,,True,,,,,,,,m15_range,False,False,,golden,own_ob,,respected,15T,2b,15T,ob,60T,0,,0,,True,3,2,False,False,1,True,False,False,False,,,,0.0,0,20.8,0.0,0.0,0.0,0.0,0.0
EURUSD,1,-1,1.11498,1.1118625200000003,14062,1.1139800000000002,1.1118225200000003,811.0030695599437,2024-09-23 08:00:00+00:00,2024-09-23 08:15:00+00:00,target,amd_ob_m5,momentum,fib_extension,near,ifvg,D,False,,38.9,against,ahead,ifvg,38.9,against,1,1b,breakout,london_judas,london,,,False,4,1,240T|15T,0,False,240T,,False,1,60T,240T,,False,False,False,False,,True,single,11.2,49.0,2.0,7.0,high,0.2,True,2024-09-20 18:30:00+00:00,2024-09-23 06:30:00+00:00,2024-09-23 06:45:00+00:00,2024-09-23 06:45:00+00:00,,,,m15_range,False,False,confirmed,against,,,,,,,,,0,,0,,False,0,3,True,False,0,True,False,False,True,,,equal_hl,1.1101275,0,34.7,,82.4,148.8,148.8,373.3
GBPUSD,1,1,1.33765,1.3376,22500,1.33765,1.34144416,-20.812500000043922,2024-09-24 13:00:00+00:00,2024-09-24 14:40:00+00:00,stop,amd_fvg_h1,judas,fib_extension,near,,,False,,230.6,with,behind,fvg,230.6,with,2,2b_ip,breakout,ny_judas,ny,,,False,4,2,60T,1,False,60T,D,False,0,,D,,False,False,True,False,,False,,29.2,64.0,3.0,4.0,low,5.1,True,2024-09-23 15:15:00+00:00,2024-09-24 07:00:00+00:00,2024-09-24 07:30:00+00:00,2024-09-24 07:30:00+00:00,False,premium,eql,m15_range,False,False,,against,,,,,,,,,0,,0,,False,0,2,True,False,0,True,False,False,False,,,,0.0,0,17.2,7.3,,,,
GBPUSD,1,1,1.3387,1.3396499999999998,28125,1.3397,1.37487,494.2968749998878,2024-09-25 13:40:00+00:00,2024-09-25 14:40:00+00:00,stop,amd_fvg_m15,golden,opposing_liq,,,,False,,55.4,with,behind,fvg,55.4,with,2,golden,mm_golden,ny_golden,ny,,,False,4,0,,0,False,,,False,0,,,,False,False,False,False,,False,,31.7,10.0,2.0,2.0,low,,True,,,,,,,,m15_range,False,False,,golden,cascade,,failed,,2b,5T,fvg,60T,0,,0,,True,1,2,False,False,0,True,False,False,True,,,equal_hl,1.342565,0,25.3,0.0,0.0,0.0,0.0,0.0
EURUSD,1,1,1.11507,1.1146099999999999,28125,1.11465,1.14948,-239.34375000006605,2024-09-26 07:15:00+00:00,2024-09-26 08:30:00+00:00,stop,amd_fvg_h1,golden,opposing_liq,,,,False,,39.8,with,behind,ifvg,39.8,with,2,golden,mm_golden,london_golden,london,,,False,4,0,,0,False,,,False,0,,,,False,False,False,False,,False,,11.4,10.0,4.0,2.0,low,,True,,,,,,,,m15_range,False,False,,golden,cascade,240T,failed,,2a,60T,ifvg,60T,0,,0,,True,1,3,False,False,0,True,False,True,True,continuation,pdhl,equal_hl,1.1155466666666667,0,7.2,0.0,0.0,0.0,0.0,0.0
GBPUSD,1,1,1.33693,1.3368799999999998,11250,1.33693,1.34,-10.406250000021961,2024-09-26 11:20:00+00:00,2024-09-26 13:05:00+00:00,stop,amd_fvg_m5,momentum,round_number,near,ifvg,240T,False,,223.4,with,behind,fvg,223.4,with,1,2b,judas,ny_judas,ny,,,False,1,2,60T,1,False,60T,D|60T,False,0,,,,False,False,False,False,,True,single,24.5,15.0,2.0,2.0,low,0.4,True,2024-09-25 17:15:00+00:00,2024-09-25 20:45:00+00:00,2024-09-25 21:00:00+00:00,2024-09-25 21:05:00+00:00,True,premium,pdl,m15_range,False,False,,against,,,,,,,,,0,,0,,False,0,2,False,False,0,True,False,False,True,,,equal_hl,1.342565,0,19.5,,61.3,,61.3,61.3
EURUSD,1,1,1.11666,1.1198557599999999,35156,1.1176599999999999,1.11989576,2078.4775633599224,2024-09-27 13:30:00+00:00,2024-09-27 13:55:00+00:00,target,amd_fvg_h1,momentum,fib_extension,near,ob,W,False,,55.7,with,behind,ifvg,55.7,with,2,3b,breakout,ny_judas,ny,,,False,4,2,240T,1,False,240T,D,False,1,D,240T,,False,False,True,False,,True,single,20.7,44.0,2.0,3.0,low,33.6,True,2024-09-26 20:45:00+00:00,2024-09-27 07:30:00+00:00,2024-09-27 08:15:00+00:00,2024-09-27 08:25:00+00:00,False,premium,eql,m15_range,False,False,,golden,,,,,,,,,0,,0,,False,0,3,False,False,0,True,False,True,True,continuation,d1_fvg,equal_hl,1.1200025,0,35.0,10.3,48.3,,48.3,48.3
GBPUSD,1,1,1.33951,1.33906,28125,1.33911,1.37487,-234.14062500003197,2024-09-30 11:00:00+00:00,2024-09-30 11:20:00+00:00,stop,amd_ob_m5,golden,opposing_liq,,,,False,,249.2,with,behind,fvg,249.2,with,2,golden,mm_golden,ny_golden,ny,,,False,5,0,,0,False,,,False,0,,,,False,False,False,False,,False,,20.9,18.0,2.0,2.0,low,,True,,,,,,,,m15_range,False,False,,golden,own_ob,,respected,15T,2b,15T,ob,60T,0,,0,,True,2,4,True,True,0,True,False,False,True,,,equal_hl,1.342495,0,5.8,0.0,0.0,0.0,0.0,0.0
EURUSD,1,1,1.11984,1.1194,33750,1.11944,1.14948,-274.72499999999746,2024-09-30 12:55:00+00:00,2024-09-30 13:10:00+00:00,stop,amd_fvg_h1,golden,opposing_liq,,,,False,,87.5,with,behind,ifvg,87.5,with,3,golden,mm_golden,ny_golden,ny,,,False,2,0,,0,False,,,False,0,,,,False,False,False,False,,False,,17.7,36.0,2.0,4.0,low,,True,,,,,,,,m15_range,False,False,,golden,cascade,240T,failed,,2a,5T,ifvg,60T,0,,0,,True,2,5,True,True,0,True,False,True,True,continuation,d1_fvg,equal_hl,1.12018,0,2.8,0.0,0.0,0.0,0.0,0.0
GBPUSD,1,-1,1.33681,1.3368600000000002,14062,1.33681,1.33341,-13.007350000027449,2024-10-01 08:00:00+00:00,2024-10-01 08:05:00+00:00,stop,amd_fvg_m5,momentum,swing,d3,ifvg,240T,False,,222.2,against,ahead,fvg,222.2,against,1,1a,breakout,london_judas,london,,,False,4,1,60T,0,False,60T,60T,False,1,D,,,False,False,False,False,,True,single,26.8,28.0,4.0,2.0,high,7.4,True,2024-09-30 19:30:00+00:00,2024-10-01 02:15:00+00:00,2024-10-01 02:45:00+00:00,2024-10-01 02:55:00+00:00,False,discount,eqh,m15_range,False,False,confirmed,golden,,,,,,,,,0,,0,,False,0,4,True,True,0,True,False,False,True,,,equal_hl,1.33121,0,15.3,2.0,19.2,238.5,367.5,704.3
EURUSD,1,-1,1.1089,1.10994,9000,1.1098999999999999,1.1056251600000002,-173.15999999998832,2024-10-01 11:05:00+00:00,2024-10-01 12:05:00+00:00,stop,amd_fvg_m5,momentum,fib_extension,near,ifvg,D,True,240T,0.0,against,inside,ifvg,0.0,against,1,3a,judas,ny_judas,ny,,,True,2,1,,0,False,,60T,False,1,D,D,,False,False,True,False,,True,single,21.8,43.0,4.0,2.0,high,0.6,True,2024-09-30 19:45:00+00:00,2024-10-01 06:15:00+00:00,2024-10-01 06:30:00+00:00,2024-10-01 06:40:00+00:00,False,discount,eqh,m15_range,False,False,,against,,,,,,,,,0,,0,,False,0,4,True,True,0,True,False,False,True,,,equal_hl,1.1083949999999998,0,5.1,,,21.6,88.0,312.5
EURUSD,1,1,1.0983399999999999,1.0978999999999999,22500,1.09794,1.14948,-183.14999999999833,2024-10-08 07:30:00+00:00,2024-10-08 08:05:00+00:00,stop,amd_ob_m15,golden,opposing_liq,,,,False,,0.0,with,inside,ifvg,0.0,with,2,golden,mm_golden,london_golden,london,,,False,3,0,,0,False,,,False,0,,,,False,False,False,False,,False,,15.9,25.0,4.0,2.0,low,,True,,,,,,,,m15_range,False,False,,golden,own_ob,,respected,15T,2a,15T,ob,60T,0,,0,,True,2,3,True,False,0,True,False,False,True,,,equal_hl,1.0998350000000001,0,5.4,0.0,0.0,0.0,0.0,0.0
EURUSD,1,1,1.09842,1.09838,12500,1.09842,1.10381,-9.250000000009251,2024-10-08 08:30:00+00:00,2024-10-08 09:30:00+00:00,stop,amd_ob_m15,judas,equal_hl,near,ob,W,True,240T,0.0,with,inside,ifvg,0.0,with,2,3b,judas,london_judas,london,,240T,False,3,3,240T,1,True,240T,D|60T,True,0,,,,False,False,True,False,,False,,15.9,25.0,4.0,2.0,low,3.8,True,2024-10-07 12:15:00+00:00,2024-10-07 18:15:00+00:00,2024-10-07 20:00:00+00:00,2024-10-07 20:05:00+00:00,False,premium,eql,m15_range,False,False,confirmed,golden,,,,,,,,,0,,0,,False,0,3,True,False,0,True,False,False,True,,,equal_hl,1.0998350000000001,0,12.9,3.5,56.2,230.7,230.7,230.7
GBPUSD,1,-1,1.30829,1.3073400000000002,6250,1.30729,1.30506,109.84374999997506,2024-10-09 07:05:00+00:00,2024-10-09 08:25:00+00:00,stop,mss_ob_m15,momentum,swing,d3,ifvg,W,False,,72.5,against,ahead,ifvg,72.5,against,1,1a,judas,london_judas,london,,,False,2,1,,0,False,,240T|60T,False,1,60T,,,False,False,False,False,,False,,24.1,45.0,2.0,3.0,low,0.2,False,2024-10-08 18:30:00+00:00,2024-10-09 05:30:00+00:00,2024-10-09 05:45:00+00:00,2024-10-09 05:55:00+00:00,False,discount,eql,m15_range,False,False,opposing,golden,,,,,,,,,0,,0,,False,0,1,False,False,0,False,False,False,True,,,equal_hl,1.3072949999999999,0,27.8,1.4,25.0,,82.3,419.1
EURUSD,1,-1,1.0959400000000001,1.09693,6250,1.09689,1.09211,-114.46874999997969,2024-10-09 08:00:00+00:00,2024-10-09 11:05:00+00:00,stop,amd_ob_m5,momentum,fib_extension,d30,ob,D,False,,0.0,against,inside,ifvg,0.0,against,1,3a,breakout,london_judas,london,,240T,False,4,2,D|60T|15T,-1,False,D,240T|60T,False,1,60T,D,,False,False,True,False,,True,single,16.0,29.0,3.0,2.0,high,0.2,True,2024-10-08 16:45:00+00:00,2024-10-08 23:45:00+00:00,2024-10-09 00:00:00+00:00,2024-10-09 00:00:00+00:00,False,discount,eqh,m15_range,False,False,,against,,,,,,,,,0,,0,,False,0,3,True,False,0,True,False,False,True,,,equal_hl,1.0959,0,8.4,,6.1,,9.1,182.9
NZDUSD,1,-1,0.609255,0.605679,12500,0.608255,0.6056039999999999,826.9500000000054,2024-10-09 07:20:00+00:00,2024-10-09 15:40:00+00:00,target,mss_ob_m15,judas,fib_extension,near,fvg,W,True,D,0.0,against,inside,ifvg,0.0,against,2,N-short_h4,judas,london_judas,london,,,False,4,1,15T,0,False,15T,240T|60T,False,1,60T,,,False,False,True,False,,False,,23.4,10.0,3.0,2.0,low,13.2,False,2024-10-09 02:15:00+00:00,2024-10-09 04:30:00+00:00,2024-10-09 04:45:00+00:00,2024-10-09 04:50:00+00:00,False,discount,none,m15_range,False,False,,,,,,,,,,,0,,0,,False,0,2,False,False,0,False,False,True,True,continuation,w_fvg,equal_hl,0.6052550000000001,0,39.2,19.4,,,,244.5
EURUSD,1,-1,1.09241,1.0930900000000001,28125,1.09305,0.95357,-353.8125000000072,2024-10-14 07:55:00+00:00,2024-10-14 08:35:00+00:00,stop,amd_ob_m15,golden,opposing_liq,,,,False,,21.3,against,ahead,ifvg,21.3,against,2,golden,mm_golden,london_golden,london,,,False,6,0,,0,False,,,False,0,,,,False,False,False,False,,False,,11.7,23.0,2.0,3.0,high,,True,,,,,,,,m15_range,False,False,,golden,own_ob,,respected,15T,1b,15T,ob,60T,0,,0,,True,2,3,True,False,0,True,False,False,True,,,equal_hl,1.091265,0,0.3,0.0,0.0,0.0,0.0,0.0
EURUSD,1,-1,1.0925,1.09254,22500,1.0925,1.08814,-16.65000000001665,2024-10-14 11:00:00+00:00,2024-10-14 14:45:00+00:00,stop,amd_ob_m5,momentum,itl_liquidity,d30,ifvg,D,False,,22.2,against,ahead,ifvg,22.2,against,2,3a,judas,ny_judas,ny,240T,,False,3,2,D|240T|60T,-1,False,D,240T,False,-1,60T,240T,,False,False,True,False,,True,single,14.2,35.0,3.0,3.0,high,5.0,True,2024-10-14 01:15:00+00:00,2024-10-14 09:45:00+00:00,2024-10-14 10:15:00+00:00,2024-10-14 10:25:00+00:00,,,,m15_range,False,False,opposing,against,,,,,,,,,0,,0,,False,0,3,True,False,0,True,False,False,True,,,equal_hl,1.091265,0,20.3,10.6,25.9,,25.9,44.5
GBPUSD,1,-1,1.29889,1.29994,22500,1.29989,1.29318306,-437.06249999999807,2024-10-16 07:30:00+00:00,2024-10-16 08:40:00+00:00,stop,amd_fvg_m5,momentum,fib_extension,near,fvg,W,True,D,8.1,against,behind,ifvg,8.1,against,2,1a,breakout,london_judas,london,,,False,2,1,,0,False,,240T,False,0,,D,,False,False,True,False,,True,dual,17.4,40.0,13.0,3.0,high,-3.1,True,2024-10-15 21:00:00+00:00,2024-10-16 06:45:00+00:00,2024-10-16 07:00:00+00:00,2024-10-16 07:00:00+00:00,False,discount,eqh,session_range,False,False,confirmed,golden,,,,,,,,,0,,0,,False,0,3,True,False,0,True,False,False,True,,,equal_hl,1.29752,0,6.9,,,,,325.1
EURUSD,1,-1,1.0854400000000002,1.08597,8027,1.08593,1.08232,-78.70473499998805,2024-10-17 07:45:00+00:00,2024-10-17 10:40:00+00:00,stop,mss_fvg_h1,judas,equal_hl,d60,ob,W,False,,0.0,against,inside,ifvg,0.0,against,0,3a,breakout,london_judas,london,,,False,4,2,D|240T|60T,-1,False,D,240T,False,0,,,,False,False,False,False,,True,single,,,,,,,,,,,,,discount,,,False,False,,against,,,,,,,,,0,,0,,False,0,1,False,False,0,True,False,False,False,,,,0.0,0,5.4,4.1,2.1,,2.1,2.1
GBPUSD,1,1,1.30458,1.3055299999999999,6250,1.30558,1.3077,109.84374999997506,2024-10-18 07:00:00+00:00,2024-10-18 08:10:00+00:00,stop,amd_ob_m5,momentum,pdh_pdl,near,ifvg,W,False,,10.7,against,behind,fvg,10.7,against,1,2b,breakout,london_judas,london,,D,False,4,2,D|240T|60T|15T,1,False,D,D,False,0,,D,,False,False,True,False,,True,single,10.6,17.0,3.0,2.0,low,2.5,True,2024-10-17 17:45:00+00:00,2024-10-17 21:45:00+00:00,2024-10-17 22:00:00+00:00,2024-10-17 22:00:00+00:00,False,premium,eql,m15_range,False,False,,against,,,,,,,,,0,,0,,False,0,3,False,False,1,True,False,False,True,,,equal_hl,1.3069366666666669,0,24.8,,57.6,377.9,389.3,389.3
GBPUSD,1,-1,1.30211,1.30316,15625,1.30311,1.2982900000000002,-303.5156249999987,2024-10-21 08:00:00+00:00,2024-10-21 08:20:00+00:00,stop,amd_fvg_h1,momentum,fib_extension,near,ifvg,W,False,,1.7,against,behind,fvg,1.7,against,2,1a,judas,london_judas,london,,,False,4,1,240T|15T,0,False,240T,240T,False,1,60T,,,False,False,True,False,,True,single,30.7,26.0,2.0,2.0,high,7.6,True,2024-10-18 15:15:00+00:00,2024-10-18 21:30:00+00:00,2024-10-20 23:00:00+00:00,2024-10-20 23:05:00+00:00,,,,m15_range,False,False,,golden,,,,,,,,,0,,0,,False,0,3,True,False,0,True,False,False,True,,,equal_hl,1.3009825,0,-0.0,,48.5,2.1,48.5,275.2
EURUSD,1,-1,1.08573,1.0857700000000001,14125,1.08573,1.08252,-10.452500000010453,2024-10-21 07:00:00+00:00,2024-10-21 13:30:00+00:00,stop,amd_ob_m5,momentum,pdh_pdl,near,ifvg,240T,True,240T,16.4,with,behind,fvg,16.4,with,2,3a,breakout,london_judas,london,,,False,4,2,D|240T,-1,False,D,240T,False,1,60T,,,False,False,True,False,,True,single,28.2,47.0,2.0,3.0,high,2.3,True,2024-10-18 11:15:00+00:00,2024-10-20 22:45:00+00:00,2024-10-20 23:00:00+00:00,2024-10-20 23:00:00+00:00,,,,m15_range,False,False,,against,,,,,,,,,0,,0,,False,0,3,True,False,0,True,False,False,True,,,equal_hl,1.081105,0,12.6,,47.2,,47.2,47.2
EURUSD,1,1,1.0897899999999998,1.0897499999999998,12500,1.0897899999999998,1.14948,-9.250000000009251,2024-11-04 08:15:00+00:00,2024-11-04 13:25:00+00:00,stop,amd_ob_m15,golden,opposing_liq,,,,False,,18.8,against,ahead,fvg,18.8,against,2,golden,mm_golden,london_golden,london,,,False,2,0,,0,False,,,False,0,,,,False,False,False,False,,False,,8.8,11.0,3.0,7.0,low,,True,,,,,,,,m15_range,False,False,,golden,own_ob,,respected,,2a,5T,fvg,60T,0,,0,,True,2,3,True,False,0,True,False,False,True,,,equal_hl,1.0903550000000002,0,16.8,0.0,0.0,0.0,0.0,0.0
GBPUSD,1,1,1.2982799999999999,1.30195,5000,1.2992799999999998,1.302,339.47500000000576,2024-11-05 08:30:00+00:00,2024-11-05 14:35:00+00:00,target,amd_fvg_m5,momentum,round_number,d3,ifvg,W,True,240T,32.1,against,ahead,ifvg,32.1,against,1,2b_ip,judas,london_judas,london,,,False,3,1,15T,0,False,15T,240T|60T,False,1,60T,,,False,False,False,False,,True,single,34.9,20.0,2.0,2.0,low,24.2,True,2024-11-04 11:15:00+00:00,2024-11-04 16:00:00+00:00,2024-11-04 17:00:00+00:00,2024-11-04 17:00:00+00:00,False,premium,eql,m15_range,False,False,,against,,,,,,,,,0,,0,,False,0,3,True,False,0,True,False,False,True,,,equal_hl,1.2983850000000001,0,37.7,,16.7,73.1,407.6,452.3
EURUSD,1,-1,1.0743,1.07474,19830,1.0747,0.95357,-161.4161999999985,2024-11-06 08:00:00+00:00,2024-11-06 08:20:00+00:00,stop,amd_ob_m5,golden,opposing_liq,,,,False,,83.3,against,behind,ifvg,83.3,against,2,golden,mm_golden,london_golden,london,,,False,1,0,,0,False,,,False,0,,,,False,False,False,False,,False,,24.7,30.0,3.0,2.0,high,,True,,,,,,,,m15_range,False,False,,golden,own_ob,,respected,,1b,15T,ifvg,60T,0,,0,,True,2,2,True,False,0,True,False,False,False,,,,0.0,0,9.0,0.0,0.0,0.0,0.0,0.0
EURUSD,1,-1,1.0705900000000002,1.0706300000000002,15625,1.0705900000000002,1.06724,-11.562500000011564,2024-11-06 12:15:00+00:00,2024-11-06 13:10:00+00:00,stop,amd_fvg_m5,momentum,equal_hl,near,ob,W,False,,120.4,against,behind,ifvg,120.4,against,2,1b,breakout,ny_judas,ny,,,False,5,2,D|15T,-1,False,D,,False,1,60T,,,False,False,True,False,,True,single,24.7,30.0,3.0,2.0,high,0.4,True,2024-11-05 16:15:00+00:00,2024-11-05 23:30:00+00:00,2024-11-05 23:45:00+00:00,2024-11-05 23:55:00+00:00,True,discount,pdh,m15_range,False,False,,against,,,,,,,,,0,,0,,False,0,2,True,False,0,True,False,False,False,,,,0.0,0,23.5,,,,,
GBPUSD,1,-1,1.28631,1.2863600000000002,18750,1.28631,1.03261,-17.3437500000366,2024-11-06 14:00:00+00:00,2024-11-06 14:20:00+00:00,stop,amd_fvg_h1,golden,opposing_liq,,,,False,,8.3,against,behind,ob,0.0,against,3,golden,mm_golden,ny_golden,ny,,,False,3,0,,0,False,,,False,0,,,,False,False,False,False,,False,,27.4,8.0,3.0,2.0,high,,True,,,,,,,,m15_range,False,False,,golden,own_ob,,respected,15T,1a,15T,ob,60T,0,,0,,True,3,3,True,False,0,True,False,False,True,,,equal_hl,1.283855,0,11.5,0.0,0.0,0.0,0.0,0.0
GBPUSD,1,1,1.29619,1.2961399999999998,6250,1.29619,1.29919904,-5.7812500000122,2024-11-07 13:00:00+00:00,2024-11-07 13:10:00+00:00,stop,amd_fvg_m5,momentum,fib_extension,near,ifvg,W,True,240T,30.6,with,behind,ifvg,30.6,with,1,2b_ip,breakout,ny_judas,ny,,,False,4,1,240T,0,False,,60T,False,-1,D,,,False,False,False,False,,True,single,20.8,14.0,3.0,2.0,low,16.6,True,2024-11-07 03:30:00+00:00,2024-11-07 06:45:00+00:00,2024-11-07 12:00:00+00:00,2024-11-07 12:00:00+00:00,False,premium,eql,m15_range,False,False,opposing,against,,,,,,,,,0,,0,,False,0,2,False,False,-1,True,False,False,True,,,equal_hl,1.29736,0,12.9,,86.6,94.0,307.1,473.2
EURUSD,1,1,1.07655,1.07962,7812,1.0775499999999998,1.07987,443.68254000001855,2024-11-07 12:15:00+00:00,2024-11-07 14:35:00+00:00,target,news_fvg_m5,momentum,swing,near,ifvg,W,False,,189.3,against,ahead,fvg,189.3,against,0,3b,breakout,ny_judas,ny,W,,False,3,1,,0,False,,60T,False,-1,D,,,False,False,False,False,,True,single,33.5,15.0,2.0,2.0,high,0.7,False,2024-11-07 05:00:00+00:00,2024-11-07 08:30:00+00:00,2024-11-07 08:45:00+00:00,2024-11-07 08:55:00+00:00,False,discount,eqh,m15_range,False,False,confirmed,golden,,,,,,,,,0,,0,,False,0,1,False,False,-1,False,False,False,True,,,equal_hl,1.0804049999999998,0,37.6,,174.4,107.1,285.2,451.5
EURUSD,1,-1,1.07671,1.0757500000000002,18000,1.0757100000000002,1.0735700000000001,319.67999999995,2024-11-08 13:15:00+00:00,2024-11-08 13:50:00+00:00,stop,amd_fvg_m5,momentum,fib_extension,near,ifvg,240T,True,240T,57.6,with,behind,fvg,57.6,with,2,1b_ip,breakout,ny_judas,ny,,,False,2,2,D|240T|60T|15T,-1,False,D,240T,False,0,,,,False,False,True,False,,True,single,22.1,11.0,2.0,2.0,high,2.8,True,2024-11-07 16:15:00+00:00,2024-11-07 18:45:00+00:00,2024-11-07 20:15:00+00:00,2024-11-07 20:15:00+00:00,False,discount,eqh,m15_range,False,False,,against,,,,,,,,,0,,0,,False,0,4,True,False,1,True,False,False,True,,,equal_hl,1.06846,0,22.6,,85.6,6.8,85.6,85.6
EURUSD,1,-1,1.06528,1.06532,27000,1.06528,1.0608177,-19.98000000001998,2024-11-11 12:30:00+00:00,2024-11-11 14:05:00+00:00,stop,amd_fvg_m15,momentum,fib_extension,near,,,False,,171.9,with,behind,fvg,171.9,with,3,1b,judas,ny_judas,ny,,,False,3,2,D|60T,-1,False,D,240T|60T,False,0,,,,False,False,True,False,,True,single,14.8,24.0,3.0,4.0,high,6.0,True,2024-11-08 19:15:00+00:00,2024-11-11 01:00:00+00:00,2024-11-11 01:15:00+00:00,2024-11-11 01:25:00+00:00,,,,m15_range,False,False,confirmed,against,,,,,,,,,0,,0,,False,0,2,True,False,0,True,False,False,False,,,,0.0,0,16.2,,,,,
GBPUSD,1,-1,1.26551,1.2661600000000002,42187,1.26611,1.03261,-507.29867500020407,2024-11-14 12:15:00+00:00,2024-11-14 12:25:00+00:00,stop,amd_fvg_h1,golden,opposing_liq,,,,False,,114.0,with,behind,ob,0.0,against,3,golden,mm_golden,ny_golden,ny,,,False,4,0,,0,False,,,False,0,,,,False,False,False,False,,False,,29.7,8.0,2.0,2.0,high,,True,,,,,,,,m15_range,False,False,,golden,cascade,240T,untested,,1a,60T,ifvg,60T,0,,0,,True,2,2,False,False,0,True,False,True,False,continuation,w_fvg,,0.0,0,-0.0,0.0,0.0,0.0,0.0,0.0
GBPUSD,1,-1,1.26582,1.26587,37433,1.26582,1.03261,-34.62552500007307,2024-11-19 09:00:00+00:00,2024-11-19 09:15:00+00:00,stop,amd_fvg_m15,golden,opposing_liq,,,,False,,110.9,with,behind,fvg,110.9,with,3,golden,mm_golden,london_golden,london,,,False,4,0,,0,False,,,False,0,,,,False,False,False,False,,False,,9.2,10.0,3.0,2.0,high,,True,,,,,,,,m15_range,False,False,,golden,cascade,240T,failed,,1a,5T,ifvg,60T,0,,0,,True,2,4,True,False,0,True,False,True,True,inside,w_fvg,equal_hl,1.261285,0,15.4,0.0,0.0,0.0,0.0,0.0
EURUSD,1,-1,1.05438,1.05542,12500,1.05538,1.05022472,-240.49999999998377,2024-11-19 09:15:00+00:00,2024-11-19 10:05:00+00:00,stop,amd_fvg_m5,momentum,fib_extension,d3,,,False,,38.7,with,behind,ifvg,38.7,with,2,3a,breakout,london_judas,london,,,False,4,2,D|15T,-1,False,D,240T,False,1,60T,,,False,False,True,False,,True,single,7.6,9.0,3.0,6.0,high,4.4,True,2024-11-19 01:00:00+00:00,2024-11-19 03:00:00+00:00,2024-11-19 03:15:00+00:00,2024-11-19 03:15:00+00:00,False,discount,eqh,m15_range,False,False,,against,,,,,,,,,0,,0,,False,0,3,True,False,0,True,False,False,True,,,equal_hl,1.0527166666666667,0,20.5,,28.4,,48.7,48.7
EURUSD,1,-1,1.05716,1.0562000000000002,12500,1.0561600000000002,1.05384,221.9999999999653,2024-11-20 08:00:00+00:00,2024-11-20 12:30:00+00:00,stop,amd_fvg_m5,momentum,pdh_pdl,near,,,False,,91.5,with,behind,fvg,91.5,with,2,1b_ip,judas,london_judas,london,,,False,3,2,D|15T,-1,False,D,D,False,1,60T,,,False,False,True,False,,True,single,25.4,21.0,2.0,2.0,high,1.7,True,2024-11-19 18:45:00+00:00,2024-11-19 23:45:00+00:00,2024-11-20 00:00:00+00:00,2024-11-20 00:00:00+00:00,True,discount,pdh,m15_range,False,False,confirmed,against,,,,,,,,,0,,0,,False,0,3,True,False,0,True,False,False,True,,,equal_hl,1.0527166666666667,0,29.5,,49.2,,76.5,76.5
EURUSD,1,-1,1.0549600000000001,1.051665,12500,1.0539600000000002,1.051625,761.968750000011,2024-11-20 14:05:00+00:00,2024-11-20 15:50:00+00:00,target,mss_ob_m5,momentum,equal_hl,d3,,,False,,113.5,with,behind,fvg,113.5,with,2,1b_h4,judas,ny_judas,ny,,,True,5,2,D|15T,-1,False,D,D,False,1,60T,,,False,False,True,False,,True,single,23.8,10.0,2.0,2.0,low,2.9,False,2024-11-20 08:45:00+00:00,2024-11-20 11:00:00+00:00,2024-11-20 11:15:00+00:00,2024-11-20 11:20:00+00:00,False,discount,none,m15_range,False,False,confirmed,against,,,,,,,,,0,,0,,False,0,2,True,False,0,False,False,False,True,,,equal_hl,1.0515466666666666,0,33.7,8.4,27.2,,54.5,54.5
NZDUSD,1,-1,0.589085,0.58816,6292,0.588085,0.586005,107.6718499999946,2024-11-20 08:00:00+00:00,2024-11-21 00:50:00+00:00,stop,amd_fvg_m15,momentum,equal_hl,near,fvg,D,True,240T,17.0,against,ahead,fvg,17.0,against,1,N-short,judas,london_judas,london,,,False,4,2,240T,-1,False,240T,D,False,1,60T,,,False,False,False,False,,True,single,33.2,51.0,10.0,3.0,high,8.7,True,2024-11-19 10:15:00+00:00,2024-11-19 22:45:00+00:00,2024-11-20 00:00:00+00:00,2024-11-20 00:00:00+00:00,False,discount,eqh,m15_range,False,False,,,,,,,,,,,0,,0,,False,0,4,True,False,0,True,False,True,True,continuation,pdhl,equal_hl,0.587475,0,27.3,,56.3,,56.3,56.3
EURUSD,1,-1,1.05148,1.05252,27000,1.0524799999999999,1.04824,-519.479999999965,2024-11-21 09:20:00+00:00,2024-11-21 10:40:00+00:00,stop,amd_fvg_m5,momentum,itl_liquidity,d60,,,False,,148.3,with,behind,fvg,148.3,with,3,1b,judas,london_judas,london,,,False,3,2,D,-1,False,D,D|60T,False,0,,,,False,False,True,False,,True,single,7.0,8.0,2.0,3.0,high,1.1,True,2024-11-21 04:15:00+00:00,2024-11-21 06:00:00+00:00,2024-11-21 06:15:00+00:00,2024-11-21 06:15:00+00:00,False,discount,eqh,m15_range,False,False,opposing,against,,,,,,,,,0,,0,,False,0,2,False,False,0,True,False,False,True,,,equal_hl,1.0515466666666666,0,1.0,,8.9,,19.7,19.7
EURUSD,1,-1,1.0457500000000002,1.0457900000000002,22500,1.0457500000000002,1.04180104,-16.65000000001665,2024-11-22 08:45:00+00:00,2024-11-22 08:55:00+00:00,stop,amd_fvg_m5,momentum,fib_extension,near,,,False,,205.6,with,behind,fvg,205.6,with,2,3a,breakout,london_judas,london,,,False,2,3,D,-1,True,D,D,True,1,60T,240T,,False,False,True,False,,True,single,27.8,61.0,4.0,4.0,high,8.8,True,2024-11-21 16:45:00+00:00,2024-11-22 07:45:00+00:00,2024-11-22 08:00:00+00:00,2024-11-22 08:10:00+00:00,False,discount,eqh,m15_range,False,False,opposing,against,,,,,,,,,0,,0,,False,0,1,False,False,0,True,False,False,False,,,,0.0,0,16.5,,,,,
GBPUSD,1,-1,1.25735,1.2578,33750,1.25775,1.03261,-280.96875000003837,2024-11-25 09:10:00+00:00,2024-11-25 09:50:00+00:00,stop,amd_ob_m5,golden,opposing_liq,,,,False,,20.6,with,behind,ifvg,20.6,with,3,golden,mm_golden,london_golden,london,,,False,2,0,,0,False,,,False,0,,,,False,False,False,False,,False,,13.4,12.0,2.0,3.0,high,,True,,,,,,,,m15_range,False,False,,golden,cascade,240T,failed,,1a,5T,ifvg,60T,0,,0,,True,2,3,True,False,0,True,False,True,False,continuation,breaker,,0.0,0,9.2,0.0,0.0,0.0,0.0,0.0
EURUSD,1,1,1.05144,1.0514,7812,1.05144,1.05447,-5.780880000005782,2024-11-25 13:15:00+00:00,2024-11-25 14:35:00+00:00,stop,amd_fvg_m15,momentum,swing,near,ob,D,False,,7.6,against,behind,ifvg,7.6,against,0,2a,breakout,ny_judas,ny,,,False,4,2,W|60T,1,False,W,W|60T,False,0,,,,False,False,False,False,,True,single,27.8,32.0,2.0,6.0,low,24.5,True,2024-11-24 23:15:00+00:00,2024-11-25 07:00:00+00:00,2024-11-25 08:15:00+00:00,2024-11-25 08:25:00+00:00,,,,m15_range,False,False,,golden,,,,,,,,,0,,0,,False,0,3,True,False,0,True,False,False,True,,,equal_hl,1.053435,0,15.9,,41.3,214.2,423.4,700.5
EURUSD,1,1,1.0509199999999999,1.04988,6250,1.04992,1.05444408,-120.24999999999189,2024-11-26 09:00:00+00:00,2024-11-26 09:25:00+00:00,stop,amd_fvg_m5,momentum,fib_extension,d3,ob,D,False,,2.4,against,behind,ifvg,2.4,against,0,3b,breakout,london_judas,london,,,False,3,2,W,1,False,W,W|60T,False,1,60T,D,,False,False,True,False,,True,single,14.3,15.0,2.0,2.0,low,2.0,True,2024-11-26 04:15:00+00:00,2024-11-26 07:45:00+00:00,2024-11-26 08:00:00+00:00,2024-11-26 08:00:00+00:00,False,premium,eql,m15_range,False,False,,golden,,,,,,,,,0,,0,,False,0,3,True,False,0,True,False,False,True,,,equal_hl,1.05378,0,9.7,,22.0,219.4,428.6,705.7
GBPUSD,1,1,1.25811,1.2612599999999998,5000,1.25911,1.26131,291.3749999999782,2024-11-26 12:00:00+00:00,2024-11-26 12:35:00+00:00,target,amd_fvg_h1,judas,pdh_pdl,near,ifvg,D,True,240T,13.0,against,ahead,ifvg,13.0,against,1,2b_ip,breakout,ny_judas,ny,,,False,3,2,,1,False,,W|60T,False,1,60T,D,,False,False,True,False,,False,,9.2,8.0,2.0,3.0,low,9.0,True,2024-11-26 04:45:00+00:00,2024-11-26 06:30:00+00:00,2024-11-26 08:00:00+00:00,2024-11-26 08:10:00+00:00,False,premium,eql,m15_range,False,False,,against,,,,,,,,,0,,0,,False,0,3,True,False,0,True,False,False,True,,,equal_hl,1.26146,0,35.0,,33.0,345.5,467.4,854.0
EURUSD,1,1,1.05006,1.0536680599999997,14062,1.0510599999999999,1.0537080599999997,938.6259848199196,2024-11-27 08:00:00+00:00,2024-11-27 08:20:00+00:00,target,amd_fvg_m5,momentum,fib_extension,near,ob,D,False,,0.0,against,inside,ifvg,0.0,against,0,3b,breakout,london_judas,london,,,False,4,2,W|240T|60T|15T,1,False,W,W|60T,False,1,60T,D,,False,False,True,False,,True,dual,22.6,9.0,3.0,2.0,low,6.5,True,2024-11-26 16:00:00+00:00,2024-11-26 18:00:00+00:00,2024-11-26 18:30:00+00:00,2024-11-26 18:35:00+00:00,False,premium,eql,m15_range,False,False,,golden,,,,,,,,,0,,0,,False,0,3,True,False,0,True,False,False,True,,,equal_hl,1.05378,0,39.6,,45.0,228.0,437.2,714.3
EURUSD,1,1,1.0547799999999998,1.0557399999999997,11250,1.0557799999999997,1.05829016,199.79999999996875,2024-11-27 13:30:00+00:00,2024-11-27 13:55:00+00:00,stop,amd_fvg_m5,momentum,fib_extension,near,ifvg,240T,True,240T,41.0,against,behind,ob,0.0,against,0,3b,breakout,ny_judas,ny,,,False,3,2,W|240T|60T|15T,1,False,W,W|60T,False,0,,D,,False,False,True,False,,True,single,22.6,9.0,3.0,2.0,low,6.5,True,2024-11-26 16:00:00+00:00,2024-11-26 18:00:00+00:00,2024-11-26 18:30:00+00:00,2024-11-26 18:35:00+00:00,False,premium,eql,m15_range,False,False,,golden,,,,,,,,,0,,0,,False,0,4,True,False,0,True,False,True,True,continuation,breaker,equal_hl,1.0585049999999998,0,25.9,,,180.8,390.0,667.1
EURUSD,1,-1,1.05831,1.05902,22500,1.05898,0.95357,-295.53749999999513,2024-12-06 12:10:00+00:00,2024-12-06 13:30:00+00:00,stop,amd_ob_m5,golden,opposing_liq,,,,False,,80.0,with,behind,ob,0.0,with,2,golden,mm_golden,ny_golden,ny,,,False,2,0,,0,False,,,False,0,,,,False,False,False,False,,False,,31.6,64.0,9.0,3.0,high,,True,,,,,,,,m15_range,False,False,,golden,cascade,,untested,,1b,60T,ifvg,60T,0,,0,,True,1,2,False,False,0,True,False,False,True,,,equal_hl,1.05391,0,4.0,0.0,0.0,0.0,0.0,0.0
EURUSD,1,-1,1.05445,1.0534900000000003,18750,1.0534500000000002,1.05106108,332.99999999994793,2024-12-10 08:00:00+00:00,2024-12-10 10:00:00+00:00,stop,amd_fvg_m15,momentum,fib_extension,d3,ob,240T,False,,118.6,with,behind,fvg,118.6,with,3,1b,breakout,london_judas,london,,,False,3,2,60T,-1,False,60T,D|60T,False,1,D,240T,,False,False,True,False,,True,single,6.8,8.0,5.0,2.0,high,8.1,True,2024-12-10 03:45:00+00:00,2024-12-10 05:30:00+00:00,2024-12-10 06:30:00+00:00,2024-12-10 06:30:00+00:00,False,discount,eqh,m15_range,False,False,,against,,,,,,,,,0,,0,,False,0,3,True,False,0,True,False,False,True,,,equal_hl,1.0537325,0,21.5,0.2,13.4,120.4,212.9,212.9
EURUSD,1,-1,1.05277,1.0518100000000001,42187,1.05177,0.95357,749.2411199998828,2024-12-10 12:00:00+00:00,2024-12-10 18:15:00+00:00,stop,amd_fvg_h1,golden,opposing_liq,,,,False,,135.4,with,behind,fvg,135.4,with,3,golden,mm_golden,ny_golden,ny,,,False,4,0,,0,False,,,False,0,,,,False,False,False,False,,False,,6.8,8.0,5.0,2.0,high,,True,,,,,,,,m15_range,False,False,,golden,own_ob,,respected,15T,1b,15T,ob,5T,0,,0,,True,3,3,True,False,0,True,False,False,True,,,equal_hl,1.05276,0,29.3,0.0,0.0,0.0,0.0,0.0
EURUSD,1,-1,1.05099,1.0500300000000002,28125,1.0499900000000002,0.95357,499.49999999992184,2024-12-11 14:20:00+00:00,2024-12-11 16:35:00+00:00,stop,amd_fvg_m5,golden,opposing_liq,,,,False,,153.2,with,behind,fvg,153.2,with,2,golden,mm_golden,ny_golden,ny,,,False,4,0,,0,False,,,False,0,,,,False,False,False,False,,False,,32.0,25.0,2.0,2.0,high,,True,,,,,,,,m15_range,False,False,,golden,own_ob,,respected,15T,1b,15T,ob,60T,0,,0,,True,2,3,True,False,0,True,False,False,True,,,equal_hl,1.0504433333333334,0,29.7,0.0,0.0,0.0,0.0,0.0
GBPUSD,1,-1,1.27321,1.27326,22500,1.27321,1.2697193199999999,-20.812500000043922,2024-12-12 12:05:00+00:00,2024-12-12 13:15:00+00:00,stop,amd_fvg_m5,momentum,fib_extension,d3,,,False,,37.0,with,behind,ifvg,37.0,with,2,1a_h4,judas,ny_judas,ny,,,False,3,2,D,-1,False,D,D,False,1,D,D,,False,False,True,False,,True,single,29.6,46.0,3.0,3.0,high,16.4,True,2024-12-11 19:30:00+00:00,2024-12-12 06:45:00+00:00,2024-12-12 07:15:00+00:00,2024-12-12 07:15:00+00:00,False,discount,eqh,m15_range,False,False,,golden,,,,,,,,,0,,0,,False,0,3,False,False,0,True,False,True,True,continuation,d1_fvg,equal_hl,1.272595,0,13.1,,20.3,226.6,246.2,246.2
EURUSD,1,1,1.05023,1.05019,14062,1.05023,1.05373064,-10.405880000010407,2024-12-13 12:35:00+00:00,2024-12-13 12:40:00+00:00,stop,amd_fvg_m5,momentum,fib_extension,near,ifvg,240T,True,240T,160.8,against,ahead,fvg,160.8,against,0,2a,breakout,ny_judas,ny,,,False,4,2,W|240T,1,False,W,W,False,-1,60T,D,,False,False,True,False,,True,dual,24.6,46.0,2.0,2.0,low,3.1,True,2024-12-12 19:30:00+00:00,2024-12-13 06:45:00+00:00,2024-12-13 07:00:00+00:00,2024-12-13 07:10:00+00:00,False,premium,eql,m15_range,False,False,confirmed,golden,,,,,,,,,0,,0,,False,0,4,False,False,1,True,False,True,True,continuation,pdhl,equal_hl,1.052745,0,17.0,,66.6,95.7,296.0,538.1
EURUSD,1,-1,1.04926,1.05,42187,1.04996,0.95357,-577.5400299999711,2024-12-16 12:05:00+00:00,2024-12-16 12:35:00+00:00,stop,amd_fvg_m15,golden,opposing_liq,,,,False,,170.5,with,behind,fvg,170.5,with,3,golden,mm_golden,ny_golden,ny,,,False,5,0,,0,False,,,False,0,,,,False,False,False,False,,False,,19.2,35.0,2.0,3.0,high,,True,,,,,,,,m15_range,False,False,,golden,own_ob,,respected,15T,1b,15T,ob,60T,0,,0,,True,3,3,True,False,0,True,False,False,True,,,equal_hl,1.0479800000000001,0,0.1,0.0,0.0,0.0,0.0,0.0
EURUSD,1,-1,1.0496100000000002,1.0496500000000002,42187,1.0496100000000002,1.04607,-31.21838000003122,2024-12-17 08:10:00+00:00,2024-12-17 12:50:00+00:00,stop,amd_ob_m5,momentum,pwh_pwl,near,ifvg,240T,True,240T,167.0,with,behind,fvg,167.0,with,3,1b,judas,london_judas,london,,240T,False,5,0,,0,False,,,False,1,60T,D,,False,False,True,False,,True,single,27.5,18.0,2.0,2.0,high,11.7,True,2024-12-16 15:30:00+00:00,2024-12-16 19:45:00+00:00,2024-12-17 00:45:00+00:00,2024-12-17 00:50:00+00:00,True,discount,pdh,m15_range,False,False,confirmed,against,,,,,,,,,0,,0,,False,0,3,True,False,0,True,False,False,True,,,equal_hl,1.0481850000000001,0,17.1,,43.9,36.3,164.5,164.5
GBPUSD,1,1,1.26366,1.2646099999999998,11250,1.26466,1.26676,197.71874999995512,2024-12-19 08:45:00+00:00,2024-12-19 10:30:00+00:00,stop,amd_fvg_m5,momentum,swing,near,fvg,240T,True,240T,42.4,against,ahead,ob,23.5,with,0,2b,breakout,london_judas,london,,,False,3,2,,1,False,,W|D,False,0,,,,False,False,False,False,,True,single,21.7,10.0,2.0,2.0,low,0.6,True,2024-12-18 21:15:00+00:00,2024-12-18 23:30:00+00:00,2024-12-18 23:45:00+00:00,2024-12-18 23:50:00+00:00,True,premium,pdl,m15_range,False,False,,against,,,,,,,,,0,,0,,False,0,3,False,False,1,True,False,False,True,,,equal_hl,1.26632,0,30.0,,92.8,175.4,175.4,466.8
NZDUSD,1,1,0.5648650000000001,0.56479,9000,0.5648650000000001,0.57495,-12.487500000007866,2024-12-19 09:00:00+00:00,2024-12-19 16:00:00+00:00,stop,mss_fvg_m15,momentum,pdh_pdl,near,fvg,D,True,240T,298.2,against,ahead,ob,109.8,against,0,N-long,breakout,london_judas,london,,,False,3,2,,1,False,,W|D,False,0,,D,,False,False,True,False,,True,single,11.1,18.0,5.0,2.0,high,0.7,False,2024-12-18 10:15:00+00:00,2024-12-18 14:30:00+00:00,2024-12-18 14:45:00+00:00,2024-12-18 14:50:00+00:00,False,discount,eqh,m15_range,False,False,,,,,,,,,,,0,,0,,False,0,2,False,False,1,False,False,False,True,,,equal_hl,0.57761,0,13.1,,145.1,263.5,281.0,472.0
GBPUSD,1,1,1.25474,1.2546899999999999,11250,1.25474,1.25793584,-10.406250000021961,2024-12-20 13:30:00+00:00,2024-12-20 15:40:00+00:00,stop,amd_fvg_m5,momentum,fib_extension,near,fvg,240T,False,,131.6,against,ahead,ifvg,131.6,against,0,2b_ip,breakout,ny_judas,ny,,,False,3,2,15T,1,False,15T,W|D,False,-1,60T,D,,False,False,True,False,,True,single,11.2,8.0,3.0,2.0,low,19.9,True,2024-12-19 21:00:00+00:00,2024-12-19 22:45:00+00:00,2024-12-20 03:45:00+00:00,2024-12-20 03:45:00+00:00,True,discount,pdl,m15_range,False,False,confirmed,against,,,,,,,,,0,,0,,False,0,3,False,False,1,True,False,False,True,,,equal_hl,1.25955,0,12.9,,182.0,264.6,264.6,556.0
EURUSD,1,-1,1.0419100000000001,1.04241,33750,1.04237,1.0385466666666667,-312.1874999999656,2024-12-30 08:45:00+00:00,2024-12-30 09:40:00+00:00,stop,amd_ob_m5,momentum,equal_hl,d3,ifvg,240T,True,240T,3.1,with,behind,ifvg,3.1,with,3,3a,judas,london_judas,london,,240T,False,6,2,15T,0,True,15T,240T,True,1,60T,D,,False,False,True,False,,False,,15.4,22.0,5.0,2.0,high,3.7,True,2024-12-27 17:30:00+00:00,2024-12-29 22:45:00+00:00,2024-12-29 23:00:00+00:00,2024-12-29 23:05:00+00:00,,,,m15_range,False,False,,against,,,,,,,,,0,,0,,False,0,4,True,True,0,True,False,False,True,,,equal_hl,1.0396833333333333,0,9.8,,29.5,77.1,77.1,87.5
EURUSD,1,-1,1.04389,1.04043,27000,1.04039,1.03905,1728.2700000000093,2024-12-30 13:10:00+00:00,2024-12-30 13:55:00+00:00,stop,mss_fvg_m5,momentum,pdh_pdl,near,ifvg,240T,False,,0.0,with,inside,ifvg,0.0,with,3,1b,judas,ny_judas,ny,,,True,3,2,15T,0,True,,240T,True,1,60T,D,,False,False,True,False,,True,single,12.1,36.0,2.0,3.0,low,11.5,False,2024-12-29 23:15:00+00:00,2024-12-30 08:00:00+00:00,2024-12-30 08:45:00+00:00,2024-12-30 08:55:00+00:00,,,,m15_range,False,False,,against,,,,,,,,,0,,0,,False,0,3,True,True,0,False,False,False,True,,,equal_hl,1.0387,0,53.8,19.0,49.3,96.9,96.9,107.3
EURUSD,1,-1,1.04084,1.03721,18000,1.03984,1.03717,1208.7900000000075,2024-12-31 12:15:00+00:00,2024-12-31 15:00:00+00:00,target,amd_ob_m15,momentum,pdh_pdl,near,,,False,,13.8,with,behind,ifvg,13.8,with,2,1b_h4,judas,ny_judas,ny,,,False,2,1,,0,False,,240T|60T,False,-1,D,D,,False,False,True,False,,True,single,19.7,58.0,2.0,3.0,high,9.5,True,2024-12-30 18:15:00+00:00,2024-12-31 08:30:00+00:00,2024-12-31 09:45:00+00:00,2024-12-31 09:50:00+00:00,False,discount,eqh,m15_range,False,False,,against,,,,,,,,,0,,0,,False,0,4,True,True,0,True,False,False,True,,,equal_hl,1.0387,0,38.4,12.4,37.6,66.4,66.4,76.8
GBPUSD,1,-1,1.24089,1.24134,33750,1.24129,1.03261,-280.96875000003837,2025-01-02 13:30:00+00:00,2025-01-02 13:35:00+00:00,stop,amd_fvg_m15,golden,opposing_liq,,,,False,,270.1,with,behind,ifvg,270.1,with,3,golden,mm_golden,ny_golden,ny,,,False,2,0,,0,False,,,False,0,,,,False,False,False,False,,False,,31.2,49.0,3.0,5.0,high,,True,,,,,,,,m15_range,False,False,,golden,cascade,240T,untested,,1a,5T,fvg,60T,0,,0,,True,2,2,False,False,0,True,False,True,False,continuation,breaker,,0.0,0,6.9,0.0,0.0,0.0,0.0,0.0
EURUSD,1,1,1.04202,1.04198,14062,1.04202,1.04557056,-10.405880000010407,2025-01-07 08:45:00+00:00,2025-01-07 10:00:00+00:00,stop,amd_fvg_m5,momentum,fib_extension,d3,ifvg,W,True,240T,2.0,against,ahead,ifvg,2.0,against,1,3b,breakout,london_judas,london,,,False,4,2,60T,1,False,60T,W|60T,False,0,,,,False,False,False,False,,True,single,15.1,33.0,5.0,4.0,low,0.9,True,2025-01-06 17:15:00+00:00,2025-01-07 01:15:00+00:00,2025-01-07 01:30:00+00:00,2025-01-07 01:40:00+00:00,False,premium,eql,m15_range,False,False,,golden,,,,,,,,,0,,0,,False,0,4,True,False,0,True,False,True,True,continuation,d1_fvg,equal_hl,1.0425533333333334,0,14.0,,17.4,25.9,210.5,517.6
NZDUSD,1,1,0.567825,0.56775,18000,0.567825,0.5711146,-24.975000000015733,2025-01-07 08:00:00+00:00,2025-01-07 11:20:00+00:00,stop,amd_fvg_m15,momentum,fib_extension,d3,ifvg,W,True,240T,0.0,against,inside,ifvg,0.0,against,2,N-long,judas,london_judas,london,,,False,2,2,60T,1,False,60T,W|60T,False,0,,,,False,False,True,False,,True,single,11.8,8.0,2.0,3.0,low,2.6,True,2025-01-06 16:45:00+00:00,2025-01-06 18:30:00+00:00,2025-01-06 19:00:00+00:00,2025-01-06 19:00:00+00:00,False,premium,eql,m15_range,False,False,,,,,,,,,,,0,,0,,False,0,4,True,False,0,True,False,True,True,continuation,breaker,equal_hl,0.568825,0,14.0,,7.2,,227.5,360.2
GBPUSD,1,-1,1.2539500000000001,1.2505000000000002,18750,1.25045,1.03261,1196.7187499999836,2025-01-07 14:00:00+00:00,2025-01-07 15:00:00+00:00,stop,amd_fvg_h1,golden,opposing_liq,,,,False,,139.5,with,behind,ifvg,139.5,with,3,golden,mm_golden,ny_golden,ny,,,False,3,0,,0,False,,,False,0,,,,False,False,False,False,,False,,21.6,8.0,3.0,2.0,high,,True,,,,,,,,m15_range,False,False,,golden,cascade,240T,failed,,1a,5T,ifvg,60T,0,,0,,True,2,4,True,False,0,True,False,True,True,continuation,w_fvg,equal_hl,1.250905,0,43.8,0.0,0.0,0.0,0.0,0.0
GBPUSD,2,-1,1.23388,1.2339300000000002,9000,1.23388,1.03261,-8.325000000017567,2025-01-08 14:20:00+00:00,2025-01-08 14:50:00+00:00,stop,pyramid_wamd1.0_fvg_h1,no_open,opposing_liq,,,,False,,77.1,against,behind,fvg,77.1,against,3,golden,mm_golden,ny_golden,ny,,,False,3,0,,0,False,,,False,0,,,,False,False,False,False,,False,,15.5,27.0,2.0,3.0,high,,True,,,,,,,,m15_range,False,False,,golden,cascade,240T,untested,,1a,15T,ifvg,60T,0,,0,,True,2,3,True,False,0,True,False,True,False,continuation,pdhl,,0.0,0,13.4,0.0,0.0,0.0,0.0,0.0
GBPUSD,1,-1,1.23564,1.2346900000000003,33750,1.2346400000000002,1.03261,593.1562499998654,2025-01-08 14:00:00+00:00,2025-01-08 15:05:00+00:00,stop,amd_fvg_h1,golden,opposing_liq,,,,False,,77.1,against,behind,fvg,77.1,against,3,golden,mm_golden,ny_golden,ny,,,False,3,0,,0,False,,,False,0,,,,False,False,False,False,,False,,15.5,27.0,2.0,3.0,high,,True,,,,,,,,m15_range,False,False,,golden,cascade,240T,untested,,1a,15T,ifvg,60T,0,,0,,True,2,3,True,False,0,True,False,True,False,continuation,pdhl,,0.0,0,32.5,0.0,0.0,0.0,0.0,0.0
GBPUSD,1,-1,1.21985,1.2209,28125,1.22085,1.21604096,-546.3281249999976,2025-01-10 13:30:00+00:00,2025-01-10 13:35:00+00:00,stop,amd_ob_m5,momentum,fib_extension,near,,,False,,166.4,with,behind,fvg,166.4,with,2,1a_ip,breakout,ny_judas,ny,,,False,2,2,240T,0,True,240T,60T,True,0,,240T,,False,False,True,False,,True,dual,24.6,20.0,2.0,4.0,high,13.5,True,2025-01-10 07:15:00+00:00,2025-01-10 12:00:00+00:00,2025-01-10 13:00:00+00:00,2025-01-10 13:00:00+00:00,False,discount,eqh,m15_range,False,False,,golden,,,,,,,,,0,,0,,False,0,3,True,False,0,True,False,True,False,continuation,d1_fvg,,0.0,0,1.7,,,,,
GBPUSD,1,-1,1.21458,1.2155900000000002,22500,1.21554,1.03261,-420.41250000007386,2025-01-13 08:00:00+00:00,2025-01-13 08:10:00+00:00,stop,amd_ob_m5,golden,opposing_liq,,,,False,,64.2,with,behind,fvg,64.2,with,2,golden,mm_golden,london_golden,london,,,False,1,0,,0,False,,,False,0,,,,False,False,False,False,,False,,24.6,20.0,2.0,4.0,high,,True,,,,,,,,m15_range,False,False,,golden,cascade,240T,failed,,1a,5T,ifvg,15T,0,,0,,True,1,3,True,False,0,True,False,True,False,continuation,d1_fvg,,0.0,0,0.9,0.0,0.0,0.0,0.0,0.0
GBPUSD,1,-1,1.21329,1.21334,22500,1.21329,1.20955,-20.812500000043922,2025-01-13 09:15:00+00:00,2025-01-13 09:20:00+00:00,stop,amd_fvg_m15,momentum,itl_liquidity,near,,,False,,77.1,with,behind,fvg,77.1,with,2,1a_ip,breakout,london_judas,london,,,False,3,1,240T|15T,0,False,240T,,False,0,,,,False,False,True,False,,True,single,24.6,20.0,2.0,4.0,high,13.5,True,2025-01-10 07:15:00+00:00,2025-01-10 12:00:00+00:00,2025-01-10 13:00:00+00:00,2025-01-10 13:00:00+00:00,,,,m15_range,False,False,,golden,,,,,,,,,0,,0,,False,0,3,True,False,0,True,False,True,False,continuation,d1_fvg,,0.0,0,17.6,8.3,,,,
GBPUSD,1,-1,1.21762,1.2166700000000001,28125,1.21662,1.2143248800000002,494.2968749998878,2025-01-14 12:00:00+00:00,2025-01-14 13:15:00+00:00,stop,amd_fvg_h1,judas,fib_extension,near,ob,240T,True,240T,33.8,with,behind,fvg,33.8,with,2,1a_h4,breakout,ny_judas,ny,,,False,3,2,240T|60T|15T,0,True,240T,60T,True,0,,240T,,False,False,True,False,,True,single,25.0,8.0,2.0,2.0,high,17.1,True,2025-01-14 06:15:00+00:00,2025-01-14 08:00:00+00:00,2025-01-14 08:15:00+00:00,2025-01-14 08:20:00+00:00,False,discount,none,m15_range,False,False,,golden,,,,,,,,,0,,0,,False,0,2,True,False,0,True,False,False,False,,,,0.0,0,22.7,,78.0,,78.0,78.0
EURUSD,1,-1,1.02862,1.0276600000000002,11250,1.0276200000000002,1.02547412,199.79999999996875,2025-01-16 12:00:00+00:00,2025-01-16 13:30:00+00:00,stop,amd_ob_m5,momentum,fib_extension,near,ob,240T,True,240T,35.2,with,behind,ob,9.3,with,1,3a,breakout,ny_judas,ny,,240T,False,5,3,D,-1,True,D,,True,1,60T,D,,False,False,True,False,,True,dual,18.9,58.0,5.0,2.0,high,1.6,True,2025-01-15 17:00:00+00:00,2025-01-16 07:15:00+00:00,2025-01-16 07:30:00+00:00,2025-01-16 07:35:00+00:00,False,discount,eqh,m15_range,False,False,confirmed,against,,,,,,,,,0,,0,,False,0,2,False,False,0,True,False,False,True,,,equal_hl,1.0264275,0,25.8,6.2,109.9,63.4,109.9,109.9
GBPUSD,1,-1,1.21789,1.21894,28125,1.2188899999999998,1.03261,-546.3281249999976,2025-01-17 08:05:00+00:00,2025-01-17 08:10:00+00:00,stop,amd_fvg_m5,golden,opposing_liq,,,,False,,186.0,with,behind,fvg,186.0,with,2,golden,mm_golden,london_golden,london,,,False,4,0,,0,False,,,False,0,,,,False,False,False,False,,False,,20.5,11.0,2.0,2.0,high,,True,,,,,,,,m15_range,False,False,,golden,cascade,,failed,,1a,15T,fvg,60T,0,,0,,True,1,3,True,False,0,True,False,False,True,,,equal_hl,1.215875,0,-0.0,0.0,0.0,0.0,0.0,0.0
GBPUSD,1,1,1.22905,1.228,14062,1.22805,1.2320954400000002,-273.1543499999988,2025-01-20 13:30:00+00:00,2025-01-20 13:35:00+00:00,stop,amd_ob_m5,momentum,fib_extension,near,fvg,W,False,,74.4,against,ahead,fvg,74.4,against,1,2b_ip,breakout,ny_judas,ny,,,False,4,3,,1,True,,W,False,-1,60T,240T,,False,False,True,False,,True,dual,19.9,11.0,3.0,3.0,low,3.9,True,2025-01-20 10:45:00+00:00,2025-01-20 13:15:00+00:00,2025-01-20 13:30:00+00:00,2025-01-20 13:30:00+00:00,,,,m15_range,False,False,,against,,,,,,,,,0,,0,,False,0,3,True,False,0,True,False,False,True,,,equal_hl,1.2433649999999998,0,3.2,,,286.1,438.9,636.1
EURUSD,1,1,1.04226,1.0432199999999998,11250,1.0432599999999999,1.04583,199.79999999996875,2025-01-22 09:00:00+00:00,2025-01-22 12:25:00+00:00,stop,amd_fvg_m5,momentum,swing,d3,ifvg,W,True,D,0.0,against,inside,ifvg,0.0,against,1,3b,judas,london_judas,london,,,False,3,2,60T,1,False,60T,W|60T,False,0,,,,False,False,False,False,,True,single,21.9,29.0,3.0,3.0,low,2.8,True,2025-01-21 23:30:00+00:00,2025-01-22 06:30:00+00:00,2025-01-22 06:45:00+00:00,2025-01-22 06:50:00+00:00,False,premium,eql,m15_range,False,False,,golden,,,,,,,,,0,,0,,False,0,3,False,False,0,True,False,True,True,continuation,d1_fvg,equal_hl,1.0447799999999998,0,34.7,11.7,13.6,15.0,91.0,232.3
EURUSD,1,1,1.0481699999999998,1.04764,28125,1.04768,1.0513812,-275.76562499995805,2025-01-27 09:00:00+00:00,2025-01-27 09:30:00+00:00,stop,amd_fvg_m5,momentum,fib_extension,near,ob,W,False,,16.6,with,behind,fvg,16.6,with,2,3b,judas,london_judas,london,,,False,5,3,240T|60T,1,True,240T,W|240T|60T,True,0,,,,False,False,True,False,,True,dual,29.3,36.0,2.0,2.0,low,1.9,True,2025-01-26 22:00:00+00:00,2025-01-27 06:45:00+00:00,2025-01-27 07:00:00+00:00,2025-01-27 07:05:00+00:00,,,,m15_range,False,False,,golden,,,,,,,,,0,,0,,False,0,4,True,False,0,True,False,True,True,continuation,breaker,equal_hl,1.04997,0,11.9,4.3,40.5,,40.5,149.0
GBPUSD,1,1,1.24508,1.2450299999999999,22500,1.24508,1.37487,-20.812500000043922,2025-02-07 08:00:00+00:00,2025-02-07 10:45:00+00:00,stop,amd_fvg_m15,golden,opposing_liq,,,,False,,72.3,with,behind,ifvg,72.3,with,2,golden,mm_golden,london_golden,london,,,False,2,0,,0,False,,,False,0,,,,False,False,False,False,,False,,33.3,54.0,2.0,5.0,low,,True,,,,,,,,m15_range,False,False,,golden,own_ob,,respected,15T,2b,15T,ob,60T,0,,0,,True,2,3,False,False,1,True,False,False,True,,,equal_hl,1.24631,0,17.5,0.0,0.0,0.0,0.0,0.0
GBPUSD,1,-1,1.23873,1.23978,15625,1.23973,1.03261,-303.5156249999987,2025-02-10 12:30:00+00:00,2025-02-10 13:15:00+00:00,stop,amd_fvg_m5,golden,opposing_liq,,,,False,,8.8,against,ahead,ifvg,8.8,against,2,golden,mm_golden,ny_golden,ny,,,False,6,0,,0,False,,,False,0,,,,False,False,False,False,,False,,27.0,25.0,3.0,2.0,high,,True,,,,,,,,m15_range,False,False,,golden,cascade,240T,failed,,1a,15T,fvg,15T,0,,0,,True,1,4,True,False,0,True,False,True,True,continuation,breaker,equal_hl,1.2379966666666666,0,2.8,0.0,0.0,0.0,0.0,0.0
GBPUSD,1,1,1.24032,1.24027,6250,1.24032,1.2447,-5.7812500000122,2025-02-11 14:00:00+00:00,2025-02-11 15:15:00+00:00,stop,amd_fvg_m5,momentum,equal_hl,near,ifvg,240T,True,240T,24.7,with,behind,ifvg,24.7,with,1,2b_ip,judas,ny_judas,ny,,,False,4,2,15T,1,False,15T,W,False,-1,60T,D,,False,False,True,False,,True,dual,27.9,52.0,3.0,2.0,low,12.0,True,2025-02-10 18:45:00+00:00,2025-02-11 07:30:00+00:00,2025-02-11 08:00:00+00:00,2025-02-11 08:05:00+00:00,False,premium,eql,m15_range,False,False,confirmed,against,,,,,,,,,0,,0,,False,0,3,True,False,0,True,False,False,True,,,equal_hl,1.2433649999999998,0,10.2,,91.0,120.7,173.4,408.8
EURUSD,1,1,1.03745,1.03701,35915,1.03705,1.14948,-292.3480999999973,2025-02-12 08:15:00+00:00,2025-02-12 08:30:00+00:00,stop,amd_fvg_m5,golden,opposing_liq,,,,False,,81.9,against,ahead,ifvg,81.9,against,3,golden,mm_golden,london_golden,london,,,False,5,0,,0,False,,,False,0,,,,False,False,False,False,,False,,12.6,15.0,2.0,3.0,low,,True,,,,,,,,m15_range,False,False,,golden,cascade,240T,failed,,2a,15T,fvg,60T,0,,0,,True,2,4,True,False,0,True,False,True,True,continuation,pdhl,equal_hl,1.037845,0,1.0,0.0,0.0,0.0,0.0,0.0
GBPUSD,1,-1,1.24449,1.2410400000000001,12500,1.24099,1.24053,797.8124999999892,2025-02-12 13:00:00+00:00,2025-02-12 13:30:00+00:00,stop,mss_ob_m5,momentum,fib_extension,near,ifvg,240T,True,240T,66.4,against,ahead,ifvg,66.4,against,2,1a_ip,judas,ny_judas,ny,,,False,3,2,,-1,False,,D|240T,False,1,60T,D,,False,False,True,False,,True,dual,27.6,43.0,2.0,2.0,low,2.8,False,2025-02-11 22:15:00+00:00,2025-02-12 08:45:00+00:00,2025-02-12 09:00:00+00:00,2025-02-12 09:10:00+00:00,False,discount,eql,m15_range,False,False,confirmed,golden,,,,,,,,,0,,0,,False,0,2,False,False,0,False,False,True,True,continuation,breaker,equal_hl,1.2379966666666666,0,71.5,16.8,113.8,163.4,346.7,346.7
EURUSD,1,-1,1.0394700000000001,1.04051,11250,1.04047,1.03553404,-216.4499999999854,2025-02-13 12:00:00+00:00,2025-02-13 13:35:00+00:00,stop,amd_fvg_m5,momentum,fib_extension,near,ifvg,240T,False,,61.7,with,behind,ifvg,61.7,with,0,3a,breakout,ny_judas,ny,,,False,4,2,,0,True,,240T,True,1,60T,,,False,False,True,False,,True,single,33.0,10.0,2.0,2.0,high,4.5,True,2025-02-13 02:30:00+00:00,2025-02-13 04:45:00+00:00,2025-02-13 06:15:00+00:00,2025-02-13 06:15:00+00:00,False,premium,eqh,m15_range,False,False,,against,,,,,,,,,0,,0,,False,0,2,False,False,0,True,False,False,True,,,equal_hl,1.0389374999999998,0,19.1,14.5,103.7,163.2,218.4,218.4
EURUSD,1,1,1.0471599999999999,1.0471199999999998,18750,1.0471599999999999,1.0501771199999996,-13.875000000013877,2025-02-14 08:10:00+00:00,2025-02-14 10:35:00+00:00,stop,amd_fvg_m5,momentum,fib_extension,near,ob,W,False,,6.5,against,behind,ifvg,6.5,against,3,3b,judas,london_judas,london,,,False,3,3,D,1,True,D,W|60T,False,0,,,,False,False,True,False,,True,dual,16.9,27.0,5.0,2.0,low,3.5,True,2025-02-13 22:45:00+00:00,2025-02-14 05:15:00+00:00,2025-02-14 05:30:00+00:00,2025-02-14 05:35:00+00:00,False,premium,none,m15_range,False,False,,golden,,,,,,,,,0,,0,,False,0,3,True,False,0,True,False,False,True,,,equal_hl,1.0512466666666667,0,15.9,,,62.3,62.3,159.1
EURUSD,1,1,1.04758,1.0512129000000001,18750,1.0485799999999998,1.0512529000000002,1260.1621875000558,2025-02-14 13:00:00+00:00,2025-02-14 14:45:00+00:00,target,mss_ob_m5,momentum,fib_extension,near,ob,W,False,,10.7,against,behind,ifvg,10.7,against,3,3b,judas,ny_judas,ny,,,True,2,2,D|60T,1,False,D,W|60T,False,0,,,,False,False,True,False,,True,dual,31.8,13.0,3.0,2.0,high,1.2,False,2025-02-14 06:15:00+00:00,2025-02-14 09:15:00+00:00,2025-02-14 09:30:00+00:00,2025-02-14 09:30:00+00:00,False,premium,eqh,m15_range,False,False,,golden,,,,,,,,,0,,0,,False,0,2,True,False,0,False,False,False,True,,,equal_hl,1.0512466666666667,0,38.2,,,58.1,58.1,154.9
GBPUSD,1,1,1.26099,1.26094,5000,1.26099,1.26416,-4.62500000000976,2025-02-14 14:00:00+00:00,2025-02-14 15:15:00+00:00,stop,amd_fvg_m15,momentum,swing,near,,,False,,69.1,against,ahead,ifvg,69.1,against,0,2b_ip,breakout,ny_judas,ny,,,False,1,2,60T|15T,1,False,60T,W|60T,False,0,,,,False,False,False,False,,True,single,20.4,29.0,2.0,2.0,low,2.1,True,2025-02-13 22:15:00+00:00,2025-02-14 05:15:00+00:00,2025-02-14 05:30:00+00:00,2025-02-14 05:35:00+00:00,False,premium,eql,m15_range,False,False,,against,,,,,,,,,0,,0,,False,0,3,True,False,0,True,False,False,True,,,equal_hl,1.2628400000000002,0,20.0,,,,,202.1
EURUSD,1,-1,1.04786,1.0489,11250,1.04886,1.0447,-216.4499999999854,2025-02-17 08:00:00+00:00,2025-02-17 10:50:00+00:00,stop,amd_fvg_h1,momentum,pdh_pdl,near,fvg,D,True,240T,0.0,against,inside,fvg,0.0,against,0,1b,breakout,london_judas,london,,,False,5,2,15T,0,True,15T,,False,0,,,,False,False,True,False,,True,dual,33.0,29.0,2.0,2.0,high,26.5,True,2025-02-14 06:15:00+00:00,2025-02-14 13:15:00+00:00,2025-02-14 14:45:00+00:00,2025-02-14 14:45:00+00:00,,,,m15_range,False,False,,against,,,,,,,,,0,,0,,False,0,3,True,False,0,True,False,False,True,,,equal_hl,1.0471325,0,7.8,,106.8,269.2,302.3,302.3
EURUSD,1,1,1.04735,1.04731,28125,1.04735,1.14948,-20.812500000020815,2025-02-17 14:30:00+00:00,2025-02-17 22:00:00+00:00,stop,amd_None,golden,opposing_liq,,,,False,,0.0,with,inside,fvg,0.0,with,2,golden,mm_golden,ny_golden,ny,,,False,5,0,,0,False,,,False,0,,,,False,False,False,False,,False,,29.8,39.0,3.0,2.0,low,,True,,,,,,,,m15_range,False,False,,golden,cascade,,failed,,2a,5T,ob2,60T,0,,0,,True,1,3,True,False,0,True,False,False,True,,,d1_fvg,1.04766,0,11.4,0.0,0.0,0.0,0.0,0.0
GBPUSD,1,1,1.25947,1.2604199999999999,28125,1.26047,1.37487,494.2968749998878,2025-02-18 13:35:00+00:00,2025-02-18 16:45:00+00:00,stop,amd_ob_m5,golden,opposing_liq,,,,False,,16.9,with,behind,fvg,16.9,with,2,golden,mm_golden,ny_golden,ny,,,False,6,0,,0,False,,,False,0,,,,False,False,False,False,,False,,34.5,54.0,4.0,2.0,low,,True,,,,,,,,m15_range,False,False,,golden,cascade,,failed,,2b,60T,ifvg,60T,0,,0,,True,1,3,True,False,0,True,False,False,True,,,equal_hl,1.261055,0,25.7,0.0,0.0,0.0,0.0,0.0
EURUSD,1,-1,1.0468000000000002,1.04732,14062,1.04728,1.0435,-135.276439999962,2025-02-21 12:00:00+00:00,2025-02-21 13:35:00+00:00,stop,amd_fvg_h1,momentum,swing,near,,,True,240T,,,,ob,131.7,against,0,3a,breakout,ny_judas,ny,,,False,4,1,240T|15T,0,False,240T,,False,0,,,,False,False,False,False,,True,single,19.2,24.0,2.0,2.0,high,1.0,True,2025-02-20 17:30:00+00:00,2025-02-20 23:15:00+00:00,2025-02-20 23:30:00+00:00,2025-02-20 23:30:00+00:00,True,discount,pdh,m15_range,False,False,opposing,against,,,,,,,,,0,,0,,False,0,2,False,False,0,True,False,False,True,,,equal_hl,1.04481,0,8.8,,68.0,258.6,258.6,291.7
EURUSD,1,-1,1.04736,1.0474,9000,1.04736,1.04332234,-6.660000000006661,2025-02-24 09:25:00+00:00,2025-02-24 13:25:00+00:00,stop,mss_fvg_m5,momentum,fib_extension,near,ob,240T,True,240T,,,,ob,137.3,against,1,3a,judas,london_judas,london,,,False,2,2,W|240T|60T|15T,-1,False,W,,False,1,60T,D,,False,False,True,False,,True,single,33.8,22.0,2.0,2.0,low,16.4,False,2025-02-21 05:15:00+00:00,2025-02-21 10:30:00+00:00,2025-02-21 16:15:00+00:00,2025-02-21 16:25:00+00:00,,,,m15_range,False,False,confirmed,against,,,,,,,,,0,,0,,False,0,2,True,False,0,False,False,False,True,,,equal_hl,1.0464533333333335,0,13.7,12.7,56.0,182.6,264.2,297.3
EURUSD,1,1,1.04991,1.0498699999999999,28125,1.04991,1.14948,-20.812500000020815,2025-02-25 14:35:00+00:00,2025-02-25 15:50:00+00:00,stop,amd_fvg_h1,golden,opposing_liq,,,,False,,,,,ob,162.8,with,2,golden,mm_golden,ny_golden,ny,,,False,4,0,,0,False,,,False,0,,,,False,False,False,False,,False,,26.0,68.0,2.0,7.0,low,,True,,,,,,,,m15_range,False,False,,golden,cascade,240T,untested,,2a,5T,ifvg,60T,0,,0,,True,1,4,True,False,0,True,False,True,True,continuation,breaker,equal_hl,1.050505,0,20.0,0.0,0.0,0.0,0.0,0.0
EURUSD,1,-1,1.0483600000000002,1.0494,28125,1.04936,1.04529,-541.1249999999635,2025-02-26 12:45:00+00:00,2025-02-26 13:20:00+00:00,stop,amd_ob_m5,momentum,equal_hl,near,ifvg,240T,True,240T,,,,ob,147.3,against,2,1b,judas,ny_judas,ny,,240T,False,5,2,W|15T,-1,False,W,,False,1,60T,,,False,False,True,False,,True,single,21.7,25.0,2.0,2.0,high,1.3,True,2025-02-25 18:00:00+00:00,2025-02-26 00:00:00+00:00,2025-02-26 00:15:00+00:00,2025-02-26 00:25:00+00:00,True,discount,pdh,m15_range,False,False,confirmed,against,,,,,,,,,0,,0,,False,0,3,True,False,0,True,False,False,True,,,equal_hl,1.0467733333333333,0,8.9,,31.8,192.6,274.2,307.3
EURUSD,1,-1,1.04786,1.04838,28125,1.04834,0.95357,-270.5625000000395,2025-02-27 12:15:00+00:00,2025-02-27 12:35:00+00:00,stop,amd_fvg_m5,golden,opposing_liq,,,,False,,,,,ob,142.3,against,2,golden,mm_golden,ny_golden,ny,,,False,4,0,,0,False,,,False,0,,,,False,False,False,False,,False,,23.8,24.0,2.0,4.0,high,,True,,,,,,,,m15_range,False,False,,golden,cascade,,failed,,1b,15T,ifvg,60T,0,,0,,True,1,3,True,False,0,True,False,False,True,,,equal_hl,1.0467733333333333,0,2.5,0.0,0.0,0.0,0.0,0.0
EURUSD,1,-1,1.0474,1.0464400000000003,22500,1.0464000000000002,1.04356,399.5999999999375,2025-02-27 13:30:00+00:00,2025-02-27 13:45:00+00:00,stop,amd_breaker_m5,momentum,fib_extension,d3,,,False,,,,,ob,137.7,against,2,1b,judas,ny_judas,ny,,,False,2,3,W|15T,-1,True,W,,True,1,60T,240T,,False,False,True,False,,True,single,23.8,24.0,2.0,4.0,high,4.2,True,2025-02-27 05:00:00+00:00,2025-02-27 10:45:00+00:00,2025-02-27 13:30:00+00:00,2025-02-27 13:30:00+00:00,False,discount,eqh,m15_range,False,False,opposing,against,,,,,,,,,0,,0,,False,0,3,True,False,0,True,False,False,True,,,equal_hl,1.04161,0,30.5,16.0,22.2,183.0,264.6,297.7
GBPUSD,1,1,1.26823,1.26778,42187,1.26783,1.37487,-351.20677500004797,2025-03-03 13:45:00+00:00,2025-03-03 13:55:00+00:00,stop,amd_fvg_m5,golden,opposing_liq,,,,False,,0.0,against,inside,ifvg,0.0,against,3,golden,mm_golden,ny_golden,ny,,,False,5,0,,0,False,,,False,0,,,,False,False,False,False,,False,,31.4,31.0,2.0,2.0,low,,True,,,,,,,,m15_range,False,False,,golden,cascade,,failed,,2b,15T,ifvg,60T,0,,0,,True,2,4,True,True,0,True,False,False,True,,,equal_hl,1.268935,0,2.5,0.0,0.0,0.0,0.0,0.0
NZDUSD,1,1,0.561485,0.56241,22500,0.562485,0.5662349999999999,385.0312499999807,2025-03-04 08:15:00+00:00,2025-03-04 13:45:00+00:00,stop,amd_breaker_m5,momentum,equal_hl,d3,ifvg,W,True,240T,0.0,against,inside,fvg,0.0,against,2,N-long,breakout,london_judas,london,,,False,2,2,60T,1,False,60T,D|60T,False,0,,240T,,False,False,True,False,,True,dual,26.6,32.0,2.0,2.0,low,7.2,True,2025-03-03 19:00:00+00:00,2025-03-04 02:45:00+00:00,2025-03-04 05:00:00+00:00,2025-03-04 05:00:00+00:00,False,premium,eql,m15_range,False,False,,,,,,,,,,,0,,0,,False,0,4,True,True,0,True,False,False,True,,,equal_hl,0.5619974999999999,0,28.2,6.9,26.3,158.3,158.3,158.3
EURUSD,1,-1,1.08295,1.0819900000000002,11250,1.0819500000000002,1.07982,199.79999999996875,2025-03-10 07:20:00+00:00,2025-03-10 09:15:00+00:00,stop,mss_ob_m15,momentum,swing,near,ob,240T,True,240T,64.0,against,ahead,fvg,64.0,against,1,3a,judas,london_judas,london,,,False,2,2,W,-1,False,W,,False,-1,60T,240T,,False,False,False,False,,True,single,19.1,11.0,2.0,3.0,low,2.2,False,2025-03-10 02:15:00+00:00,2025-03-10 04:45:00+00:00,2025-03-10 05:00:00+00:00,2025-03-10 05:05:00+00:00,,,,m15_range,False,False,,against,,,,,,,,,0,,0,,False,0,2,True,False,0,False,False,False,True,,,equal_hl,1.047275,0,24.4,3.5,64.9,470.7,620.1,653.2
EURUSD,1,1,1.08884,1.0897999999999999,33750,1.08984,1.14948,599.3999999999063,2025-03-11 08:05:00+00:00,2025-03-11 09:35:00+00:00,stop,amd_fvg_h1,golden,opposing_liq,,,,False,,122.9,with,behind,ob,72.4,against,3,golden,mm_golden,london_golden,london,,,False,3,0,,0,False,,,False,0,,,,False,False,False,False,,False,,29.5,16.0,2.0,3.0,low,,True,,,,,,,,m15_range,False,False,,golden,cascade,240T,failed,,2a,5T,fvg,60T,0,,0,,True,2,3,True,False,0,True,False,True,False,continuation,pdhl,,0.0,0,32.3,0.0,0.0,0.0,0.0,0.0
EURUSD,1,-1,1.0866900000000002,1.08773,9000,1.08769,1.08366104,-173.15999999998832,2025-03-13 07:30:00+00:00,2025-03-13 08:10:00+00:00,stop,amd_fvg_m5,momentum,fib_extension,near,ob,240T,False,,101.4,against,ahead,ob,93.9,with,1,1b,breakout,london_judas,london,,,False,3,2,W,-1,False,W,,False,0,,,,False,False,False,False,,True,single,27.5,8.0,2.0,2.0,high,24.7,True,2025-03-12 12:45:00+00:00,2025-03-12 14:30:00+00:00,2025-03-12 16:15:00+00:00,2025-03-12 16:15:00+00:00,False,discount,none,m15_range,False,False,,against,,,,,,,,,0,,0,,False,0,3,True,False,0,True,False,False,True,,,equal_hl,1.0828166666666665,0,7.3,,62.7,508.1,583.9,690.6
EURUSD,1,-1,1.08617,1.0862100000000001,11250,1.08617,1.08317,-8.325000000008325,2025-03-13 11:45:00+00:00,2025-03-13 12:25:00+00:00,stop,amd_ob_m5,momentum,swing,near,ifvg,240T,False,,96.2,against,ahead,fvg,96.2,against,1,3a,breakout,ny_judas,ny,,,False,4,2,W,-1,False,W,,False,0,,,,False,False,False,False,,True,single,27.5,8.0,2.0,2.0,high,24.7,True,2025-03-12 12:45:00+00:00,2025-03-12 14:30:00+00:00,2025-03-12 16:15:00+00:00,2025-03-12 16:15:00+00:00,False,discount,none,m15_range,False,False,opposing,against,,,,,,,,,0,,0,,False,0,3,True,False,0,True,False,False,True,,,equal_hl,1.0828166666666665,0,17.2,,57.5,502.9,578.7,685.4
EURUSD,1,-1,1.0917400000000002,1.08877,14062,1.0907400000000003,1.08873,772.6365900000362,2025-03-19 07:00:00+00:00,2025-03-19 07:35:00+00:00,target,amd_fvg_h1,momentum,swing,near,ifvg,W,True,D,25.0,against,ahead,ob,20.4,against,1,1b,breakout,london_judas,london,W,,False,6,2,W|15T,-1,False,W,,False,-1,60T,,,False,False,False,False,,True,dual,23.7,8.0,4.0,2.0,high,14.0,True,2025-03-18 10:30:00+00:00,2025-03-18 12:15:00+00:00,2025-03-18 17:15:00+00:00,2025-03-18 17:20:00+00:00,False,discount,eqh,m15_range,False,False,,against,,,,,,,,,0,,0,,False,0,3,True,False,-1,True,False,False,True,,,equal_hl,1.08728,0,37.6,,49.8,530.0,601.5,741.1
GBPUSD,1,1,1.29815,1.2973299999999999,22500,1.29738,1.37487,-341.32500000001784,2025-03-19 12:00:00+00:00,2025-03-19 12:25:00+00:00,stop,amd_fvg_m5,golden,opposing_liq,,,,False,,30.3,with,behind,fvg,30.3,with,2,golden,mm_golden,ny_golden,ny,,,False,1,0,,0,False,,,False,0,,,,False,False,False,False,,False,,33.7,44.0,6.0,2.0,low,,True,,,,,,,,m15_range,False,False,,golden,own_ob,,respected,15T,2b,15T,ob,60T,0,,0,,True,2,3,True,False,-1,True,False,False,True,,,equal_hl,1.299355,0,0.1,0.0,0.0,0.0,0.0,0.0
EURUSD,1,-1,1.0885500000000001,1.0885900000000002,14062,1.0885500000000001,1.08544,-10.405880000010407,2025-03-20 07:15:00+00:00,2025-03-20 08:00:00+00:00,stop,amd_fvg_h1,momentum,swing,d3,ifvg,240T,True,240T,0.0,against,inside,ifvg,0.0,against,1,3a,breakout,london_judas,london,W,,False,3,2,W,-1,False,W,,False,-1,60T,240T,,False,False,False,False,,True,single,16.7,25.0,3.0,5.0,high,0.3,True,2025-03-19 20:15:00+00:00,2025-03-20 02:15:00+00:00,2025-03-20 02:30:00+00:00,2025-03-20 02:30:00+00:00,False,discount,eqh,m15_range,False,False,,against,,,,,,,,,0,,0,,False,0,3,False,False,1,True,False,False,True,,,equal_hl,1.08728,0,20.8,,26.1,498.1,526.7,709.2
NZDUSD,1,-1,0.577575,0.574635,11250,0.576575,0.57456,611.8874999999881,2025-03-20 07:00:00+00:00,2025-03-20 09:30:00+00:00,target,amd_fvg_h1,momentum,pdh_pdl,near,ifvg,W,True,240T,0.0,against,inside,ifvg,0.0,against,1,N-short_h4,judas,london_judas,london,,,False,4,1,60T,0,False,60T,,False,-1,60T,,,False,False,False,False,,True,single,33.4,48.0,2.0,4.0,high,16.5,True,2025-03-19 07:00:00+00:00,2025-03-19 18:45:00+00:00,2025-03-19 22:00:00+00:00,2025-03-19 22:05:00+00:00,False,discount,none,m15_range,False,False,,,,,,,,,,,0,,0,,False,0,4,False,False,1,True,False,True,True,continuation,w_fvg,equal_hl,0.57431,0,31.4,,31.4,184.0,192.3,261.2
EURUSD,1,-1,1.0830300000000002,1.0830700000000002,11250,1.0830300000000002,1.08,-8.325000000008325,2025-03-20 13:15:00+00:00,2025-03-20 14:00:00+00:00,stop,amd_fvg_m5,momentum,round_number,near,fvg,W,True,240T,54.7,against,behind,ob,0.0,against,1,1b,breakout,ny_judas,ny,,240T,False,4,2,W|60T,-1,False,W,60T,False,0,,,,False,False,False,False,,True,single,16.7,25.0,3.0,5.0,high,0.3,True,2025-03-19 20:15:00+00:00,2025-03-20 02:15:00+00:00,2025-03-20 02:30:00+00:00,2025-03-20 02:30:00+00:00,False,discount,eqh,m15_range,False,False,confirmed,against,,,,,,,,,0,,0,,False,0,3,False,False,1,True,False,False,True,,,equal_hl,1.0822366666666667,0,15.8,0.5,,442.9,471.5,654.0
EURUSD,1,1,1.08371,1.08367,17577,1.08371,1.08679,-13.006980000013009,2025-03-21 11:00:00+00:00,2025-03-21 12:40:00+00:00,stop,amd_fvg_m5,judas,swing,near,ifvg,W,True,240T,71.6,with,behind,fvg,71.6,with,1,2a,judas,ny_judas,ny,,,False,4,2,D,1,False,D,D,False,-1,60T,240T,,False,False,False,False,,True,single,31.6,56.0,5.0,2.0,low,7.6,True,2025-03-20 15:15:00+00:00,2025-03-21 05:00:00+00:00,2025-03-21 05:45:00+00:00,2025-03-21 05:45:00+00:00,False,discount,eql,m15_range,False,False,,golden,,,,,,,,,0,,0,,False,0,4,False,False,1,True,False,True,True,continuation,w_fvg,equal_hl,1.085725,0,24.0,22.4,118.3,52.2,118.3,118.3
EURUSD,1,-1,1.0826,1.0793100000000002,28125,1.0816000000000001,1.0792700000000002,1711.8281249998922,2025-03-24 13:00:00+00:00,2025-03-24 13:50:00+00:00,target,mss_fvg_m15,momentum,fib_extension,d3,ifvg,W,False,,60.5,against,ahead,fvg,60.5,against,2,1b,breakout,ny_judas,ny,,,False,4,2,W|240T,-1,False,W,,False,1,60T,240T,,False,False,True,False,,True,dual,33.2,18.0,2.0,2.0,low,0.2,False,2025-03-24 08:30:00+00:00,2025-03-24 12:45:00+00:00,2025-03-24 13:00:00+00:00,2025-03-24 13:10:00+00:00,,,,m15_range,False,False,,against,,,,,,,,,0,,0,,False,0,2,True,False,0,False,False,False,True,,,equal_hl,1.078115,0,33.7,8.9,29.9,21.8,467.2,649.7
EURUSD,1,-1,1.07958,1.07962,22500,1.07958,1.07655,-16.65000000001665,2025-03-25 07:15:00+00:00,2025-03-25 09:00:00+00:00,stop,mss_ob_m5,momentum,itl_liquidity,d3,ifvg,W,False,,30.3,against,ahead,fvg,30.3,against,2,3a,breakout,london_judas,london,,,False,4,2,W|240T|60T,-1,False,W,60T,False,0,,,,False,False,True,False,,True,single,34.6,13.0,2.0,2.0,low,9.0,False,2025-03-24 13:15:00+00:00,2025-03-24 16:15:00+00:00,2025-03-24 16:30:00+00:00,2025-03-24 16:40:00+00:00,False,discount,eql,m15_range,False,False,,against,,,,,,,,,0,,0,,False,0,2,True,False,0,False,False,False,True,,,equal_hl,1.0779666666666665,0,19.1,2.7,15.4,,437.0,586.4
GBPUSD,1,1,1.29576,1.29471,18000,1.2947600000000001,1.29887,-349.64999999999844,2025-03-25 12:45:00+00:00,2025-03-25 13:20:00+00:00,stop,mss_fvg_h1,momentum,pwh_pwl,d3,fvg,240T,False,,21.9,against,behind,ifvg,21.9,against,2,2b_h4,breakout,ny_judas,ny,,240T,False,3,2,D|240T,1,False,D,D,False,-1,60T,,,False,False,True,False,,True,dual,15.7,8.0,2.0,2.0,high,2.9,False,2025-03-25 10:45:00+00:00,2025-03-25 12:30:00+00:00,2025-03-25 12:45:00+00:00,2025-03-25 12:50:00+00:00,False,premium,none,m15_range,False,False,,against,,,,,,,,,0,,0,,False,0,2,True,False,0,False,False,False,True,,,equal_hl,1.29626,0,2.8,,17.4,32.1,57.8,57.8
EURUSD,1,-1,1.07752,1.07856,11250,1.07852,1.07449,-216.4499999999854,2025-03-26 13:15:00+00:00,2025-03-26 14:10:00+00:00,stop,amd_ob_m5,momentum,swing,near,ifvg,W,False,,9.7,against,ahead,fvg,9.7,against,1,3a,breakout,ny_judas,ny,,,False,2,2,W|240T,-1,False,W,240T,False,0,,240T,,False,False,False,False,,True,dual,21.4,16.0,6.0,4.0,high,-4.9,True,2025-03-26 07:00:00+00:00,2025-03-26 10:45:00+00:00,2025-03-26 11:30:00+00:00,2025-03-26 11:40:00+00:00,False,discount,eqh,session_range,False,False,,against,,,,,,,,,0,,0,,False,0,2,False,False,0,True,False,False,True,,,equal_hl,1.047275,0,7.7,,,,416.4,565.8
EURUSD,1,1,1.0787499999999999,1.08171,14062,1.0797499999999998,1.08175,770.0351200000192,2025-03-28 13:00:00+00:00,2025-03-28 14:00:00+00:00,target,amd_fvg_m15,momentum,swing,near,ifvg,240T,False,,22.0,with,behind,fvg,22.0,with,1,2a,breakout,ny_judas,ny,,,False,4,2,D|60T,1,False,D,D|60T,False,-1,60T,,,False,False,False,False,,True,single,33.9,52.0,2.0,3.0,low,22.7,True,2025-03-27 15:15:00+00:00,2025-03-28 04:00:00+00:00,2025-03-28 11:00:00+00:00,2025-03-28 11:00:00+00:00,False,premium,eql,m15_range,False,False,,golden,,,,,,,,,0,,0,,False,0,3,True,False,0,True,False,False,True,,,equal_hl,1.08255,0,32.0,13.2,43.4,160.5,167.9,167.9
GBPUSD,1,1,1.29369,1.2946399999999998,22500,1.29469,1.37487,395.43749999991024,2025-03-31 11:45:00+00:00,2025-03-31 13:05:00+00:00,stop,amd_fvg_m5,golden,opposing_liq,,,,False,,71.4,with,behind,ifvg,71.4,with,2,golden,mm_golden,ny_golden,ny,,,False,3,0,,0,False,,,False,0,,,,False,False,False,False,,False,,32.5,9.0,2.0,4.0,low,,True,,,,,,,,m15_range,False,False,,golden,cascade,,failed,,2b,60T,ifvg,60T,0,,0,,True,1,4,True,True,0,True,False,False,True,,,equal_hl,1.29413,0,22.4,0.0,0.0,0.0,0.0,0.0
EURUSD,1,-1,1.08139,1.0814300000000001,11250,1.08139,1.0779,-8.325000000008325,2025-03-31 13:05:00+00:00,2025-03-31 14:05:00+00:00,stop,mss_breaker_m5,momentum,equal_hl,near,ifvg,W,True,240T,48.4,against,ahead,ifvg,48.4,against,1,3a,judas,ny_judas,ny,,,False,4,2,W|240T,-1,False,W,240T,False,1,60T,D,,False,False,True,False,,True,single,22.5,10.0,2.0,2.0,low,6.1,False,2025-03-31 08:30:00+00:00,2025-03-31 10:45:00+00:00,2025-03-31 11:15:00+00:00,2025-03-31 11:20:00+00:00,,,,m15_range,False,False,confirmed,against,,,,,,,,,0,,0,,False,0,3,True,True,0,False,False,False,True,,,equal_hl,1.080095,0,13.1,9.4,74.1,17.8,455.1,604.5
EURUSD,1,-1,1.0793300000000001,1.0793700000000002,9000,1.0793300000000001,1.0759349999999999,-6.660000000006661,2025-04-01 12:00:00+00:00,2025-04-01 13:35:00+00:00,stop,amd_fvg_m5,momentum,equal_hl,d3,ifvg,W,False,,27.8,against,ahead,ifvg,27.8,against,1,3a,judas,ny_judas,ny,,,False,3,2,W|60T|15T,-1,False,W,,False,0,,D,,False,False,True,False,,True,single,21.2,45.0,4.0,2.0,high,1.8,True,2025-03-31 17:45:00+00:00,2025-04-01 04:45:00+00:00,2025-04-01 05:00:00+00:00,2025-04-01 05:10:00+00:00,False,discount,eqh,m15_range,False,False,,against,,,,,,,,,0,,0,,False,0,4,True,True,0,True,False,False,True,,,equal_hl,1.07802,0,15.1,,29.8,,434.5,583.9
GBPUSD,1,1,1.29054,1.29399,42187,1.29404,1.37487,2692.5852749999635,2025-04-02 08:15:00+00:00,2025-04-02 11:00:00+00:00,stop,amd_None,golden,opposing_liq,,,,False,,39.9,with,behind,ifvg,39.9,with,3,golden,mm_golden,london_golden,london,,,False,4,0,,0,False,,,False,0,,,,False,False,False,False,,False,,24.8,41.0,3.0,2.0,low,,True,,,,,,,,m15_range,False,False,,golden,cascade,,failed,,2b,60T,ifvg,60T,0,,0,,True,2,3,True,False,0,True,False,False,True,,,equal_hl,1.292455,0,43.5,0.0,0.0,0.0,0.0,0.0
EURUSD,1,1,1.0937899999999998,1.0937499999999998,22500,1.0937899999999998,1.14948,-16.65000000001665,2025-04-03 07:20:00+00:00,2025-04-03 07:25:00+00:00,stop,amd_fvg_h1,golden,opposing_liq,,,,False,,172.4,with,behind,ob,22.9,against,2,golden,mm_golden,london_golden,london,,,False,1,0,,0,False,,,False,0,,,,False,False,False,False,,False,,14.5,8.0,3.0,2.0,low,,True,,,,,,,,m15_range,False,False,,golden,cascade,240T,failed,,2a,5T,fvg,15T,0,,0,,True,1,3,False,False,0,True,False,True,True,continuation,d1_fvg,equal_hl,1.0948833333333334,0,10.8,0.0,0.0,0.0,0.0,0.0
EURUSD,1,1,1.10609,1.10505,33750,1.1050900000000001,1.14948,-649.3499999999563,2025-04-04 12:55:00+00:00,2025-04-04 13:00:00+00:00,stop,amd_fvg_m15,golden,opposing_liq,,,,False,,223.6,with,behind,ob,91.7,against,3,golden,mm_golden,ny_golden,ny,,,False,2,0,,0,False,,,False,0,,,,False,False,False,False,,False,,27.5,16.0,2.0,2.0,low,,True,,,,,,,,m15_range,False,False,,golden,cascade,240T,failed,,2a,5T,ifvg,15T,0,,0,,True,2,2,False,False,0,True,False,True,False,continuation,d1_fvg,,0.0,0,4.9,0.0,0.0,0.0,0.0,0.0
GBPUSD,1,-1,1.28223,1.28268,22500,1.28263,1.03261,-187.31250000002558,2025-04-07 12:50:00+00:00,2025-04-07 12:55:00+00:00,stop,amd_fvg_m15,golden,opposing_liq,,,,False,,0.0,against,inside,ifvg,0.0,against,2,golden,mm_golden,ny_golden,ny,,,False,2,0,,0,False,,,False,0,,,,False,False,False,False,,False,,32.9,8.0,2.0,4.0,high,,True,,,,,,,,m15_range,False,False,,golden,cascade,240T,failed,,1a,5T,ifvg,60T,0,,0,,True,1,4,True,False,0,True,False,True,True,continuation,d1_fvg,equal_hl,1.26305,0,0.7,0.0,0.0,0.0,0.0,0.0
EURUSD,1,1,1.0972499999999998,1.0972099999999998,12500,1.0972499999999998,1.10038232,-9.250000000009251,2025-04-08 07:00:00+00:00,2025-04-08 08:00:00+00:00,stop,mss_fvg_m5,judas,fib_extension,near,ifvg,W,False,,135.2,with,behind,fvg,135.2,with,2,3b,judas,london_judas,london,,,False,3,2,D|240T|15T,1,False,D,D|240T,False,-1,60T,,,False,False,True,False,,False,,32.3,18.0,4.0,1.0,high,1.7,False,2025-04-08 02:30:00+00:00,2025-04-08 06:45:00+00:00,2025-04-08 07:00:00+00:00,2025-04-08 07:10:00+00:00,False,premium,eqh,session_range,False,False,,golden,,,,,,,,,0,,0,,False,0,3,True,False,0,False,False,True,True,continuation,pdhl,equal_hl,1.099295,0,19.1,8.6,136.0,,174.6,174.6
EURUSD,1,1,1.10601,1.10497,12500,1.10501,1.14948,-240.49999999998377,2025-04-09 07:00:00+00:00,2025-04-09 07:10:00+00:00,stop,amd_fvg_m5,golden,opposing_liq,,,,False,,222.8,with,behind,ob,92.5,against,2,golden,mm_golden,london_golden,london,,,False,1,0,,0,False,,,False,0,,,,False,False,False,False,,False,,28.1,9.0,2.0,2.0,low,,True,,,,,,,,m15_range,False,False,,golden,cascade,240T,failed,,2a,15T,ifvg,60T,0,,0,,True,1,3,True,False,0,True,False,True,False,continuation,pdhl,,0.0,0,4.8,0.0,0.0,0.0,0.0,0.0
GBPUSD,1,-1,1.28514,1.28619,15625,1.2861399999999998,1.03261,-303.5156249999987,2025-04-10 07:15:00+00:00,2025-04-10 07:25:00+00:00,stop,amd_fvg_m5,golden,opposing_liq,,,,False,,27.8,with,ahead,fvg,27.8,with,2,golden,mm_golden,london_golden,london,,,False,4,0,,0,False,,,False,0,,,,False,False,False,False,,False,,21.9,8.0,2.0,2.0,high,,True,,,,,,,,m15_range,False,False,,golden,cascade,240T,untested,,1a,15T,ob2,60T,0,,0,,True,1,3,False,False,0,True,False,True,True,continuation,d1_fvg,equal_hl,1.26305,0,-0.0,0.0,0.0,0.0,0.0,0.0
EURUSD,1,1,1.1074,1.11086,12500,1.1109,1.14948,800.1250000000043,2025-04-10 12:15:00+00:00,2025-04-10 13:30:00+00:00,stop,amd_fvg_m15,golden,opposing_liq,,,,False,,236.7,with,behind,ob,78.6,against,2,golden,mm_golden,ny_golden,ny,,,False,2,0,,0,False,,,False,0,,,,False,False,False,False,,False,,17.9,12.0,3.0,5.0,low,,True,,,,,,,,m15_range,False,False,,golden,cascade,240T,untested,,2a,5T,fvg,60T,0,,0,,True,1,2,False,False,0,True,False,True,False,continuation,breaker,,0.0,0,56.7,0.0,0.0,0.0,0.0,0.0
EURUSD,2,1,1.1091799999999998,1.1101399999999997,5000,1.1101799999999997,1.14948,88.79999999998611,2025-04-10 13:10:00+00:00,2025-04-10 13:30:00+00:00,stop,pyramid_im0.8_fvg_m5,no_open,opposing_liq,,,,False,,236.7,with,behind,ob,78.6,against,2,golden,mm_golden,ny_golden,ny,,,False,2,0,,0,False,,,False,0,,,,False,False,False,False,,False,,17.9,12.0,3.0,5.0,low,,True,,,,,,,,m15_range,False,False,,golden,cascade,240T,untested,,2a,5T,fvg,60T,0,,0,,True,1,2,False,False,0,True,False,True,False,continuation,breaker,,0.0,0,38.9,0.0,0.0,0.0,0.0,0.0
EURUSD,1,1,1.13187,1.13183,22500,1.13187,1.14948,-16.65000000001665,2025-04-11 08:15:00+00:00,2025-04-11 08:20:00+00:00,stop,amd_fvg_m15,golden,opposing_liq,,,,False,,481.4,with,behind,fvg,481.4,with,2,golden,mm_golden,london_golden,london,,,False,2,0,,0,False,,,False,0,,,,False,False,False,False,,False,,27.4,5.0,2.0,2.0,low,,True,,,,,,,,session_range,False,False,,golden,cascade,,failed,,2a,5T,fvg,60T,0,,0,,True,1,1,False,False,0,True,False,False,False,,,,0.0,0,22.7,0.0,0.0,0.0,0.0,0.0
GBPUSD,1,1,1.31183,1.31178,22500,1.31183,1.315625,-20.812500000043922,2025-04-14 07:00:00+00:00,2025-04-14 07:05:00+00:00,stop,amd_fvg_m5,momentum,equal_hl,d3,ifvg,W,False,,55.6,with,behind,fvg,55.6,with,2,2b_ip,judas,london_judas,london,,,False,4,2,D|240T|60T|15T,1,False,D,D|240T|60T,False,0,,,,False,False,True,False,,True,single,33.0,20.0,2.0,4.0,low,-18.6,True,2025-04-14 02:00:00+00:00,2025-04-14 06:45:00+00:00,2025-04-14 07:00:00+00:00,2025-04-14 07:00:00+00:00,,,,session_range,False,False,confirmed,against,,,,,,,,,0,,0,,False,0,3,True,False,0,True,False,False,True,,,equal_hl,1.320405,0,19.3,10.5,27.5,90.0,90.0,90.0
EURUSD,1,1,1.1526299999999998,1.1535899999999997,22500,1.1536299999999997,1.15729968,399.5999999999375,2025-04-21 08:20:00+00:00,2025-04-21 08:55:00+00:00,stop,amd_ob_m5,momentum,fib_extension,near,,,False,,215.5,with,behind,ifvg,215.5,with,2,3b,judas,london_judas,london,,,False,2,2,D|60T|15T,1,False,D,D|60T,False,-1,60T,,,False,False,True,False,,True,single,28.4,9.0,3.0,3.0,low,1.6,True,2025-04-21 05:30:00+00:00,2025-04-21 07:30:00+00:00,2025-04-21 07:45:00+00:00,2025-04-21 07:45:00+00:00,,,,m15_range,False,False,opposing,golden,,,,,,,,,0,,0,,False,0,2,True,False,0,True,False,False,False,,,,0.0,0,40.9,6.5,,,,
GBPUSD,1,1,1.34133,1.3408499999999999,33750,1.3409,1.37487,-299.70000000002244,2025-04-22 07:10:00+00:00,2025-04-22 07:25:00+00:00,stop,amd_fvg_m5,golden,opposing_liq,,,,False,,201.6,with,behind,ifvg,201.6,with,3,golden,mm_golden,london_golden,london,,,False,1,0,,0,False,,,False,0,,,,False,False,False,False,,False,,22.9,35.0,5.0,2.0,low,,True,,,,,,,,m15_range,False,False,,golden,cascade,,untested,,2b,60T,ifvg,60T,0,,0,,True,2,3,True,False,0,True,False,False,True,,,equal_hl,1.342255,0,1.9,0.0,0.0,0.0,0.0,0.0
EURUSD,1,-1,1.1488,1.14884,9000,1.1488,1.1454271200000001,-6.660000000006661,2025-04-22 13:00:00+00:00,2025-04-22 13:05:00+00:00,stop,amd_fvg_m5,momentum,fib_extension,near,ifvg,240T,True,240T,55.6,against,ahead,fvg,55.6,against,1,1b,breakout,ny_judas,ny,,,False,2,2,W|15T,-1,False,W,60T,False,0,,,,False,False,False,False,,True,single,22.5,9.0,6.0,2.0,high,6.4,True,2025-04-22 04:00:00+00:00,2025-04-22 06:00:00+00:00,2025-04-22 06:15:00+00:00,2025-04-22 06:25:00+00:00,False,discount,eqh,m15_range,False,False,,against,,,,,,,,,0,,0,,False,0,3,True,False,0,True,False,False,True,,,equal_hl,1.130925,0,13.1,5.8,131.1,600.3,756.1,1197.0
GBPUSD,1,1,1.33078,1.33073,22500,1.33078,1.37487,-20.812500000043922,2025-04-24 12:00:00+00:00,2025-04-24 12:55:00+00:00,stop,amd_fvg_h1,golden,opposing_liq,,,,False,,96.1,with,behind,ifvg,96.1,with,2,golden,mm_golden,ny_golden,ny,,,False,2,0,,0,False,,,False,0,,,,False,False,False,False,,False,,21.7,21.0,3.0,4.0,low,,True,,,,,,,,m15_range,False,False,,golden,cascade,,untested,,2b,5T,ifvg,5T,0,,0,,True,1,2,False,False,0,True,False,False,True,,,equal_hl,1.334365,0,12.8,0.0,0.0,0.0,0.0,0.0
EURUSD,1,-1,1.1367800000000001,1.13372896,14062,1.1357800000000002,1.13368896,793.7189028800301,2025-04-28 07:05:00+00:00,2025-04-28 07:55:00+00:00,target,amd_breaker_m5,momentum,fib_extension,near,ob,240T,False,,57.0,against,ahead,ifvg,57.0,against,1,1b,judas,london_judas,london,,D,False,4,2,W,-1,False,,,False,0,,240T,,False,False,False,False,,True,single,28.5,11.0,2.0,2.0,high,0.8,True,2025-04-28 03:45:00+00:00,2025-04-28 06:15:00+00:00,2025-04-28 06:30:00+00:00,2025-04-28 06:30:00+00:00,,,,m15_range,False,False,,against,,,,,,,,,0,,0,,False,0,4,True,True,0,True,False,False,True,,,equal_hl,1.1321966666666667,0,38.6,28.9,53.2,104.8,635.9,1009.0
GBPUSD,1,1,1.3336999999999999,1.33314,22500,1.33319,1.37487,-233.09999999995586,2025-04-28 12:15:00+00:00,2025-04-28 12:20:00+00:00,stop,amd_fvg_h1,golden,opposing_liq,,,,False,,125.3,with,behind,ifvg,125.3,with,2,golden,mm_golden,ny_golden,ny,,,False,2,0,,0,False,,,False,0,,,,False,False,False,False,,False,,27.0,22.0,3.0,2.0,low,,True,,,,,,,,m15_range,False,False,,golden,cascade,,untested,,2b,15T,ifvg,60T,0,,0,,True,1,4,True,True,0,True,False,False,True,,,equal_hl,1.33416,0,0.0,0.0,0.0,0.0,0.0,0.0
EURUSD,1,1,1.1387699999999998,1.1397299999999997,28125,1.1397699999999997,1.15729,499.49999999992184,2025-04-29 13:30:00+00:00,2025-04-29 14:40:00+00:00,stop,amd_fvg_m5,golden,opposing_liq,,,,False,,76.9,with,behind,ifvg,76.9,with,2,golden,mm_golden,ny_golden,ny,,,False,5,0,,0,False,,,False,0,,,,False,False,False,False,,False,,27.3,16.0,2.0,2.0,low,,True,,,,,,,,m15_range,False,False,,golden,own_ob,240T,respected,15T,2a,15T,ob,5T,0,,0,,True,2,5,True,True,0,True,False,True,True,continuation,d1_fvg,equal_hl,1.1393,0,29.2,0.0,0.0,0.0,0.0,0.0
EURUSD,1,1,1.13749,1.1384499999999997,22500,1.1384899999999998,1.15729,399.5999999999375,2025-04-30 07:15:00+00:00,2025-04-30 08:00:00+00:00,stop,amd_None,golden,opposing_liq,,,,False,,4.9,with,behind,fvg,4.9,with,2,golden,mm_golden,london_golden,london,,,False,3,0,,0,False,,,False,0,,,,False,False,False,False,,False,,24.6,34.0,2.0,3.0,low,,True,,,,,,,,m15_range,False,False,,golden,own_ob,240T,respected,15T,2a,15T,ob,5T,0,,0,,True,2,4,True,False,0,True,False,True,True,inside,breaker,equal_hl,1.13837,0,24.5,0.0,0.0,0.0,0.0,0.0
EURUSD,1,1,1.1346399999999999,1.1345999999999998,28125,1.1346399999999999,1.138065,-20.812500000020815,2025-05-05 13:15:00+00:00,2025-05-05 13:20:00+00:00,stop,amd_ob_m5,momentum,equal_hl,near,ob,D,True,D,0.0,against,inside,ifvg,0.0,against,2,3b,breakout,ny_judas,ny,,,False,6,2,D|60T|15T,1,False,D,D|60T,False,0,,,,False,False,True,False,,True,single,34.3,33.0,5.0,2.0,low,1.9,True,2025-05-05 00:45:00+00:00,2025-05-05 08:45:00+00:00,2025-05-05 09:00:00+00:00,2025-05-05 09:00:00+00:00,,,,m15_range,False,False,,golden,,,,,,,,,0,,0,,False,0,3,True,False,0,True,False,False,True,,,equal_hl,1.13645,0,10.9,11.9,35.3,227.4,227.4,227.4
GBPUSD,1,1,1.33059,1.3315399999999997,28125,1.3315899999999998,1.33362,494.2968749998878,2025-05-06 08:15:00+00:00,2025-05-06 09:55:00+00:00,stop,amd_fvg_m15,momentum,pdh_pdl,near,ob,D,False,,39.3,against,ahead,ob,0.0,against,2,2b_h4,breakout,london_judas,london,,,False,4,2,,1,False,,D,False,-1,60T,,,False,False,True,False,,True,dual,33.2,12.0,4.0,2.0,low,2.0,True,2025-05-05 23:30:00+00:00,2025-05-06 02:15:00+00:00,2025-05-06 02:30:00+00:00,2025-05-06 02:30:00+00:00,True,premium,pdl,m15_range,False,False,,against,,,,,,,,,0,,0,,False,0,3,True,False,0,True,False,False,True,,,equal_hl,1.333335,0,27.5,,31.3,118.6,138.9,138.9
NZDUSD,1,1,0.598365,0.59729,22500,0.597365,0.6024999999999999,-447.46875000002007,2025-05-06 08:00:00+00:00,2025-05-06 10:10:00+00:00,stop,mss_fvg_m5,momentum,fib_extension,d3,ifvg,W,False,,123.0,with,behind,fvg,123.0,with,2,N-long,judas,london_judas,london,,,False,5,2,60T,1,False,60T,D,False,-1,60T,,,False,False,True,False,,True,single,18.5,13.0,4.0,2.0,high,0.9,False,2025-05-06 04:45:00+00:00,2025-05-06 07:45:00+00:00,2025-05-06 08:00:00+00:00,2025-05-06 08:05:00+00:00,False,premium,eqh,m15_range,False,False,,,,,,,,,,,0,,0,,False,0,3,True,False,0,False,False,True,True,continuation,w_fvg,equal_hl,0.5986366666666666,0,6.7,,13.1,46.4,46.4,46.4
GBPUSD,1,-1,1.33155,1.3306000000000002,17577,1.3305500000000001,1.32851,308.9157749999299,2025-05-08 07:00:00+00:00,2025-05-08 07:15:00+00:00,stop,amd_fvg_h1,momentum,swing,near,ob,D,False,,29.7,with,behind,ob,0.0,with,1,1a_ip,breakout,london_judas,london,,,False,4,0,,0,False,,,False,0,,240T,,False,False,False,False,,True,single,24.3,10.0,2.0,3.0,high,9.2,True,2025-05-07 11:45:00+00:00,2025-05-07 14:00:00+00:00,2025-05-07 15:45:00+00:00,2025-05-07 15:45:00+00:00,False,discount,eqh,m15_range,False,False,,golden,,,,,,,,,0,,0,,False,0,4,False,False,1,True,False,True,True,continuation,d1_fvg,equal_hl,1.32797,0,22.1,36.8,56.6,83.4,608.6,757.6
EURUSD,1,-1,1.12874,1.1287800000000001,22500,1.12874,0.95357,-16.65000000001665,2025-05-08 07:15:00+00:00,2025-05-08 08:25:00+00:00,stop,amd_fvg_m5,golden,opposing_liq,,,,False,,0.0,against,inside,ifvg,0.0,against,2,golden,mm_golden,london_golden,london,,,False,2,0,,0,False,,,False,0,,,,False,False,False,False,,False,,34.2,16.0,2.0,2.0,high,,True,,,,,,,,m15_range,False,False,,golden,own_ob,,respected,15T,1b,15T,ob,15T,0,,0,,True,2,3,False,False,1,True,False,False,True,,,equal_hl,1.12838,0,17.3,0.0,0.0,0.0,0.0,0.0
GBPUSD,1,-1,1.32772,1.32877,22500,1.32872,1.03261,-437.06249999999807,2025-05-08 08:25:00+00:00,2025-05-08 08:45:00+00:00,stop,amd_fvg_m5,golden,opposing_liq,,,,False,,65.5,against,ahead,ob,2.5,with,2,golden,mm_golden,london_golden,london,,,False,3,0,,0,False,,,False,0,,,,False,False,False,False,,False,,23.1,22.0,2.0,2.0,high,,True,,,,,,,,m15_range,False,False,,golden,own_ob,240T,respected,15T,1a,15T,ob,60T,0,,0,,True,2,4,False,False,1,True,False,True,True,continuation,d1_fvg,equal_hl,1.3277633333333334,0,4.6,0.0,0.0,0.0,0.0,0.0
EURUSD,1,1,1.1242299999999998,1.1241899999999998,9765,1.1242299999999998,1.12792416,-7.226100000007227,2025-05-09 08:00:00+00:00,2025-05-09 09:25:00+00:00,stop,amd_fvg_m5,momentum,fib_extension,near,ifvg,240T,True,240T,29.3,with,behind,ifvg,29.3,with,1,3b,breakout,london_judas,london,,,False,4,2,D,1,False,D,D|240T,False,0,,D,,False,False,True,False,,True,dual,24.1,39.0,2.0,2.0,low,14.2,True,2025-05-08 17:15:00+00:00,2025-05-09 02:45:00+00:00,2025-05-09 03:00:00+00:00,2025-05-09 03:10:00+00:00,True,discount,pdl,m15_range,False,False,,golden,,,,,,,,,0,,0,,False,0,4,False,False,1,True,False,True,True,continuation,d1_fvg,equal_hl,1.13385,0,15.8,,139.4,331.5,331.5,331.5
EURUSD,1,-1,1.12524,1.12619,12500,1.12615,0.95357,-219.68750000000148,2025-05-09 13:00:00+00:00,2025-05-09 14:05:00+00:00,stop,amd_None,golden,opposing_liq,,,,False,,39.4,against,ahead,ifvg,39.4,against,2,golden,mm_golden,ny_golden,ny,,,False,3,0,,0,False,,,False,0,,,,False,False,False,False,,False,,27.6,21.0,2.0,2.0,high,,True,,,,,,,,m15_range,False,False,,golden,own_ob,,respected,15T,1b,15T,ob,60T,0,,0,,True,2,3,False,False,1,True,False,False,True,,,equal_hl,1.12124,0,5.4,0.0,0.0,0.0,0.0,0.0
EURUSD,1,-1,1.1227200000000002,1.1192600000000001,15625,1.11922,0.95357,1000.1562500000053,2025-05-12 07:30:00+00:00,2025-05-12 08:00:00+00:00,stop,amd_ob_m15,golden,opposing_liq,,,,False,,14.2,against,ahead,ifvg,14.2,against,2,golden,mm_golden,london_golden,london,,,False,4,0,,0,False,,,False,0,,,,False,False,False,False,,False,,31.7,14.0,3.0,2.0,high,,True,,,,,,,,m15_range,False,False,,golden,cascade,,failed,,1b,15T,fvg,60T,0,,0,,True,1,3,True,False,0,True,False,False,True,,,equal_hl,1.12124,0,54.7,0.0,0.0,0.0,0.0,0.0
EURUSD,1,-1,1.11815,1.11919,9000,1.1191499999999999,1.115,-173.15999999998832,2025-05-12 08:00:00+00:00,2025-05-12 08:05:00+00:00,stop,amd_fvg_m5,momentum,round_number,near,fvg,W,False,,0.0,against,inside,ifvg,0.0,against,1,1b,breakout,london_judas,london,,,False,2,2,W|60T|15T,-1,False,60T,60T,False,0,,,,False,False,False,False,,True,dual,31.7,14.0,3.0,2.0,high,5.1,True,2025-05-11 22:15:00+00:00,2025-05-12 01:30:00+00:00,2025-05-12 02:00:00+00:00,2025-05-12 02:05:00+00:00,,,,m15_range,False,False,confirmed,against,,,,,,,,,0,,0,,False,0,3,True,False,0,True,False,False,True,,,equal_hl,1.08939,0,1.4,,,,293.8,794.1
NZDUSD,1,-1,0.591355,0.59243,11250,0.592355,0.5877499999999999,-223.73437500001003,2025-05-12 08:00:00+00:00,2025-05-12 08:10:00+00:00,stop,amd_breaker_m5,momentum,fib_extension,near,ifvg,W,False,,6.7,with,behind,fvg,6.7,with,1,N-short,breakout,london_judas,london,,,False,5,2,,0,True,,60T,False,0,,D,,False,False,True,False,,True,dual,31.3,71.0,4.0,2.0,high,5.7,True,2025-05-09 14:15:00+00:00,2025-05-12 07:45:00+00:00,2025-05-12 08:00:00+00:00,2025-05-12 08:00:00+00:00,,,,m15_range,False,False,,,,,,,,,,,0,,0,,False,0,4,True,False,0,True,False,True,True,continuation,w_fvg,equal_hl,0.586545,0,9.4,7.0,44.6,21.5,429.7,429.7
EURUSD,1,-1,1.11097,1.1100100000000002,9000,1.1099700000000001,1.10683,159.839999999975,2025-05-12 11:00:00+00:00,2025-05-12 11:20:00+00:00,stop,amd_fvg_m15,momentum,swing,near,ob,D,False,,0.0,against,inside,ifvg,0.0,against,1,1b_h4,judas,ny_judas,ny,,,True,1,2,W|60T|15T,-1,False,60T,60T,False,0,,,,False,False,False,False,,True,dual,31.7,14.0,3.0,2.0,high,5.1,True,2025-05-11 22:15:00+00:00,2025-05-12 01:30:00+00:00,2025-05-12 02:00:00+00:00,2025-05-12 02:05:00+00:00,,,,m15_range,False,False,confirmed,against,,,,,,,,,0,,0,,False,0,3,True,False,0,True,False,False,True,,,equal_hl,1.08939,0,20.8,,,,222.0,722.3
GBPUSD,1,1,1.33474,1.33465,22500,1.3337400000000001,1.37487,-37.46250000006057,2025-05-14 11:00:00+00:00,2025-05-14 11:05:00+00:00,session_handover,amd_fvg_m5,golden,opposing_liq,,,,False,,0.0,against,inside,ifvg,0.0,against,2,golden,mm_golden,ny_golden,ny,,,False,3,0,,0,False,,,False,0,,,,False,False,False,False,,False,,15.7,16.0,3.0,2.0,low,,True,,,,,,,,m15_range,False,False,,golden,cascade,,failed,,2b,5T,ob2,60T,0,,0,,True,1,2,False,False,0,True,False,False,True,,,equal_hl,1.3349900000000001,0,4.3,0.0,0.0,0.0,0.0,0.0
EURUSD,1,1,1.11865,1.12191,14062,1.1196499999999998,1.12195,848.0792200000105,2025-05-19 07:00:00+00:00,2025-05-19 08:20:00+00:00,target,mss_ob_m5,momentum,swing,near,fvg,W,False,,154.4,against,ahead,ob,91.7,with,1,3b,breakout,london_judas,london,W,,False,3,1,15T,0,False,15T,240T,False,-1,60T,,,False,False,False,False,,True,single,22.8,15.0,2.0,4.0,high,4.9,False,2025-05-18 22:00:00+00:00,2025-05-19 01:30:00+00:00,2025-05-19 02:00:00+00:00,2025-05-19 02:00:00+00:00,,,,m15_range,False,False,,golden,,,,,,,,,0,,0,,False,0,3,True,False,0,False,False,True,True,continuation,w_fvg,equal_hl,1.12237,0,35.4,13.2,42.3,195.2,387.3,387.3
GBPUSD,1,1,1.33253,1.335745,27000,1.3335299999999999,1.335795,1605.8924999999838,2025-05-19 08:00:00+00:00,2025-05-19 08:30:00+00:00,target,amd_fvg_m5,momentum,equal_hl,d3,ifvg,D,False,,19.9,against,ahead,ob,0.0,against,3,2b_ip,breakout,london_judas,london,,,False,3,1,15T,0,False,15T,240T,False,-1,60T,,,False,False,True,False,,True,single,20.3,15.0,2.0,3.0,low,3.3,True,2025-05-18 23:15:00+00:00,2025-05-19 02:45:00+00:00,2025-05-19 03:00:00+00:00,2025-05-19 03:05:00+00:00,,,,m15_range,False,False,confirmed,against,,,,,,,,,0,,0,,False,0,3,True,False,0,True,False,False,True,,,equal_hl,1.340295,0,39.3,,8.0,78.1,119.5,119.5
EURUSD,1,1,1.12607,1.1260299999999999,22500,1.12607,1.1306304600000001,-16.65000000001665,2025-05-20 08:00:00+00:00,2025-05-20 09:15:00+00:00,stop,amd_ob_m5,momentum,fib_extension,d3,ob,W,False,,80.2,against,ahead,ob,68.5,against,2,3b,breakout,london_judas,london,,,False,2,1,60T|15T,0,False,60T,60T,False,0,,,,False,False,True,False,,True,single,30.8,35.0,2.0,3.0,low,6.1,True,2025-05-19 16:30:00+00:00,2025-05-20 01:00:00+00:00,2025-05-20 01:30:00+00:00,2025-05-20 01:30:00+00:00,False,premium,none,m15_range,False,False,confirmed,golden,,,,,,,,,0,,0,,False,0,4,True,False,0,True,False,True,True,continuation,d1_fvg,equal_hl,1.1287449999999999,0,17.1,,28.1,121.0,313.1,313.1
GBPUSD,1,-1,1.33599,1.3350400000000002,14062,1.3349900000000001,1.33236194,247.1396499999439,2025-05-20 13:00:00+00:00,2025-05-20 14:45:00+00:00,stop,amd_ob_m5,momentum,fib_extension,near,fvg,D,True,240T,0.0,with,inside,ifvg,0.0,with,0,1a_h4,breakout,ny_judas,ny,,D,False,3,2,60T,-1,False,60T,D,False,1,60T,240T,,False,False,False,False,,True,single,21.8,16.0,2.0,3.0,high,11.5,True,2025-05-20 04:15:00+00:00,2025-05-20 08:00:00+00:00,2025-05-20 08:45:00+00:00,2025-05-20 08:55:00+00:00,False,discount,eqh,m15_range,False,False,,golden,,,,,,,,,0,,0,,False,0,3,True,False,0,True,False,False,True,,,equal_hl,1.33009,0,25.4,7.4,110.6,149.2,221.5,653.0
EURUSD,1,1,1.13202,1.13158,22500,1.13162,1.15729,-183.14999999999833,2025-05-21 08:10:00+00:00,2025-05-21 08:15:00+00:00,stop,amd_ob_m15,golden,opposing_liq,,,,False,,20.7,against,ahead,ob,9.0,against,2,golden,mm_golden,london_golden,london,,,False,2,0,,0,False,,,False,0,,,,False,False,False,False,,False,,24.2,10.0,2.0,2.0,low,,True,,,,,,,,m15_range,False,False,,golden,own_ob,240T,respected,,2a,5T,ob2,60T,0,,0,,True,2,4,True,False,0,True,False,True,True,continuation,w_fvg,equal_hl,1.13385,0,1.2,0.0,0.0,0.0,0.0,0.0
NZDUSD,1,1,0.5922350000000001,0.59533194,27000,0.5932350000000001,0.59540694,1546.9215299999685,2025-05-23 08:00:00+00:00,2025-05-23 10:35:00+00:00,target,amd_ob_m5,momentum,fib_extension,near,,,False,,61.7,with,behind,ifvg,61.7,with,3,N-long,breakout,london_judas,london,,,False,3,2,240T|15T,0,True,240T,,False,1,D,D,,False,False,True,False,,True,single,15.1,31.0,3.0,3.0,low,5.3,True,2025-05-22 14:15:00+00:00,2025-05-22 21:45:00+00:00,2025-05-22 22:00:00+00:00,2025-05-22 22:00:00+00:00,False,premium,eql,m15_range,False,False,,,,,,,,,,,0,,0,,False,0,3,False,False,0,True,False,True,True,continuation,w_fvg,equal_hl,0.5944242857142857,0,35.0,,46.4,101.2,107.7,107.7
EURUSD,1,1,1.1316499999999998,1.1356173,14062,1.1326499999999997,1.1356573,1032.0811931000596,2025-05-23 08:00:00+00:00,2025-05-23 11:15:00+00:00,target,amd_fvg_m5,judas,fib_extension,near,ifvg,D,True,240T,24.4,against,ahead,ob,12.7,against,1,3b,breakout,london_judas,london,,,False,6,2,240T|15T,0,True,240T,,False,1,D,,,False,False,True,False,,False,,8.3,8.0,2.0,4.0,low,0.5,True,2025-05-22 20:00:00+00:00,2025-05-22 21:45:00+00:00,2025-05-22 22:00:00+00:00,2025-05-22 22:00:00+00:00,False,premium,eql,m15_range,False,False,confirmed,golden,,,,,,,,,0,,0,,False,0,3,False,False,0,True,False,True,True,continuation,w_fvg,equal_hl,1.134045,0,40.7,3.0,47.2,65.2,257.3,257.3
EURUSD,1,1,1.1412499999999999,1.1408099999999999,22500,1.14085,1.15729,-183.14999999999833,2025-05-26 07:50:00+00:00,2025-05-26 07:55:00+00:00,stop,amd_ob_m5,golden,opposing_liq,,,,False,,54.0,with,behind,ob,0.0,against,2,golden,mm_golden,london_golden,london,,,False,2,0,,0,False,,,False,0,,,,False,False,False,False,,False,,28.2,24.0,2.0,3.0,low,,True,,,,,,,,m15_range,False,False,,golden,cascade,240T,untested,,2a,5T,fvg,60T,0,,0,,True,1,4,True,False,0,True,False,True,True,continuation,d1_fvg,equal_hl,1.1415475,0,0.0,0.0,0.0,0.0,0.0,0.0
GBPUSD,1,1,1.35738,1.3569099999999998,22500,1.35696,1.37487,-195.6375000000801,2025-05-26 08:00:00+00:00,2025-05-26 08:10:00+00:00,stop,amd_ob_m15,golden,opposing_liq,,,,False,,52.0,with,behind,fvg,52.0,with,2,golden,mm_golden,london_golden,london,,,False,1,0,,0,False,,,False,0,,,,False,False,False,False,,False,,23.8,9.0,2.0,4.0,low,,True,,,,,,,,m15_range,False,False,,golden,own_ob,,respected,,2b,15T,ifvg,60T,0,,0,,True,2,2,True,False,0,True,False,False,False,,,,0.0,0,2.5,0.0,0.0,0.0,0.0,0.0
EURUSD,1,-1,1.13721,1.13825,9000,1.13821,1.12787,-173.15999999998832,2025-05-26 13:15:00+00:00,2025-05-26 14:35:00+00:00,stop,amd_ob_m5,momentum,pdh_pdl,near,ob,W,True,240T,13.6,against,ahead,ob,0.0,with,0,3a,breakout,ny_judas,ny,,240T,False,3,2,W,-1,False,,D,False,0,,D,,False,False,True,False,,True,dual,12.1,9.0,2.0,4.0,high,1.3,True,2025-05-26 03:15:00+00:00,2025-05-26 05:15:00+00:00,2025-05-26 06:45:00+00:00,2025-05-26 06:55:00+00:00,,,,m15_range,False,False,,against,,,,,,,,,0,,0,,False,0,3,True,False,0,True,False,False,True,,,equal_hl,1.13694,0,3.3,,117.2,307.9,307.9,640.2
EURUSD,1,-1,1.13791,1.1337602400000002,22500,1.13691,1.1337202400000002,1727.3375999999087,2025-05-27 07:45:00+00:00,2025-05-27 08:55:00+00:00,target,amd_fvg_m15,judas,fib_extension,near,ob,W,False,,20.6,against,ahead,fvg,20.6,against,2,3a,breakout,london_judas,london,,,False,2,2,W,-1,False,,D,False,1,D,240T,,False,False,True,False,,True,single,34.2,71.0,3.0,2.0,high,4.1,True,2025-05-26 08:15:00+00:00,2025-05-27 01:45:00+00:00,2025-05-27 02:00:00+00:00,2025-05-27 02:05:00+00:00,False,discount,eqh,m15_range,False,False,,against,,,,,,,,,0,,0,,False,0,3,True,False,0,True,False,False,True,,,equal_hl,1.135815,0,42.1,1.4,101.3,314.9,314.9,647.2
EURUSD,1,1,1.12879,1.12775,14062,1.12779,1.13330004,-270.55287999998177,2025-05-29 11:15:00+00:00,2025-05-29 12:40:00+00:00,stop,amd_fvg_h1,momentum,fib_extension,near,ob,W,False,,57.5,against,ahead,fvg,57.5,against,1,3b,breakout,ny_judas,ny,,,False,2,1,240T|15T,0,False,240T,240T,False,1,D,D,,False,False,True,False,,True,single,17.0,31.0,2.0,3.0,low,73.4,True,2025-05-28 16:15:00+00:00,2025-05-28 23:45:00+00:00,2025-05-29 00:30:00+00:00,2025-05-29 00:40:00+00:00,True,discount,pdl,m15_range,False,False,,golden,,,,,,,,,0,,0,,False,0,4,True,False,0,True,False,True,True,continuation,d1_fvg,equal_hl,1.1287449999999999,0,3.2,9.9,131.5,,137.8,285.9
GBPUSD,1,1,1.3504099999999999,1.3538966399999999,27000,1.3514099999999998,1.35394664,1741.5766799999926,2025-06-02 07:00:00+00:00,2025-06-02 08:05:00+00:00,target,amd_fvg_h1,momentum,fib_extension,d3,ob,D,False,,0.0,with,inside,fvg,0.0,with,3,2b_ip,judas,london_judas,london,,,False,3,1,15T,0,False,15T,,False,-1,60T,,,False,False,True,False,,True,single,28.4,13.0,2.0,2.0,low,4.7,True,2025-06-02 01:15:00+00:00,2025-06-02 04:15:00+00:00,2025-06-02 04:30:00+00:00,2025-06-02 04:35:00+00:00,,,,m15_range,False,False,,against,,,,,,,,,0,,0,,False,0,4,True,True,0,True,False,False,True,,,equal_hl,1.35404,0,35.6,2.5,7.3,38.8,89.8,89.8
EURUSD,1,1,1.1406999999999998,1.1416599999999997,22500,1.1416999999999997,1.14552712,399.5999999999375,2025-06-02 08:00:00+00:00,2025-06-02 09:25:00+00:00,stop,amd_fvg_m5,momentum,fib_extension,d30,,,False,,189.2,with,behind,ob,0.0,against,2,3b,breakout,london_judas,london,,,False,2,1,15T,0,False,15T,,False,-1,60T,,,False,False,True,False,,True,single,33.7,41.0,4.0,5.0,low,10.8,True,2025-05-30 03:15:00+00:00,2025-05-30 13:15:00+00:00,2025-05-30 14:45:00+00:00,2025-05-30 14:45:00+00:00,,,,m15_range,False,False,,golden,,,,,,,,,0,,0,,False,0,5,True,True,0,True,False,True,True,continuation,breaker,equal_hl,1.1439,0,29.7,,,,18.7,166.8
EURUSD,1,-1,1.14053,1.13739428,28125,1.1395300000000002,1.13735428,1631.5543124999756,2025-06-03 11:05:00+00:00,2025-06-03 15:00:00+00:00,target,amd_ob_m15,momentum,fib_extension,near,ob,W,True,240T,187.5,against,ahead,ob,185.8,against,2,3a,judas,ny_judas,ny,,,False,4,2,W|D|240T,-1,False,D,D|240T,False,1,60T,D,,False,False,True,False,,True,single,20.3,20.0,2.0,2.0,high,0.6,True,2025-06-02 20:00:00+00:00,2025-06-03 00:45:00+00:00,2025-06-03 01:00:00+00:00,2025-06-03 01:00:00+00:00,True,discount,pdh,m15_range,False,False,,against,,,,,,,,,0,,0,,False,0,4,True,True,0,True,False,False,True,,,equal_hl,1.1367566666666666,0,32.6,,93.9,234.1,341.1,673.4
GBPUSD,1,1,1.35103,1.3519799999999997,22500,1.3520299999999998,1.37487,395.43749999991024,2025-06-04 07:00:00+00:00,2025-06-04 11:40:00+00:00,stop,amd_None,golden,opposing_liq,,,,False,,0.0,with,inside,fvg,0.0,with,2,golden,mm_golden,london_golden,london,,,False,2,0,,0,False,,,False,0,,,,False,False,False,False,,False,,18.3,12.0,2.0,2.0,low,,True,,,,,,,,m15_range,False,False,,golden,cascade,,failed,,2b,60T,ifvg,60T,0,,0,,True,1,2,False,False,0,True,False,False,True,,,equal_hl,1.35404,0,35.0,0.0,0.0,0.0,0.0,0.0
EURUSD,1,1,1.14248,1.14244,14062,1.14248,1.14572,-10.405880000010407,2025-06-09 07:20:00+00:00,2025-06-09 11:00:00+00:00,stop,mss_ob_m5,momentum,swing,near,,,False,,60.9,with,behind,ifvg,60.9,with,1,3b,judas,london_judas,london,,,False,5,1,240T|15T,0,False,240T,240T,False,-1,60T,,,False,False,False,False,,True,single,34.8,34.0,2.0,3.0,high,0.2,False,2025-06-06 19:00:00+00:00,2025-06-09 03:15:00+00:00,2025-06-09 03:30:00+00:00,2025-06-09 03:30:00+00:00,,,,m15_range,False,False,,golden,,,,,,,,,0,,0,,False,0,3,True,False,0,False,False,True,True,continuation,d1_fvg,equal_hl,1.143675,0,14.3,1.4,70.9,,70.9,149.0
NZDUSD,1,1,0.604465,0.60439,33750,0.604465,0.60797,-46.8281250000295,2025-06-09 07:40:00+00:00,2025-06-09 13:10:00+00:00,stop,amd_ob_m5,momentum,pdh_pdl,near,ob,240T,False,,57.4,with,behind,fvg,57.4,with,3,N-long,judas,london_judas,london,,,False,5,2,D|240T|15T,1,False,D,240T,False,-1,60T,D,,False,False,True,False,,True,single,14.9,22.0,2.0,2.0,low,6.5,True,2025-06-06 16:30:00+00:00,2025-06-06 21:45:00+00:00,2025-06-08 22:00:00+00:00,2025-06-08 22:05:00+00:00,,,,m15_range,False,False,,,,,,,,,,,0,,0,,False,0,4,True,False,0,True,False,True,True,continuation,w_fvg,equal_hl,0.6052150000000001,0,20.4,,36.3,,36.3,36.3
EURUSD,1,-1,1.1406,1.14064,7812,1.1406,1.13715,-5.780880000005782,2025-06-09 13:20:00+00:00,2025-06-09 15:10:00+00:00,stop,amd_ob_m5,momentum,swing,near,ifvg,D,False,,42.1,against,ahead,ifvg,42.1,against,1,3a,judas,ny_judas,ny,,,False,4,2,W|60T,-1,False,60T,60T,False,0,,240T,,False,False,False,False,,True,single,25.1,29.0,2.0,3.0,high,3.2,True,2025-06-09 02:45:00+00:00,2025-06-09 09:45:00+00:00,2025-06-09 10:15:00+00:00,2025-06-09 10:20:00+00:00,,,,m15_range,False,False,,against,,,,,,,,,0,,0,,False,0,3,True,False,0,True,False,False,True,,,equal_hl,1.1389733333333334,0,19.6,1.4,35.4,196.6,341.8,628.7
EURUSD,1,1,1.14027,1.13961,16175,1.13965,1.15729,-197.49674999996495,2025-06-10 07:00:00+00:00,2025-06-10 07:45:00+00:00,stop,amd_ob_m5,golden,opposing_liq,,,,False,,38.8,with,behind,ifvg,38.8,with,2,golden,mm_golden,london_golden,london,,,False,4,0,,0,False,,,False,0,,,,False,False,False,False,,False,,13.5,8.0,2.0,3.0,low,,True,,,,,,,,m15_range,False,False,,golden,own_ob,240T,respected,15T,2a,15T,ob,60T,0,,0,,True,2,4,True,False,0,True,False,True,True,inside,pdhl,equal_hl,1.14069,0,11.9,0.0,0.0,0.0,0.0,0.0
EURUSD,1,1,1.1570699999999998,1.1580299999999997,12500,1.1580699999999997,1.16121096,221.9999999999653,2025-06-12 11:00:00+00:00,2025-06-12 11:45:00+00:00,stop,amd_fvg_m15,golden,fib_extension,,,,False,,206.8,with,behind,ifvg,206.8,with,2,golden,mm_golden,ny_golden,ny,,,False,2,0,,0,False,,,False,0,,,,False,False,False,False,,False,,15.6,11.0,2.0,2.0,low,,True,,,,,,,,m15_range,False,False,,golden,cascade,240T,failed,,2a,5T,fvg,60T,0,,0,,True,1,2,False,False,0,True,False,True,False,continuation,pdhl,,0.0,0,25.9,0.0,0.0,0.0,0.0,0.0
GBPUSD,1,1,1.3586,1.35815,20140,1.3582,1.37487,-167.66550000002292,2025-06-12 12:25:00+00:00,2025-06-12 12:35:00+00:00,stop,amd_fvg_h1,golden,opposing_liq,,,,False,,64.2,with,behind,ifvg,64.2,with,2,golden,mm_golden,ny_golden,ny,,,False,2,0,,0,False,,,False,0,,,,False,False,False,False,,False,,10.4,8.0,2.0,2.0,low,,True,,,,,,,,m15_range,False,False,,golden,cascade,,failed,,2b,5T,ifvg,60T,0,,0,,True,1,3,True,False,0,True,False,False,True,,,equal_hl,1.3587933333333335,0,5.4,0.0,0.0,0.0,0.0,0.0
EURUSD,1,1,1.15624,1.1571999999999998,15625,1.1572399999999998,1.16068236,277.4999999999566,2025-06-16 07:45:00+00:00,2025-06-16 11:15:00+00:00,stop,amd_fvg_m5,momentum,fib_extension,near,,,False,,60.7,with,behind,ifvg,60.7,with,2,3b,breakout,london_judas,london,,,False,4,1,240T,0,False,240T,240T,False,-1,60T,,,False,False,True,False,,True,dual,21.3,25.0,2.0,5.0,low,1.8,True,2025-06-15 22:00:00+00:00,2025-06-16 04:00:00+00:00,2025-06-16 04:15:00+00:00,2025-06-16 04:20:00+00:00,,,,m15_range,False,False,opposing,golden,,,,,,,,,0,,0,,False,0,3,True,False,0,True,False,False,True,,,equal_hl,1.1614499999999999,0,24.1,,69.6,,69.6,69.6
GBPUSD,1,1,1.34652,1.3464699999999998,9000,1.34652,1.35607,-8.325000000017567,2025-06-18 07:20:00+00:00,2025-06-18 08:00:00+00:00,stop,amd_fvg_m15,momentum,pdh_pdl,near,ob,D,True,240T,130.7,with,behind,fvg,130.7,with,0,2b_ip,breakout,london_judas,london,,,False,3,2,D|240T,1,False,D,,False,0,,D,,False,False,True,False,,True,single,32.6,35.0,6.0,2.0,low,-24.0,True,2025-06-17 22:15:00+00:00,2025-06-18 06:45:00+00:00,2025-06-18 07:00:00+00:00,2025-06-18 07:00:00+00:00,False,discount,eql,session_range,False,False,confirmed,against,,,,,,,,,0,,0,,False,0,3,True,False,-1,True,False,False,True,,,equal_hl,1.347026666666667,0,11.1,,157.8,151.9,167.8,167.8
GBPUSD,1,-1,1.34652,1.34657,22500,1.34652,1.03261,-20.812500000043922,2025-06-18 08:15:00+00:00,2025-06-18 10:15:00+00:00,stop,amd_breaker_m5,golden,opposing_liq,,,,False,,130.7,against,ahead,fvg,130.7,against,2,golden,mm_golden,london_golden,london,,,False,3,0,,0,False,,,False,0,,,,False,False,False,False,,False,,32.9,17.0,2.0,2.0,high,,True,,,,,,,,m15_range,False,False,,golden,cascade,240T,failed,,1a,60T,ifvg,60T,0,,0,,True,1,4,True,False,-1,True,False,True,True,continuation,ob,equal_hl,1.3460933333333334,0,16.8,0.0,0.0,0.0,0.0,0.0
EURUSD,1,1,1.16049,1.16005,42187,1.16009,1.16417,-343.40217999999686,2025-06-25 11:30:00+00:00,2025-06-25 12:35:00+00:00,stop,amd_breaker_h1,golden,opposing_liq,,,,False,,25.1,with,behind,fvg,25.1,with,3,golden,mm_golden,ny_golden,ny,,,False,6,0,,0,False,,,False,0,,,,False,False,False,False,,False,,33.1,66.0,2.0,2.0,low,,True,,,,,,,,m15_range,False,False,,golden,cascade,240T,failed,,2a,60T,ifvg,60T,0,,0,,True,2,4,True,False,0,True,False,True,True,continuation,d1_fvg,equal_hl,1.1614499999999999,0,8.3,0.0,0.0,0.0,0.0,0.0
GBPUSD,1,-1,1.3601,1.36105,7812,1.361,1.35613,-137.29590000000093,2025-06-25 13:15:00+00:00,2025-06-25 14:15:00+00:00,stop,amd_fvg_m5,momentum,fib_extension,near,fvg,D,True,D,70.4,against,ahead,fvg,70.4,against,0,1a_ip,breakout,ny_judas,ny,,240T,False,2,0,,0,False,,,False,1,60T,240T,,False,False,False,False,,True,single,30.2,16.0,2.0,4.0,high,-16.1,True,2025-06-25 07:00:00+00:00,2025-06-25 10:45:00+00:00,2025-06-25 12:15:00+00:00,2025-06-25 12:15:00+00:00,False,premium,pwh,session_range,False,False,confirmed,golden,,,,,,,,,0,,0,,False,0,3,True,False,0,True,False,False,True,,,equal_hl,1.3535625,0,10.7,0.5,231.9,146.0,231.9,462.6
GBPUSD,1,1,1.37224,1.3721899999999998,5000,1.37224,1.3754250399999999,-4.62500000000976,2025-06-26 08:00:00+00:00,2025-06-26 08:30:00+00:00,stop,amd_fvg_m5,momentum,fib_extension,near,,,False,,132.1,with,behind,fvg,132.1,with,1,2b_ip,breakout,london_judas,london,,,False,3,2,D|15T,1,False,D,60T,False,0,,,,False,False,False,False,,True,single,32.4,71.0,2.0,2.0,low,10.7,True,2025-06-24 19:30:00+00:00,2025-06-25 13:00:00+00:00,2025-06-25 13:30:00+00:00,2025-06-25 13:30:00+00:00,False,premium,eql,m15_range,False,False,confirmed,against,,,,,,,,,0,,0,,False,0,1,False,False,0,True,False,False,False,,,,0.0,0,17.8,3.2,,,,
GBPUSD,1,1,1.3724,1.37195,18772,1.372,1.37645,-156.27690000002133,2025-06-26 12:00:00+00:00,2025-06-26 12:10:00+00:00,stop,amd_ob_m5,golden,swing,,,,False,,133.7,with,behind,fvg,133.7,with,2,golden,mm_golden,ny_golden,ny,,,False,1,0,,0,False,,,False,0,,,,False,False,False,False,,False,,32.4,71.0,2.0,2.0,low,,True,,,,,,,,m15_range,False,False,,golden,cascade,,untested,,2b,15T,fvg,60T,0,,0,,True,1,1,False,False,0,True,False,False,False,,,,0.0,0,0.4,0.0,0.0,0.0,0.0,0.0
EURUSD,1,1,1.1703899999999998,1.1703499999999998,22806,1.1703899999999998,1.17449,-16.876440000016878,2025-06-27 11:30:00+00:00,2025-06-27 13:05:00+00:00,stop,amd_ob_m5,golden,opposing_liq,,,,False,,44.8,with,behind,fvg,44.8,with,2,golden,mm_golden,ny_golden,ny,,,False,5,0,,0,False,,,False,0,,,,False,False,False,False,,False,,25.5,15.0,3.0,2.0,low,,True,,,,,,,,m15_range,False,False,,golden,cascade,240T,failed,,2a,15T,ifvg,60T,0,,0,,True,1,3,False,False,0,True,False,True,True,continuation,d1_fvg,equal_hl,1.1749399999999999,0,16.2,0.0,0.0,0.0,0.0,0.0
EURUSD,1,1,1.17373,1.17269,12500,1.17273,1.1771881000000002,-240.49999999998377,2025-06-27 13:30:00+00:00,2025-06-27 14:25:00+00:00,stop,amd_fvg_m15,momentum,fib_extension,d60,,,False,,78.2,with,behind,fvg,78.2,with,2,2a,breakout,ny_judas,ny,,240T,False,1,2,D|240T,1,False,D,,False,-1,60T,,,False,False,True,False,,True,single,25.5,15.0,3.0,2.0,low,0.3,True,2025-06-27 07:45:00+00:00,2025-06-27 11:15:00+00:00,2025-06-27 11:30:00+00:00,2025-06-27 11:30:00+00:00,False,premium,eql,m15_range,False,False,,golden,,,,,,,,,0,,0,,False,0,3,False,False,0,True,False,True,True,continuation,d1_fvg,equal_hl,1.1749399999999999,0,16.6,,8.5,,8.5,8.5
EURUSD,1,1,1.17305,1.17261,17375,1.17265,1.18298,-141.4324999999987,2025-07-10 11:15:00+00:00,2025-07-10 12:05:00+00:00,stop,amd_ob_m15,golden,opposing_liq,,,,False,,34.5,against,ahead,fvg,34.5,against,2,golden,mm_golden,ny_golden,ny,,,False,3,0,,0,False,,,False,0,,,,False,False,False,False,,False,,18.5,29.0,3.0,2.0,low,,True,,,,,,,,m15_range,False,False,,golden,cascade,240T,failed,,2a,60T,fvg,15T,0,,0,,True,1,4,True,False,0,True,False,True,True,continuation,w_fvg,equal_hl,1.1730649999999998,0,3.5,0.0,0.0,0.0,0.0,0.0
GBPUSD,1,-1,1.35571,1.35676,12206,1.3567099999999999,1.35256,-237.10154999999895,2025-07-10 13:30:00+00:00,2025-07-10 14:00:00+00:00,stop,amd_fvg_m5,momentum,swing,near,ifvg,D,False,,0.0,against,inside,ifvg,0.0,against,1,1a,breakout,ny_judas,ny,,,False,5,1,240T,0,False,240T,,False,1,60T,240T,,False,False,False,False,,True,dual,29.2,35.0,2.0,2.0,high,2.1,True,2025-07-09 23:15:00+00:00,2025-07-10 07:45:00+00:00,2025-07-10 08:15:00+00:00,2025-07-10 08:15:00+00:00,True,discount,pdh,m15_range,False,False,,golden,,,,,,,,,0,,0,,False,0,3,False,False,0,True,False,True,True,continuation,pdhl,equal_hl,1.3535080000000002,0,0.3,,32.5,188.0,188.0,418.7
EURUSD,1,-1,1.17209,1.16899,5000,1.1710900000000002,1.16895,286.7500000000095,2025-07-10 12:10:00+00:00,2025-07-10 14:50:00+00:00,target,amd_ob_m5,momentum,swing,near,fvg,W,False,,38.1,against,ahead,ifvg,38.1,against,1,3a,judas,ny_judas,ny,,,False,3,2,W|240T|60T|15T,-1,False,240T,,False,1,60T,,,False,False,False,False,,True,dual,24.2,9.0,2.0,4.0,high,2.4,True,2025-07-09 23:15:00+00:00,2025-07-10 01:15:00+00:00,2025-07-10 01:30:00+00:00,2025-07-10 01:40:00+00:00,False,premium,eqh,m15_range,False,False,,against,,,,,,,,,0,,0,,False,0,2,False,False,0,True,False,False,True,,,equal_hl,1.1686266666666665,0,34.3,10.1,39.3,268.5,350.3,656.7
GBPUSD,1,-1,1.35455,1.3546,12500,1.35455,1.03261,-11.5625000000244,2025-07-11 07:20:00+00:00,2025-07-11 08:15:00+00:00,stop,amd_fvg_m15,golden,opposing_liq,,,,False,,1.0,against,behind,ifvg,1.0,against,2,golden,mm_golden,london_golden,london,,,False,3,0,,0,False,,,False,0,,,,False,False,False,False,,False,,30.3,31.0,2.0,2.0,high,,True,,,,,,,,m15_range,False,False,,golden,cascade,240T,failed,,1a,5T,ifvg,60T,0,,0,,True,1,3,False,False,0,True,False,True,True,continuation,pdhl,equal_hl,1.3535080000000002,0,13.2,0.0,0.0,0.0,0.0,0.0
GBPUSD,1,-1,1.34554,1.34599,17025,1.34594,1.03261,-141.73312500001936,2025-07-14 07:55:00+00:00,2025-07-14 08:00:00+00:00,stop,amd_fvg_m15,golden,opposing_liq,,,,False,,0.0,against,inside,ifvg,0.0,against,2,golden,mm_golden,london_golden,london,,,False,3,0,,0,False,,,False,0,,,,False,False,False,False,,False,,22.6,12.0,2.0,2.0,high,,True,,,,,,,,m15_range,False,False,,golden,cascade,240T,untested,,1a,5T,ifvg,60T,0,,0,,True,1,4,True,False,0,True,False,True,True,continuation,breaker,equal_hl,1.34537,0,-0.0,0.0,0.0,0.0,0.0,0.0
EURUSD,1,1,1.1695499999999999,1.16864,12500,1.16868,1.18298,-210.43749999999224,2025-07-14 11:55:00+00:00,2025-07-14 12:55:00+00:00,stop,amd_fvg_m5,golden,opposing_liq,,,,False,,36.4,with,behind,fvg,36.4,with,2,golden,mm_golden,ny_golden,ny,,,False,1,0,,0,False,,,False,0,,,,False,False,False,False,,False,,34.9,33.0,2.0,2.0,low,,True,,,,,,,,m15_range,False,False,,golden,own_ob,240T,respected,15T,2a,15T,ob,60T,0,,0,,True,2,4,True,False,0,True,False,True,True,continuation,w_fvg,equal_hl,1.1730649999999998,0,1.5,0.0,0.0,0.0,0.0,0.0
EURUSD,1,1,1.16889,1.16785,6250,1.16789,1.1724799999999997,-120.24999999999189,2025-07-15 08:30:00+00:00,2025-07-15 11:20:00+00:00,stop,amd_fvg_m5,momentum,fib_extension,d3,ifvg,240T,True,240T,29.8,with,behind,ifvg,29.8,with,1,3b,judas,london_judas,london,,D,False,3,3,D|15T,1,True,D,D,True,-1,60T,D,,False,False,True,False,,True,single,21.2,17.0,2.0,2.0,low,15.6,True,2025-07-14 12:30:00+00:00,2025-07-14 16:30:00+00:00,2025-07-14 18:30:00+00:00,2025-07-14 18:40:00+00:00,False,premium,eql,m15_range,False,False,confirmed,golden,,,,,,,,,0,,0,,False,0,4,True,False,0,True,False,True,True,continuation,w_fvg,equal_hl,1.169515,0,3.6,,25.8,141.8,141.8,141.8
EURUSD,1,-1,1.1673900000000001,1.16843,12500,1.16839,1.15898,-240.49999999998377,2025-07-15 12:15:00+00:00,2025-07-15 13:30:00+00:00,stop,amd_ob_m5,momentum,itl_liquidity,d3,ob,W,False,,14.8,against,ahead,ifvg,14.8,against,2,1b_ip,judas,ny_judas,ny,,,False,1,2,W|240T,-1,False,240T,240T|60T,False,-1,60T,240T,,False,False,True,False,,True,single,28.9,62.0,2.0,4.0,high,4.6,True,2025-07-14 17:00:00+00:00,2025-07-15 08:15:00+00:00,2025-07-15 08:30:00+00:00,2025-07-15 08:40:00+00:00,False,discount,eqh,m15_range,False,False,confirmed,against,,,,,,,,,0,,0,,False,0,3,True,False,0,True,False,False,True,,,equal_hl,1.16628,0,9.2,14.8,20.7,,301.9,609.7
GBPUSD,1,-1,1.34511,1.3451600000000001,6250,1.34511,1.3416728,-5.7812500000122,2025-07-25 12:10:00+00:00,2025-07-25 12:50:00+00:00,stop,mss_fvg_h1,momentum,fib_extension,near,ifvg,W,True,240T,0.0,against,inside,fvg,0.0,against,1,1a_h4,judas,ny_judas,ny,,240T,False,3,1,15T,0,False,15T,,False,0,,D,,False,False,True,False,,True,single,,,,,,,,,,,,,discount,,,False,False,,golden,,,,,,,,,0,,0,,False,0,5,True,False,1,True,False,True,True,continuation,w_fvg,equal_hl,1.3449060000000002,0,12.4,,,,87.5,201.8
EURUSD,1,-1,1.1736600000000001,1.170555,6250,1.1726600000000003,1.170515,359.01562500001563,2025-07-28 07:00:00+00:00,2025-07-28 08:30:00+00:00,target,mss_fvg_h1,momentum,equal_hl,near,fvg,W,True,240T,28.4,with,behind,ifvg,28.4,with,1,1b,judas,london_judas,london,,,False,5,2,W|15T,-1,False,15T,60T,False,-1,60T,,,False,False,False,False,,True,single,34.5,48.0,2.0,2.0,low,1.3,False,2025-07-25 19:00:00+00:00,2025-07-28 06:45:00+00:00,2025-07-28 07:00:00+00:00,2025-07-28 07:10:00+00:00,,,,m15_range,False,False,,against,,,,,,,,,0,,0,,False,0,3,True,True,0,False,False,False,True,,,equal_hl,1.17139,0,41.0,,34.7,180.9,284.2,565.4
EURUSD,1,-1,1.16602,1.16606,12500,1.16602,0.95357,-9.250000000009251,2025-07-28 11:30:00+00:00,2025-07-28 13:00:00+00:00,stop,amd_fvg_h1,golden,opposing_liq,,,,False,,0.0,against,inside,fvg,0.0,against,2,golden,mm_golden,ny_golden,ny,,,False,3,0,,0,False,,,False,0,,,,False,False,False,False,,False,,33.7,26.0,2.0,2.0,high,,True,,,,,,,,m15_range,False,False,,golden,own_ob,,respected,,1b,5T,fvg,60T,0,,0,,True,2,4,True,True,0,True,False,False,True,,,equal_hl,1.1660499999999998,0,16.7,0.0,0.0,0.0,0.0,0.0
EURUSD,1,-1,1.1572500000000001,1.1572900000000002,5000,1.1572500000000001,1.1534044399999999,-3.7000000000037003,2025-07-29 07:25:00+00:00,2025-07-29 07:30:00+00:00,stop,amd_ob_m5,momentum,fib_extension,d30,ifvg,D,True,D,0.0,against,inside,ifvg,0.0,against,1,1b,judas,london_judas,london,,,False,1,2,W|60T,-1,False,60T,60T,False,0,,,,False,False,False,False,,True,dual,14.1,36.0,4.0,4.0,high,0.7,True,2025-07-28 18:15:00+00:00,2025-07-29 03:00:00+00:00,2025-07-29 03:15:00+00:00,2025-07-29 03:20:00+00:00,False,discount,eqh,m15_range,False,False,,against,,,,,,,,,0,,0,,False,0,4,True,True,0,True,False,False,True,,,equal_hl,1.1522733333333335,0,18.0,,,16.8,16.8,363.1
NZDUSD,1,-1,0.596065,0.59614,6250,0.596065,0.59302,-8.671875000005464,2025-07-29 07:30:00+00:00,2025-07-29 09:55:00+00:00,stop,mss_ob_m5,momentum,swing,near,ifvg,W,True,240T,74.3,with,behind,ifvg,74.3,with,1,N-short_h4,breakout,london_judas,london,,,False,1,2,W|60T,-1,False,W,60T,False,0,,,,False,False,False,False,,True,dual,25.7,69.0,2.0,2.0,low,1.6,False,2025-07-28 14:15:00+00:00,2025-07-29 07:15:00+00:00,2025-07-29 07:30:00+00:00,2025-07-29 07:35:00+00:00,True,discount,pdl,m15_range,False,False,,,,,,,,,,,0,,0,,False,0,4,True,True,0,False,False,True,True,continuation,d1_fvg,equal_hl,0.59428,0,15.4,1.0,,57.4,57.4,79.3
EURUSD,1,-1,1.15362,1.1536600000000001,5000,1.15362,1.1500000000000001,-3.7000000000037003,2025-07-29 13:00:00+00:00,2025-07-29 14:45:00+00:00,stop,amd_fvg_m5,momentum,round_number,near,ifvg,D,False,,0.0,against,inside,ifvg,0.0,against,1,1b_h4,breakout,ny_judas,ny,,,False,1,2,W|60T|15T,-1,False,60T,60T,False,0,,,,False,False,False,False,,True,single,14.1,36.0,4.0,4.0,high,0.7,True,2025-07-28 18:15:00+00:00,2025-07-29 03:00:00+00:00,2025-07-29 03:15:00+00:00,2025-07-29 03:20:00+00:00,False,discount,eqh,m15_range,False,False,,against,,,,,,,,,0,,0,,False,0,4,True,True,0,True,False,False,True,,,equal_hl,1.1522733333333335,0,17.4,10.6,,,,326.8
GBPUSD,1,-1,1.32687,1.3259200000000002,18750,1.32587,1.03261,329.5312499999252,2025-07-31 08:00:00+00:00,2025-07-31 08:55:00+00:00,stop,amd_ob_m15,golden,opposing_liq,,,,False,,95.0,with,behind,ifvg,95.0,with,3,golden,mm_golden,london_golden,london,,,False,3,0,,0,False,,,False,0,,,,False,False,False,False,,False,,10.4,8.0,2.0,2.0,high,,True,,,,,,,,m15_range,False,False,,golden,cascade,,failed,,1a,60T,ifvg,60T,0,,0,,True,2,2,False,False,1,True,False,False,False,,,,0.0,0,24.8,0.0,0.0,0.0,0.0,0.0
GBPUSD,1,-1,1.31969,1.31624,12500,1.31619,1.03261,797.8124999999892,2025-08-01 08:15:00+00:00,2025-08-01 10:15:00+00:00,stop,amd_breaker_m5,golden,opposing_liq,,,,False,,85.0,with,behind,fvg,85.0,with,2,golden,mm_golden,london_golden,london,,,False,1,0,,0,False,,,False,0,,,,False,False,False,False,,False,,13.8,14.0,2.0,2.0,high,,True,,,,,,,,m15_range,False,False,,golden,own_ob,,respected,,1a,15T,ifvg,60T,0,,0,,True,2,1,False,False,0,True,False,False,False,,,,0.0,0,43.2,0.0,0.0,0.0,0.0,0.0
EURUSD,1,1,1.14035,1.13991,19532,1.13995,1.18298,-158.9904799999985,2025-08-01 13:00:00+00:00,2025-08-01 13:15:00+00:00,stop,amd_ob_m5,golden,opposing_liq,,,,False,,39.6,with,behind,ifvg,39.6,with,2,golden,mm_golden,ny_golden,ny,,,False,2,0,,0,False,,,False,0,,,,False,False,False,False,,False,,34.0,70.0,2.0,2.0,low,,True,,,,,,,,m15_range,False,False,,golden,cascade,,failed,,2a,5T,ifvg,15T,0,,0,,True,1,2,False,False,0,True,False,False,True,,,equal_hl,1.14069,0,3.2,0.0,0.0,0.0,0.0,0.0
GBPUSD,1,-1,1.32872,1.32877,18995,1.32872,1.03261,-17.570375000037078,2025-08-04 07:15:00+00:00,2025-08-04 07:40:00+00:00,stop,amd_None,golden,opposing_liq,,,,False,,0.0,with,inside,ifvg,0.0,with,2,golden,mm_golden,london_golden,london,,,False,3,0,,0,False,,,False,0,,,,False,False,False,False,,False,,14.6,10.0,3.0,3.0,high,,True,,,,,,,,m15_range,False,False,,golden,cascade,,failed,,1a,5T,ifvg,60T,0,,0,,True,1,2,True,False,0,True,False,False,False,,,,0.0,0,18.6,0.0,0.0,0.0,0.0,0.0
EURUSD,1,1,1.1588399999999999,1.1622999999999999,6250,1.16234,1.16298908,400.06250000000216,2025-08-06 11:00:00+00:00,2025-08-06 14:05:00+00:00,stop,amd_ob_m5,momentum,fib_extension,d3,fvg,D,True,240T,3.4,against,behind,fvg,3.4,against,1,2a,judas,ny_judas,ny,,,False,2,0,,0,False,,,False,0,,D,,False,False,True,False,,True,dual,21.5,43.0,2.0,2.0,low,0.3,True,2025-08-05 16:15:00+00:00,2025-08-06 02:45:00+00:00,2025-08-06 03:00:00+00:00,2025-08-06 03:00:00+00:00,False,premium,eql,m15_range,False,False,,golden,,,,,,,,,0,,0,,False,0,4,True,False,0,True,False,True,True,continuation,d1_fvg,equal_hl,1.1614499999999999,0,40.5,,8.8,201.2,222.5,242.3
EURUSD,1,1,1.1672799999999999,1.1682399999999997,11250,1.1682799999999998,1.17031,199.79999999996875,2025-08-07 07:15:00+00:00,2025-08-07 09:05:00+00:00,stop,mss_ob_m5,momentum,fib_extension,near,fvg,D,True,240T,0.0,against,inside,fvg,0.0,against,1,3b,breakout,london_judas,london,,,False,3,1,60T|15T,0,False,60T,60T,False,0,,,,False,False,False,False,,True,dual,,,,,,,,,,,,,premium,,,False,False,,golden,,,,,,,,,0,,0,,False,0,4,True,False,0,True,False,True,True,continuation,d1_fvg,equal_hl,1.1688399999999999,0,25.8,,,116.8,138.1,157.9
EURUSD,1,-1,1.1641400000000002,1.16112,18000,1.1631400000000003,1.16108,1005.6600000000815,2025-08-11 12:10:00+00:00,2025-08-11 15:00:00+00:00,target,mss_fvg_m5,judas,pdh_pdl,near,fvg,D,False,,0.0,with,inside,fvg,0.0,with,2,1b_h4,judas,ny_judas,ny,,,False,2,2,,-1,False,,D,False,1,60T,,,False,False,True,False,,True,single,33.9,50.0,4.0,3.0,low,3.2,False,2025-08-10 22:00:00+00:00,2025-08-11 10:15:00+00:00,2025-08-11 10:45:00+00:00,2025-08-11 10:55:00+00:00,,,,m15_range,False,False,,against,,,,,,,,,0,,0,,False,0,2,True,False,0,False,False,False,True,,,equal_hl,1.1621766666666666,0,36.5,0.6,31.5,250.8,250.8,291.7
EURUSD,1,-1,1.1617600000000001,1.1622700000000001,22500,1.16223,0.95357,-212.28750000000437,2025-08-12 08:30:00+00:00,2025-08-12 08:45:00+00:00,stop,amd_ob_m15,golden,opposing_liq,,,,False,,0.0,with,inside,fvg,0.0,with,2,golden,mm_golden,london_golden,london,,,False,2,0,,0,False,,,False,0,,,,False,False,False,False,,False,,27.1,53.0,2.0,2.0,high,,True,,,,,,,,m15_range,False,False,,golden,cascade,,failed,,1b,15T,fvg,60T,0,,0,,True,1,3,True,False,0,True,False,False,True,,,equal_hl,1.161265,0,1.4,0.0,0.0,0.0,0.0,0.0
GBPUSD,1,1,1.35208,1.3530299999999997,18000,1.3530799999999998,1.3555772799999999,316.3499999999282,2025-08-13 08:00:00+00:00,2025-08-13 08:10:00+00:00,stop,amd_fvg_m15,momentum,fib_extension,d3,ifvg,W,False,,5.7,against,behind,ob,0.0,against,2,2b,breakout,london_judas,london,,,False,3,1,,0,False,,60T,False,0,,,,False,False,True,False,,True,single,29.7,13.0,2.0,2.0,low,3.8,True,2025-08-12 16:45:00+00:00,2025-08-12 19:45:00+00:00,2025-08-12 20:00:00+00:00,2025-08-12 20:10:00+00:00,False,premium,eql,m15_range,False,False,,against,,,,,,,,,0,,0,,False,0,3,True,False,0,True,False,False,True,,,equal_hl,1.3564299999999998,0,21.4,,3.8,,99.5,268.7
EURUSD,1,1,1.16854,1.17171948,22500,1.1695399999999998,1.17175948,1323.458550000005,2025-08-13 07:00:00+00:00,2025-08-13 09:15:00+00:00,target,mss_ob_m5,momentum,fib_extension,d3,fvg,D,True,240T,0.0,against,inside,fvg,0.0,against,2,3b,judas,london_judas,london,,,False,3,1,60T,0,False,60T,60T,False,0,,,,False,False,True,False,,True,dual,22.3,47.0,4.0,3.0,high,0.8,False,2025-08-12 17:00:00+00:00,2025-08-13 04:30:00+00:00,2025-08-13 04:45:00+00:00,2025-08-13 04:45:00+00:00,False,premium,eqh,m15_range,False,False,,golden,,,,,,,,,0,,0,,False,0,3,True,False,0,False,False,True,True,continuation,d1_fvg,equal_hl,1.1696066666666667,0,32.9,3.0,12.6,85.5,104.2,145.3
NZDUSD,1,1,0.595805,0.5987799999999999,18000,0.596805,0.5988549999999999,990.6749999999463,2025-08-13 07:00:00+00:00,2025-08-13 10:20:00+00:00,target,amd_breaker_m15,judas,equal_hl,d3,ifvg,D,False,,17.8,against,ahead,fvg,17.8,against,2,N-long,judas,london_judas,london,,,False,3,1,240T|60T|15T,0,False,240T,60T,False,0,,D,,False,False,True,False,,True,single,12.3,18.0,3.0,2.0,low,0.9,True,2025-08-12 22:15:00+00:00,2025-08-13 02:30:00+00:00,2025-08-13 02:45:00+00:00,2025-08-13 02:55:00+00:00,False,premium,eql,m15_range,False,False,,,,,,,,,,,0,,0,,False,0,4,True,False,0,True,False,True,True,continuation,w_fvg,equal_hl,0.598025,0,31.9,4.1,8.8,75.7,102.2,163.2
EURUSD,1,-1,1.1684,1.1684400000000001,9000,1.1684,1.165,-6.660000000006661,2025-08-14 08:15:00+00:00,2025-08-14 10:10:00+00:00,stop,amd_fvg_h1,momentum,round_number,near,fvg,D,False,,0.0,with,inside,fvg,0.0,with,1,1b_ip,judas,london_judas,london,D,,False,2,2,15T,-1,False,15T,D,False,0,,,,False,False,False,False,,False,,28.8,15.0,3.0,2.0,high,1.8,True,2025-08-13 11:45:00+00:00,2025-08-13 15:15:00+00:00,2025-08-13 15:30:00+00:00,2025-08-13 15:30:00+00:00,False,discount,eqh,m15_range,False,False,confirmed,against,,,,,,,,,0,,0,,False,0,3,True,False,0,True,False,False,True,,,d1_fvg,1.16748,0,16.2,,94.9,293.4,293.4,313.4
EURUSD,1,-1,1.16822,1.16504,9000,1.16822,1.165,529.4699999999934,2025-08-14 13:15:00+00:00,2025-08-14 13:30:00+00:00,target,amd_ob_m5,judas,round_number,near,fvg,D,False,,0.0,with,inside,fvg,0.0,with,1,3a,judas,ny_judas,ny,,,True,3,2,15T,-1,False,15T,D,False,0,,,,False,False,False,False,,False,,18.9,11.0,3.0,2.0,high,10.5,True,2025-08-14 08:30:00+00:00,2025-08-14 11:00:00+00:00,2025-08-14 11:30:00+00:00,2025-08-14 11:35:00+00:00,False,discount,eqh,m15_range,False,False,,against,,,,,,,,,0,,0,,False,0,3,True,False,0,True,False,False,True,,,equal_hl,1.166246,0,33.0,15.3,93.1,291.6,291.6,311.6
EURUSD,1,1,1.16723,1.1681899999999998,17577,1.1682299999999999,1.1703799999999998,312.1675199999512,2025-08-15 07:00:00+00:00,2025-08-15 13:35:00+00:00,stop,amd_ob_m5,momentum,fib_extension,near,fvg,D,True,D,0.0,against,inside,fvg,0.0,against,1,3b,breakout,london_judas,london,,,False,5,1,15T,0,False,15T,,False,-1,60T,,,False,False,False,False,,True,single,34.8,13.0,2.0,2.0,low,0.4,True,2025-08-14 14:30:00+00:00,2025-08-14 17:30:00+00:00,2025-08-14 17:45:00+00:00,2025-08-14 17:55:00+00:00,True,discount,pdl,m15_range,False,False,confirmed,golden,,,,,,,,,0,,0,,False,0,3,False,False,0,True,False,True,True,continuation,d1_fvg,equal_hl,1.167185,0,22.7,,58.7,98.6,117.3,158.4
EURUSD,1,1,1.1664299999999999,1.1673899999999997,14062,1.1674299999999997,1.16971,249.74111999996094,2025-08-19 07:30:00+00:00,2025-08-19 13:30:00+00:00,stop,mss_ob_m5,momentum,swing,near,fvg,D,True,240T,0.0,against,inside,fvg,0.0,against,1,3b,judas,london_judas,london,,,False,4,1,,0,False,,240T,False,-1,60T,,,False,False,False,False,,True,single,15.1,13.0,2.0,3.0,high,0.1,False,2025-08-19 03:15:00+00:00,2025-08-19 06:15:00+00:00,2025-08-19 06:30:00+00:00,2025-08-19 06:30:00+00:00,False,discount,eqh,m15_range,False,False,,golden,,,,,,,,,0,,0,,False,0,3,True,False,0,False,False,True,True,continuation,d1_fvg,equal_hl,1.1677300000000002,0,28.5,11.2,52.3,35.2,125.3,166.4
EURUSD,1,1,1.1651799999999999,1.1651399999999998,14062,1.1651799999999999,1.16928,-10.405880000010407,2025-08-20 13:05:00+00:00,2025-08-20 15:20:00+00:00,stop,mss_fvg_m5,momentum,pdh_pdl,near,fvg,D,True,240T,0.0,against,inside,fvg,0.0,against,1,2a,judas,ny_judas,ny,,,False,6,1,15T,0,False,15T,240T,False,-1,60T,D,,False,False,True,False,,True,dual,32.9,66.0,2.0,2.0,high,2.5,False,2025-08-19 19:00:00+00:00,2025-08-20 11:15:00+00:00,2025-08-20 11:30:00+00:00,2025-08-20 11:30:00+00:00,False,premium,none,m15_range,False,False,confirmed,golden,,,,,,,,,0,,0,,False,0,3,True,False,0,False,False,True,True,continuation,d1_fvg,equal_hl,1.1672433333333332,0,21.8,6.6,64.8,47.7,137.8,178.9
EURUSD,1,-1,1.16422,1.16426,18000,1.16422,1.159,-13.320000000013321,2025-08-21 07:05:00+00:00,2025-08-21 08:15:00+00:00,stop,amd_ob_m5,momentum,itl_liquidity,d3,ifvg,D,True,240T,0.0,with,inside,fvg,0.0,with,2,1b,judas,london_judas,london,,,False,2,3,D,-1,True,D,D|60T,False,1,60T,,,False,False,True,False,,True,single,32.9,66.0,2.0,2.0,high,18.6,True,2025-08-19 19:00:00+00:00,2025-08-20 11:15:00+00:00,2025-08-20 13:45:00+00:00,2025-08-20 13:55:00+00:00,False,discount,eqh,m15_range,False,False,,against,,,,,,,,,0,,0,,False,0,2,False,False,0,True,False,False,True,,,equal_hl,1.1627233333333333,0,17.3,2.2,21.0,115.4,251.6,251.6
EURUSD,1,-1,1.16937,1.16995,9000,1.16991,1.16626,-96.57000000000416,2025-08-25 11:15:00+00:00,2025-08-25 12:55:00+00:00,stop,amd_fvg_m5,judas,pdh_pdl,near,fvg,D,False,,0.0,with,inside,fvg,0.0,with,1,3a,breakout,ny_judas,ny,,,False,2,2,D,-1,False,D,D,False,0,,,,False,False,False,False,,True,single,20.7,9.0,2.0,2.0,high,10.0,True,2025-08-22 16:00:00+00:00,2025-08-22 18:00:00+00:00,2025-08-22 18:45:00+00:00,2025-08-22 18:45:00+00:00,,,,m15_range,False,False,,against,,,,,,,,,0,,0,,False,0,3,True,False,0,True,False,False,True,,,equal_hl,1.16844,0,8.6,1.1,111.8,104.6,303.1,303.1
EURUSD,1,1,1.16488,1.1648399999999999,14062,1.16488,1.1680000000000001,-10.405880000010407,2025-08-26 12:00:00+00:00,2025-08-26 13:30:00+00:00,stop,amd_fvg_m5,momentum,round_number,near,fvg,D,True,240T,0.0,against,inside,fvg,0.0,against,1,3b,judas,ny_judas,ny,240T,240T,False,3,0,,0,False,,,False,-1,60T,240T,,False,False,False,False,,True,dual,23.6,20.0,2.0,4.0,low,21.5,True,2025-08-26 02:15:00+00:00,2025-08-26 07:00:00+00:00,2025-08-26 08:15:00+00:00,2025-08-26 08:15:00+00:00,False,discount,eql,m15_range,False,False,,golden,,,,,,,,,0,,0,,False,0,4,True,False,0,True,False,True,True,continuation,d1_fvg,equal_hl,1.16639,0,11.7,12.1,94.6,82.2,140.8,181.9
EURUSD,1,-1,1.1609800000000001,1.1600200000000003,22500,1.1599800000000002,1.1573300000000002,399.5999999999375,2025-08-27 08:10:00+00:00,2025-08-27 14:50:00+00:00,stop,amd_ob_m15,momentum,fib_extension,d3,ifvg,D,True,D,0.0,with,inside,fvg,0.0,with,2,1b,judas,london_judas,london,,,False,2,3,D|15T,-1,True,D,D|60T,False,-1,60T,,,False,False,True,False,,True,single,31.4,20.0,2.0,2.0,high,4.7,True,2025-08-26 10:15:00+00:00,2025-08-26 15:00:00+00:00,2025-08-26 15:15:00+00:00,2025-08-26 15:25:00+00:00,True,discount,pdh,m15_range,False,False,,against,,,,,,,,,0,,0,,False,0,2,False,False,0,True,False,False,True,,,equal_hl,1.160245,0,35.8,,8.6,20.7,219.2,219.2
EURUSD,1,1,1.16583,1.1667899999999998,14062,1.1668299999999998,1.1695,249.74111999996094,2025-08-28 11:15:00+00:00,2025-08-28 13:55:00+00:00,stop,amd_ob_m5,momentum,fib_extension,near,fvg,D,True,D,0.0,against,inside,fvg,0.0,against,1,2a,judas,ny_judas,ny,,,False,4,0,,0,False,,,False,0,,D,,False,False,True,False,,True,dual,25.6,57.0,3.0,5.0,low,0.1,True,2025-08-27 19:15:00+00:00,2025-08-28 09:15:00+00:00,2025-08-28 09:30:00+00:00,2025-08-28 09:30:00+00:00,False,premium,eql,m15_range,False,False,,golden,,,,,,,,,0,,0,,False,0,4,True,False,0,True,False,True,True,continuation,d1_fvg,equal_hl,1.16745,0,28.6,,63.0,72.7,131.3,172.4
GBPUSD,1,-1,1.34528,1.34633,14062,1.34628,1.34165,-273.1543499999988,2025-08-29 12:00:00+00:00,2025-08-29 14:00:00+00:00,stop,amd_fvg_m5,momentum,pdh_pdl,near,ifvg,D,False,,35.1,against,ahead,ifvg,35.1,against,1,1a_ip,judas,ny_judas,ny,,,False,6,2,15T,0,True,15T,,True,1,60T,,,False,False,True,False,,True,single,6.8,13.0,5.0,3.0,high,0.2,True,2025-08-28 22:15:00+00:00,2025-08-29 01:15:00+00:00,2025-08-29 02:00:00+00:00,2025-08-29 02:00:00+00:00,False,discount,eqh,m15_range,False,False,,golden,,,,,,,,,0,,0,,False,0,3,False,False,0,True,False,True,True,continuation,d1_fvg,equal_hl,1.34465,0,6.7,,37.3,54.8,312.8,312.8
EURUSD,1,1,1.17211,1.17207,28125,1.17211,1.18298,-20.812500000020815,2025-09-01 07:20:00+00:00,2025-09-01 08:05:00+00:00,stop,amd_fvg_h1,golden,opposing_liq,,,,False,,0.0,against,inside,fvg,0.0,against,2,golden,mm_golden,london_golden,london,,,False,4,0,,0,False,,,False,0,,,,False,False,False,False,,False,,11.1,16.0,2.0,3.0,low,,True,,,,,,,,m15_range,False,False,,golden,cascade,240T,untested,,2a,5T,fvg,15T,0,,0,,True,1,5,True,True,0,True,False,True,True,continuation,d1_fvg,equal_hl,1.172315,0,12.2,0.0,0.0,0.0,0.0,0.0
GBPUSD,1,1,1.35294,1.3521699999999999,42187,1.35222,1.37885,-600.9538150001245,2025-09-01 12:00:00+00:00,2025-09-01 12:55:00+00:00,stop,amd_ob_m5,golden,opposing_liq,,,,False,,1.6,against,ahead,ifvg,1.6,against,3,golden,mm_golden,ny_golden,ny,,,False,4,0,,0,False,,,False,0,,,,False,False,False,False,,False,,24.3,21.0,2.0,3.0,low,,True,,,,,,,,m15_range,False,False,,golden,cascade,,failed,,2b,15T,ifvg,15T,0,,0,,True,2,4,True,True,0,True,False,False,True,,,equal_hl,1.352875,0,3.4,0.0,0.0,0.0,0.0,0.0
GBPUSD,1,-1,1.35228,1.35233,35156,1.35228,1.34465,-32.519300000068625,2025-09-02 08:00:00+00:00,2025-09-02 08:05:00+00:00,stop,amd_ob_m15,momentum,equal_hl,near,,,False,,8.2,with,behind,ifvg,8.2,with,2,1a,breakout,london_judas,london,,,False,5,0,,0,False,,,False,1,60T,,,False,False,True,False,,True,single,29.7,49.0,2.0,2.0,high,4.9,True,2025-09-01 03:15:00+00:00,2025-09-01 15:15:00+00:00,2025-09-01 15:45:00+00:00,2025-09-01 15:55:00+00:00,True,discount,pdh,m15_range,False,False,,golden,,,,,,,,,0,,0,,False,0,4,True,True,0,True,False,False,True,,,equal_hl,1.340265,0,19.1,0.3,77.7,133.3,382.8,382.8
NZDUSD,1,-1,0.5886349999999999,0.5854483333333333,42187,0.5876349999999999,0.5853733333333333,2487.06427333325,2025-09-02 08:00:00+00:00,2025-09-02 08:50:00+00:00,target,amd_ob_m5,judas,equal_hl,d3,ifvg,W,False,,6.2,against,ahead,fvg,6.2,against,3,N-short_h4,breakout,london_judas,london,,,False,4,2,D,-1,False,D,,False,1,60T,D,,False,False,True,False,,False,,21.7,24.0,2.0,2.0,high,2.9,True,2025-09-01 03:45:00+00:00,2025-09-01 09:30:00+00:00,2025-09-01 09:45:00+00:00,2025-09-01 09:55:00+00:00,True,discount,pdh,m15_range,False,False,,,,,,,,,,,0,,0,,False,0,5,True,True,0,True,False,True,True,continuation,d1_fvg,equal_hl,0.5845233333333334,0,37.4,2.7,7.5,88.1,88.1,88.1
GBPUSD,1,-1,1.33825,1.3387,22500,1.33865,1.03261,-187.31250000002558,2025-09-02 12:55:00+00:00,2025-09-02 13:00:00+00:00,stop,amd_fvg_h1,golden,opposing_liq,,,,False,,0.0,against,inside,ifvg,0.0,against,2,golden,mm_golden,ny_golden,ny,,,False,2,0,,0,False,,,False,0,,,,False,False,False,False,,False,,29.7,49.0,2.0,2.0,high,,True,,,,,,,,m15_range,False,False,,golden,cascade,,failed,,1a,5T,ifvg,60T,0,,0,,True,1,4,True,True,0,True,False,False,True,,,equal_hl,1.337545,0,2.3,0.0,0.0,0.0,0.0,0.0
GBPUSD,2,-1,1.33413,1.33518,9000,1.33513,1.3302177599999998,-174.82499999999922,2025-09-02 13:35:00+00:00,2025-09-02 13:50:00+00:00,stop,pyramid_im0.8_fvg_m5,no_open,fib_extension,near,,,True,D,5.9,against,behind,ifvg,5.9,against,2,1a_h4,breakout,ny_judas,ny,,,False,3,0,,0,False,,,False,0,,,,False,False,True,False,,True,single,29.7,49.0,2.0,2.0,high,4.9,True,2025-09-01 03:15:00+00:00,2025-09-01 15:15:00+00:00,2025-09-01 15:45:00+00:00,2025-09-01 15:55:00+00:00,True,discount,pdh,m15_range,False,False,,golden,,,,,,,,,0,,0,,False,0,4,True,True,0,True,False,False,True,,,equal_hl,1.334805,0,1.3,,,,222.1,222.1
GBPUSD,1,-1,1.3362100000000001,1.3362600000000002,28125,1.3362100000000001,1.3302177599999998,-26.0156250000549,2025-09-02 13:15:00+00:00,2025-09-02 14:05:00+00:00,stop,amd_fvg_m5,momentum,fib_extension,near,,,True,D,5.9,against,behind,ifvg,5.9,against,2,1a_h4,breakout,ny_judas,ny,,,False,3,0,,0,False,,,False,0,,,,False,False,True,False,,True,single,29.7,49.0,2.0,2.0,high,4.9,True,2025-09-01 03:15:00+00:00,2025-09-01 15:15:00+00:00,2025-09-01 15:45:00+00:00,2025-09-01 15:55:00+00:00,True,discount,pdh,m15_range,False,False,,golden,,,,,,,,,0,,0,,False,0,4,True,True,0,True,False,False,True,,,equal_hl,1.334805,0,22.1,,,,222.1,222.1
EURUSD,1,1,1.1728299999999998,1.1727899999999998,28125,1.1728299999999998,1.17593,-20.812500000020815,2025-09-08 08:30:00+00:00,2025-09-08 09:25:00+00:00,stop,amd_fvg_m5,momentum,pdh_pdl,near,ifvg,D,False,,0.0,against,inside,fvg,0.0,against,2,3b,judas,london_judas,london,,240T,False,4,2,W|D|60T,1,False,W,W|60T,False,0,,,,False,False,True,False,,True,single,23.0,15.0,2.0,2.0,low,9.3,True,2025-09-05 18:15:00+00:00,2025-09-05 21:45:00+00:00,2025-09-07 23:45:00+00:00,2025-09-07 23:45:00+00:00,,,,m15_range,False,False,,golden,,,,,,,,,0,,0,,False,0,4,True,False,0,True,False,True,True,continuation,breaker,equal_hl,1.1739350000000002,0,14.4,,31.9,,31.9,102.4
NZDUSD,1,1,0.591975,0.5919,18000,0.591975,0.5957,-24.975000000015733,2025-09-08 08:00:00+00:00,2025-09-08 10:25:00+00:00,stop,amd_fvg_m15,momentum,fib_extension,near,,,True,D,10.4,against,behind,ifvg,10.4,against,2,N-long,judas,london_judas,london,,240T,False,3,2,60T,1,False,60T,W|60T,False,0,,,,False,False,True,False,,True,single,10.4,12.0,2.0,4.0,low,0.5,True,2025-09-07 22:15:00+00:00,2025-09-08 01:00:00+00:00,2025-09-08 01:15:00+00:00,2025-09-08 01:20:00+00:00,,,,m15_range,False,False,,,,,,,,,,,0,,0,,False,0,4,True,False,0,True,False,True,True,continuation,w_fvg,equal_hl,0.5926533333333334,0,10.9,,,,77.1,201.5
EURUSD,1,-1,1.1729500000000002,1.17399,6250,1.17395,1.1695116799999998,-120.24999999999189,2025-09-09 13:30:00+00:00,2025-09-09 14:15:00+00:00,stop,amd_fvg_m5,momentum,fib_extension,near,ifvg,D,True,240T,25.9,against,ahead,ob,0.0,with,0,3a,breakout,ny_judas,ny,,,False,3,1,15T,0,False,15T,,False,1,D,D,,False,False,True,False,,True,dual,25.6,12.0,2.0,2.0,high,2.5,True,2025-09-09 07:30:00+00:00,2025-09-09 10:15:00+00:00,2025-09-09 10:30:00+00:00,2025-09-09 10:35:00+00:00,True,premium,pdh,m15_range,False,False,,against,,,,,,,,,0,,0,,False,0,3,True,False,0,True,False,False,True,,,equal_hl,1.1711925,0,2.0,,81.9,156.4,202.7,338.9
EURUSD,1,-1,1.16877,1.1688100000000001,5000,1.16877,1.1656,-3.7000000000037003,2025-09-11 07:00:00+00:00,2025-09-11 13:25:00+00:00,stop,amd_ob_m5,momentum,swing,d3,fvg,240T,True,240T,0.0,against,inside,ifvg,0.0,against,0,3a,breakout,london_judas,london,,,False,3,1,240T,0,False,240T,,False,-1,60T,,,False,False,False,False,,False,,20.4,10.0,2.0,3.0,high,19.2,True,2025-09-10 08:15:00+00:00,2025-09-10 10:30:00+00:00,2025-09-10 15:45:00+00:00,2025-09-10 15:45:00+00:00,False,discount,eqh,m15_range,False,False,,against,,,,,,,,,0,,0,,False,0,2,False,False,0,True,False,False,True,,,equal_hl,1.1685775,0,23.8,,6.2,114.6,114.6,297.1
NZDUSD,1,-1,0.5929949999999999,0.5938950000000001,6250,0.59382,0.5899937800000001,-104.06250000001421,2025-09-11 07:00:00+00:00,2025-09-11 13:30:00+00:00,stop,amd_ob_m5,momentum,fib_extension,near,ifvg,W,True,240T,8.2,against,ahead,ifvg,8.2,against,1,N-short,breakout,london_judas,london,,,False,5,2,D,-1,False,D,,False,-1,60T,D,,False,False,True,False,,True,single,27.0,47.0,2.0,2.0,high,6.3,True,2025-09-10 03:15:00+00:00,2025-09-10 14:45:00+00:00,2025-09-10 15:00:00+00:00,2025-09-10 15:10:00+00:00,False,discount,eqh,m15_range,False,False,,,,,,,,,,,0,,0,,False,0,4,True,False,0,True,False,True,True,continuation,d1_fvg,equal_hl,0.59208,0,16.6,3.2,49.4,113.3,131.7,131.7
GBPUSD,1,1,1.35977,1.3597199999999998,15000,1.35977,1.36316652,-13.875000000029281,2025-09-15 11:00:00+00:00,2025-09-15 14:50:00+00:00,stop,amd_fvg_m5,momentum,fib_extension,near,ob,D,False,,78.0,against,ahead,ob,41.5,against,3,2b_h4,judas,ny_judas,ny,,,False,2,2,W|60T|15T,1,False,W,W|240T,False,0,,,,False,False,True,False,,True,dual,9.8,9.0,3.0,3.0,low,2.5,True,2025-09-14 23:00:00+00:00,2025-09-15 01:00:00+00:00,2025-09-15 01:30:00+00:00,2025-09-15 01:30:00+00:00,,,,m15_range,False,False,,against,,,,,,,,,0,,0,,False,0,3,True,False,0,True,False,False,True,,,equal_hl,1.3619366666666668,0,21.9,,,,,60.7
EURUSD,1,1,1.1764,1.17547,12500,1.17551,1.1798518000000002,-215.06249999997118,2025-09-15 13:00:00+00:00,2025-09-15 15:00:00+00:00,stop,amd_ob_m5,momentum,fib_extension,d60,,,True,D,1.0,against,ahead,ifvg,1.0,against,2,3b,breakout,ny_judas,ny,,,False,2,2,W|D|240T|15T,1,False,W,W|240T,False,0,,,,False,False,True,False,,True,single,19.8,54.0,2.0,5.0,low,5.8,True,2025-09-12 17:45:00+00:00,2025-09-15 07:00:00+00:00,2025-09-15 07:30:00+00:00,2025-09-15 07:30:00+00:00,,,,m15_range,False,False,,golden,,,,,,,,,0,,0,,False,0,4,True,False,0,True,False,True,True,continuation,breaker,equal_hl,1.17699,0,9.1,,,,16.8,27.0
NZDUSD,1,1,0.597655,0.596595,6250,0.59667,0.60076,-122.56250000000703,2025-09-16 08:00:00+00:00,2025-09-16 09:40:00+00:00,stop,amd_ob_m5,momentum,swing,d30,ifvg,W,True,D,0.0,against,inside,ifvg,0.0,against,1,N-long,breakout,london_judas,london,,,False,3,2,240T|15T,1,False,240T,W|240T,False,0,,,,False,False,False,False,,True,single,18.2,40.0,20.0,2.0,low,-14.4,True,2025-09-15 21:00:00+00:00,2025-09-16 06:45:00+00:00,2025-09-16 07:45:00+00:00,2025-09-16 07:50:00+00:00,True,premium,pdl,session_range,False,False,,,,,,,,,,,0,,0,,False,0,4,True,False,0,True,False,True,True,continuation,d1_fvg,equal_hl,0.59713125,0,3.9,,2.9,,20.3,83.7
EURUSD,1,1,1.17817,1.18156,15625,1.1791699999999998,1.1816,979.9218750000011,2025-09-16 07:00:00+00:00,2025-09-16 10:40:00+00:00,target,amd_fvg_h1,momentum,fib_extension,d60,,,False,,8.5,against,behind,ifvg,8.5,against,2,3b,breakout,london_judas,london,,,False,4,2,W|D|240T,1,False,W,W|240T,False,0,,,,False,False,True,False,,True,single,14.9,31.0,3.0,2.0,low,0.7,True,2025-09-15 18:00:00+00:00,2025-09-16 01:30:00+00:00,2025-09-16 01:45:00+00:00,2025-09-16 01:50:00+00:00,False,premium,eql,m15_range,False,False,opposing,golden,,,,,,,,,0,,0,,False,0,3,True,False,0,True,False,True,False,continuation,d1_fvg,,0.0,0,34.4,5.8,,,,7.9
EURUSD,1,-1,1.1846400000000001,1.1846800000000002,9000,1.1846400000000001,1.17344,-6.660000000006661,2025-09-17 08:05:00+00:00,2025-09-17 14:05:00+00:00,stop,amd_fvg_m5,momentum,pdh_pdl,near,fvg,D,True,240T,89.2,against,ahead,fvg,89.2,against,0,3a,breakout,london_judas,london,,W,False,1,1,15T,0,False,15T,,False,0,,D,,False,False,True,False,,True,single,14.0,22.0,4.0,3.0,high,1.9,True,2025-09-16 18:45:00+00:00,2025-09-17 00:00:00+00:00,2025-09-17 00:30:00+00:00,2025-09-17 00:35:00+00:00,False,premium,eqh,m15_range,False,False,,against,,,,,,,,,0,,0,,False,0,3,True,False,-1,True,False,False,True,,,equal_hl,1.175395,0,13.8,,131.3,239.2,273.3,455.8
GBPUSD,1,-1,1.35307,1.3500500000000002,14062,1.35207,1.35,785.6439399999482,2025-09-19 07:00:00+00:00,2025-09-19 07:30:00+00:00,target,amd_ob_m15,momentum,round_number,near,ifvg,W,False,,15.6,against,ahead,ifvg,15.6,against,1,1a,judas,london_judas,london,,W,False,3,2,D|60T,-1,False,D,60T,False,0,,240T,,False,False,False,False,,True,dual,34.9,13.0,2.0,2.0,high,39.5,True,2025-09-18 05:15:00+00:00,2025-09-18 08:15:00+00:00,2025-09-18 12:00:00+00:00,2025-09-18 12:00:00+00:00,False,discount,none,m15_range,False,False,,golden,,,,,,,,,0,,0,,False,0,3,False,False,1,True,False,False,True,,,equal_hl,1.3501180000000002,0,32.9,1.1,,198.6,198.6,390.7
NZDUSD,1,-1,0.586325,0.5873750000000001,28125,0.5873,0.58324,-546.3281250000554,2025-09-19 07:00:00+00:00,2025-09-19 08:15:00+00:00,stop,amd_fvg_m15,momentum,pwh_pwl,near,ifvg,W,True,240T,5.0,against,ahead,ifvg,5.0,against,2,N-short,judas,london_judas,london,,W,False,4,1,60T,0,False,60T,60T,False,0,,240T,,False,False,True,False,,True,dual,19.5,42.0,2.0,3.0,high,0.7,True,2025-09-18 14:15:00+00:00,2025-09-19 00:30:00+00:00,2025-09-19 01:00:00+00:00,2025-09-19 01:00:00+00:00,False,discount,eqh,m15_range,False,False,,,,,,,,,,,0,,0,,False,0,4,True,False,1,True,False,False,True,,,equal_hl,0.5855225000000001,0,9.2,,,32.1,65.0,65.0
EURUSD,1,-1,1.17558,1.1746200000000002,18000,1.1745800000000002,1.17251912,319.67999999995,2025-09-19 12:00:00+00:00,2025-09-19 14:00:00+00:00,stop,amd_ob_m5,momentum,fib_extension,d3,ifvg,240T,True,240T,0.0,against,inside,ifvg,0.0,against,2,3a,breakout,ny_judas,ny,,W,False,2,1,60T|15T,0,False,60T,60T,False,0,,,,False,False,True,False,,True,single,20.5,40.0,3.0,2.0,high,0.1,True,2025-09-18 18:45:00+00:00,2025-09-19 04:30:00+00:00,2025-09-19 04:45:00+00:00,2025-09-19 04:45:00+00:00,False,discount,eqh,m15_range,False,False,,against,,,,,,,,,0,,0,,False,0,4,True,False,1,True,False,False,True,,,equal_hl,1.1728833333333333,0,27.2,,6.7,148.6,182.7,365.2
EURUSD,1,1,1.17733,1.17689,22500,1.17693,1.19186,-183.14999999999833,2025-09-22 12:00:00+00:00,2025-09-22 12:15:00+00:00,stop,amd_ob_m5,golden,opposing_liq,,,,False,,16.1,with,behind,ob,0.0,against,2,golden,mm_golden,ny_golden,ny,,,False,1,0,,0,False,,,False,0,,,,False,False,False,False,,False,,18.0,34.0,3.0,3.0,low,,True,,,,,,,,m15_range,False,False,,golden,cascade,240T,failed,,2a,15T,ifvg,60T,0,,0,,True,1,4,True,False,0,True,False,True,True,continuation,d1_fvg,equal_hl,1.1772425,0,0.0,0.0,0.0,0.0,0.0,0.0
NZDUSD,1,-1,0.5849749999999999,0.585775,11250,0.5857,0.58179,-166.50000000002785,2025-09-24 07:45:00+00:00,2025-09-24 08:40:00+00:00,stop,amd_ob_m5,momentum,swing,d3,ob,W,False,,0.0,against,inside,ifvg,0.0,against,1,N-short_h4,judas,london_judas,london,,W,False,3,1,240T|60T,0,False,240T,,False,1,60T,240T,,False,False,False,False,,True,single,15.0,18.0,2.0,2.0,high,3.8,True,2025-09-23 22:30:00+00:00,2025-09-24 02:45:00+00:00,2025-09-24 03:15:00+00:00,2025-09-24 03:20:00+00:00,False,discount,eqh,m15_range,False,False,,,,,,,,,,,0,,0,,False,0,2,False,False,0,True,False,False,True,,,equal_hl,0.584638,0,1.4,13.9,13.9,,51.5,51.5
EURUSD,1,-1,1.1794200000000001,1.1759,22500,1.1784200000000002,1.17586,1465.200000000079,2025-09-24 07:15:00+00:00,2025-09-24 11:10:00+00:00,target,amd_fvg_m5,momentum,fib_extension,near,ifvg,D,False,,15.5,against,ahead,ob,0.0,with,2,3a,judas,london_judas,london,,W,False,2,1,15T,0,False,15T,,False,1,60T,,,False,False,True,False,,False,,34.5,58.0,3.0,4.0,high,0.7,True,2025-09-23 08:30:00+00:00,2025-09-23 22:45:00+00:00,2025-09-23 23:00:00+00:00,2025-09-23 23:05:00+00:00,True,discount,pdh,m15_range,False,False,opposing,against,,,,,,,,,0,,0,,False,0,3,True,False,0,True,False,False,True,,,equal_hl,1.17536,0,36.3,0.4,68.9,136.2,221.1,403.6
EURUSD,1,-1,1.17581,1.1748500000000002,28125,1.1748100000000001,1.1727400000000001,499.49999999992184,2025-09-24 11:10:00+00:00,2025-09-25 02:00:00+00:00,stop,amd_fvg_m5,momentum,equal_hl,near,ifvg,D,True,240T,0.0,against,inside,fvg,0.0,against,2,1b,breakout,ny_judas,ny,,W,False,6,1,15T,0,False,15T,,False,1,60T,,,False,False,True,False,,True,single,34.5,58.0,3.0,4.0,high,0.7,True,2025-09-23 08:30:00+00:00,2025-09-23 22:45:00+00:00,2025-09-23 23:00:00+00:00,2025-09-23 23:05:00+00:00,True,discount,pdh,m15_range,False,False,,against,,,,,,,,,0,,0,,False,0,3,True,False,0,True,False,False,True,,,equal_hl,1.17328,0,30.1,,32.8,100.1,185.0,367.5
GBPUSD,1,-1,1.34522,1.3456700000000001,28125,1.34562,1.03261,-234.14062500003197,2025-09-25 11:15:00+00:00,2025-09-25 11:35:00+00:00,stop,amd_ob_m5,golden,opposing_liq,,,,False,,20.3,with,behind,fvg,20.3,with,2,golden,mm_golden,ny_golden,ny,,,False,6,0,,0,False,,,False,0,,,,False,False,False,False,,False,,33.3,55.0,3.0,3.0,high,,True,,,,,,,,m15_range,False,False,,golden,cascade,240T,failed,,1a,5T,ifvg,60T,0,,0,,True,1,4,True,False,0,True,False,True,True,continuation,d1_fvg,equal_hl,1.344945,0,4.3,0.0,0.0,0.0,0.0,0.0
GBPUSD,1,-1,1.34199,1.3410400000000002,22500,1.3409900000000001,1.3382764000000003,395.43749999991024,2025-09-25 13:00:00+00:00,2025-09-25 13:30:00+00:00,stop,amd_fvg_m5,momentum,fib_extension,near,,,False,,2.2,against,ahead,ifvg,2.2,against,2,1a_h4,judas,ny_judas,ny,,W,False,3,1,240T,0,False,240T,60T,False,0,,,,False,False,True,False,,True,single,26.0,65.0,4.0,2.0,high,2.4,True,2025-09-24 15:30:00+00:00,2025-09-25 07:30:00+00:00,2025-09-25 07:45:00+00:00,2025-09-25 07:50:00+00:00,False,discount,eqh,m15_range,False,False,confirmed,golden,,,,,,,,,0,,0,,False,0,4,True,False,0,True,False,True,True,continuation,d1_fvg,equal_hl,1.334805,0,30.2,3.3,,,87.8,279.9
EURUSD,1,-1,1.16744,1.16748,22500,1.16744,1.16081,-16.65000000001665,2025-09-26 11:15:00+00:00,2025-09-26 12:50:00+00:00,stop,amd_ob_m5,momentum,itl_liquidity,d3,ifvg,D,False,,63.6,against,ahead,ifvg,63.6,against,2,3a,judas,ny_judas,ny,,W,False,2,1,60T,0,False,60T,60T,False,0,,240T,,False,False,True,False,,True,single,33.7,56.0,2.0,2.0,high,4.0,True,2025-09-25 19:30:00+00:00,2025-09-26 09:15:00+00:00,2025-09-26 09:30:00+00:00,2025-09-26 09:40:00+00:00,False,discount,eqh,m15_range,False,False,,against,,,,,,,,,0,,0,,False,0,3,True,False,0,True,False,False,True,,,equal_hl,1.1658400000000002,0,12.9,18.5,29.9,16.4,101.3,283.8
EURUSD,1,1,1.17393,1.1738899999999999,11250,1.17393,1.177,-8.325000000008325,2025-09-29 13:35:00+00:00,2025-09-29 14:20:00+00:00,stop,amd_fvg_m5,momentum,swing,d3,ifvg,D,True,240T,11.3,against,behind,fvg,11.3,against,1,2a,judas,ny_judas,ny,,,False,2,2,W|D,1,False,W,W|D,False,0,,,,False,False,False,False,,True,single,25.4,16.0,4.0,1.0,low,-1.6,True,2025-09-29 07:00:00+00:00,2025-09-29 10:45:00+00:00,2025-09-29 12:30:00+00:00,2025-09-29 12:30:00+00:00,,,,session_range,False,False,confirmed,golden,,,,,,,,,0,,0,,False,0,5,True,True,0,True,False,True,True,continuation,breaker,equal_hl,1.1749880000000001,0,12.2,,15.4,180.2,180.2,180.2
EURUSD,1,1,1.1734099999999998,1.1743699999999997,14062,1.1744099999999997,1.17672,249.74111999996094,2025-09-30 07:15:00+00:00,2025-09-30 11:10:00+00:00,stop,amd_fvg_m15,momentum,fib_extension,d3,ifvg,D,True,240T,6.1,against,behind,fvg,6.1,against,1,3b,breakout,london_judas,london,,,False,2,2,W|D,1,False,W,W|D,False,1,60T,240T,,False,False,False,False,,True,single,22.2,45.0,4.0,2.0,low,0.5,True,2025-09-29 15:45:00+00:00,2025-09-30 02:45:00+00:00,2025-09-30 03:00:00+00:00,2025-09-30 03:00:00+00:00,False,premium,pwl,m15_range,False,False,confirmed,golden,,,,,,,,,0,,0,,False,0,5,True,True,0,True,False,True,True,continuation,breaker,equal_hl,1.1742383333333333,0,27.4,,21.2,185.4,185.4,185.4
GBPUSD,1,1,1.34707,1.3480199999999998,28125,1.3480699999999999,1.37885,494.2968749998878,2025-10-01 13:05:00+00:00,2025-10-01 13:15:00+00:00,stop,amd_ob_m5,golden,opposing_liq,,,,False,,0.0,against,inside,ifvg,0.0,against,2,golden,mm_golden,ny_golden,ny,,,False,4,0,,0,False,,,False,0,,,,False,False,False,False,,False,,28.6,46.0,3.0,3.0,low,,True,,,,,,,,m15_range,False,False,,golden,cascade,,failed,,2b,5T,ifvg,15T,0,,0,,True,1,2,False,False,0,True,False,False,True,,,equal_hl,1.3473019999999998,0,48.4,0.0,0.0,0.0,0.0,0.0
EURUSD,1,-1,1.1714200000000001,1.1704600000000003,22500,1.1704200000000002,1.16829,399.5999999999375,2025-10-06 07:00:00+00:00,2025-10-06 08:10:00+00:00,stop,amd_fvg_m5,momentum,pdh_pdl,near,,,True,D,2.3,against,ahead,ifvg,2.3,against,2,1b,judas,london_judas,london,,,False,6,1,240T|15T,0,False,240T,,False,0,,,,False,False,True,False,,True,dual,32.3,84.0,3.0,3.0,high,14.7,True,2025-10-02 18:00:00+00:00,2025-10-03 14:45:00+00:00,2025-10-03 15:00:00+00:00,2025-10-03 15:05:00+00:00,,,,m15_range,False,False,confirmed,against,,,,,,,,,0,,0,,False,0,3,True,False,0,True,False,False,True,,,equal_hl,1.1684125,0,24.1,9.1,32.2,69.7,107.0,323.6
EURUSD,1,-1,1.17026,1.1693000000000002,22500,1.1692600000000002,0.95357,399.5999999999375,2025-10-06 08:10:00+00:00,2025-10-06 08:40:00+00:00,stop,amd_ob_m5,golden,opposing_liq,,,,False,,3.1,against,behind,ifvg,3.1,against,2,golden,mm_golden,london_golden,london,,,False,3,0,,0,False,,,False,0,,,,False,False,False,False,,False,,32.3,84.0,3.0,3.0,high,,True,,,,,,,,m15_range,False,False,,golden,cascade,,failed,,1b,15T,fvg,60T,0,,0,,True,1,3,True,False,0,True,False,False,True,,,equal_hl,1.1701199999999998,0,35.9,0.0,0.0,0.0,0.0,0.0
NZDUSD,1,-1,0.5826049999999999,0.58268,22500,0.5826049999999999,0.5787100000000001,-31.218750000019668,2025-10-06 08:40:00+00:00,2025-10-06 13:30:00+00:00,stop,amd_ob_m5,momentum,equal_hl,d3,ob,W,True,240T,4.9,with,behind,ifvg,4.9,with,2,N-short,judas,london_judas,london,240T,,False,4,0,,0,False,,,False,0,,,,False,False,True,False,,True,single,25.5,25.0,3.0,2.0,high,1.4,True,2025-10-05 22:15:00+00:00,2025-10-06 04:15:00+00:00,2025-10-06 04:30:00+00:00,2025-10-06 04:40:00+00:00,,,,m15_range,False,False,,,,,,,,,,,0,,0,,False,0,4,True,False,0,True,False,True,True,continuation,d1_fvg,equal_hl,0.5815075,0,16.0,22.3,30.6,73.5,73.5,73.5
EURUSD,1,-1,1.16855,1.1675900000000001,28125,1.16755,0.95357,499.49999999992184,2025-10-07 07:25:00+00:00,2025-10-07 11:40:00+00:00,stop,amd_fvg_m15,golden,opposing_liq,,,,False,,20.2,against,behind,ifvg,20.2,against,2,golden,mm_golden,london_golden,london,,,False,6,0,,0,False,,,False,0,,,,False,False,False,False,,False,,12.9,17.0,3.0,5.0,high,,True,,,,,,,,m15_range,False,False,,golden,cascade,,failed,,1b,5T,ifvg,60T,0,,0,,True,1,3,True,False,0,True,False,False,True,,,equal_hl,1.1684125,0,25.1,0.0,0.0,0.0,0.0,0.0
GBPUSD,1,-1,1.34001,1.3406900000000002,33750,1.34064,1.03261,-424.5750000001473,2025-10-07 12:55:00+00:00,2025-10-07 13:35:00+00:00,stop,amd_fvg_m15,golden,opposing_liq,,,,False,,5.6,against,behind,ob,0.0,against,3,golden,mm_golden,ny_golden,ny,,,False,2,0,,0,False,,,False,0,,,,False,False,False,False,,False,,21.6,21.0,2.0,2.0,high,,True,,,,,,,,m15_range,False,False,,golden,own_ob,,respected,,1a,5T,fvg,60T,0,,0,,True,3,3,True,False,0,True,False,False,True,,,equal_hl,1.3398516666666664,0,6.5,0.0,0.0,0.0,0.0,0.0
GBPUSD,1,-1,1.3403100000000001,1.337175,28125,1.3393100000000002,1.337125,1631.1796875000573,2025-10-09 07:00:00+00:00,2025-10-09 07:30:00+00:00,target,amd_ob_m5,momentum,equal_hl,near,ob,240T,False,,2.6,against,behind,ob,0.0,against,2,1a,judas,london_judas,london,,,False,4,1,240T|60T,0,False,240T,,False,1,60T,,,False,False,True,False,,True,dual,19.6,22.0,2.0,2.0,high,5.7,True,2025-10-08 20:30:00+00:00,2025-10-09 01:45:00+00:00,2025-10-09 02:00:00+00:00,2025-10-09 02:05:00+00:00,False,discount,eqh,m15_range,False,False,confirmed,golden,,,,,,,,,0,,0,,False,0,2,False,False,0,True,False,False,True,,,equal_hl,1.3342800000000001,0,33.9,8.0,33.4,80.6,80.6,263.1
NZDUSD,1,-1,0.577085,0.57716,33750,0.577085,0.57365,-46.8281250000295,2025-10-09 07:40:00+00:00,2025-10-09 10:00:00+00:00,stop,amd_fvg_m15,momentum,pdh_pdl,near,ob,W,True,240T,30.0,with,behind,fvg,30.0,with,3,N-short,breakout,london_judas,london,,,False,2,0,,0,False,,,False,1,60T,,,False,False,True,False,,True,single,34.5,71.0,3.0,3.0,high,0.4,True,2025-10-08 12:00:00+00:00,2025-10-09 05:30:00+00:00,2025-10-09 05:45:00+00:00,2025-10-09 05:50:00+00:00,True,discount,pdh,m15_range,False,False,,,,,,,,,,,0,,0,,False,0,3,False,False,0,True,False,True,True,continuation,d1_fvg,equal_hl,0.5768500000000001,0,10.7,,35.6,18.3,35.6,35.6
GBPUSD,1,-1,1.3304,1.3294500000000002,33750,1.3294000000000001,1.03261,593.1562499998654,2025-10-10 07:15:00+00:00,2025-10-10 08:45:00+00:00,stop,amd_ob_m5,golden,opposing_liq,,,,False,,162.9,with,behind,ob,22.1,against,3,golden,mm_golden,london_golden,london,,,False,3,0,,0,False,,,False,0,,,,False,False,False,False,,False,,27.3,39.0,3.0,2.0,high,,True,,,,,,,,m15_range,False,False,,golden,cascade,240T,failed,,1a,15T,ifvg,60T,0,,0,,True,2,3,False,False,0,True,False,True,True,continuation,breaker,equal_hl,1.328045,0,24.9,0.0,0.0,0.0,0.0,0.0
EURUSD,1,-1,1.16101,1.15765,33750,1.1600100000000002,1.15761,2097.9000000000187,2025-10-13 08:00:00+00:00,2025-10-13 12:40:00+00:00,target,amd_fvg_m15,momentum,fib_extension,near,ifvg,D,True,240T,32.0,against,ahead,ifvg,32.0,against,3,1b_h4,judas,london_judas,london,,,False,3,1,240T,0,False,240T,240T,False,0,,240T,,False,False,True,False,,True,single,27.5,30.0,2.0,4.0,high,2.2,True,2025-10-12 23:45:00+00:00,2025-10-13 07:00:00+00:00,2025-10-13 07:15:00+00:00,2025-10-13 07:20:00+00:00,,,,m15_range,False,False,,against,,,,,,,,,0,,0,,False,0,3,True,False,0,True,False,False,True,,,equal_hl,1.159505,0,37.6,19.2,69.0,,69.0,83.3
EURUSD,1,-1,1.1573200000000001,1.1573600000000002,33750,1.1573200000000001,1.1542,-24.975000000024977,2025-10-13 12:40:00+00:00,2025-10-13 14:40:00+00:00,stop,amd_fvg_h1,momentum,pdh_pdl,near,ifvg,D,False,,0.0,against,inside,ifvg,0.0,against,3,1b,breakout,ny_judas,ny,,,False,4,1,240T|15T,0,False,240T,240T,False,1,60T,,,False,False,True,False,,True,single,27.5,30.0,2.0,4.0,high,2.2,True,2025-10-12 23:45:00+00:00,2025-10-13 07:00:00+00:00,2025-10-13 07:15:00+00:00,2025-10-13 07:20:00+00:00,,,,m15_range,False,False,confirmed,against,,,,,,,,,0,,0,,False,0,3,True,False,0,True,False,False,True,,,equal_hl,1.1563074999999998,0,11.6,,32.1,,32.1,46.4
GBPUSD,1,-1,1.32725,1.3273000000000001,42187,1.32725,1.3233591999999998,-39.022975000082354,2025-10-14 08:15:00+00:00,2025-10-14 09:30:00+00:00,stop,amd_fvg_m5,momentum,fib_extension,d60,ifvg,W,False,,194.4,with,behind,ob,0.0,against,3,1a_ip,breakout,london_judas,london,,,False,2,1,,0,False,,240T,False,0,,240T,,False,False,True,False,,True,single,29.0,40.0,6.0,2.0,high,-11.7,True,2025-10-13 21:00:00+00:00,2025-10-14 06:45:00+00:00,2025-10-14 07:00:00+00:00,2025-10-14 07:00:00+00:00,False,discount,eqh,session_range,False,False,confirmed,golden,,,,,,,,,0,,0,,False,0,3,True,False,0,True,False,True,False,continuation,breaker,,0.0,0,20.1,,12.3,,12.3,14.2
EURUSD,1,1,1.16377,1.16273,14062,1.16277,1.16751,-270.55287999998177,2025-10-15 07:50:00+00:00,2025-10-15 11:05:00+00:00,stop,amd_fvg_m5,momentum,fib_extension,near,ifvg,240T,False,,59.6,with,behind,ifvg,59.6,with,1,3b,judas,london_judas,london,,,False,4,2,W|15T,1,False,W,W,False,0,,D,,False,False,True,False,,False,,27.0,40.0,9.0,8.0,low,-17.8,True,2025-10-14 21:00:00+00:00,2025-10-15 06:45:00+00:00,2025-10-15 07:00:00+00:00,2025-10-15 07:00:00+00:00,False,premium,eql,session_range,False,False,opposing,golden,,,,,,,,,0,,0,,False,0,4,True,False,0,True,False,True,True,continuation,pdhl,equal_hl,1.16479,0,7.6,,,141.7,281.8,281.8
EURUSD,1,-1,1.16249,1.16253,22500,1.16249,0.95357,-16.65000000001665,2025-10-15 13:25:00+00:00,2025-10-15 14:35:00+00:00,stop,amd_ob_m5,golden,opposing_liq,,,,False,,46.8,against,ahead,ifvg,46.8,against,2,golden,mm_golden,ny_golden,ny,,,False,2,0,,0,False,,,False,0,,,,False,False,False,False,,False,,24.2,25.0,2.0,3.0,high,,True,,,,,,,,m15_range,False,False,,golden,cascade,,failed,,1b,5T,ob2,5T,0,,0,,True,1,2,False,False,0,True,False,False,True,,,equal_hl,1.1623375,0,14.6,0.0,0.0,0.0,0.0,0.0
GBPUSD,1,1,1.34182,1.34077,22500,1.3408200000000001,1.37885,-437.06249999999807,2025-10-16 07:20:00+00:00,2025-10-16 07:30:00+00:00,stop,amd_ob_m15,golden,opposing_liq,,,,False,,48.7,against,ahead,ifvg,48.7,against,2,golden,mm_golden,london_golden,london,,,False,3,0,,0,False,,,False,0,,,,False,False,False,False,,False,,21.5,14.0,2.0,2.0,low,,True,,,,,,,,m15_range,False,False,,golden,cascade,,failed,,2b,60T,fvg,15T,0,,0,,True,1,3,True,False,0,True,False,False,True,,,equal_hl,1.3446966666666667,0,0.0,0.0,0.0,0.0,0.0,0.0
EURUSD,1,-1,1.16812,1.1671600000000002,11250,1.1671200000000002,1.16438404,199.79999999996875,2025-10-17 13:00:00+00:00,2025-10-17 15:40:00+00:00,stop,amd_ob_m5,momentum,fib_extension,near,fvg,D,False,,38.7,against,ahead,ob,33.4,with,1,1b_ip,breakout,ny_judas,ny,,,False,4,0,,0,False,,,False,1,60T,D,,False,False,True,False,,True,dual,31.9,47.0,5.0,2.0,high,16.1,True,2025-10-16 18:15:00+00:00,2025-10-17 05:45:00+00:00,2025-10-17 06:45:00+00:00,2025-10-17 06:55:00+00:00,False,premium,eqh,m15_range,False,False,,against,,,,,,,,,0,,0,,False,0,2,False,False,0,True,False,False,True,,,equal_hl,1.16545,0,24.9,1.9,139.8,,140.1,140.1
GBPUSD,1,-1,1.33285,1.3319000000000003,28125,1.3318500000000002,1.32867268,494.2968749998878,2025-10-22 08:00:00+00:00,2025-10-22 12:40:00+00:00,stop,amd_fvg_m5,momentum,fib_extension,near,fvg,240T,True,240T,23.5,against,behind,ob,0.0,against,2,1a_ip,breakout,london_judas,london,,,False,3,2,D,-1,False,D,,False,0,,240T,,False,False,True,False,,True,dual,22.1,34.0,3.0,3.0,high,1.0,True,2025-10-21 22:15:00+00:00,2025-10-22 06:30:00+00:00,2025-10-22 06:45:00+00:00,2025-10-22 06:50:00+00:00,False,discount,eqh,m15_range,False,False,,golden,,,,,,,,,0,,0,,False,0,4,True,False,0,True,False,True,True,continuation,d1_fvg,equal_hl,1.332155,0,23.1,,,68.3,81.1,81.1
EURUSD,1,-1,1.15921,1.15965,9000,1.15961,1.1559,-73.25999999999932,2025-10-23 11:30:00+00:00,2025-10-23 13:30:00+00:00,stop,amd_ob_m5,momentum,swing,d3,ifvg,D,True,240T,14.0,against,ahead,ob,0.0,against,1,3a,judas,ny_judas,ny,,,False,2,2,D,-1,False,D,,False,0,,,,False,False,False,False,,True,single,24.6,11.0,4.0,3.0,high,5.6,True,2025-10-22 14:45:00+00:00,2025-10-22 17:15:00+00:00,2025-10-22 17:30:00+00:00,2025-10-22 17:30:00+00:00,False,discount,eqh,m15_range,False,False,opposing,against,,,,,,,,,0,,0,,False,0,2,False,False,0,True,False,False,True,,,equal_hl,1.158212,0,6.8,1.0,16.3,51.0,51.0,51.0
EURUSD,1,1,1.16431,1.1634499999999999,17577,1.16349,1.167345,-279.650070000027,2025-10-27 11:45:00+00:00,2025-10-27 13:40:00+00:00,stop,amd_ob_m5,momentum,equal_hl,d3,fvg,240T,False,,4.9,against,behind,fvg,4.9,against,0,3b,breakout,ny_judas,ny,,,False,4,2,W,1,False,W,W,False,0,,240T,,False,False,False,False,,True,dual,13.4,23.0,5.0,5.0,low,2.1,True,2025-10-27 02:15:00+00:00,2025-10-27 07:45:00+00:00,2025-10-27 08:00:00+00:00,2025-10-27 08:05:00+00:00,,,,m15_range,False,False,,golden,,,,,,,,,0,,0,,False,0,4,True,False,0,True,False,True,True,continuation,d1_fvg,equal_hl,1.165172,0,8.3,5.3,6.8,86.1,177.7,276.4
GBPUSD,1,-1,1.33086,1.3260633333333334,33750,1.3273599999999999,1.3260133333333333,2994.9187499999334,2025-10-28 12:00:00+00:00,2025-10-28 13:30:00+00:00,target,mss_fvg_h1,momentum,equal_hl,d3,ob,D,False,,48.3,with,behind,ob,26.7,against,3,1a_h4,judas,ny_judas,ny,,D,False,3,2,D|240T,-1,False,D,,False,1,60T,D,,False,False,True,False,,True,single,29.0,14.0,2.0,2.0,low,1.1,False,2025-10-28 08:30:00+00:00,2025-10-28 11:45:00+00:00,2025-10-28 12:00:00+00:00,2025-10-28 12:10:00+00:00,False,discount,eql,m15_range,False,False,confirmed,golden,,,,,,,,,0,,0,,False,0,3,True,False,0,False,False,True,True,continuation,d1_fvg,equal_hl,1.328325,0,52.2,,22.6,61.2,61.2,61.2
GBPUSD,1,-1,1.32202,1.3210700000000002,33750,1.32102,1.3169567,593.1562499998654,2025-10-29 08:00:00+00:00,2025-10-29 09:30:00+00:00,stop,amd_fvg_h1,momentum,fib_extension,near,ifvg,W,False,,136.7,with,behind,ob,0.0,against,3,1a_h4,judas,london_judas,london,,240T,False,1,2,D|240T|15T,-1,False,D,240T,False,0,,D,,False,False,True,False,,True,single,24.4,9.0,2.0,2.0,high,7.7,True,2025-10-28 14:15:00+00:00,2025-10-28 16:15:00+00:00,2025-10-28 16:45:00+00:00,2025-10-28 16:55:00+00:00,False,discount,eqh,m15_range,False,False,confirmed,golden,,,,,,,,,0,,0,,False,0,3,True,False,0,True,False,True,False,continuation,d1_fvg,,0.0,0,22.9,,,,,
EURUSD,1,-1,1.1603700000000001,1.15706,28125,1.1593700000000002,1.15702,1722.234375000076,2025-10-30 11:00:00+00:00,2025-10-30 12:40:00+00:00,target,mss_fvg_h1,momentum,fib_extension,d3,ifvg,D,True,240T,25.6,against,ahead,ob,0.0,against,2,3a,judas,ny_judas,ny,,,False,5,2,D|60T,-1,False,D,240T|60T,False,0,,240T,,False,False,True,False,,True,single,28.0,26.0,3.0,2.0,low,2.0,False,2025-10-30 04:30:00+00:00,2025-10-30 10:45:00+00:00,2025-10-30 11:00:00+00:00,2025-10-30 11:00:00+00:00,False,discount,eql,m15_range,False,False,,against,,,,,,,,,0,,0,,False,0,2,True,False,0,False,False,False,True,,,equal_hl,1.1595419999999999,0,36.8,7.9,27.3,62.3,62.6,62.6
GBPUSD,1,-1,1.31319,1.31424,22500,1.31419,1.03261,-437.06249999999807,2025-10-30 13:20:00+00:00,2025-10-30 13:30:00+00:00,stop,amd_fvg_m15,golden,opposing_liq,,,,False,,148.5,with,behind,ob,38.6,against,2,golden,mm_golden,ny_golden,ny,,,False,1,0,,0,False,,,False,0,,,,False,False,False,False,,False,,21.7,18.0,2.0,4.0,high,,True,,,,,,,,m15_range,False,False,,golden,cascade,240T,failed,,1a,5T,ifvg,60T,0,,0,,True,1,3,True,False,0,True,False,True,False,continuation,d1_fvg,,0.0,0,1.2,0.0,0.0,0.0,0.0,0.0
GBPUSD,2,-1,1.31099,1.31204,9000,1.31199,1.03261,-174.82499999999922,2025-10-31 12:10:00+00:00,2025-10-31 12:35:00+00:00,stop,pyramid_wamd1.0_fvg_m5,no_open,opposing_liq,,,,False,,89.1,with,behind,ob,36.1,against,2,golden,mm_golden,ny_golden,ny,,,False,3,0,,0,False,,,False,0,,,,False,False,False,False,,False,,19.2,22.0,2.0,2.0,high,,True,,,,,,,,m15_range,False,False,,golden,own_ob,240T,respected,15T,1a,15T,ob,60T,0,,0,,True,2,3,True,False,0,True,False,True,False,continuation,w_fvg,,0.0,0,0.9,0.0,0.0,0.0,0.0,0.0
EURUSD,1,-1,1.1553,1.1543400000000001,27000,1.1543,1.1510991599999998,479.51999999992495,2025-10-31 13:00:00+00:00,2025-10-31 13:40:00+00:00,stop,mss_fvg_m5,momentum,fib_extension,d60,ifvg,D,True,D,0.0,against,inside,ifvg,0.0,against,3,1b_h4,judas,ny_judas,ny,,,False,1,2,D|240T|60T,-1,False,D,240T|60T,False,0,,,,False,False,True,False,,True,single,33.0,95.0,3.0,3.0,low,3.6,False,2025-10-30 13:15:00+00:00,2025-10-31 12:45:00+00:00,2025-10-31 13:00:00+00:00,2025-10-31 13:05:00+00:00,False,discount,eql,m15_range,False,False,,against,,,,,,,,,0,,0,,False,0,1,True,False,0,False,False,False,False,,,,0.0,0,21.4,0.8,6.9,11.6,11.9,11.9
GBPUSD,2,-1,1.31107,1.31112,9000,1.31107,1.03261,-8.325000000017567,2025-10-31 12:40:00+00:00,2025-10-31 13:50:00+00:00,stop,pyramid_wamd1.0_fvg_m5,no_open,opposing_liq,,,,False,,89.1,with,behind,ob,36.1,against,2,golden,mm_golden,ny_golden,ny,,,False,3,0,,0,False,,,False,0,,,,False,False,False,False,,False,,19.2,22.0,2.0,2.0,high,,True,,,,,,,,m15_range,False,False,,golden,own_ob,240T,respected,15T,1a,15T,ob,60T,0,,0,,True,2,3,True,False,0,True,False,True,False,continuation,w_fvg,,0.0,0,14.2,0.0,0.0,0.0,0.0,0.0
GBPUSD,1,-1,1.31294,1.3119900000000002,22500,1.31194,1.03261,395.43749999991024,2025-10-31 11:30:00+00:00,2025-10-31 14:35:00+00:00,stop,amd_fvg_m5,golden,opposing_liq,,,,False,,89.1,with,behind,ob,36.1,against,2,golden,mm_golden,ny_golden,ny,,,False,3,0,,0,False,,,False,0,,,,False,False,False,False,,False,,19.2,22.0,2.0,2.0,high,,True,,,,,,,,m15_range,False,False,,golden,own_ob,240T,respected,15T,1a,15T,ob,60T,0,,0,,True,2,3,True,False,0,True,False,True,False,continuation,w_fvg,,0.0,0,32.9,0.0,0.0,0.0,0.0,0.0
EURUSD,1,-1,1.1532900000000001,1.1523300000000003,18000,1.1522900000000003,1.13915,319.67999999995,2025-11-03 08:00:00+00:00,2025-11-03 15:55:00+00:00,stop,mss_ob_m5,momentum,itl_liquidity,d60,,,True,D,0.0,against,inside,ifvg,0.0,against,2,1b,judas,london_judas,london,,,False,2,2,D|240T|60T,-1,False,D,240T,False,0,,,,False,False,True,False,,True,single,21.4,19.0,3.0,5.0,low,0.5,False,2025-10-31 13:45:00+00:00,2025-10-31 18:15:00+00:00,2025-10-31 18:30:00+00:00,2025-10-31 18:40:00+00:00,,,,m15_range,False,False,,against,,,,,,,,,0,,0,,False,0,2,True,True,0,False,False,False,False,,,,0.0,0,27.9,12.3,12.4,,12.4,12.4
EURUSD,2,-1,1.15161,1.15265,9000,1.15261,1.13915,-173.15999999998832,2025-11-03 08:35:00+00:00,2025-11-03 16:00:00+00:00,stop,pyramid_im1.0_fvg_m15,no_open,itl_liquidity,d60,,,True,D,0.0,against,inside,ifvg,0.0,against,2,1b,judas,london_judas,london,,,False,2,2,D|240T|60T,-1,False,D,240T,False,0,,,,False,False,True,False,,True,single,21.4,19.0,3.0,5.0,low,0.5,False,2025-10-31 13:45:00+00:00,2025-10-31 18:15:00+00:00,2025-10-31 18:30:00+00:00,2025-10-31 18:40:00+00:00,,,,m15_range,False,False,,against,,,,,,,,,0,,0,,False,0,2,True,True,0,False,False,False,False,,,,0.0,0,11.1,12.3,12.4,,12.4,12.4
NZDUSD,1,-1,0.5719449999999999,0.57102,22500,0.5709449999999999,0.56823,385.0312499999807,2025-11-03 08:00:00+00:00,2025-11-03 17:15:00+00:00,stop,mss_ob_m5,momentum,itl_liquidity,d3,ob,W,False,,25.2,with,behind,fvg,25.2,with,2,N-short,judas,london_judas,london,,,False,3,2,W|D|60T,-1,False,W,240T,False,0,,240T,,False,False,True,False,,True,dual,29.7,96.0,3.0,7.0,low,1.2,False,2025-10-31 00:30:00+00:00,2025-11-03 01:15:00+00:00,2025-11-03 01:30:00+00:00,2025-11-03 01:40:00+00:00,,,,m15_range,False,False,,,,,,,,,,,0,,0,,False,0,4,True,True,0,False,False,True,True,continuation,d1_fvg,equal_hl,0.5718371428571428,0,27.5,8.4,7.2,11.3,38.4,38.4
GBPUSD,1,-1,1.30585,1.3049000000000002,22500,1.30485,1.03261,395.43749999991024,2025-11-04 14:00:00+00:00,2025-11-04 15:00:00+00:00,stop,amd_ob_m5,golden,opposing_liq,,,,False,,160.0,with,behind,ob,4.2,against,2,golden,mm_golden,ny_golden,ny,,,False,3,0,,0,False,,,False,0,,,,False,False,False,False,,False,,21.0,28.0,2.0,6.0,high,,True,,,,,,,,m15_range,False,False,,golden,own_ob,240T,respected,15T,1a,15T,ob,60T,0,,0,,True,2,4,True,True,0,True,False,True,False,continuation,pdhl,,0.0,0,25.2,0.0,0.0,0.0,0.0,0.0
GBPUSD,1,-1,1.3025,1.30323,22500,1.30318,1.03261,-303.8625000000497,2025-11-05 14:15:00+00:00,2025-11-05 14:35:00+00:00,stop,amd_fvg_m5,golden,opposing_liq,,,,False,,193.5,with,behind,ob,91.3,against,2,golden,mm_golden,ny_golden,ny,,,False,2,0,,0,False,,,False,0,,,,False,False,False,False,,False,,34.7,61.0,2.0,2.0,high,,True,,,,,,,,m15_range,False,False,,golden,own_ob,240T,respected,15T,1a,15T,ob,60T,0,,0,,True,2,4,True,False,-1,True,False,True,True,continuation,d1_fvg,equal_hl,1.30099,0,0.7,0.0,0.0,0.0,0.0,0.0
EURUSD,1,1,1.15766,1.1586199999999998,22500,1.1586599999999998,1.1609700000000003,399.5999999999375,2025-11-11 13:00:00+00:00,2025-11-11 19:50:00+00:00,stop,mss_ob_m5,momentum,fib_extension,d3,ifvg,240T,True,240T,47.2,with,behind,ob,43.2,with,2,3b,judas,ny_judas,ny,,,False,2,2,W|15T,1,False,W,W,False,-1,60T,,,False,False,True,False,,True,single,30.9,78.0,2.0,3.0,high,1.9,False,2025-11-10 17:30:00+00:00,2025-11-11 12:45:00+00:00,2025-11-11 13:00:00+00:00,2025-11-11 13:10:00+00:00,False,premium,eqh,m15_range,False,False,,golden,,,,,,,,,0,,0,,False,0,3,True,False,0,False,False,True,True,continuation,d1_fvg,equal_hl,1.161584,0,29.1,,15.3,92.9,152.6,342.9
GBPUSD,1,-1,1.31247,1.3125200000000001,42187,1.31247,1.03261,-39.022975000082354,2025-11-12 09:30:00+00:00,2025-11-12 10:40:00+00:00,stop,amd_fvg_m15,golden,opposing_liq,,,,False,,30.2,against,ahead,ob,0.0,against,3,golden,mm_golden,london_golden,london,,,False,5,0,,0,False,,,False,0,,,,False,False,False,False,,False,,6.2,9.0,4.0,4.0,high,,True,,,,,,,,m15_range,False,False,,golden,cascade,240T,failed,,1a,5T,ifvg,60T,0,,0,,True,2,3,False,False,0,True,False,True,True,continuation,d1_fvg,equal_hl,1.3113366666666666,0,14.3,0.0,0.0,0.0,0.0,0.0
EURUSD,1,1,1.1614499999999999,1.1614099999999998,14062,1.1614499999999999,1.1649,-10.405880000010407,2025-11-13 08:00:00+00:00,2025-11-13 09:35:00+00:00,stop,amd_fvg_m5,momentum,swing,near,ob,D,True,240T,85.1,with,behind,ob,11.0,against,1,3b,judas,london_judas,london,,240T,False,2,2,W|240T|60T,1,False,W,W|240T|60T,False,0,,,,False,False,False,False,,True,dual,34.8,89.0,3.0,4.0,low,2.1,True,2025-11-11 15:45:00+00:00,2025-11-12 13:45:00+00:00,2025-11-12 14:15:00+00:00,2025-11-12 14:25:00+00:00,True,premium,pdl,m15_range,False,False,,golden,,,,,,,,,0,,0,,False,0,3,False,False,0,True,False,True,True,continuation,d1_fvg,equal_hl,1.16294,0,20.2,,,55.0,114.7,305.0
GBPUSD,1,1,1.31689,1.3168399999999998,11250,1.31689,1.3198949999999998,-10.406250000021961,2025-11-14 12:45:00+00:00,2025-11-14 13:00:00+00:00,stop,amd_fvg_m5,momentum,equal_hl,near,fvg,W,True,240T,49.6,against,ahead,ob,29.9,with,0,2b_ip,breakout,ny_judas,ny,,240T,False,3,2,W|240T|15T,1,False,W,W|240T|60T,False,0,,240T,,False,False,False,False,,True,dual,10.1,9.0,4.0,3.0,low,33.5,True,2025-11-14 01:00:00+00:00,2025-11-14 03:00:00+00:00,2025-11-14 08:15:00+00:00,2025-11-14 08:20:00+00:00,False,premium,eql,m15_range,False,False,confirmed,against,,,,,,,,,0,,0,,False,0,2,False,False,0,True,False,False,True,,,equal_hl,1.31919,0,11.9,29.5,47.8,201.5,303.5,558.2
EURUSD,1,-1,1.15918,1.16008,18000,1.16004,1.1554686,-299.699999999967,2025-11-17 13:05:00+00:00,2025-11-17 16:15:00+00:00,stop,amd_ob_m5,momentum,fib_extension,d3,ifvg,240T,True,240T,5.9,against,behind,fvg,5.9,against,2,1b_h4,judas,ny_judas,ny,,W,False,3,2,D,-1,False,D,60T,False,0,,,,False,False,True,False,,True,single,14.1,22.0,7.0,3.0,high,0.8,True,2025-11-14 17:30:00+00:00,2025-11-16 22:45:00+00:00,2025-11-16 23:00:00+00:00,2025-11-16 23:05:00+00:00,,,,m15_range,False,False,confirmed,against,,,,,,,,,0,,0,,False,0,3,True,False,0,True,False,False,True,,,equal_hl,1.1580825,0,10.0,,13.8,124.0,124.0,124.0
GBPUSD,1,-1,1.3125,1.3115500000000002,33750,1.3115,1.3093500000000002,593.1562499998654,2025-11-19 09:35:00+00:00,2025-11-19 10:45:00+00:00,stop,amd_ob_m5,momentum,fib_extension,near,ifvg,D,False,,30.5,against,ahead,ob,0.0,against,3,1a_h4,breakout,london_judas,london,,W,False,3,2,D|60T,-1,False,D,60T,False,0,,,,False,False,True,False,,True,dual,21.2,15.0,2.0,2.0,high,0.5,True,2025-11-18 16:00:00+00:00,2025-11-18 19:30:00+00:00,2025-11-18 19:45:00+00:00,2025-11-18 19:50:00+00:00,False,discount,eqh,m15_range,False,False,confirmed,golden,,,,,,,,,0,,0,,False,0,3,False,False,0,True,False,True,True,continuation,d1_fvg,equal_hl,1.3111975,0,20.9,,,116.2,116.2,116.2
EURUSD,1,-1,1.15707,1.15361,18000,1.15357,1.15307,1152.1800000000062,2025-11-19 14:00:00+00:00,2025-11-19 17:20:00+00:00,stop,amd_fvg_m5,momentum,fib_extension,d3,ifvg,D,True,240T,36.9,with,behind,fvg,36.9,with,2,3a,breakout,ny_judas,ny,,W,False,2,2,D|240T|60T,-1,False,D,60T,False,0,,,,False,False,True,False,,True,dual,20.2,62.0,4.0,4.0,high,5.6,True,2025-11-18 16:00:00+00:00,2025-11-19 07:15:00+00:00,2025-11-19 07:30:00+00:00,2025-11-19 07:40:00+00:00,False,discount,pwh,m15_range,False,False,opposing,against,,,,,,,,,0,,0,,False,0,3,True,False,0,True,False,False,True,,,equal_hl,1.1554119999999999,0,41.6,5.9,0.3,102.9,102.9,102.9
NZDUSD,1,-1,0.563535,0.5594950000000001,33750,0.562535,0.55942,2522.4749999999576,2025-11-19 08:05:00+00:00,2025-11-19 17:25:00+00:00,target,mss_ob_m15,momentum,fib_extension,d60,ob,W,False,,30.9,with,behind,ob,9.9,against,3,N-short_h4,judas,london_judas,london,,W,False,3,2,W|D|15T,-1,False,W,60T,False,0,,,,False,False,True,False,,True,single,35.0,36.0,3.0,2.0,low,5.3,False,2025-11-18 18:45:00+00:00,2025-11-19 03:30:00+00:00,2025-11-19 04:00:00+00:00,2025-11-19 04:00:00+00:00,True,discount,pdl,m15_range,False,False,,,,,,,,,,,0,,0,,False,0,2,False,False,0,False,False,True,True,continuation,breaker,equal_hl,0.562636,0,42.3,8.9,,30.9,30.9,30.9
EURUSD,1,-1,1.15152,1.1522000000000001,22500,1.15216,1.14687,-283.0500000000058,2025-11-20 12:00:00+00:00,2025-11-20 13:30:00+00:00,stop,mss_fvg_h1,judas,pwh_pwl,near,ob,D,True,240T,0.0,against,inside,ifvg,0.0,against,2,1b_h4,judas,ny_judas,ny,,W,False,3,2,D|240T|60T,-1,False,D,60T,False,-1,D,240T,,False,False,True,False,,False,,18.2,32.0,3.0,2.0,low,0.7,False,2025-11-20 04:00:00+00:00,2025-11-20 11:45:00+00:00,2025-11-20 12:00:00+00:00,2025-11-20 12:10:00+00:00,False,discount,eql,m15_range,False,False,,against,,,,,,,,,0,,0,,False,0,1,False,False,0,False,False,False,True,,,equal_hl,1.150315,0,13.9,6.0,,47.4,47.4,47.4
EURUSD,1,-1,1.1544400000000001,1.15491,22500,1.15487,0.95357,-195.6374999999877,2025-11-21 08:10:00+00:00,2025-11-21 08:15:00+00:00,stop,amd_None,golden,opposing_liq,,,,False,,5.5,with,behind,fvg,5.5,with,2,golden,mm_golden,london_golden,london,,,False,2,0,,0,False,,,False,0,,,,False,False,False,False,,False,,23.8,63.0,4.0,5.0,high,,True,,,,,,,,m15_range,False,False,,golden,cascade,,failed,,1b,5T,ob2,60T,0,,0,,True,1,2,False,False,0,True,False,False,True,,,equal_hl,1.1544,0,-0.0,0.0,0.0,0.0,0.0,0.0
GBPUSD,1,1,1.31252,1.3124699999999998,17577,1.31252,1.31576,-16.25872500003431,2025-11-25 09:15:00+00:00,2025-11-25 10:40:00+00:00,stop,amd_fvg_m5,momentum,swing,near,ifvg,240T,False,,0.0,against,inside,fvg,0.0,against,1,2b_ip,breakout,london_judas,london,,,False,4,2,,1,False,,W,False,-1,D,240T,,False,False,False,False,,True,single,34.3,90.0,3.0,2.0,low,3.4,True,2025-11-21 16:45:00+00:00,2025-11-24 15:00:00+00:00,2025-11-24 15:45:00+00:00,2025-11-24 15:50:00+00:00,True,premium,pwl,m15_range,False,False,opposing,against,,,,,,,,,0,,0,,False,0,3,True,False,0,True,False,False,True,,,equal_hl,1.314065,0,15.1,,,91.5,291.7,601.9
GBPUSD,1,1,1.31193,1.31495,11250,1.31293,1.3150000000000002,628.5375000000048,2025-11-25 12:20:00+00:00,2025-11-25 13:15:00+00:00,target,mss_ob_m15,momentum,round_number,near,,,False,,4.2,against,ahead,ob,0.0,with,1,2b_h4,judas,ny_judas,ny,,,True,4,2,15T,1,False,15T,W,False,-1,D,,,False,False,False,False,,True,single,29.5,11.0,2.0,2.0,high,2.3,False,2025-11-25 07:15:00+00:00,2025-11-25 09:45:00+00:00,2025-11-25 10:00:00+00:00,2025-11-25 10:10:00+00:00,False,premium,eqh,m15_range,False,False,,against,,,,,,,,,0,,0,,False,0,2,True,False,0,False,False,False,True,,,equal_hl,1.314065,0,36.9,,,97.4,297.6,607.8
EURUSD,1,-1,1.15636,1.1574,11250,1.15736,1.1519,-216.4499999999854,2025-11-26 13:35:00+00:00,2025-11-26 13:40:00+00:00,stop,amd_fvg_m5,momentum,fib_extension,near,ifvg,D,True,240T,0.0,with,inside,ifvg,0.0,with,1,1b,judas,ny_judas,ny,,,False,4,3,240T,-1,True,240T,D,True,-1,D,,,False,False,True,False,,True,dual,28.3,36.0,4.0,3.0,high,4.3,True,2025-11-25 21:00:00+00:00,2025-11-26 05:45:00+00:00,2025-11-26 06:15:00+00:00,2025-11-26 06:25:00+00:00,False,premium,eqh,m15_range,False,False,,against,,,,,,,,,0,,0,,False,0,3,True,False,0,True,False,False,True,,,equal_hl,1.15469,0,4.5,1.3,62.7,23.6,95.8,95.8
GBPUSD,1,-1,1.3217700000000001,1.32282,22500,1.32277,1.31773314,-437.06249999999807,2025-11-27 09:00:00+00:00,2025-11-27 11:00:00+00:00,stop,amd_fvg_m5,momentum,fib_extension,near,ifvg,W,True,240T,0.8,with,behind,fvg,0.8,with,2,1a_ip,breakout,london_judas,london,,,False,3,2,,-1,False,,D,False,1,60T,D,,False,False,True,False,,True,single,26.7,27.0,2.0,2.0,high,11.9,True,2025-11-26 19:00:00+00:00,2025-11-27 01:30:00+00:00,2025-11-27 05:30:00+00:00,2025-11-27 05:35:00+00:00,False,premium,none,m15_range,False,False,confirmed,golden,,,,,,,,,0,,0,,False,0,3,False,False,0,True,False,True,True,continuation,d1_fvg,equal_hl,1.3137133333333333,0,7.8,,138.5,134.4,208.9,208.9
GBPUSD,1,-1,1.32123,1.3218,22500,1.32175,1.3170700000000002,-237.26250000007553,2025-11-28 08:00:00+00:00,2025-11-28 09:20:00+00:00,stop,amd_fvg_m15,momentum,fib_extension,near,ifvg,W,True,240T,6.2,with,behind,fvg,6.2,with,2,1a_ip,breakout,london_judas,london,,240T,False,1,2,15T,-1,False,15T,D,False,0,,D,,False,False,True,False,,True,dual,34.7,25.0,2.0,3.0,high,10.2,True,2025-11-27 07:15:00+00:00,2025-11-27 13:15:00+00:00,2025-11-27 16:15:00+00:00,2025-11-27 16:15:00+00:00,False,discount,eqh,m15_range,False,False,confirmed,golden,,,,,,,,,0,,0,,False,0,3,False,False,0,True,False,True,True,continuation,d1_fvg,equal_hl,1.3137133333333333,0,11.5,,117.9,129.0,203.5,203.5
EURUSD,1,1,1.15808,1.1612799999999999,28125,1.1590799999999999,1.16132,1664.9999999999322,2025-11-28 14:00:00+00:00,2025-12-01 01:10:00+00:00,target,amd_ob_m5,momentum,pdh_pdl,near,ifvg,D,True,D,26.8,against,ahead,ifvg,26.8,against,2,3b,judas,ny_judas,ny,,,False,4,3,W|60T,1,True,W,W|240T,False,-1,60T,,,False,False,True,False,,True,single,32.6,38.0,2.0,3.0,low,11.0,True,2025-11-28 00:30:00+00:00,2025-11-28 09:45:00+00:00,2025-11-28 10:45:00+00:00,2025-11-28 10:55:00+00:00,False,discount,eql,m15_range,False,False,confirmed,golden,,,,,,,,,0,,0,,False,0,3,False,False,0,True,False,True,True,continuation,d1_fvg,equal_hl,1.1584400000000001,0,34.1,9.8,33.3,76.0,88.7,240.0
EURUSD,1,1,1.16298,1.1639399999999998,22500,1.1639799999999998,1.1666,399.5999999999375,2025-12-01 12:00:00+00:00,2025-12-01 13:20:00+00:00,stop,amd_fvg_m5,momentum,ith_liquidity,near,ob,D,False,,18.4,against,behind,ob,0.0,against,2,3b,judas,ny_judas,ny,,240T,False,3,2,W|240T|60T|15T,1,False,W,W|240T,False,-1,60T,,,False,False,True,False,,True,single,24.6,44.0,3.0,2.0,low,1.9,True,2025-11-28 16:00:00+00:00,2025-12-01 02:45:00+00:00,2025-12-01 03:00:00+00:00,2025-12-01 03:05:00+00:00,,,,m15_range,False,False,,golden,,,,,,,,,0,,0,,False,0,5,True,True,0,True,False,True,True,continuation,d1_fvg,equal_hl,1.16525375,0,22.4,,,,39.7,191.0
GBPUSD,1,1,1.33432,1.33387,42187,1.33392,1.3379198600000002,-351.20677500004797,2025-12-09 09:35:00+00:00,2025-12-09 10:20:00+00:00,stop,mss_fvg_m15,momentum,fib_extension,d3,fvg,D,True,D,13.7,against,ahead,ifvg,13.7,against,3,2b_ip,breakout,london_judas,london,,D,False,5,3,15T,1,True,15T,W,True,1,D,D,,False,False,True,False,,True,dual,34.6,44.0,2.0,3.0,high,4.9,False,2025-12-08 22:15:00+00:00,2025-12-09 09:00:00+00:00,2025-12-09 09:15:00+00:00,2025-12-09 09:20:00+00:00,True,premium,pdh,m15_range,False,False,,against,,,,,,,,,0,,0,,False,0,2,True,False,0,False,False,False,True,,,equal_hl,1.335095,0,7.8,,20.1,,43.0,185.1
EURUSD,1,1,1.17116,1.17446,28623,1.1721599999999999,1.1745,1747.4341500000426,2025-12-11 12:00:00+00:00,2025-12-11 14:20:00+00:00,target,amd_ob_m5,judas,equal_hl,near,,,False,,42.2,against,ahead,ob,3.0,against,3,3b,judas,ny_judas,ny,,,False,3,3,W|D|60T,1,True,W,W,False,0,,,,False,False,True,False,,True,single,21.4,19.0,2.0,2.0,low,2.6,True,2025-12-11 01:15:00+00:00,2025-12-11 05:45:00+00:00,2025-12-11 06:15:00+00:00,2025-12-11 06:20:00+00:00,False,premium,eql,m15_range,False,False,,golden,,,,,,,,,0,,0,,False,0,4,True,False,0,True,False,True,True,continuation,d1_fvg,equal_hl,1.1728833333333333,0,35.2,,,,,48.4
GBPUSD,1,1,1.34143,1.3423799999999997,18750,1.3424299999999998,1.3459092400000001,329.5312499999252,2025-12-11 14:00:00+00:00,2025-12-11 16:05:00+00:00,stop,amd_fvg_m5,momentum,fib_extension,near,ifvg,D,False,,14.6,against,behind,ob,2.4,against,3,2b_ip,breakout,ny_judas,ny,,,False,2,2,240T,1,False,240T,W,False,0,,240T,,False,False,True,False,,True,dual,32.5,53.0,3.0,4.0,low,4.7,True,2025-12-10 20:00:00+00:00,2025-12-11 09:00:00+00:00,2025-12-11 09:30:00+00:00,2025-12-11 09:35:00+00:00,False,premium,eql,m15_range,False,False,,against,,,,,,,,,0,,0,,False,0,2,False,False,0,True,False,False,True,,,equal_hl,1.343365,0,23.7,1.9,,,,96.8
EURUSD,1,1,1.1726999999999999,1.1726599999999998,28125,1.1726999999999999,1.19186,-20.812500000020815,2025-12-12 14:10:00+00:00,2025-12-12 16:40:00+00:00,stop,amd_ob_m5,golden,opposing_liq,,,,False,,26.8,against,ahead,ifvg,26.8,against,2,golden,mm_golden,ny_golden,ny,,,False,4,0,,0,False,,,False,0,,,,False,False,False,False,,False,,33.5,72.0,2.0,4.0,low,,True,,,,,,,,m15_range,False,False,,golden,cascade,240T,failed,,2a,5T,ifvg,60T,0,,0,,True,1,4,True,False,0,True,False,True,True,continuation,d1_fvg,equal_hl,1.1728833333333333,0,17.9,0.0,0.0,0.0,0.0,0.0
GBPUSD,1,1,1.33734,1.3382899999999998,11250,1.3383399999999999,1.34035,197.71874999995512,2025-12-15 09:00:00+00:00,2025-12-15 14:00:00+00:00,stop,amd_ob_m5,momentum,swing,near,ifvg,D,True,D,13.2,against,ahead,ifvg,13.2,against,1,2b,judas,london_judas,london,,,False,5,2,240T|15T,1,False,240T,W|60T,False,0,,,,False,False,False,False,,True,single,21.7,43.0,2.0,3.0,low,0.4,True,2025-12-12 17:30:00+00:00,2025-12-15 04:00:00+00:00,2025-12-15 04:15:00+00:00,2025-12-15 04:15:00+00:00,,,,m15_range,False,False,confirmed,against,,,,,,,,,0,,0,,False,0,3,True,False,0,True,False,False,True,,,equal_hl,1.3387633333333333,0,22.8,1.6,65.6,12.8,65.6,117.4
EURUSD,1,1,1.17353,1.1744899999999998,22500,1.1745299999999999,1.19186,399.5999999999375,2025-12-15 08:45:00+00:00,2025-12-15 14:00:00+00:00,stop,amd_breaker_m5,golden,opposing_liq,,,,False,,15.8,with,behind,fvg,15.8,with,2,golden,mm_golden,london_golden,london,,,False,3,0,,0,False,,,False,0,,,,False,False,False,False,,False,,33.5,72.0,2.0,4.0,low,,True,,,,,,,,m15_range,False,False,,golden,cascade,240T,failed,,2a,15T,ob2,60T,0,,0,,True,1,4,True,False,0,True,False,True,True,continuation,d1_fvg,equal_hl,1.174515,0,24.4,0.0,0.0,0.0,0.0,0.0
EURUSD,2,1,1.17523,1.17439,9000,1.17443,1.19186,-139.859999999992,2025-12-15 12:05:00+00:00,2025-12-15 14:00:00+00:00,stop,pyramid_im0.8_ob_m5,no_open,opposing_liq,,,,False,,15.8,with,behind,fvg,15.8,with,2,golden,mm_golden,london_golden,london,,,False,3,0,,0,False,,,False,0,,,,False,False,False,False,,False,,33.5,72.0,2.0,4.0,low,,True,,,,,,,,m15_range,False,False,,golden,cascade,240T,failed,,2a,15T,ob2,60T,0,,0,,True,1,4,True,False,0,True,False,True,True,continuation,d1_fvg,equal_hl,1.174515,0,7.4,0.0,0.0,0.0,0.0,0.0
GBPUSD,1,1,1.33815,1.3416,22500,1.34165,1.37885,1436.0624999999804,2025-12-16 08:35:00+00:00,2025-12-16 11:10:00+00:00,stop,amd_fvg_m15,golden,opposing_liq,,,,False,,5.1,against,ahead,ifvg,5.1,against,2,golden,mm_golden,london_golden,london,,,False,3,0,,0,False,,,False,0,,,,False,False,False,False,,False,,23.4,55.0,3.0,3.0,low,,True,,,,,,,,m15_range,False,False,,golden,cascade,,failed,,2b,5T,ifvg,60T,0,,0,,True,1,3,True,False,0,True,False,False,True,,,equal_hl,1.3387633333333333,0,44.9,0.0,0.0,0.0,0.0,0.0
GBPUSD,1,1,1.34311,1.34248,22500,1.34253,1.347005,-262.2375000000543,2025-12-16 12:15:00+00:00,2025-12-16 13:40:00+00:00,stop,amd_fvg_m5,judas,equal_hl,d30,ifvg,D,False,,31.4,against,behind,ifvg,31.4,against,2,2b_ip,breakout,ny_judas,ny,,,False,3,2,,1,False,,W|60T,False,0,,,,False,False,True,False,,False,,23.4,55.0,3.0,3.0,low,4.2,True,2025-12-15 16:30:00+00:00,2025-12-16 06:00:00+00:00,2025-12-16 06:15:00+00:00,2025-12-16 06:20:00+00:00,True,premium,pdl,m15_range,False,False,,against,,,,,,,,,0,,0,,False,0,3,True,False,0,True,False,False,True,,,equal_hl,1.3437075,0,24.9,,,,7.9,56.9
EURUSD,1,1,1.1762199999999998,1.1761799999999998,33750,1.1762199999999998,1.19186,-24.975000000024977,2025-12-16 12:00:00+00:00,2025-12-16 13:40:00+00:00,stop,amd_ob_m5,golden,opposing_liq,,,,False,,0.0,against,inside,ifvg,0.0,against,3,golden,mm_golden,ny_golden,ny,,,False,2,0,,0,False,,,False,0,,,,False,False,False,False,,False,,30.1,40.0,2.0,5.0,low,,True,,,,,,,,m15_range,False,False,,golden,own_ob,240T,respected,15T,2a,15T,ob,60T,0,,0,,True,3,4,True,False,0,True,False,True,True,continuation,pdhl,equal_hl,1.176575,0,32.4,0.0,0.0,0.0,0.0,0.0
EURUSD,2,1,1.17787,1.17683,9000,1.17687,1.19186,-173.15999999998832,2025-12-16 12:55:00+00:00,2025-12-16 13:40:00+00:00,stop,pyramid_im0.8_ob_m5,no_open,opposing_liq,,,,False,,0.0,against,inside,ifvg,0.0,against,3,golden,mm_golden,ny_golden,ny,,,False,2,0,,0,False,,,False,0,,,,False,False,False,False,,False,,30.1,40.0,2.0,5.0,low,,True,,,,,,,,m15_range,False,False,,golden,own_ob,240T,respected,15T,2a,15T,ob,60T,0,,0,,True,3,4,True,False,0,True,False,True,True,continuation,pdhl,equal_hl,1.176575,0,15.9,0.0,0.0,0.0,0.0,0.0
GBPUSD,1,1,1.33636,1.33531,11250,1.33536,1.3397963,-218.53124999999903,2025-12-17 14:00:00+00:00,2025-12-17 14:20:00+00:00,stop,amd_fvg_m15,momentum,fib_extension,near,fvg,240T,True,240T,43.4,with,behind,ifvg,43.4,with,1,2b_ip,judas,ny_judas,ny,,,False,5,2,,1,False,,W,False,-1,60T,D,,False,False,True,False,,True,single,25.7,16.0,3.0,2.0,low,-14.7,True,2025-12-17 08:00:00+00:00,2025-12-17 11:45:00+00:00,2025-12-17 12:00:00+00:00,2025-12-17 12:00:00+00:00,False,discount,none,session_range,False,False,,against,,,,,,,,,0,,0,,False,0,3,True,False,-1,True,False,False,True,,,equal_hl,1.3366716666666667,0,0.0,27.1,93.4,22.6,93.4,108.8
EURUSD,1,-1,1.1728100000000001,1.1728500000000002,14062,1.1728100000000001,1.16829,-10.405880000010407,2025-12-18 08:50:00+00:00,2025-12-18 13:15:00+00:00,stop,amd_fvg_m5,momentum,swing,d3,fvg,D,True,240T,8.6,against,ahead,ifvg,8.6,against,1,3a,judas,london_judas,london,,,False,4,1,60T,0,False,60T,,False,0,,240T,,False,False,False,False,,True,dual,10.5,20.0,3.0,5.0,high,2.4,True,2025-12-18 02:00:00+00:00,2025-12-18 06:45:00+00:00,2025-12-18 07:00:00+00:00,2025-12-18 07:05:00+00:00,False,premium,eqh,m15_range,False,False,,against,,,,,,,,,0,,0,,False,0,3,False,False,1,True,False,False,True,,,equal_hl,1.17307,0,15.8,,26.0,139.7,238.1,260.3
GBPUSD,1,1,1.34145,1.3445799999999999,11250,1.34245,1.34463,651.4312499999699,2025-12-22 08:30:00+00:00,2025-12-22 14:25:00+00:00,target,mss_fvg_m5,momentum,swing,near,,,False,,52.4,against,ahead,ifvg,52.4,against,1,2b_h4,breakout,london_judas,london,,,False,6,2,D,1,False,D,W,False,1,60T,,,False,False,False,False,,False,,28.6,28.0,2.0,3.0,high,2.0,False,2025-12-22 01:15:00+00:00,2025-12-22 08:00:00+00:00,2025-12-22 08:15:00+00:00,2025-12-22 08:20:00+00:00,,,,m15_range,False,False,,against,,,,,,,,,0,,0,,False,0,2,True,False,0,False,False,False,True,,,equal_hl,1.3431333333333333,0,34.1,,32.8,24.5,42.5,57.9
EURUSD,1,1,1.1744299999999999,1.1753899999999997,33750,1.1754299999999998,1.17792,599.3999999999063,2025-12-22 13:00:00+00:00,2025-12-22 16:35:00+00:00,stop,amd_fvg_h1,momentum,equal_hl,d3,ifvg,D,True,D,9.5,against,ahead,ifvg,9.5,against,3,3b,breakout,ny_judas,ny,,,False,3,2,W|D|60T,1,False,W,W,False,0,,,,False,False,True,False,,True,single,29.4,37.0,2.0,2.0,low,0.1,True,2025-12-19 14:30:00+00:00,2025-12-21 23:30:00+00:00,2025-12-21 23:45:00+00:00,2025-12-21 23:55:00+00:00,,,,m15_range,False,False,confirmed,golden,,,,,,,,,0,,0,,False,0,4,True,False,0,True,False,True,True,continuation,d1_fvg,equal_hl,1.176035,0,25.0,,19.3,19.3,60.6,60.6
GBPUSD,1,1,1.35076,1.34971,11250,1.34976,1.35419,-218.53124999999903,2025-12-23 08:00:00+00:00,2025-12-23 09:20:00+00:00,stop,amd_fvg_h1,momentum,swing,near,ifvg,W,False,,0.0,against,inside,ifvg,0.0,against,1,2b,breakout,london_judas,london,,,False,4,2,D,1,False,D,W,False,0,,,,False,False,False,False,,False,,11.9,15.0,2.0,2.0,low,1.9,True,2025-12-22 18:15:00+00:00,2025-12-22 21:45:00+00:00,2025-12-22 22:00:00+00:00,2025-12-22 22:05:00+00:00,False,premium,eql,m15_range,False,False,,against,,,,,,,,,0,,0,,False,0,2,True,False,0,True,False,False,False,,,,0.0,0,10.8,,,,,
EURUSD,1,1,1.1789399999999999,1.1788999999999998,42187,1.1789399999999999,1.18199,-31.21838000003122,2025-12-23 09:00:00+00:00,2025-12-23 12:50:00+00:00,stop,amd_ob_m5,momentum,ith_liquidity,d60,ob,D,False,,10.7,against,behind,ob,0.0,against,3,3b,breakout,london_judas,london,,,False,3,2,W|D|60T|15T,1,False,W,W,False,0,,,,False,False,True,False,,False,,6.1,9.0,5.0,2.0,low,4.5,True,2025-12-23 03:00:00+00:00,2025-12-23 05:00:00+00:00,2025-12-23 06:30:00+00:00,2025-12-23 06:35:00+00:00,True,premium,eql,m15_range,False,False,confirmed,golden,,,,,,,,,0,,0,,False,0,4,True,False,0,True,False,True,True,continuation,d1_fvg,equal_hl,1.180305,0,12.7,,,,15.5,15.5
GBPUSD,1,1,1.34984,1.3507899999999997,11250,1.3508399999999998,1.35333,197.71874999995512,2025-12-26 13:00:00+00:00,2025-12-26 14:45:00+00:00,stop,amd_ob_m5,momentum,fib_extension,near,ifvg,W,False,,11.6,with,behind,fvg,11.6,with,1,2b,judas,ny_judas,ny,,D,False,5,2,D|240T,1,False,D,W,False,1,D,D,,False,False,True,False,,True,single,27.9,16.0,2.0,2.0,low,6.4,True,2025-12-26 03:30:00+00:00,2025-12-26 07:15:00+00:00,2025-12-26 08:00:00+00:00,2025-12-26 08:00:00+00:00,False,premium,eql,m15_range,False,False,,against,,,,,,,,,0,,0,,False,0,2,False,False,0,True,False,False,True,,,equal_hl,1.35259,0,28.6,25.1,36.6,,36.6,36.6
EURUSD,1,1,1.1774,1.17736,28125,1.1774,1.19186,-20.812500000020815,2025-12-29 08:00:00+00:00,2025-12-29 09:05:00+00:00,stop,amd_ob_m5,golden,opposing_liq,,,,False,,11.2,with,behind,ob,0.0,against,2,golden,mm_golden,london_golden,london,,,False,5,0,,0,False,,,False,0,,,,False,False,False,False,,False,,31.0,59.0,3.0,3.0,low,,True,,,,,,,,m15_range,False,False,,golden,own_ob,240T,respected,15T,2a,15T,ob,60T,0,,0,,True,2,4,True,False,0,True,False,True,True,continuation,d1_fvg,equal_hl,1.1773500000000001,0,14.5,0.0,0.0,0.0,0.0,0.0
GBPUSD,1,-1,1.34951,1.3463100000000001,14062,1.34851,1.34626,832.470399999966,2025-12-30 13:00:00+00:00,2025-12-30 15:10:00+00:00,target,amd_fvg_m5,momentum,fib_extension,d3,fvg,D,True,240T,8.3,against,ahead,ifvg,8.3,against,1,1a,judas,ny_judas,ny,,,False,5,2,W|240T,-1,False,W,60T,False,1,D,D,,False,False,True,False,,True,dual,24.6,60.0,3.0,4.0,high,8.5,True,2025-12-29 19:30:00+00:00,2025-12-30 10:15:00+00:00,2025-12-30 10:30:00+00:00,2025-12-30 10:40:00+00:00,False,discount,eqh,m15_range,False,False,,golden,,,,,,,,,0,,0,,False,0,3,True,False,0,True,False,False,True,,,equal_hl,1.348475,0,35.0,,27.1,184.7,400.7,486.3
EURUSD,1,-1,1.17626,1.1763000000000001,9000,1.17626,1.17286,-6.660000000006661,2025-12-30 12:00:00+00:00,2025-12-30 16:20:00+00:00,stop,amd_ob_m5,momentum,swing,d3,ifvg,D,True,240T,0.0,against,inside,ifvg,0.0,against,1,3a,judas,ny_judas,ny,,,False,2,1,60T|15T,0,False,60T,60T,False,1,D,,,False,False,False,False,,True,dual,29.5,57.0,2.0,2.0,high,0.9,True,2025-12-29 16:00:00+00:00,2025-12-30 06:00:00+00:00,2025-12-30 06:15:00+00:00,2025-12-30 06:15:00+00:00,False,discount,eqh,m15_range,False,False,,against,,,,,,,,,0,,0,,False,0,3,True,False,0,True,False,False,True,,,equal_hl,1.17462,0,17.3,,14.2,61.4,252.1,294.8
GBPUSD,1,-1,1.34571,1.3447600000000002,14062,1.34471,1.34187,247.1396499999439,2025-12-31 08:15:00+00:00,2025-12-31 11:15:00+00:00,stop,amd_breaker_m5,judas,fib_extension,d3,fvg,D,True,240T,0.0,against,inside,fvg,0.0,against,1,1a,judas,london_judas,london,,240T,False,4,2,W|240T,-1,False,W,60T,False,1,D,D,,False,False,True,False,,False,,24.6,60.0,3.0,4.0,high,8.5,True,2025-12-29 19:30:00+00:00,2025-12-30 10:15:00+00:00,2025-12-30 10:30:00+00:00,2025-12-30 10:40:00+00:00,False,discount,eqh,m15_range,False,False,,golden,,,,,,,,,0,,0,,False,0,3,True,False,0,True,False,False,True,,,equal_hl,1.3358949999999998,0,31.3,1.4,8.6,146.7,334.2,448.3
EURUSD,1,1,1.17515,1.17411,14062,1.17415,1.17827,-270.55287999998177,2025-12-31 12:00:00+00:00,2025-12-31 13:50:00+00:00,stop,amd_fvg_h1,momentum,equal_hl,near,ob,D,False,,0.0,with,inside,ifvg,0.0,with,1,3b,judas,ny_judas,ny,,D,False,5,3,W|D,1,True,W,W,True,1,D,D,,False,False,True,False,,True,single,29.5,59.0,2.0,2.0,low,9.8,True,2025-12-30 17:30:00+00:00,2025-12-31 08:00:00+00:00,2025-12-31 09:00:00+00:00,2025-12-31 09:00:00+00:00,False,discount,eql,m15_range,False,False,,golden,,,,,,,,,0,,0,,False,0,4,True,False,0,True,False,True,True,continuation,d1_fvg,equal_hl,1.1759966666666666,0,7.7,,38.4,53.4,57.3,57.3
